BugID,FI,NI,SI,RI,CC,ElapsedTime,CI,OE,OW,Priority
11234,0,3,0,0,3,9488.08329861111,3,86.0,2.0,2.0
137,0,3,0,0,3,327.8892824074074,3,8.0,0.0,1.0
145,0,3,0,0,3,830.805775462963,2,333.0,1.0,2.0
149,0,10,0,0,5,7361.229409722222,6,222.0,0.0,1.0
213,30,15,10,2,11,7076.719409722222,13,78.0,0.0,4.0
223,6,3,1,1,5,7364.540543981481,5,222.0,0.0,4.0
314,4,6,0,0,5,9685.26824074074,4,415.0,1.0,1.0
335,0,0,6,6,4,294.77821759259257,3,415.0,1.0,1.0
346,2,0,1,1,3,297.7297453703704,2,416.0,0.0,2.0
373,3,0,3,0,4,7259.522800925926,3,333.0,1.0,4.0
375,3,0,3,2,4,7285.894618055556,3,278.0,0.0,5.0
432,12,3,6,2,7,1678.0042361111111,9,115.0,2.0,2.0
572,6,3,1,1,5,5986.187175925926,6,651.0,1.0,5.0
594,4,1,1,1,4,876.4866666666667,5,652.0,0.0,5.0
593,4,1,1,1,4,1206.158472222222,5,536.0,0.0,2.0
589,3,3,0,0,4,3010.2150810185185,3,461.0,0.0,2.0
577,15,3,10,6,8,269.4097106481481,10,650.0,2.0,2.0
573,4,1,1,0,4,187.1215162037037,3,461.0,0.0,2.0
602,2,0,1,1,3,218.92637731481483,4,533.0,3.0,2.0
604,3,0,3,1,4,873.4811574074074,5,641.0,1.0,2.0
607,2,0,1,0,3,181.53748842592591,2,535.0,1.0,2.0
608,0,0,0,0,1,0.0,0,535.0,1.0,2.0
617,0,0,1,0,2,243.32984953703703,1,639.0,3.0,2.0
621,0,0,1,0,2,117.42221064814817,1,461.0,0.0,2.0
613,4,0,6,4,5,181.04859953703703,6,650.0,2.0,2.0
633,0,0,1,0,2,242.331238425926,1,640.0,2.0,2.0
642,0,0,1,1,2,213.41179398148148,1,536.0,0.0,2.0
651,1,0,0,0,2,212.41248842592591,1,536.0,0.0,2.0
645,0,0,3,2,3,177.53957175925925,2,650.0,2.0,2.0
648,2,0,1,1,3,117.33748842592593,2,460.0,1.0,4.0
652,36,6,36,15,13,338.1756828703704,23,461.0,0.0,2.0
658,5,0,10,2,6,322.667349537037,6,460.0,1.0,4.0
668,1,0,0,0,2,111.54096064814814,1,534.0,2.0,4.0
676,2,0,1,1,3,170.32359953703704,2,536.0,0.0,2.0
688,4,1,1,1,4,3318.138287037037,3,536.0,0.0,5.0
691,0,0,15,3,6,2986.225300925926,6,461.0,0.0,5.0
694,0,0,10,8,5,2985.23363425926,8,461.0,0.0,2.0
695,0,0,3,1,3,96.52221064814816,2,461.0,0.0,2.0
696,0,0,6,3,4,2985.2400347222224,4,459.0,2.0,2.0
540,368,4186,6,5,96,8536.90616898148,229,,0.0,2.0
697,6,1,3,1,5,8588.140358796296,5,254.0,1.0,2.0
703,0,0,3,1,3,171.1440625,2,461.0,0.0,2.0
728,1,0,0,0,2,150.12524305555556,1,536.0,0.0,2.0
747,2,0,1,1,3,219.0673032407408,3,461.0,0.0,2.0
750,4,0,6,4,5,7684.220451388889,17,81.0,7.0,2.0
758,10,10,1,1,7,8798.942731481482,6,104.0,1.0,5.0
775,0,0,3,1,3,254.10746527777772,5,460.0,1.0,2.0
785,10,1,10,6,7,278.8632523148148,6,217.0,1.0,2.0
786,3,0,3,0,4,82.78508101851853,8,647.0,5.0,3.0
791,6,1,3,3,5,7293.873310185185,5,382.0,0.0,2.0
805,0,0,3,2,3,182.29696759259252,4,363.0,2.0,2.0
830,2,0,1,1,3,78.9600462962963,2,461.0,0.0,2.0
854,7,0,21,20,8,421.7726851851852,11,364.0,1.0,3.0
858,98,91,21,14,21,2434.471076388889,41,60.0,9.0,2.0
866,3,0,3,3,4,113.04210648148148,5,220.0,0.0,2.0
904,40,45,6,5,14,1032.848877314815,27,915.0,5.0,4.0
944,0,0,1,1,2,63.89020833333333,1,536.0,0.0,2.0
945,0,0,1,1,2,71.0921875,2,536.0,0.0,2.0
957,0,0,1,1,2,62.8740162037037,1,536.0,0.0,2.0
958,0,0,15,12,6,288.6936226851852,9,1146.0,4.0,2.0
959,400,300,120,40,41,7519.666828703704,191,574.0,30.0,6.0
960,28,6,21,19,11,600.1403240740741,24,643.0,9.0,2.0
967,0,0,3,3,3,62.04601851851852,2,651.0,1.0,5.0
989,0,0,3,2,3,63.840520833333336,2,364.0,1.0,2.0
994,36,3,66,36,15,795.2288888888888,45,636.0,6.0,2.0
998,0,0,15,11,6,157.1471875,9,532.0,4.0,2.0
1075,0,0,0,0,1,0.0,0,536.0,0.0,2.0
1076,5,0,10,8,6,312.0644097222222,8,925.0,4.0,2.0
1107,0,0,6,4,4,5936.824780092593,3,49.0,1.0,2.0
1109,0,0,1,1,2,46.785868055555554,1,652.0,0.0,4.0
1130,0,0,1,1,2,44.9390625,1,536.0,0.0,2.0
1132,2,0,1,1,3,578.7211921296297,2,536.0,0.0,2.0
1133,0,0,1,1,2,44.94422453703704,1,536.0,0.0,2.0
1134,8,0,28,28,9,2900.4121875,22,633.0,9.0,2.0
1136,5,0,10,4,6,489.1047569444444,7,333.0,1.0,2.0
1143,0,0,15,15,6,212.7724074074074,5,461.0,0.0,2.0
1151,0,0,6,4,4,43.10597222222222,3,535.0,1.0,2.0
1156,56,28,21,3,15,3468.390497685185,91,929.0,47.0,4.0
1157,27,3,36,21,12,600.0885648148148,24,1836.0,3.0,5.0
1172,6,0,15,7,7,2928.379606481481,10,362.0,3.0,4.0
1190,0,0,10,6,5,149.99934027777778,12,1145.0,5.0,2.0
1191,2,0,1,1,3,38.434131944444445,2,535.0,1.0,1.0
1201,2,0,1,1,3,97.57164351851851,3,115.0,2.0,4.0
1210,2,1,0,0,3,102.26820601851853,2,1.0,0.0,2.0
1212,0,0,6,2,4,194.1487731481481,4,219.0,1.0,2.0
1234,20,10,6,5,9,7744.953506944445,12,50.0,0.0,2.0
1242,8,0,28,17,9,205.27552083333333,9,83.0,1.0,2.0
1251,0,0,3,3,3,21.343275462962964,2,535.0,1.0,2.0
1252,28,6,21,18,11,2450.8488194444444,16,533.0,3.0,4.0
1256,0,0,6,3,4,2917.000462962963,4,363.0,2.0,4.0
1284,3,0,3,1,4,116.6152662037037,3,535.0,1.0,2.0
1290,7,0,21,16,8,266.407650462963,11,362.0,3.0,2.0
1292,0,0,3,3,3,88.60680555555555,3,651.0,1.0,2.0
1293,0,0,3,2,3,26.781238425925928,3,650.0,2.0,2.0
1294,0,0,3,3,3,88.5411111111111,5,651.0,1.0,2.0
1297,0,0,21,19,7,2913.7200462962965,6,535.0,1.0,2.0
1303,0,0,28,20,8,220.8738657407408,13,645.0,7.0,6.0
1305,0,0,10,9,5,2912.5689467592592,7,362.0,3.0,1.0
1309,0,0,3,3,3,25.853506944444444,7,649.0,3.0,2.0
1310,0,0,6,6,4,24.4653125,3,461.0,0.0,2.0
1315,0,0,1,1,2,24.854502314814816,2,365.0,0.0,2.0
1318,0,0,10,10,5,164.96795138888888,4,535.0,1.0,2.0
1321,3,0,3,2,4,8253.413356481482,5,254.0,1.0,2.0
1322,0,0,55,34,11,185.1034375,13,534.0,2.0,2.0
1323,10,0,45,41,11,191.1253356481481,14,534.0,2.0,5.0
1342,0,0,6,6,4,128.04305555555555,3,461.0,0.0,2.0
1347,0,0,3,2,3,112.53045138888888,4,115.0,2.0,3.0
1357,0,0,15,15,6,118.17458333333332,5,1150.0,0.0,2.0
1362,0,0,3,1,3,125.43297453703704,4,407.0,0.0,5.0
1366,0,0,10,10,5,2908.0359837962965,6,651.0,1.0,5.0
1374,0,0,1,1,2,19.830613425925925,1,536.0,0.0,2.0
1392,0,0,3,2,3,106.06721064814816,3,1148.0,2.0,2.0
1400,9,0,36,29,10,4819.593136574074,11,363.0,2.0,4.0
1410,0,0,1,1,2,7.015347222222222,1,535.0,1.0,2.0
1416,0,0,15,13,6,120.11528935185186,17,107.0,10.0,5.0
1417,0,0,10,10,5,117.1990162037037,10,111.0,6.0,3.0
1418,5,0,10,10,6,125.03626157407408,6,115.0,2.0,3.0
1422,0,0,10,10,5,138.28630787037036,4,364.0,1.0,2.0
1425,0,0,6,4,4,12.809398148148148,3,461.0,0.0,2.0
1494,0,0,6,6,4,72.7857986111111,3,536.0,0.0,4.0
1500,0,0,15,10,6,192.0639236111111,9,647.0,5.0,2.0
1496,0,0,1,1,2,10.36886574074074,2,651.0,1.0,4.0
1571,0,0,10,10,5,415.7975231481482,4,646.0,6.0,2.0
1596,0,0,36,20,9,139.9282638888889,22,529.0,7.0,4.0
1609,0,0,55,51,11,2895.9362152777776,15,458.0,3.0,4.0
1613,0,0,21,18,7,40.83344907407408,14,535.0,1.0,4.0
1656,0,0,1,0,2,117.01159722222222,1,362.0,3.0,2.0
1668,0,0,6,4,4,2894.8444328703704,3,364.0,1.0,2.0
1676,0,0,28,18,8,69.55270833333333,18,534.0,2.0,4.0
1682,0,0,21,21,7,2893.090439814815,7,651.0,1.0,2.0
1691,0,0,10,8,5,129.00340277777778,6,1838.0,1.0,2.0
1696,0,0,1,1,2,2.324710648148148,1,536.0,0.0,2.0
1726,7,0,21,17,8,158.88186342592593,9,535.0,1.0,4.0
1729,0,0,36,31,9,106.10538194444445,11,391.0,3.0,5.0
1750,0,0,3,1,3,62.05834490740741,2,1149.0,1.0,5.0
1755,9,0,36,22,10,5487.759166666667,16,330.0,4.0,2.0
1771,0,0,3,1,3,61.20265046296296,5,113.0,4.0,2.0
1801,2,0,1,1,3,63.4965625,2,461.0,0.0,2.0
1823,0,0,3,2,3,2881.257361111111,4,362.0,3.0,2.0
1839,8,0,28,25,9,187.0833217592593,19,645.0,7.0,2.0
1850,0,0,10,6,5,117.40065972222222,4,364.0,1.0,2.0
1852,0,0,15,9,6,173.63496527777778,6,48.0,2.0,2.0
1880,5,0,10,10,6,172.9930324074074,5,651.0,1.0,2.0
1888,3,0,3,3,4,139.08392361111112,4,363.0,2.0,2.0
1913,10,1,10,9,7,97.73347222222222,7,8.0,0.0,5.0
1925,0,0,21,18,7,170.05657407407406,7,651.0,1.0,2.0
1926,0,0,15,15,6,170.05144675925925,6,650.0,2.0,2.0
1930,0,0,15,15,6,154.02792824074075,5,535.0,1.0,4.0
1941,6,0,15,12,7,121.13163194444444,12,461.0,0.0,2.0
1942,0,0,1,0,2,93.1885300925926,1,239.0,0.0,2.0
1945,8,0,28,25,9,110.97929398148148,11,1836.0,3.0,2.0
1954,3,0,3,2,4,181.1380324074074,3,364.0,1.0,4.0
1955,0,0,15,12,6,181.1383912037037,5,364.0,1.0,4.0
1956,0,0,10,10,5,181.1286458333333,5,363.0,2.0,4.0
1957,0,0,3,0,3,48.35969907407407,2,641.0,1.0,3.0
1958,0,0,3,1,3,55.42697916666667,7,1144.0,6.0,4.0
1979,0,0,1,0,2,0.5209722222222222,1,5.0,1.0,2.0
1998,2,0,1,0,3,9819.66380787037,2,238.0,1.0,2.0
2005,16,1,28,25,10,459.6681018518519,19,324.0,10.0,2.0
2012,2,0,1,0,3,7396.760520833333,2,50.0,0.0,2.0
2076,0,0,3,3,3,36.87547453703704,2,364.0,1.0,4.0
2082,8,0,28,23,9,2859.779004629629,17,359.0,6.0,2.0
2091,4,0,6,5,5,34.677708333333335,6,650.0,2.0,2.0
2105,4,0,6,6,5,166.00738425925925,11,1144.0,6.0,3.0
2118,0,0,21,21,7,112.3541550925926,13,1835.0,4.0,5.0
2195,0,0,15,15,6,161.84836805555557,5,1145.0,5.0,2.0
2216,0,0,6,6,4,60.94967592592592,3,1150.0,0.0,2.0
2219,0,0,15,12,6,161.3814236111111,5,651.0,1.0,2.0
2222,14,1,21,11,9,9131.680856481482,9,461.0,0.0,2.0
2225,0,0,6,6,4,60.07899305555556,3,1150.0,0.0,2.0
2233,0,0,15,8,6,124.60443287037036,17,8.0,0.0,2.0
2234,0,0,6,2,4,27.99431712962963,8,1147.0,3.0,4.0
2236,21,3,21,16,10,117.77223379629628,27,243.0,15.0,4.0
2243,16,1,28,22,10,409.9189814814815,27,355.0,10.0,4.0
2244,0,0,15,15,6,160.1389814814815,6,363.0,2.0,2.0
1231,0,0,1,1,2,113.37973379629628,1,461.0,0.0,2.0
2299,0,0,3,3,3,49.14806712962963,2,651.0,1.0,4.0
2318,8,0,28,21,9,154.5457638888889,10,82.0,2.0,2.0
2360,0,0,0,0,1,1.9891782407407408,0,365.0,0.0,2.0
2368,0,0,6,2,4,20.908252314814813,4,5.0,2.0,2.0
2378,4,0,6,5,5,38.11178240740741,4,8.0,0.0,5.0
2380,0,0,55,46,11,105.74778935185184,12,535.0,1.0,2.0
2398,0,0,3,3,3,19.61314814814815,4,536.0,0.0,2.0
2407,0,0,6,6,4,88.79907407407407,5,649.0,3.0,2.0
2424,0,0,28,21,8,151.83458333333334,10,113.0,4.0,2.0
2437,0,0,3,3,3,5.747002314814814,3,254.0,1.0,2.0
2504,26,1,78,40,15,888.4733680555555,33,485.0,5.0,2.0
1227,7,0,21,21,8,201.0766898148148,10,534.0,2.0,2.0
2507,9,0,36,31,10,615.6691666666667,16,360.0,5.0,2.0
2508,0,0,21,18,7,65.00046296296296,7,116.0,1.0,2.0
2527,0,0,6,4,4,13.576666666666666,3,652.0,0.0,2.0
2531,0,0,15,13,6,95.6732175925926,5,83.0,1.0,2.0
2552,0,0,21,18,7,150.49640046296295,7,651.0,1.0,2.0
2612,0,0,15,15,6,57.71445601851852,5,84.0,0.0,5.0
2613,10,1,10,8,7,42.89017361111111,9,0.0,1.0,2.0
2618,4,0,6,6,5,157.7084837962963,6,319.0,1.0,2.0
2620,0,0,55,30,11,78.63559027777778,22,567.0,6.0,2.0
2630,0,0,3,3,3,9.335243055555557,3,650.0,2.0,2.0
2692,0,0,6,3,4,12.798645833333332,3,257.0,1.0,2.0
2725,3,0,3,3,4,40.03627314814815,3,929.0,0.0,2.0
2739,4,0,6,3,5,1221.5505324074074,10,142.0,6.0,2.0
2787,0,0,3,3,3,5.830717592592593,2,1147.0,3.0,2.0
2788,0,0,3,3,3,5.167141203703704,2,1148.0,2.0,2.0
2792,0,0,1,1,2,4.920208333333333,1,1147.0,3.0,2.0
2816,0,0,15,8,6,53.000729166666666,6,256.0,2.0,2.0
2821,0,0,6,5,4,36.84841435185185,4,652.0,0.0,2.0
2839,0,0,10,10,5,75.95486111111111,7,361.0,4.0,4.0
753,190,171,45,22,29,3970.104016203704,111,21.0,40.0,2.0
2872,0,0,15,10,6,131.86481481481482,6,650.0,2.0,2.0
2882,0,0,6,4,4,6.086145833333333,3,364.0,1.0,2.0
2896,0,0,10,8,5,60.14924768518519,4,1149.0,1.0,4.0
2921,0,0,6,6,4,74.76015046296297,3,257.0,1.0,2.0
2967,3,0,3,3,4,31.819884259259258,4,8.0,0.0,4.0
2989,10,1,10,10,7,205.38710648148148,9,649.0,3.0,2.0
2999,5,0,10,10,6,106.0469675925926,7,1148.0,2.0,2.0
3075,4,0,6,6,5,43.786006944444445,13,111.0,6.0,2.0
3080,4,1,1,1,4,7242.823877314815,3,170.0,3.0,2.0
3097,0,0,10,10,5,75.11273148148148,4,651.0,1.0,2.0
3100,0,0,15,8,6,6963.808668981482,9,253.0,5.0,2.0
3106,5,0,10,4,6,6963.496979166666,5,172.0,1.0,5.0
3119,0,0,10,8,5,78.1491550925926,10,536.0,0.0,2.0
3152,5,0,10,9,6,174.09883101851852,16,266.0,2.0,2.0
3170,0,0,3,3,3,330.2066550925926,7,648.0,4.0,2.0
3171,0,0,3,3,3,42.01804398148148,2,927.0,2.0,2.0
3175,0,0,10,5,5,139.25061342592593,7,649.0,3.0,2.0
3177,0,0,6,6,4,32.16032407407408,3,461.0,0.0,2.0
3179,3,0,3,3,4,6997.261273148149,3,467.0,1.0,2.0
3196,0,0,1,1,2,26.513564814814814,1,254.0,1.0,2.0
3197,3,0,3,3,4,507.84907407407405,5,362.0,3.0,2.0
3213,0,0,3,2,3,22.863506944444445,5,1403.0,3.0,2.0
3249,0,0,6,4,4,113.06498842592592,5,8.0,0.0,2.0
3253,14,1,21,21,9,225.08041666666668,14,638.0,4.0,2.0
3256,6,0,15,14,7,236.5848148148148,13,1144.0,6.0,2.0
3257,0,0,6,6,4,62.24480324074074,6,648.0,4.0,2.0
3259,0,0,1,1,2,28.53469907407408,1,572.0,1.0,2.0
3272,0,0,3,1,3,110.3392824074074,5,648.0,4.0,2.0
3275,0,0,0,0,1,46.07884259259259,0,1401.0,5.0,2.0
3284,0,0,0,0,1,162.05177083333334,0,1401.0,5.0,2.0
3299,0,0,3,3,3,178.77445601851852,6,569.0,4.0,2.0
3302,0,0,3,3,3,46.95005787037037,3,1404.0,2.0,2.0
3333,0,0,1,0,2,6126.755219907407,2,1401.0,5.0,2.0
3334,0,0,0,0,1,44.50827546296296,0,1400.0,6.0,2.0
3347,0,0,1,1,2,2.3085300925925925,2,536.0,0.0,4.0
3348,6,0,15,6,7,2799.0034953703703,10,364.0,1.0,2.0
3350,0,0,6,1,4,157.87957175925925,5,170.0,3.0,4.0
3358,0,0,6,2,4,105.9708912037037,6,254.0,4.0,2.0
3367,3,0,3,1,4,75.92788194444445,8,1400.0,6.0,2.0
3375,0,0,10,8,5,105.07214120370372,6,1147.0,3.0,4.0
3381,0,0,1,0,2,48.07952546296296,1,381.0,1.0,2.0
3404,0,0,1,0,2,1.926203703703704,2,571.0,2.0,2.0
3407,0,0,3,3,3,7.468611111111111,5,535.0,1.0,4.0
3408,0,0,6,5,4,154.74565972222223,3,257.0,1.0,2.0
3427,0,0,1,1,2,110.3602662037037,2,570.0,3.0,2.0
3438,3,0,3,2,4,8102.618680555555,5,461.0,0.0,4.0
3440,5,0,10,5,6,122.17777777777778,7,380.0,2.0,6.0
3505,0,0,91,36,14,49.94693287037037,25,461.0,0.0,2.0
3510,0,0,3,1,3,20.057152777777777,3,1404.0,2.0,2.0
3511,0,0,15,7,6,125.86649305555557,8,642.0,0.0,4.0
3529,6,0,15,11,7,174.62091435185187,10,568.0,5.0,2.0
3546,6,1,3,3,5,98.08631944444444,6,641.0,1.0,2.0
3547,0,0,1,1,2,61.76542824074074,1,928.0,1.0,2.0
3553,8,0,28,18,9,6.871736111111111,14,649.0,3.0,4.0
3565,3,0,3,1,4,114.5650462962963,4,319.0,1.0,4.0
3588,4,0,6,1,5,8.860833333333334,7,218.0,2.0,5.0
3605,18,1,36,25,11,132.7721412037037,23,238.0,1.0,5.0
3624,0,0,6,3,4,76.28159722222222,4,461.0,0.0,5.0
3626,2,1,0,0,3,413.57328703703706,2,87.0,1.0,3.0
3627,0,0,3,3,3,413.557175925926,2,87.0,1.0,2.0
3628,0,0,1,1,2,1.2640625,2,534.0,2.0,4.0
3631,0,0,3,1,3,0.0728125,4,769.0,1.0,5.0
3660,0,0,1,0,2,95.71417824074074,1,1401.0,5.0,2.0
3698,0,0,6,6,4,89.98729166666666,3,651.0,1.0,2.0
3736,0,0,21,20,7,63.51988425925926,7,116.0,1.0,4.0
3739,0,0,3,0,3,485.5425462962963,5,648.0,4.0,2.0
3740,0,0,3,1,3,93.57444444444444,6,1401.0,5.0,2.0
3752,0,0,3,3,3,97.81239583333333,6,647.0,5.0,2.0
3763,4,0,6,6,5,78.98368055555555,8,3.0,4.0,2.0
3776,4,0,6,4,5,272.9918171296296,7,218.0,2.0,4.0
3782,0,0,3,3,3,23.883645833333333,6,534.0,2.0,2.0
3787,5,0,10,8,6,133.7288773148148,9,1837.0,2.0,4.0
3800,5,0,10,7,6,72.08854166666667,14,108.0,9.0,5.0
3818,0,0,6,1,4,216.11875,4,1381.0,1.0,2.0
3829,0,0,1,1,2,1.1857754629629629,1,766.0,4.0,2.0
3861,0,0,15,13,6,272.02140046296296,6,254.0,1.0,2.0
3864,0,0,6,2,4,91.0616087962963,6,649.0,3.0,2.0
3870,0,0,1,1,2,34.52596064814815,2,363.0,2.0,4.0
3874,0,0,3,3,3,5.781550925925926,6,361.0,4.0,4.0
3878,0,0,1,0,2,77.51864583333334,2,1148.0,2.0,4.0
3879,0,0,1,1,2,77.51876157407408,2,1148.0,2.0,4.0
3893,0,0,10,6,5,40.60494212962963,5,332.0,2.0,4.0
3909,2,1,0,0,3,90.15608796296296,2,146.0,1.0,2.0
3930,0,0,1,1,2,89.68427083333333,4,254.0,4.0,2.0
3959,0,0,3,3,3,5.1454050925925925,3,115.0,2.0,2.0
3973,0,0,3,2,3,89.86556712962962,3,1404.0,2.0,2.0
3974,0,0,6,4,4,5.802025462962963,3,257.0,1.0,5.0
3978,0,0,3,2,3,8.099444444444444,2,1402.0,4.0,5.0
3999,24,3,28,23,11,393.81416666666667,16,646.0,6.0,2.0
4001,0,0,3,3,3,40.99548611111111,3,650.0,2.0,5.0
4005,0,0,1,1,2,12.81125,1,651.0,1.0,4.0
4008,0,0,3,3,3,91.05741898148148,4,649.0,3.0,2.0
4009,0,0,1,1,2,12.806041666666667,1,651.0,1.0,4.0
4019,0,0,3,3,3,32.99961805555556,2,651.0,1.0,2.0
4020,0,0,6,6,4,90.87008101851852,5,650.0,2.0,4.0
4022,0,0,6,4,4,20.07894675925926,5,332.0,2.0,4.0
4023,0,0,1,1,2,88.62736111111111,1,1403.0,3.0,4.0
4026,0,0,1,1,2,12.13144675925926,1,651.0,1.0,4.0
4033,285,171,105,44,34,3029.9196875,57,,0.0,4.0
4036,0,0,1,1,2,12.090462962962963,1,651.0,1.0,4.0
4038,0,0,1,1,2,12.08988425925926,1,651.0,1.0,4.0
4045,0,0,6,3,4,88.02819444444444,3,1398.0,8.0,2.0
4060,0,0,1,1,2,11.953541666666666,2,650.0,2.0,4.0
4063,4,0,6,6,5,205.8927430555556,6,652.0,0.0,4.0
4066,0,0,3,3,3,20.04454861111111,2,651.0,1.0,4.0
4074,0,0,6,6,4,219.80802083333333,3,651.0,1.0,4.0
4079,0,0,6,5,4,221.6853356481481,3,651.0,1.0,4.0
4084,0,0,6,5,4,90.8708101851852,6,254.0,4.0,4.0
4125,0,0,10,7,5,109.86796296296296,7,650.0,2.0,2.0
4128,0,0,21,6,7,140.61924768518517,14,804.0,2.0,2.0
4163,0,0,10,9,5,427.9684027777778,8,648.0,4.0,4.0
4178,0,0,3,3,3,5.786770833333334,6,533.0,3.0,5.0
4227,5,0,10,4,6,20.21950231481481,6,219.0,1.0,3.0
4265,7,0,21,14,8,69.11206018518519,8,572.0,1.0,2.0
4269,14,1,21,15,9,384.1448842592592,14,55.0,1.0,2.0
4316,0,0,6,4,4,11.08394675925926,3,1838.0,1.0,2.0
4322,8,0,28,22,9,32.698622685185185,11,216.0,2.0,2.0
4323,2,0,1,1,3,6600.4238888888885,2,364.0,1.0,2.0
4324,0,0,6,4,4,97.76503472222224,5,461.0,0.0,2.0
4357,0,0,28,20,8,259.8988194444444,17,376.0,6.0,5.0
4358,0,0,15,10,6,185.61519675925925,10,1144.0,6.0,2.0
4382,0,0,3,3,3,1.080324074074074,3,535.0,1.0,2.0
4400,0,0,1,1,2,77.6884375,1,1403.0,3.0,2.0
4406,0,0,21,14,7,149.10782407407407,11,927.0,2.0,2.0
4422,16,1,28,16,10,790.8726041666666,10,418.0,2.0,2.0
4429,2,0,1,1,3,26.826851851851853,3,535.0,1.0,2.0
4435,0,0,6,6,4,70.56657407407407,5,300.0,5.0,2.0
4444,0,0,3,2,3,12.471342592592592,3,116.0,1.0,2.0
4445,0,0,21,13,7,34.239583333333336,9,8.0,0.0,2.0
4474,3,0,3,3,4,62.12642361111112,5,115.0,2.0,5.0
4480,0,0,1,1,2,1.2388078703703704,1,116.0,1.0,5.0
4509,0,0,1,1,2,74.01759259259259,1,1404.0,2.0,2.0
4518,0,0,10,7,5,286.9001851851852,8,647.0,5.0,2.0
4559,0,0,21,20,7,132.72462962962962,12,330.0,4.0,2.0
611,0,0,0,0,1,243.32429398148147,0,641.0,1.0,2.0
612,0,0,0,0,1,243.3277662037037,0,641.0,1.0,2.0
4601,0,0,6,5,4,6.648796296296296,5,535.0,1.0,5.0
4614,0,0,3,1,3,70.58372685185185,4,1403.0,3.0,2.0
4621,0,0,1,1,2,1.6873148148148147,1,1405.0,1.0,2.0
4622,0,0,3,2,3,23.441238425925928,2,364.0,1.0,2.0
4628,0,0,0,0,1,121.556875,0,1402.0,4.0,2.0
4629,0,0,1,1,2,69.50359953703703,1,1404.0,2.0,2.0
4703,10,0,45,31,11,42.18958333333333,15,418.0,2.0,5.0
4706,0,0,1,1,2,68.94368055555556,1,1404.0,2.0,2.0
4715,0,0,6,3,4,71.04018518518518,3,365.0,0.0,2.0
4725,5,0,10,6,6,26.846550925925925,14,1400.0,6.0,4.0
4727,0,0,6,6,4,69.17362268518518,6,113.0,4.0,2.0
4750,0,0,1,1,2,68.64199074074074,1,1404.0,2.0,2.0
4751,5,0,10,10,6,223.6390046296296,19,1835.0,4.0,4.0
4805,0,0,3,2,3,24.866527777777776,4,1403.0,3.0,4.0
4821,1764,3486,210,28,105,3359.2975347222223,277,33.0,21.0,2.0
4822,0,0,6,6,4,27.840671296296296,3,651.0,1.0,2.0
4877,0,0,10,10,5,18.235023148148148,4,84.0,0.0,3.0
4920,36,6,36,27,13,907.6933101851852,22,648.0,4.0,2.0
4953,2,0,1,1,3,15.206493055555557,2,116.0,1.0,2.0
4958,3,0,3,3,4,1141.9715625,6,268.0,0.0,2.0
4969,0,0,6,4,4,64.32158564814814,3,381.0,1.0,2.0
5016,63,36,21,12,16,5386.716412037037,38,2934.0,5.0,2.0
5028,0,0,3,1,3,2.9782060185185184,4,1404.0,2.0,2.0
5049,12,3,6,3,7,14.699965277777778,8,115.0,2.0,2.0
5054,0,0,3,1,3,62.960717592592594,3,103.0,2.0,2.0
5067,3,0,3,3,4,159.86853009259258,3,390.0,1.0,3.0
5070,2,0,1,0,3,9.623368055555556,2,415.0,1.0,5.0
5077,0,0,3,3,3,12.583414351851852,2,1150.0,0.0,2.0
5094,0,0,6,4,4,56.12320601851852,7,360.0,5.0,2.0
5109,0,0,15,13,6,62.92824074074074,10,266.0,2.0,2.0
5128,2,0,1,1,3,61.27395833333333,2,573.0,0.0,2.0
5141,0,0,6,5,4,2754.3450231481484,3,364.0,1.0,2.0
5182,0,0,6,5,4,0.0813657407407407,6,1402.0,4.0,2.0
5220,0,0,1,1,2,59.8378125,1,1404.0,2.0,2.0
5224,0,0,6,3,4,165.66467592592593,5,256.0,2.0,4.0
5303,0,0,15,7,6,531.6872222222222,7,652.0,0.0,2.0
5312,0,0,6,3,4,115.1036226851852,7,1401.0,5.0,4.0
5363,2,0,1,1,3,4053.807349537037,2,116.0,1.0,5.0
5374,0,0,3,3,3,41.93883101851852,2,535.0,1.0,2.0
5376,0,0,36,22,9,357.3040046296296,13,53.0,3.0,4.0
5387,0,0,3,3,3,21.286782407407408,3,651.0,1.0,4.0
5426,0,0,1,1,2,55.29475694444445,1,364.0,1.0,4.0
5437,0,0,1,1,2,2.960960648148148,1,535.0,1.0,2.0
5472,0,0,28,23,8,37.71782407407407,14,330.0,4.0,5.0
5485,0,0,3,1,3,72.34959490740741,2,381.0,1.0,2.0
5497,0,0,1,1,2,50.04994212962963,1,651.0,1.0,3.0
5522,35,10,21,10,12,783.9154050925926,22,530.0,6.0,2.0
5625,0,0,3,3,3,72.45835648148149,7,1835.0,4.0,2.0
5630,3,0,3,2,4,70.24421296296296,4,1404.0,2.0,2.0
5637,0,0,10,8,5,1.8666782407407407,5,1404.0,2.0,5.0
5642,3,0,3,1,4,7412.857800925926,4,918.0,2.0,2.0
5677,0,0,10,5,5,49.90804398148149,5,419.0,1.0,4.0
5679,0,0,1,1,2,47.68339120370371,1,1405.0,1.0,2.0
5692,4,1,1,1,4,34.208125,4,49.0,1.0,2.0
5693,696,276,406,156,53,1124.2094791666666,167,2896.0,43.0,2.0
5697,3,0,3,1,4,6956.746782407407,6,107.0,4.0,2.0
5730,0,0,3,1,3,6972.809699074074,2,652.0,0.0,4.0
5741,0,0,1,1,2,46.92019675925926,1,1404.0,2.0,2.0
5763,0,0,6,6,4,39.57719907407407,6,254.0,4.0,2.0
5850,0,0,6,6,4,3.462673611111111,5,331.0,3.0,5.0
5852,0,0,10,5,5,74.24846064814815,8,928.0,1.0,2.0
5853,0,0,1,1,2,3.945590277777778,1,1405.0,1.0,2.0
5871,6,0,15,10,7,430.2305439814815,6,381.0,1.0,2.0
5885,5,0,10,7,6,74.03197916666667,6,927.0,2.0,2.0
5886,5,0,10,8,6,132.97181712962964,7,237.0,2.0,2.0
5911,0,0,3,1,3,69.30568287037038,8,570.0,3.0,2.0
5944,7,0,21,19,8,160.3863773148148,13,927.0,2.0,6.0
5949,0,0,3,3,3,13.21210648148148,4,255.0,3.0,6.0
5953,0,0,1,1,2,41.12001157407408,1,1402.0,4.0,2.0
5978,0,0,10,7,5,62.04585648148148,6,1837.0,2.0,4.0
6009,2,0,1,1,3,18.49988425925926,2,84.0,0.0,3.0
6033,0,0,3,1,3,41.1909375,3,363.0,2.0,2.0
6051,2,0,1,1,3,41.09336805555556,3,651.0,1.0,2.0
6053,27,3,36,21,12,7052.737094907408,52,363.0,11.0,4.0
6055,0,0,10,6,5,3.7899884259259258,5,640.0,2.0,2.0
6069,0,0,1,1,2,44.67971064814815,1,364.0,1.0,2.0
6071,5,0,10,9,6,190.97565972222225,10,24.0,1.0,2.0
6073,3,0,3,3,4,155.5891898148148,7,360.0,5.0,2.0
6086,6,0,15,11,7,98.74648148148148,17,649.0,3.0,2.0
6106,4,1,1,0,4,9.973136574074074,7,1406.0,0.0,4.0
6109,2,0,1,1,3,25.03616898148148,2,254.0,1.0,1.0
6121,0,0,3,3,3,114.86054398148148,4,362.0,3.0,2.0
6125,0,0,15,8,6,470.19409722222224,15,359.0,6.0,2.0
6135,2,0,1,1,3,44.994050925925926,3,115.0,2.0,5.0
6152,0,0,1,1,2,42.77652777777778,2,363.0,2.0,2.0
6159,0,0,15,7,6,67.00109953703704,11,8.0,0.0,2.0
6161,2,0,1,1,3,24.986041666666665,2,535.0,1.0,2.0
6185,3,0,3,2,4,23.34313657407408,3,535.0,1.0,2.0
6212,4,0,6,5,5,196.82885416666667,7,1838.0,1.0,2.0
6213,0,0,1,1,2,29.85361111111111,1,651.0,1.0,2.0
6221,0,0,15,14,6,119.68356481481482,11,208.0,1.0,2.0
6251,0,0,6,6,4,147.3054050925926,4,418.0,2.0,2.0
6296,0,0,6,6,4,2728.2843981481483,4,364.0,1.0,5.0
6334,0,0,28,15,8,407.1879861111111,10,46.0,4.0,2.0
6354,0,0,10,4,5,0.109375,7,649.0,3.0,2.0
6367,0,0,3,2,3,3.721469907407408,2,535.0,1.0,6.0
6399,0,0,15,8,6,11.144861111111112,7,392.0,2.0,6.0
6421,3,0,3,2,4,33.02988425925926,3,651.0,1.0,5.0
6447,2,0,1,1,3,34.04650462962963,2,641.0,1.0,2.0
6449,0,0,36,16,9,263.9372916666667,17,370.0,4.0,2.0
6508,0,0,10,10,5,34.886064814814816,6,650.0,2.0,6.0
6526,4,1,1,0,4,7939.492581018519,3,68.0,1.0,2.0
6551,0,0,1,0,2,16.416064814814813,1,366.0,4.0,2.0
6573,0,0,3,3,3,403.1401388888889,2,651.0,1.0,2.0
6586,0,0,15,8,6,7169.77349537037,7,266.0,2.0,2.0
6637,0,0,3,3,3,196.6120023148148,5,378.0,4.0,2.0
6656,4,0,6,5,5,632.2923148148149,6,266.0,2.0,2.0
6665,0,0,3,3,3,31.055173611111112,3,1404.0,2.0,2.0
6723,0,0,1,0,2,14.873622685185186,1,50.0,0.0,2.0
6732,0,0,3,2,3,86.26424768518518,4,1403.0,3.0,2.0
6737,3,0,3,1,4,23.001041666666666,3,6.0,1.0,2.0
6751,0,0,3,1,3,1.1294907407407409,3,389.0,2.0,6.0
6764,0,0,1,1,2,5.826388888888889,1,1404.0,2.0,2.0
6776,0,0,3,2,3,29.029664351851853,3,128.0,2.0,2.0
6778,0,0,1,1,2,29.02598379629629,1,379.0,3.0,2.0
6779,0,0,21,17,7,328.95653935185186,11,55.0,1.0,2.0
6785,0,0,1,1,2,27.86320601851852,1,364.0,1.0,2.0
6819,28,1,91,41,16,149.7459375,33,220.0,0.0,2.0
6867,0,0,6,6,4,50.06125,6,648.0,4.0,6.0
6882,0,0,3,3,3,76.82268518518518,5,1404.0,2.0,3.0
6884,0,0,1,1,2,25.75375,1,1403.0,3.0,2.0
6929,4,1,1,0,4,31.17670138888889,9,115.0,5.0,2.0
6955,0,0,6,6,4,23.01121527777778,4,266.0,2.0,2.0
6957,0,0,3,3,3,24.929259259259258,2,1404.0,2.0,2.0
6958,0,0,3,3,3,22.708506944444444,3,1404.0,2.0,2.0
6968,0,0,1,1,2,22.18667824074074,1,1400.0,6.0,2.0
7001,0,0,10,9,5,252.01125,7,640.0,2.0,4.0
7026,0,0,6,5,4,23.755972222222223,10,1405.0,1.0,2.0
7038,10,1,10,9,7,86.38618055555555,12,328.0,6.0,5.0
7048,6,0,15,10,7,409.27050925925926,7,651.0,1.0,2.0
7059,0,0,3,3,3,21.134340277777778,2,130.0,0.0,2.0
7081,5,0,10,10,6,119.23333333333332,8,651.0,1.0,2.0
7083,0,0,6,6,4,7.95443287037037,4,535.0,1.0,2.0
7091,0,0,10,1,5,169.01842592592592,6,128.0,2.0,6.0
7115,4,0,6,5,5,394.2007638888889,5,83.0,1.0,2.0
7125,3,0,3,3,4,127.22480324074074,7,1836.0,3.0,2.0
7133,0,0,3,2,3,146.10408564814816,5,638.0,4.0,2.0
7144,0,0,6,4,4,92.91811342592592,4,1405.0,1.0,1.0
7193,3,0,3,2,4,22.76923611111112,4,115.0,2.0,5.0
7199,0,0,3,3,3,20.57199074074074,2,1405.0,1.0,4.0
7222,0,0,10,4,5,40.42923611111111,9,1402.0,4.0,2.0
7304,0,0,21,15,7,362.0560069444445,11,649.0,3.0,2.0
7312,0,0,15,11,6,79.74604166666667,6,1317.0,1.0,2.0
7359,6,0,15,10,7,354.7915625,10,651.0,1.0,2.0
7385,2,0,1,1,3,16.40590277777778,2,1405.0,1.0,4.0
7404,78,15,78,47,19,352.1051736111111,35,649.0,3.0,5.0
7440,0,0,1,1,2,35.99626157407408,1,1403.0,3.0,2.0
7453,3,0,3,3,4,117.5855787037037,3,1149.0,1.0,2.0
7496,0,0,15,15,6,115.8140625,5,651.0,1.0,2.0
7499,3,0,3,3,4,65.00444444444445,5,1838.0,1.0,4.0
7503,0,0,3,3,3,13.653055555555556,2,116.0,1.0,2.0
7507,0,0,3,3,3,13.145787037037037,2,116.0,1.0,2.0
7509,0,0,3,2,3,131.9954050925926,9,1839.0,0.0,2.0
7629,0,0,3,3,3,17.267222222222223,3,58.0,3.0,2.0
7630,8,0,28,26,9,271.81378472222224,8,641.0,1.0,2.0
7643,2,0,1,1,3,9.629791666666666,2,89.0,1.0,2.0
7650,0,0,6,6,4,61.14802083333333,6,682.0,2.0,2.0
7777,10,1,10,4,7,196.1245023148148,7,318.0,2.0,3.0
7781,2,0,1,1,3,9.217708333333333,4,1403.0,3.0,2.0
7818,0,0,6,4,4,28.06391203703704,6,650.0,2.0,5.0
7856,0,0,21,19,7,110.13310185185183,11,461.0,0.0,2.0
7913,4,0,6,4,5,466.3018055555556,6,1134.0,16.0,2.0
7934,0,0,1,1,2,5.254340277777778,1,536.0,0.0,2.0
7935,0,0,1,1,2,5.252997685185186,1,1147.0,3.0,2.0
7936,0,0,6,6,4,8.053506944444445,5,334.0,0.0,3.0
8044,0,0,1,1,2,26.39068287037037,2,363.0,2.0,6.0
8063,4,0,6,5,5,120.82078703703704,5,1839.0,0.0,2.0
8065,48,6,66,45,16,889.4842824074074,48,1137.0,13.0,5.0
8082,4,0,6,5,5,71.86203703703704,9,80.0,0.0,2.0
8093,0,0,3,3,3,15.703715277777778,2,364.0,1.0,4.0
8174,0,0,6,3,4,34.601898148148145,5,1403.0,3.0,2.0
8209,35,10,21,11,12,953.1181828703704,29,1139.0,11.0,4.0
8218,4,0,6,6,5,31.11866898148148,5,267.0,1.0,2.0
8253,88,28,55,32,19,6818.411666666667,62,28.0,14.0,2.0
8267,0,0,1,1,2,21.96152777777778,1,1404.0,2.0,2.0
8268,0,0,1,1,2,7.884479166666667,1,1403.0,3.0,2.0
8272,0,0,10,5,5,226.0537962962963,5,1404.0,2.0,2.0
8286,7,0,21,15,8,337.9696412037037,12,647.0,5.0,4.0
8341,3,0,3,3,4,24.08763888888889,4,393.0,1.0,6.0
8367,0,0,1,1,2,0.6078587962962962,1,1405.0,1.0,5.0
8386,0,0,1,1,2,20.35445601851852,1,1405.0,1.0,2.0
8399,0,0,6,4,4,336.8023148148148,4,651.0,1.0,2.0
8465,0,0,3,3,3,26.95400462962963,4,379.0,3.0,2.0
8479,0,0,1,1,2,19.308958333333333,1,1404.0,2.0,2.0
8480,0,0,1,1,2,19.30810185185185,1,1404.0,2.0,2.0
8482,0,0,1,1,2,19.3075,1,1404.0,2.0,2.0
8512,0,0,3,3,3,59.791354166666665,4,363.0,2.0,4.0
8514,3,0,3,3,4,89.03696759259259,13,1398.0,8.0,2.0
8516,3,0,3,1,4,100.84452546296296,4,418.0,2.0,2.0
8588,0,0,1,1,2,21.95849537037037,1,652.0,0.0,4.0
8625,0,0,3,3,3,97.85008101851852,3,418.0,2.0,2.0
8694,3,0,3,1,4,71.00140046296296,3,651.0,1.0,5.0
8716,4,1,1,1,4,7589.691585648148,4,87.0,1.0,2.0
8724,0,0,15,11,6,219.05319444444444,8,681.0,3.0,2.0
8740,0,0,28,16,8,441.849050925926,36,1828.0,11.0,2.0
8915,4,0,6,1,5,156.16230324074073,6,365.0,0.0,2.0
8948,0,0,1,1,2,16.26107638888889,1,365.0,0.0,2.0
8976,3,0,3,1,4,91.07658564814815,7,22.0,3.0,5.0
9043,5,0,10,8,6,72.18625,7,535.0,1.0,2.0
9047,21,3,21,15,10,762.8279976851852,10,652.0,0.0,2.0
9076,7,0,21,15,8,401.3678587962963,16,325.0,9.0,2.0
9098,0,0,3,3,3,7.0410763888888885,2,1405.0,1.0,2.0
9114,0,0,1,1,2,54.89498842592592,1,730.0,12.0,6.0
9140,102,15,136,89,23,377.09658564814816,59,213.0,5.0,2.0
9174,0,0,10,5,5,437.3852083333333,5,104.0,1.0,5.0
9201,18,3,15,8,9,505.4482523148148,23,1755.0,4.0,2.0
9211,2,0,1,1,3,115.1457523148148,5,1835.0,4.0,2.0
9232,0,0,3,3,3,10.838877314814814,3,380.0,2.0,2.0
9236,0,0,1,1,2,24.577094907407407,3,1403.0,3.0,5.0
9246,0,0,10,10,5,149.65342592592592,4,1403.0,3.0,2.0
9248,1,0,0,0,2,4.371712962962963,1,536.0,0.0,2.0
9250,0,0,1,1,2,42.404328703703705,2,1404.0,2.0,2.0
9280,0,0,3,3,3,97.09873842592592,5,1402.0,4.0,2.0
9288,0,0,10,2,5,1.7062962962962962,6,536.0,0.0,6.0
9301,0,0,3,3,3,1.803703703703704,3,1404.0,2.0,2.0
9325,0,0,3,1,3,352.95170138888886,2,641.0,1.0,2.0
9341,0,0,21,11,7,273.01086805555553,16,106.0,4.0,5.0
9381,0,0,0,0,1,1.0387962962962962,0,536.0,0.0,6.0
9387,2,0,1,1,3,6.975462962962963,9,326.0,8.0,2.0
9392,60,15,45,29,16,1598.9307523148148,30,364.0,1.0,2.0
9396,0,0,15,12,6,365.0629166666667,9,570.0,3.0,2.0
9413,198,231,36,13,31,6260.592627314815,56,1033.0,11.0,2.0
9456,7,0,21,16,8,144.71245370370372,15,255.0,3.0,6.0
9498,3,0,3,3,4,90.41167824074074,3,1838.0,1.0,2.0
9501,0,0,3,3,3,146.51361111111112,3,380.0,2.0,2.0
9564,0,0,1,0,2,17.20914351851852,1,316.0,4.0,2.0
9614,0,0,28,14,8,162.9644212962963,11,390.0,1.0,4.0
9708,0,0,15,5,6,49.92353009259259,10,364.0,6.0,2.0
9721,0,0,3,1,3,365.6499074074074,3,650.0,2.0,2.0
9740,0,0,1,1,2,123.2592824074074,3,365.0,0.0,2.0
9744,0,0,15,9,6,749.1099768518518,5,995.0,5.0,2.0
9777,0,0,6,3,4,104.18546296296296,5,23.0,2.0,2.0
9779,0,0,15,11,6,238.73685185185184,9,361.0,4.0,2.0
9781,0,0,15,14,6,107.90480324074076,7,332.0,2.0,2.0
9799,0,0,6,4,4,30.885856481481483,6,1402.0,4.0,2.0
9808,3,0,3,0,4,253.082800925926,3,9.0,0.0,2.0
9827,0,0,1,0,2,569.3549652777778,1,394.0,0.0,2.0
9849,24,1,66,40,14,3546.070752314815,32,262.0,3.0,1.0
9855,0,0,6,6,4,89.16136574074073,7,1837.0,2.0,2.0
9859,0,0,3,2,3,22.61056712962963,2,1381.0,1.0,3.0
9891,0,0,3,2,3,4.781400462962963,2,238.0,1.0,2.0
9899,0,0,3,3,3,11.84792824074074,3,381.0,1.0,2.0
9908,7,0,21,21,8,755.2551967592592,7,996.0,4.0,2.0
9920,0,0,1,0,2,363.04041666666666,1,996.0,4.0,2.0
9926,0,0,6,4,4,236.28116898148147,4,57.0,4.0,5.0
9930,0,0,3,3,3,46.22138888888889,6,377.0,5.0,2.0
9934,0,0,15,15,6,747.0224421296297,5,996.0,4.0,2.0
9941,0,0,6,3,4,264.9097800925926,3,104.0,1.0,2.0
9951,0,0,3,3,3,20.948067129629628,2,238.0,1.0,2.0
9952,0,0,6,5,4,20.13109953703704,4,266.0,2.0,2.0
9957,0,0,0,0,1,5.97431712962963,0,365.0,0.0,2.0
9971,10,1,10,7,7,201.61920138888888,10,253.0,5.0,5.0
9979,0,0,21,6,7,343.72936342592595,10,368.0,2.0,2.0
9999,0,0,10,5,5,160.27697916666668,9,205.0,4.0,2.0
10005,0,0,15,4,6,9012.07568287037,5,368.0,2.0,2.0
10007,4,0,6,6,5,357.25252314814816,9,50.0,0.0,5.0
10009,7,0,21,11,8,9012.06943287037,17,533.0,3.0,2.0
10013,0,0,10,7,5,86.03857638888888,12,1141.0,9.0,2.0
10014,0,0,10,4,5,9012.00517361111,6,1406.0,0.0,6.0
10016,6,0,15,8,7,9011.978495370371,12,317.0,3.0,5.0
10023,2,0,1,0,3,9011.922627314814,2,24.0,1.0,2.0
10024,0,0,1,1,2,30.860300925925927,2,1144.0,6.0,2.0
10026,0,0,36,20,9,9011.880648148148,8,572.0,1.0,2.0
10036,0,0,153,72,18,9011.773252314815,30,458.0,3.0,1.0
10037,4,0,6,2,5,9011.7421875,5,90.0,2.0,4.0
10049,6,0,15,13,7,9011.48625,10,218.0,0.0,2.0
10050,0,0,10,5,5,9011.456898148148,6,278.0,0.0,4.0
10058,0,0,3,1,3,275.1930902777778,2,995.0,5.0,2.0
10063,0,0,6,4,4,178.3513425925926,3,1405.0,1.0,2.0
10064,0,0,10,8,5,9010.94121527778,5,332.0,2.0,2.0
10075,4,0,6,2,5,9010.8028125,9,251.0,4.0,2.0
10083,0,0,6,3,4,9010.281469907408,3,320.0,0.0,5.0
10089,4,0,6,3,5,9010.067268518518,6,66.0,3.0,2.0
10091,0,0,10,1,5,9010.049525462962,5,118.0,2.0,2.0
10092,4,0,6,6,5,9010.04800925926,4,0.0,1.0,2.0
10107,0,0,6,6,4,9037.332326388889,4,253.0,2.0,2.0
10109,0,0,3,3,3,9009.723981481482,2,254.0,1.0,2.0
10120,4,0,6,6,5,9009.09508101852,7,66.0,3.0,2.0
10122,0,0,3,1,3,9009.037893518518,2,461.0,0.0,4.0
10126,0,0,6,1,4,9008.988738425924,4,105.0,0.0,6.0
10127,0,0,6,3,4,9008.971747685186,3,322.0,0.0,2.0
10138,16,1,28,8,10,9008.87037037037,25,640.0,2.0,6.0
10140,0,0,21,13,7,9008.858761574074,8,534.0,2.0,4.0
10142,0,0,3,3,3,9008.859791666666,2,214.0,0.0,2.0
10157,6,3,1,1,5,9008.771921296297,5,97.0,2.0,5.0
10158,0,0,66,24,12,9008.771099537036,13,373.0,1.0,6.0
10162,0,0,3,2,3,9008.76005787037,2,461.0,0.0,6.0
10173,0,0,28,16,8,9008.703252314815,9,363.0,2.0,2.0
10177,0,0,3,1,3,9008.605578703704,2,1143.0,2.0,2.0
10180,5,0,10,7,6,9008.56318287037,7,213.0,1.0,4.0
10188,0,0,10,8,5,9008.527997685183,4,91.0,1.0,4.0
10192,0,0,3,2,3,9008.534814814817,2,,0.0,2.0
10195,4,0,6,4,5,9008.401944444444,5,535.0,1.0,3.0
10196,0,0,6,5,4,9008.323530092594,3,1150.0,0.0,4.0
10201,3,0,3,0,4,9008.22363425926,4,19.0,2.0,2.0
10204,0,0,6,3,4,9008.179108796296,4,1404.0,2.0,4.0
10205,0,0,28,20,8,9008.115173611111,14,211.0,3.0,4.0
10207,0,0,66,45,12,9008.002118055556,51,454.0,7.0,6.0
10208,7,0,21,15,8,352.18519675925927,21,1396.0,10.0,2.0
10214,5,0,10,5,6,8503.806099537038,6,534.0,2.0,4.0
10228,0,0,10,4,5,9007.818877314814,7,391.0,0.0,5.0
10231,0,0,6,3,4,9007.776770833334,7,365.0,5.0,5.0
10240,4,1,1,1,4,9007.768148148149,8,390.0,4.0,6.0
10241,6,0,15,11,7,9007.736319444444,9,23.0,2.0,5.0
10253,0,0,10,6,5,9007.726469907408,4,1381.0,1.0,5.0
10261,0,0,6,4,4,9007.55835648148,5,417.0,3.0,4.0
10262,18,1,36,13,11,9007.497118055557,32,1034.0,10.0,2.0
10275,0,0,45,33,10,68.1301736111111,12,48.0,2.0,2.0
10281,0,0,3,2,3,9007.002962962963,2,208.0,1.0,2.0
10296,0,0,10,10,5,9006.774490740741,5,535.0,1.0,5.0
10301,0,0,10,4,5,9006.711319444445,6,1147.0,3.0,2.0
10306,5,0,10,7,6,9006.608831018519,12,40.0,1.0,2.0
10311,0,0,10,7,5,9006.38951388889,7,109.0,4.0,2.0
10321,0,0,28,14,8,9006.016898148147,8,76.0,2.0,2.0
10329,0,0,6,5,4,9005.89824074074,5,465.0,3.0,4.0
10332,0,0,6,3,4,9005.890104166667,4,459.0,2.0,2.0
10335,10,0,45,18,11,9005.868703703703,30,401.0,6.0,6.0
10341,0,0,3,2,3,9005.858506944445,4,127.0,3.0,5.0
10343,0,0,3,1,3,9005.847280092592,4,47.0,3.0,5.0
10349,0,0,3,2,3,9005.791597222222,6,146.0,5.0,4.0
10350,5,0,10,8,6,9005.804814814815,9,381.0,1.0,2.0
10354,2,0,1,0,3,9005.798599537036,2,2.0,2.0,2.0
10355,0,0,10,8,5,9005.78167824074,4,98.0,1.0,4.0
10361,8,6,1,1,6,9005.757662037036,12,54.0,3.0,2.0
10363,0,0,10,8,5,9005.757164351851,7,75.0,3.0,5.0
10374,0,0,6,6,4,9005.72920138889,3,545.0,2.0,4.0
10380,4,0,6,5,5,66.93953703703704,5,1150.0,0.0,2.0
10382,0,0,10,6,5,9005.657268518518,6,320.0,2.0,4.0
10389,0,0,36,17,9,9005.513923611112,11,312.0,8.0,2.0
10391,9,3,3,3,6,248.0178703703704,7,651.0,1.0,3.0
10392,0,0,6,4,4,9005.111527777777,4,216.0,2.0,2.0
10393,0,0,6,5,4,9005.08375,3,128.0,2.0,2.0
10395,0,0,6,6,4,9005.034456018519,4,237.0,2.0,3.0
10396,12,1,15,5,8,8500.95261574074,11,318.0,4.0,2.0
10398,5,0,10,9,6,9005.030752314815,10,571.0,2.0,6.0
10401,3,0,3,3,4,9005.02275462963,3,84.0,0.0,4.0
10404,0,0,15,13,6,9004.959212962964,5,364.0,1.0,2.0
10406,0,0,15,12,6,9004.955844907407,12,,0.0,6.0
10407,0,0,6,6,4,9004.965520833333,4,129.0,1.0,2.0
10408,4,0,6,4,5,9004.964583333332,16,,0.0,2.0
10419,3,0,3,1,4,9004.845833333333,9,220.0,4.0,2.0
10426,6,0,15,8,7,9004.779270833333,7,571.0,2.0,2.0
10428,0,0,10,8,5,9032.359849537035,7,317.0,3.0,4.0
10433,0,0,10,8,5,9004.710613425927,4,84.0,0.0,2.0
10434,13,0,78,54,14,9004.701655092593,25,1148.0,2.0,2.0
10440,0,0,3,3,3,21.80020833333333,5,536.0,0.0,6.0
10450,0,0,21,17,7,9004.006979166666,6,641.0,1.0,2.0
10453,0,0,28,19,8,9003.977164351852,8,83.0,1.0,2.0
10456,0,0,78,43,13,9724.320069444444,30,326.0,8.0,6.0
10465,15,0,105,39,16,9003.181319444444,38,786.0,20.0,2.0
10469,0,0,6,5,4,127.14971064814814,10,1398.0,8.0,2.0
10470,20,1,45,25,12,9002.887650462962,29,,0.0,2.0
10473,0,0,6,3,4,9002.815277777778,4,118.0,2.0,2.0
10474,3,0,3,3,4,9002.827453703703,3,78.0,1.0,2.0
10479,6,0,15,11,7,9002.68394675926,11,363.0,2.0,4.0
10485,0,0,15,15,6,9002.661273148147,11,234.0,5.0,2.0
10487,0,0,6,4,4,10.660104166666668,3,651.0,1.0,4.0
10494,0,0,10,10,5,9002.40429398148,5,332.0,2.0,2.0
10500,0,0,10,9,5,9002.087523148148,4,321.0,1.0,2.0
10503,0,0,78,56,13,9002.080486111112,23,635.0,7.0,6.0
10504,0,0,15,9,6,9002.077465277778,6,769.0,1.0,6.0
10510,0,0,6,3,4,19.09476851851852,3,928.0,1.0,6.0
10514,6,0,15,12,7,333.1998263888889,6,651.0,1.0,2.0
10515,0,0,10,4,5,9001.961643518518,4,683.0,1.0,2.0
10516,0,0,10,6,5,8540.717789351851,7,571.0,2.0,6.0
10525,0,0,6,5,4,9001.884444444444,5,767.0,3.0,2.0
10527,0,0,15,9,6,9001.864421296295,8,110.0,3.0,5.0
10538,0,0,6,5,4,7.050833333333333,4,1146.0,4.0,4.0
10547,10,1,10,9,7,6084.791030092592,7,1402.0,4.0,2.0
10551,18,1,36,25,11,9001.633229166666,15,802.0,4.0,1.0
10552,0,0,6,3,4,9001.636273148148,5,288.0,2.0,4.0
10555,3,0,3,2,4,9001.599409722223,3,12.0,1.0,4.0
10559,0,0,3,3,3,9001.566377314815,2,13.0,0.0,4.0
10560,0,0,10,10,5,9001.56556712963,4,219.0,1.0,2.0
10566,0,0,15,6,6,9001.521655092592,7,54.0,7.0,6.0
10568,0,0,10,10,5,9001.492233796296,5,289.0,1.0,2.0
10571,0,0,15,12,6,9001.467222222222,8,458.0,3.0,2.0
10573,0,0,55,33,11,735.4444560185185,11,651.0,1.0,2.0
10574,7,0,21,21,8,735.3613541666666,8,650.0,2.0,2.0
10577,0,0,21,16,7,9001.17662037037,8,82.0,2.0,2.0
10587,0,0,15,12,6,9001.043738425926,5,49.0,1.0,2.0
10596,0,0,10,10,5,9000.974293981482,4,217.0,1.0,2.0
10598,0,0,6,3,4,9000.937685185185,3,443.0,1.0,2.0
10601,0,0,21,14,7,9000.919745370371,9,149.0,2.0,6.0
10603,0,0,28,18,8,9000.901516203703,12,472.0,4.0,6.0
10604,4,0,6,4,5,9000.90019675926,5,278.0,0.0,2.0
10609,0,0,15,7,6,9000.853622685185,9,214.0,4.0,5.0
10613,12,0,66,45,13,9000.826180555556,31,200.0,9.0,2.0
10616,0,0,21,13,7,9000.833252314815,7,77.0,2.0,4.0
10617,0,0,6,6,4,9000.769618055556,7,1402.0,4.0,2.0
10621,0,0,6,6,4,9000.7396875,3,764.0,6.0,2.0
10623,0,0,10,10,5,9000.750775462962,10,150.0,1.0,2.0
10624,0,0,10,10,5,9000.729074074074,5,364.0,1.0,2.0
10629,0,0,10,7,5,9000.70755787037,4,78.0,1.0,4.0
10630,4,0,6,6,5,9000.697048611111,4,538.0,1.0,2.0
10632,0,0,6,6,4,9000.640150462963,6,457.0,4.0,2.0
10633,0,0,10,6,5,9000.639027777777,4,535.0,1.0,2.0
10652,0,0,10,4,5,9000.1028125,7,45.0,3.0,6.0
10656,0,0,6,6,4,9000.052337962963,3,150.0,1.0,2.0
10665,0,0,6,6,4,9000.009247685186,6,367.0,3.0,2.0
10674,0,0,3,1,3,8999.956446759259,4,371.0,3.0,2.0
10683,0,0,36,30,9,9027.510706018518,16,366.0,4.0,2.0
10686,0,0,21,16,7,9027.494675925926,8,389.0,2.0,2.0
10690,0,0,36,23,9,8999.848587962962,11,473.0,3.0,6.0
10699,7,0,21,18,8,320.7393055555556,14,413.0,3.0,4.0
10706,0,0,21,15,7,8999.74931712963,8,389.0,2.0,4.0
10712,3,0,3,3,4,47.94251157407408,8,1404.0,2.0,2.0
10713,1248,1128,325,139,74,3269.198541666666,328,105.0,83.0,2.0
10716,3,0,3,3,4,34.83790509259259,7,637.0,5.0,2.0
10725,0,0,10,10,5,8999.285405092593,5,67.0,2.0,4.0
10746,5,0,10,10,6,8999.060613425925,9,924.0,5.0,2.0
10749,5,0,10,10,6,8999.039513888889,7,545.0,2.0,2.0
10752,0,0,6,6,4,8999.048969907408,3,546.0,1.0,2.0
10753,0,0,6,6,4,8999.046273148148,3,546.0,1.0,2.0
10755,0,0,6,6,4,8999.028715277778,3,545.0,2.0,2.0
10757,0,0,6,6,4,8999.030081018518,4,544.0,3.0,6.0
10759,4,0,6,4,5,8999.007800925925,6,649.0,3.0,2.0
10762,0,0,15,10,6,350.21962962962965,5,364.0,1.0,5.0
10766,0,0,10,6,5,8998.934930555555,4,126.0,1.0,2.0
10768,0,0,3,2,3,8998.917905092592,2,278.0,0.0,2.0
10772,0,0,3,3,3,8998.896307870371,2,22.0,2.0,2.0
10761,0,0,10,9,5,8998.97162037037,14,33.0,0.0,2.0
10776,0,0,3,3,3,8998.853229166667,3,76.0,2.0,1.0
10789,0,0,21,18,7,8998.844872685186,10,405.0,2.0,2.0
10794,9,0,36,26,10,8998.81712962963,13,405.0,2.0,2.0
10802,0,0,55,33,11,8998.810682870371,25,555.0,2.0,4.0
10803,0,0,21,21,7,8998.795300925925,10,127.0,3.0,2.0
10806,0,0,6,6,4,8998.807928240742,3,56.0,1.0,2.0
10807,0,0,10,5,5,11.077488425925926,7,129.0,1.0,2.0
10810,0,0,15,15,6,8998.791574074074,11,53.0,4.0,2.0
10811,0,0,1,1,2,11.129965277777778,1,381.0,1.0,4.0
10815,0,0,15,12,6,8998.770648148147,10,365.0,5.0,4.0
10822,0,0,15,11,6,8998.726157407407,8,55.0,2.0,2.0
10827,0,0,28,23,8,8998.70082175926,10,128.0,2.0,2.0
10831,0,0,45,34,10,8998.71332175926,13,363.0,2.0,2.0
10834,0,0,45,31,10,8998.674560185185,14,126.0,4.0,2.0
10836,0,0,10,10,5,8998.672511574074,5,129.0,1.0,2.0
10839,0,0,21,19,7,8998.684386574074,11,147.0,4.0,2.0
10844,0,0,21,18,7,8998.661053240741,8,555.0,2.0,2.0
10848,0,0,28,26,8,8998.599652777777,14,59.0,0.0,2.0
10859,0,0,6,5,4,8998.533402777777,5,118.0,2.0,2.0
10864,0,0,6,6,4,8998.520972222223,3,151.0,0.0,2.0
10880,0,0,10,7,5,8998.474421296296,4,475.0,1.0,2.0
10902,0,0,10,5,5,293.90153935185185,4,651.0,1.0,2.0
10905,0,0,15,13,6,8997.999143518518,11,289.0,1.0,6.0
10906,0,0,21,9,7,9025.582013888888,8,1315.0,3.0,5.0
10909,8,0,28,18,9,8997.99125,10,112.0,1.0,4.0
10911,5,0,10,10,6,8997.970532407408,6,572.0,1.0,5.0
10915,14,1,21,16,9,8997.914108796296,28,228.0,11.0,2.0
10921,0,0,28,18,8,8997.89329861111,8,104.0,1.0,4.0
10922,1,0,0,0,2,8997.878055555555,1,14.0,0.0,5.0
10924,0,0,1,1,2,8997.89681712963,1,14.0,0.0,5.0
10925,0,0,28,22,8,8997.895185185185,14,321.0,1.0,2.0
10927,0,0,1,1,2,8997.885335648149,1,14.0,0.0,5.0
10941,0,0,3,3,3,9025.443217592592,2,150.0,1.0,2.0
10948,0,0,10,9,5,8997.823506944444,4,219.0,1.0,4.0
10956,0,0,15,15,6,8997.787766203704,5,78.0,1.0,2.0
10962,0,0,3,2,3,8997.763819444444,5,1836.0,3.0,5.0
10965,0,0,6,6,4,8997.76005787037,12,217.0,7.0,2.0
10737,10,0,45,41,11,8999.136493055556,24,205.0,4.0,2.0
10996,7,0,21,18,8,8997.45681712963,9,784.0,1.0,2.0
10997,3,0,3,2,4,8997.470879629629,3,1144.0,1.0,2.0
11001,5,0,10,8,6,8997.282777777778,8,216.0,2.0,2.0
11009,0,0,10,6,5,347.0362962962963,16,638.0,4.0,2.0
11012,0,0,10,9,5,8996.912141203704,5,419.0,1.0,2.0
11015,0,0,10,9,5,8996.817800925926,4,219.0,1.0,2.0
11023,0,0,6,5,4,8996.424907407407,3,108.0,3.0,4.0
11049,0,0,91,36,14,8995.904814814814,40,65.0,20.0,2.0
11051,465,465,105,37,46,8995.888622685185,86,1022.0,22.0,2.0
11043,27,3,36,22,12,8995.892256944444,23,795.0,9.0,2.0
11054,224,91,120,37,30,8995.887581018518,123,63.0,30.0,2.0
11061,0,0,21,17,7,8995.860520833334,10,364.0,1.0,2.0
11063,5,0,10,6,6,8995.624444444444,9,330.0,4.0,1.0
11069,2,0,1,1,3,126.75804398148148,3,651.0,1.0,3.0
11071,0,0,15,15,6,8995.360775462963,9,219.0,1.0,2.0
11073,0,0,6,5,4,8995.252939814814,4,928.0,1.0,2.0
11076,550,231,300,124,47,9311.047314814814,83,17.0,3.0,3.0
11080,50,10,45,28,15,1675.9719907407407,24,105.0,3.0,2.0
11101,16,0,120,61,17,8994.939155092592,37,305.0,15.0,4.0
11103,1,0,0,0,2,8994.929837962964,1,2.0,1.0,2.0
11108,2,0,1,1,3,8994.911643518519,2,2.0,1.0,2.0
11118,0,0,15,9,6,8994.891018518518,5,219.0,1.0,4.0
11124,0,0,6,5,4,8994.850185185185,3,119.0,1.0,2.0
10739,0,0,6,6,4,8999.132488425927,4,406.0,1.0,2.0
11135,0,0,21,20,7,8994.773935185185,7,682.0,2.0,2.0
11139,0,0,6,6,4,8994.776238425926,4,1379.0,3.0,2.0
11148,0,0,10,7,5,15.657048611111112,4,254.0,1.0,2.0
11154,0,0,10,10,5,8994.639965277778,7,1402.0,4.0,2.0
11155,6,0,15,10,7,8994.482083333334,12,12.0,1.0,2.0
11161,24,3,28,14,11,8994.204166666666,15,5.0,5.0,2.0
11172,0,0,3,3,3,8993.960868055556,2,223.0,1.0,2.0
11183,0,0,6,6,4,8993.864178240741,3,172.0,1.0,5.0
11184,0,0,36,26,9,8993.847291666667,22,313.0,9.0,2.0
11185,42,3,91,28,17,556.1675462962963,68,982.0,18.0,2.0
11186,0,0,3,3,3,8993.835763888888,3,740.0,2.0,2.0
11202,0,0,21,15,7,267.9913310185185,17,1139.0,11.0,2.0
11207,0,0,6,6,4,8993.70261574074,6,1142.0,3.0,2.0
11230,0,0,6,6,4,8993.54886574074,3,461.0,0.0,3.0
11246,6,0,15,14,7,8993.076944444445,9,459.0,2.0,5.0
11249,0,0,28,16,8,8993.011284722223,18,763.0,7.0,2.0
11256,1,0,0,0,2,8992.970914351852,1,278.0,0.0,2.0
11260,0,0,21,17,7,8992.972974537037,13,796.0,8.0,6.0
11261,0,0,28,19,8,8992.953819444445,11,364.0,1.0,6.0
11271,0,0,10,9,5,8992.947708333333,10,73.0,5.0,2.0
11279,0,0,6,5,4,8992.858564814815,4,220.0,0.0,6.0
11280,0,0,10,5,5,8992.87943287037,9,800.0,4.0,2.0
11286,0,0,21,18,7,9020.414236111112,8,405.0,2.0,6.0
11290,0,0,21,19,7,9020.390243055555,13,49.0,1.0,2.0
11291,0,0,6,6,4,8992.805208333333,7,456.0,5.0,2.0
11294,4,0,6,2,5,8992.782893518519,7,48.0,2.0,1.0
11298,0,0,6,5,4,8992.723506944445,9,209.0,5.0,2.0
11300,0,0,10,8,5,8992.713634259258,5,640.0,2.0,2.0
11306,4,0,6,5,5,8992.655034722222,4,536.0,0.0,2.0
11316,0,0,10,9,5,8992.574895833333,8,553.0,4.0,2.0
11321,5,0,10,9,6,116.66902777777776,6,535.0,1.0,5.0
11324,7,0,21,14,8,8992.453067129629,8,55.0,1.0,2.0
11334,5,0,10,8,6,8992.103483796296,14,1376.0,6.0,6.0
11336,0,0,10,9,5,8992.070208333333,5,474.0,2.0,2.0
11342,0,0,10,10,5,8991.988136574075,4,56.0,1.0,2.0
11347,2,0,1,1,3,308.84841435185183,2,1403.0,3.0,2.0
11358,0,0,10,8,5,8991.783148148148,5,1403.0,3.0,2.0
11364,0,0,21,14,7,8991.729444444445,15,802.0,4.0,2.0
11365,0,0,10,8,5,8991.690798611111,4,217.0,1.0,2.0
11368,375,105,300,140,40,8991.622662037036,99,,0.0,2.0
11374,0,0,15,11,6,8991.43886574074,6,389.0,2.0,2.0
11376,0,0,45,37,10,8991.36917824074,14,405.0,2.0,5.0
11388,0,0,6,5,4,8991.041400462964,5,82.0,2.0,6.0
11390,0,0,6,6,4,8991.00806712963,3,767.0,3.0,2.0
11392,0,0,3,3,3,8991.00255787037,2,77.0,2.0,2.0
11402,0,0,6,6,4,8990.834641203704,4,1404.0,2.0,2.0
11406,11,0,55,36,12,8990.841944444444,18,915.0,5.0,2.0
11412,120,28,105,45,23,762.9336574074074,64,,0.0,2.0
11422,0,0,3,3,3,8990.698622685186,2,14.0,0.0,5.0
11425,0,0,36,31,9,8990.455243055556,12,680.0,4.0,4.0
11427,6,0,15,14,7,9018.025474537037,10,73.0,1.0,2.0
11430,6,0,15,14,7,8989.90605324074,10,415.0,5.0,2.0
11431,28,1,91,73,16,8989.86013888889,51,1171.0,17.0,2.0
11442,4,0,6,6,5,8988.942777777778,5,149.0,2.0,2.0
11449,0,0,3,3,3,233.61265046296296,4,1403.0,3.0,2.0
11456,0,0,21,21,7,8988.163171296297,9,681.0,3.0,2.0
11462,0,0,3,1,3,8483.9428125,2,65.0,4.0,2.0
11465,0,0,6,6,4,8988.022685185186,4,,0.0,6.0
11477,0,0,3,3,3,8987.931504629629,2,60.0,1.0,4.0
11483,0,0,28,16,8,8987.869421296296,11,330.0,4.0,2.0
11490,0,0,15,11,6,8987.837037037038,12,637.0,5.0,2.0
11493,0,0,6,5,4,8987.799699074074,3,119.0,1.0,2.0
11495,0,0,6,6,4,8987.786296296295,5,1041.0,3.0,3.0
11496,0,0,15,14,6,8987.765162037036,8,554.0,3.0,5.0
11498,0,0,10,10,5,8987.762233796297,5,118.0,2.0,2.0
11504,3,0,3,3,4,8987.621979166666,3,24.0,1.0,2.0
11507,0,0,3,1,3,8987.582731481481,2,393.0,1.0,2.0
11512,0,0,6,3,4,170.94693287037038,3,1406.0,0.0,2.0
11513,0,0,6,6,4,8987.52482638889,3,500.0,1.0,3.0
11514,0,0,15,10,6,338.9024074074074,7,1379.0,3.0,2.0
11516,0,0,6,6,4,555.8898148148148,3,381.0,1.0,2.0
11522,0,0,15,15,6,8987.359618055556,7,404.0,3.0,2.0
11527,0,0,10,10,5,8987.05835648148,5,67.0,2.0,2.0
11545,0,0,6,5,4,8986.96101851852,3,473.0,3.0,2.0
11558,0,0,10,8,5,8986.912777777778,4,638.0,4.0,2.0
11561,0,0,3,2,3,9014.47037037037,2,42.0,4.0,6.0
11563,0,0,10,8,5,8986.872175925926,8,108.0,3.0,2.0
11565,8,0,28,26,9,8986.859201388888,28,236.0,3.0,2.0
11575,0,0,3,3,3,170.16282407407408,2,1406.0,0.0,2.0
11577,0,0,45,20,10,7.156898148148148,19,263.0,5.0,6.0
11579,0,0,10,8,5,8986.801030092593,8,799.0,5.0,2.0
11580,0,0,6,6,4,9014.374131944443,5,1380.0,2.0,2.0
11582,0,0,10,10,5,8986.773761574073,9,1038.0,6.0,2.0
11600,0,0,10,10,5,8986.731608796295,10,54.0,3.0,2.0
11601,0,0,36,25,9,720.8431828703704,9,571.0,2.0,2.0
11605,0,0,10,10,5,8986.707372685185,5,55.0,2.0,2.0
11610,0,0,36,24,9,8986.686342592593,16,216.0,4.0,2.0
11613,0,0,10,9,5,8986.638680555556,4,219.0,1.0,4.0
11615,0,0,6,6,4,8986.590625,3,211.0,3.0,2.0
11616,0,0,15,12,6,8986.598287037037,7,684.0,0.0,6.0
11631,0,0,3,2,3,9013.862662037038,2,267.0,1.0,2.0
11633,0,0,28,20,8,110.6108912037037,8,238.0,1.0,5.0
11637,0,0,6,6,4,55.48608796296296,3,419.0,1.0,4.0
11641,0,0,10,10,5,8986.075393518518,4,126.0,4.0,2.0
11642,0,0,6,6,4,8986.055983796296,3,127.0,3.0,2.0
11643,8,0,28,18,9,8986.047222222222,9,219.0,1.0,2.0
11645,0,0,10,7,5,8985.98292824074,4,77.0,1.0,2.0
11647,0,0,6,6,4,8985.967349537037,7,,0.0,4.0
11651,0,0,3,3,3,8985.914398148148,2,1042.0,2.0,2.0
11654,0,0,10,8,5,8985.877511574074,5,90.0,2.0,2.0
11658,0,0,3,3,3,8985.85554398148,2,84.0,0.0,2.0
11660,0,0,15,13,6,8985.861979166666,13,927.0,2.0,2.0
11661,0,0,10,10,5,222.90671296296296,5,1404.0,2.0,2.0
11666,24,1,66,33,14,8985.828831018518,21,43.0,3.0,2.0
11670,0,0,6,6,4,8985.816203703704,3,68.0,1.0,2.0
11671,0,0,3,3,3,8985.813171296297,2,420.0,0.0,2.0
11672,0,0,6,5,4,8985.827719907407,3,419.0,1.0,2.0
11674,0,0,28,24,8,287.79915509259257,13,926.0,3.0,1.0
11676,0,0,6,5,4,8985.825787037036,3,1149.0,1.0,2.0
11677,0,0,36,31,9,8985.821203703703,12,218.0,2.0,2.0
11679,0,0,3,3,3,8985.795069444444,2,128.0,2.0,2.0
11682,0,0,28,19,8,8985.798877314815,14,540.0,7.0,4.0
11683,0,0,10,9,5,131.36636574074075,13,1140.0,10.0,4.0
11692,0,0,6,4,4,8985.775914351852,6,116.0,4.0,2.0
11693,0,0,45,38,10,8985.771354166667,17,635.0,7.0,6.0
11698,0,0,10,9,5,8985.756967592593,4,1021.0,0.0,2.0
11588,0,0,15,11,6,8986.748032407408,6,443.0,1.0,2.0
11716,6,0,15,9,7,4.80230324074074,13,391.0,3.0,5.0
11717,0,0,21,20,7,8985.647650462963,7,928.0,1.0,6.0
11722,0,0,1,1,2,4.610300925925926,1,928.0,1.0,4.0
11723,0,0,21,15,7,526.8558680555556,10,362.0,3.0,2.0
11725,0,0,3,2,3,8985.389525462962,2,370.0,4.0,2.0
11726,0,0,10,9,5,8985.236539351852,4,219.0,1.0,3.0
11727,0,0,15,13,6,8985.213831018518,9,1039.0,5.0,2.0
11208,0,0,6,6,4,8993.685856481481,5,90.0,2.0,2.0
11738,0,0,10,10,5,8984.992777777778,6,1041.0,3.0,2.0
11739,5,0,10,10,6,8985.00789351852,11,204.0,5.0,4.0
11742,0,0,6,5,4,8984.988668981481,5,144.0,3.0,3.0
11756,32,6,28,20,12,8984.970752314815,13,207.0,2.0,1.0
11770,0,0,3,3,3,8984.859398148148,3,918.0,2.0,2.0
11788,0,0,6,6,4,8984.828657407408,5,459.0,2.0,2.0
11791,6,0,15,12,7,8984.824351851852,9,546.0,1.0,2.0
11798,0,0,6,6,4,8984.809050925925,3,571.0,2.0,2.0
11800,0,0,6,6,4,8984.808402777779,6,571.0,2.0,2.0
11808,0,0,10,10,5,276.800775462963,8,683.0,1.0,5.0
11819,0,0,21,16,7,9012.36664351852,11,1401.0,5.0,2.0
11826,0,0,6,6,4,8984.73212962963,3,737.0,5.0,2.0
11831,0,0,3,1,3,46.011064814814816,2,1405.0,1.0,2.0
11835,0,0,6,5,4,8984.657824074075,4,474.0,2.0,3.0
11839,0,0,6,6,4,315.87662037037035,4,640.0,2.0,2.0
11844,0,0,10,9,5,8984.446666666667,6,391.0,0.0,2.0
11864,0,0,10,6,5,8983.857939814814,7,767.0,3.0,2.0
11866,0,0,10,5,5,8983.855856481481,4,49.0,1.0,2.0
11877,0,0,15,11,6,8983.810555555556,7,265.0,3.0,2.0
11880,0,0,10,7,5,8983.816319444444,6,221.0,3.0,2.0
11182,0,0,1,1,2,8993.876724537036,2,1406.0,0.0,2.0
11886,0,0,15,14,6,8983.77412037037,8,459.0,2.0,2.0
11889,0,0,21,10,7,8983.706423611111,17,370.0,4.0,5.0
11890,6,3,1,1,5,8983.658159722223,9,147.0,8.0,2.0
11892,0,0,36,24,9,8983.640208333334,10,128.0,2.0,4.0
11897,0,0,45,30,10,8983.515949074073,13,47.0,1.0,2.0
11901,792,630,231,132,58,8983.275775462964,255,163.0,30.0,5.0
11211,0,0,6,6,4,8993.683449074075,5,212.0,2.0,2.0
11918,0,0,10,10,5,8982.902766203704,4,49.0,1.0,2.0
11923,0,0,15,14,6,8982.732858796297,6,219.0,1.0,6.0
11938,0,0,15,15,6,715.9045949074074,5,996.0,4.0,2.0
11944,0,0,10,10,5,8981.323252314814,6,535.0,1.0,2.0
11951,0,0,1,1,2,8482.958101851851,1,163.0,9.0,1.0
11954,0,0,15,15,6,8981.058414351852,6,48.0,2.0,4.0
11956,0,0,55,41,11,715.1289351851852,15,372.0,2.0,6.0
11979,0,0,36,26,9,94.01248842592592,15,217.0,1.0,2.0
11981,0,0,10,7,5,8980.82449074074,11,1020.0,1.0,2.0
11991,0,0,15,15,6,8980.784976851852,10,128.0,2.0,2.0
11996,0,0,15,11,6,8980.760127314816,7,127.0,3.0,2.0
12002,0,0,28,27,8,8980.675671296296,12,1144.0,6.0,2.0
12006,0,0,15,12,6,8980.352314814814,9,,0.0,2.0
12010,3,0,3,3,4,8980.08125,4,23.0,2.0,2.0
12013,0,0,6,6,4,8980.029050925927,7,94.0,5.0,1.0
12016,0,0,28,22,8,8980.01869212963,11,1041.0,3.0,4.0
12018,0,0,3,3,3,8980.01332175926,3,768.0,2.0,2.0
12019,0,0,15,12,6,8979.994895833333,8,555.0,2.0,2.0
12021,0,0,28,19,8,8979.95480324074,14,389.0,2.0,4.0
12022,0,0,136,100,17,8979.951307870371,39,274.0,4.0,2.0
12028,0,0,3,3,3,8979.843622685185,4,102.0,3.0,2.0
12032,4,0,6,4,5,8979.84011574074,4,49.0,1.0,1.0
12046,0,0,28,14,8,8979.72667824074,10,42.0,2.0,4.0
12056,76,6,171,73,23,455.7001273148149,76,898.0,23.0,2.0
12062,6,0,15,12,7,8979.170868055555,10,217.0,1.0,2.0
12058,8,0,28,20,9,8979.494375,8,130.0,0.0,2.0
12067,0,0,3,2,3,8979.014131944445,2,367.0,3.0,2.0
12069,0,0,6,6,4,8979.003287037038,6,315.0,2.0,5.0
12077,0,0,3,3,3,0.7730555555555556,2,390.0,1.0,6.0
12078,12,0,66,40,13,8978.912581018518,23,572.0,1.0,2.0
12079,0,0,15,10,6,8978.890208333334,5,56.0,1.0,2.0
12086,7,0,21,21,8,8978.806944444445,14,917.0,3.0,4.0
12091,0,0,3,3,3,39.88146990740741,3,8.0,0.0,2.0
12094,0,0,28,24,8,8978.791111111112,11,389.0,2.0,4.0
12105,0,0,21,17,7,8978.761597222223,11,1042.0,2.0,2.0
12106,0,0,10,8,5,8978.758078703704,6,49.0,1.0,2.0
12109,4,0,6,6,5,8978.697662037037,10,235.0,4.0,2.0
12114,0,0,6,6,4,103.7890625,3,381.0,1.0,2.0
12121,7,0,21,10,8,7355.634363425926,11,205.0,4.0,2.0
12125,0,0,15,12,6,8978.138738425925,8,300.0,2.0,5.0
12143,0,0,10,7,5,8977.946412037038,8,170.0,3.0,5.0
12145,0,0,15,12,6,8977.944074074074,8,682.0,2.0,4.0
12151,0,0,21,18,7,8977.873125,8,803.0,1.0,2.0
12157,0,0,3,2,3,8977.839976851852,2,46.0,0.0,2.0
12181,5,0,10,6,6,8977.666724537037,7,43.0,3.0,2.0
12188,0,0,6,6,4,8977.416481481481,3,97.0,2.0,2.0
12190,0,0,10,10,5,8977.179421296296,5,67.0,2.0,2.0
12201,0,0,10,10,5,8977.038483796296,7,207.0,2.0,1.0
12207,0,0,10,9,5,8977.016782407407,5,1382.0,0.0,6.0
12213,0,0,3,3,3,37.57108796296296,4,650.0,2.0,3.0
12217,0,0,28,19,8,8977.005486111111,10,53.0,1.0,4.0
12221,0,0,36,30,9,8977.004016203704,18,458.0,3.0,4.0
12222,0,0,15,12,6,8976.988483796296,6,927.0,2.0,2.0
12224,0,0,15,13,6,8976.982789351852,6,572.0,1.0,2.0
12226,0,0,3,3,3,18.01944444444445,4,650.0,2.0,6.0
12230,0,0,10,10,5,8976.940821759259,6,639.0,3.0,1.0
12231,0,0,6,6,4,272.7198148148148,4,650.0,2.0,2.0
12232,24,1,66,60,14,711.0700231481482,22,2929.0,10.0,2.0
12241,0,0,36,21,9,8472.76642361111,9,319.0,1.0,6.0
12250,0,0,15,11,6,8976.79824074074,11,369.0,5.0,2.0
12257,0,0,10,7,5,8976.752025462964,4,45.0,1.0,2.0
12258,0,0,28,24,8,8976.750162037037,11,571.0,2.0,2.0
12263,0,0,6,6,4,8976.695405092592,3,212.0,2.0,5.0
12301,0,0,0,0,1,0.0018518518518518,0,1404.0,2.0,2.0
12309,209,55,171,125,30,8974.205127314815,63,193.0,0.0,2.0
12310,0,0,10,10,5,8974.18818287037,6,66.0,3.0,2.0
12312,0,0,10,10,5,8974.0246875,8,461.0,0.0,2.0
12316,0,0,10,7,5,8973.990949074074,5,8.0,0.0,5.0
12325,0,0,15,15,6,8973.913773148148,9,552.0,5.0,2.0
12336,0,0,28,23,8,8973.81375,11,73.0,5.0,5.0
12339,0,0,6,6,4,8973.813414351851,3,364.0,1.0,1.0
12345,54,15,36,31,15,8973.772164351853,19,126.0,4.0,2.0
12350,0,0,3,3,3,46.6846875,3,1148.0,2.0,2.0
12351,0,0,3,3,3,106.76940972222222,6,1401.0,5.0,2.0
12353,0,0,6,6,4,8973.768449074074,4,97.0,2.0,2.0
12355,3,0,3,3,4,6984.735231481482,3,461.0,0.0,4.0
12358,0,0,6,6,4,8973.73775462963,3,212.0,2.0,2.0
12361,0,0,28,19,8,8973.712291666667,16,542.0,5.0,2.0
12368,0,0,15,11,6,8469.627604166666,11,212.0,2.0,2.0
12372,0,0,1,1,2,8973.60818287037,1,739.0,3.0,2.0
12376,0,0,3,3,3,8973.461527777778,2,329.0,5.0,2.0
12378,0,0,6,3,4,8462.076307870371,4,371.0,3.0,2.0
12380,0,0,6,6,4,98.22078703703704,5,650.0,2.0,2.0
12381,6,0,15,14,7,8973.25011574074,8,216.0,2.0,2.0
12383,0,0,3,3,3,9000.69542824074,2,801.0,3.0,2.0
12384,4,0,6,6,5,8973.092777777778,4,461.0,0.0,4.0
12387,0,0,10,8,5,8973.094490740741,6,47.0,3.0,1.0
12394,50,10,45,23,15,8973.037245370371,19,29.0,6.0,2.0
12398,0,0,15,15,6,8972.98525462963,7,2930.0,9.0,4.0
12399,0,0,1,1,2,289.9093287037037,1,1405.0,1.0,2.0
12400,0,0,15,11,6,8972.980810185185,5,12.0,1.0,4.0
12406,6,0,15,15,7,8972.929328703704,8,927.0,2.0,2.0
12417,6,0,15,11,7,8972.843993055556,12,460.0,1.0,2.0
12421,0,0,10,9,5,8972.810659722221,4,150.0,1.0,4.0
12422,15,0,105,90,16,840.9493055555556,22,205.0,1.0,2.0
12423,0,0,21,18,7,8972.801921296295,18,71.0,8.0,2.0
12426,0,0,10,10,5,8972.763819444444,4,212.0,2.0,5.0
12437,0,0,21,21,7,8972.527002314815,20,792.0,12.0,2.0
12441,0,0,10,10,5,8972.419166666667,4,1402.0,4.0,4.0
12444,0,0,3,3,3,8972.397118055556,2,238.0,1.0,2.0
12446,0,0,15,11,6,8972.386111111111,11,378.0,4.0,2.0
12457,8,1,6,6,6,8972.057974537038,5,1838.0,1.0,2.0
12459,0,0,15,12,6,8972.037326388889,8,128.0,2.0,4.0
12461,0,0,78,67,13,8972.027256944444,24,253.0,5.0,2.0
12464,0,0,6,5,4,8971.9825,3,801.0,3.0,2.0
12469,0,0,3,3,3,8971.94113425926,2,278.0,0.0,2.0
12470,0,0,6,5,4,8971.93730324074,4,1404.0,2.0,2.0
12485,4,0,6,4,5,117.97520833333331,6,650.0,2.0,5.0
12489,0,0,6,6,4,8971.775590277777,3,460.0,1.0,6.0
12493,328,28,820,400,49,8971.77949074074,143,1356.0,26.0,4.0
12497,0,0,28,24,8,8971.748576388889,7,651.0,1.0,6.0
12499,0,0,10,6,5,8971.744548611112,6,23.0,2.0,2.0
12500,0,0,3,3,3,8971.743206018518,2,370.0,4.0,2.0
12507,0,0,10,9,5,8971.739328703703,4,319.0,3.0,2.0
12520,0,0,36,26,9,8971.142141203703,16,253.0,5.0,6.0
12522,0,0,3,3,3,8971.14306712963,2,640.0,2.0,4.0
12524,0,0,3,3,3,8971.136064814815,2,640.0,2.0,2.0
12528,0,0,3,2,3,8998.678634259259,2,651.0,1.0,2.0
12532,10,0,45,32,11,8971.014085648148,12,364.0,1.0,5.0
12533,0,0,6,5,4,8971.013032407407,3,150.0,1.0,2.0
12544,0,0,10,8,5,8970.937951388889,5,67.0,2.0,2.0
12551,0,0,10,10,5,8970.875555555556,6,767.0,3.0,2.0
12557,0,0,6,6,4,8970.817905092592,4,97.0,2.0,3.0
12560,0,0,15,15,6,8970.806273148148,8,767.0,3.0,2.0
12562,0,0,6,6,4,8970.787974537037,4,26.0,1.0,2.0
12565,0,0,6,4,4,8970.780069444445,4,363.0,2.0,2.0
12570,0,0,10,10,5,8970.773495370371,6,802.0,2.0,2.0
12573,0,0,10,10,5,8970.7690625,9,802.0,2.0,2.0
12585,4,0,6,6,5,8970.696296296297,9,681.0,3.0,5.0
12592,0,0,10,10,5,8970.56980324074,6,236.0,3.0,4.0
12599,7,0,21,20,8,136.09443287037038,16,1143.0,7.0,4.0
12600,0,0,10,9,5,8970.47054398148,4,68.0,1.0,2.0
12602,0,0,10,8,5,391.6911458333333,6,650.0,2.0,5.0
12603,0,0,10,6,5,8970.442581018518,5,1143.0,2.0,2.0
12637,0,0,10,10,5,8970.03982638889,6,802.0,2.0,5.0
12639,0,0,10,10,5,8970.035972222222,4,1381.0,1.0,6.0
12645,0,0,45,40,10,8970.011296296296,15,473.0,3.0,5.0
12649,0,0,21,19,7,8969.99494212963,10,1403.0,3.0,6.0
12670,0,0,10,10,5,8969.956828703704,5,779.0,6.0,2.0
12675,0,0,21,20,7,8969.946944444444,15,107.0,4.0,2.0
12676,0,0,10,9,5,8969.931620370371,9,637.0,5.0,2.0
12677,0,0,15,15,6,8969.943483796296,7,108.0,3.0,2.0
12683,6,0,15,13,7,8969.901331018518,6,1149.0,1.0,2.0
12687,0,0,15,13,6,8969.882546296296,13,570.0,3.0,6.0
12689,0,0,15,12,6,8969.858715277778,7,14.0,10.0,4.0
11870,0,0,15,14,6,8983.857893518518,6,48.0,2.0,2.0
11873,0,0,10,8,5,8983.856759259259,6,266.0,2.0,2.0
12710,0,0,0,0,1,0.0027662037037037,0,416.0,0.0,2.0
12711,0,0,36,33,9,8969.75287037037,11,650.0,2.0,5.0
11869,0,0,6,6,4,8983.845104166667,6,802.0,4.0,2.0
12724,0,0,10,10,5,8969.513078703703,4,49.0,1.0,2.0
12729,4,0,6,6,5,12.224421296296295,11,922.0,7.0,2.0
12731,10,1,10,10,7,8996.731666666667,7,0.0,1.0,2.0
12747,0,0,6,6,4,8968.8096875,3,461.0,0.0,4.0
12748,10,0,45,26,11,8968.77582175926,41,795.0,11.0,3.0
12751,0,0,3,3,3,8968.632962962964,2,238.0,1.0,2.0
12752,0,0,28,21,8,8968.629155092593,14,252.0,6.0,3.0
12753,0,0,10,7,5,8968.576006944444,9,1403.0,3.0,2.0
12756,0,0,6,6,4,8968.422118055556,7,369.0,5.0,2.0
12766,0,0,28,28,8,8968.162488425925,26,479.0,11.0,2.0
12769,8,0,28,27,9,8968.141574074074,13,219.0,1.0,2.0
12778,0,0,10,8,5,8967.822048611111,4,406.0,1.0,2.0
12782,5,0,10,8,6,298.8110300925926,6,651.0,1.0,2.0
12793,0,0,6,6,4,8967.03263888889,4,368.0,2.0,5.0
12796,0,0,10,10,5,8967.02292824074,5,459.0,2.0,6.0
12800,3,0,3,3,4,8966.986377314815,4,573.0,0.0,2.0
12801,0,0,3,3,3,8966.983657407407,3,800.0,4.0,2.0
12802,0,0,10,10,5,8966.966261574074,8,97.0,2.0,1.0
12810,0,0,10,8,5,8966.899027777778,6,461.0,0.0,2.0
12815,0,0,10,8,5,8966.84912037037,4,219.0,0.0,5.0
12829,0,0,15,15,6,8966.81138888889,9,740.0,2.0,2.0
12841,0,0,3,3,3,8966.765682870371,3,,0.0,6.0
12854,18,1,36,24,11,396.49765046296295,12,650.0,2.0,2.0
12861,0,0,6,6,4,8966.103379629629,6,251.0,4.0,4.0
12874,0,0,21,20,7,8965.968414351852,7,1405.0,1.0,2.0
12880,0,0,10,8,5,8965.930810185186,5,459.0,2.0,2.0
12882,4,0,6,6,5,8965.902916666666,4,13.0,1.0,2.0
12883,0,0,6,6,4,15.165983796296295,3,1405.0,1.0,2.0
12887,2,0,1,1,3,8965.895381944445,3,372.0,2.0,2.0
12893,0,0,10,7,5,8965.858564814815,7,74.0,4.0,2.0
12894,0,0,21,20,7,8965.821643518519,7,472.0,4.0,4.0
12895,0,0,21,20,7,8993.416828703705,12,1377.0,5.0,2.0
12902,0,0,28,25,8,8965.781215277777,7,112.0,1.0,2.0
12904,0,0,10,10,5,8965.793136574073,7,255.0,0.0,2.0
12905,0,0,6,6,4,8965.796400462963,4,534.0,2.0,4.0
12916,4240,5565,780,244,146,7975.525405092592,425,414.0,11.0,2.0
12929,0,0,6,4,4,8965.565150462962,4,126.0,4.0,2.0
12934,0,0,10,10,5,8965.249340277778,6,66.0,3.0,2.0
12939,3,0,3,3,4,8965.160127314815,5,127.0,3.0,3.0
12944,0,0,6,5,4,8455.755127314815,7,1040.0,4.0,2.0
12954,0,0,21,6,7,8965.026053240741,9,143.0,4.0,2.0
12956,0,0,91,71,14,8965.001273148147,20,459.0,2.0,5.0
12971,0,0,153,73,18,8992.49107638889,37,30.0,3.0,2.0
12983,0,0,6,6,4,8964.802997685185,3,211.0,3.0,4.0
12991,0,0,36,28,9,8964.735856481482,12,683.0,1.0,2.0
13007,22,1,55,28,13,585.9196990740741,14,652.0,0.0,5.0
13021,10,0,45,34,11,8964.096898148147,18,206.0,3.0,2.0
13030,8,0,28,17,9,8964.062326388888,21,365.0,9.0,6.0
13037,0,0,3,3,3,8964.020150462962,2,919.0,1.0,2.0
13038,0,0,3,1,3,5244.017361111111,3,253.0,2.0,4.0
13040,0,0,10,10,5,949.779386574074,4,603.0,1.0,2.0
13048,0,0,10,9,5,8963.956851851852,5,70.0,4.0,2.0
13052,0,0,10,9,5,8963.919953703704,7,766.0,4.0,2.0
13053,0,0,6,6,4,8963.916435185185,3,91.0,1.0,2.0
13054,0,0,3,2,3,110.19984953703704,3,406.0,1.0,6.0
13057,0,0,1,1,2,0.8643055555555555,1,1405.0,1.0,4.0
13066,0,0,21,21,7,8963.802025462963,8,499.0,2.0,2.0
13084,5,0,10,10,6,8963.299039351852,6,76.0,2.0,2.0
13093,72,15,66,41,18,8623.680555555555,29,11.0,2.0,4.0
13100,0,0,6,5,4,8963.002581018518,5,85.0,3.0,2.0
12430,0,0,15,8,6,8972.774594907407,10,369.0,5.0,2.0
13117,0,0,10,8,5,8962.800648148148,4,88.0,4.0,2.0
13121,0,0,6,5,4,129.916875,4,1404.0,2.0,2.0
13122,0,0,3,3,3,34.02225694444444,3,1837.0,2.0,2.0
12567,0,0,3,2,3,8970.774328703703,9,74.0,8.0,2.0
13127,0,0,10,9,5,8962.727777777778,5,390.0,1.0,3.0
13135,0,0,6,6,4,8962.436493055555,3,535.0,1.0,2.0
13137,0,0,6,6,4,530.726574074074,3,1405.0,1.0,2.0
13140,0,0,45,41,10,8962.15513888889,13,319.0,1.0,4.0
13150,0,0,6,6,4,8961.86667824074,4,110.0,1.0,2.0
13156,0,0,3,3,3,8961.779317129629,3,554.0,3.0,2.0
13157,0,0,36,19,9,8961.757060185186,14,402.0,5.0,6.0
13172,8,0,28,22,9,8988.714513888888,9,104.0,1.0,2.0
13176,0,0,15,11,6,8960.810763888889,7,238.0,1.0,2.0
13192,10,0,45,24,11,8960.42601851852,23,199.0,5.0,2.0
13201,0,0,21,21,7,8960.092002314816,11,679.0,5.0,2.0
13210,0,0,1,1,2,23.425775462962964,2,253.0,2.0,2.0
13213,16,0,120,82,17,873.4525694444444,79,2367.0,25.0,2.0
13217,0,0,6,4,4,8987.365949074074,3,146.0,1.0,4.0
13218,0,0,15,9,6,8959.774259259259,12,1015.0,6.0,2.0
13219,8,0,28,26,9,8959.711006944444,8,805.0,1.0,2.0
13228,0,0,28,21,8,8959.285717592593,8,276.0,2.0,2.0
13251,0,0,21,19,7,8958.963854166666,10,366.0,4.0,6.0
13254,0,0,1,0,2,141.83642361111112,3,362.0,3.0,5.0
13262,0,0,10,7,5,8958.864027777778,5,129.0,1.0,2.0
13264,0,0,10,9,5,8958.84306712963,4,49.0,1.0,2.0
13283,0,0,6,5,4,35.70274305555556,6,458.0,3.0,6.0
13286,0,0,10,10,5,8958.654930555556,6,459.0,2.0,2.0
13293,0,0,10,10,5,8958.61693287037,5,364.0,1.0,2.0
13295,0,0,6,6,4,309.85364583333336,3,364.0,1.0,5.0
13296,0,0,10,10,5,22.59810185185185,4,1149.0,1.0,2.0
13298,0,0,15,9,6,8958.594386574074,6,1380.0,2.0,2.0
13299,0,0,6,2,4,36.67415509259259,7,1836.0,3.0,2.0
13300,0,0,15,15,6,8958.579340277778,6,1380.0,2.0,2.0
13301,0,0,15,15,6,8958.57,6,1380.0,2.0,2.0
13319,0,0,15,15,6,8958.12457175926,7,928.0,1.0,3.0
13321,0,0,3,3,3,8985.693298611111,2,1143.0,2.0,2.0
13324,6,1,3,3,5,8958.094386574074,6,87.0,1.0,2.0
13325,9,0,36,24,10,8958.082025462963,19,330.0,4.0,2.0
13329,9,0,36,36,10,8958.065659722222,17,261.0,7.0,2.0
13344,0,0,15,15,6,8957.998333333333,7,76.0,2.0,2.0
13345,0,0,28,20,8,8957.996828703705,10,83.0,1.0,2.0
13357,0,0,15,14,6,8957.957037037037,11,74.0,4.0,2.0
13361,0,0,3,2,3,8957.936655092593,2,221.0,1.0,2.0
13363,0,0,6,6,4,8957.928564814814,3,736.0,6.0,2.0
13367,0,0,10,10,5,8957.917592592592,4,641.0,1.0,4.0
13368,0,0,6,6,4,8957.91773148148,3,556.0,1.0,4.0
13385,0,0,28,21,8,125.0222800925926,9,54.0,2.0,2.0
13390,0,0,6,6,4,8957.820613425925,4,86.0,2.0,2.0
13404,0,0,15,15,6,8957.750381944445,7,459.0,2.0,6.0
13405,0,0,15,14,6,8957.748402777777,9,555.0,2.0,2.0
13444,0,0,10,8,5,26.25991898148148,7,1404.0,2.0,6.0
13463,0,0,10,8,5,81.31633101851853,4,733.0,9.0,6.0
13473,14,1,21,21,9,8956.929398148148,27,486.0,4.0,4.0
13477,0,0,6,6,4,8984.495196759259,4,405.0,2.0,5.0
13478,0,0,10,10,5,8956.919155092593,7,1021.0,0.0,4.0
13479,0,0,10,10,5,8956.916319444445,5,288.0,2.0,4.0
13483,0,0,55,45,11,8956.890717592592,22,1377.0,5.0,2.0
13498,0,0,36,30,9,8956.844606481482,13,216.0,2.0,5.0
13507,0,0,6,6,4,8956.818784722222,3,500.0,1.0,2.0
13522,0,0,10,8,5,8984.346759259259,5,8.0,0.0,2.0
10731,7,0,21,19,8,8999.17394675926,10,55.0,4.0,2.0
13526,0,0,1,1,2,47.024791666666665,1,535.0,1.0,2.0
13652,11,0,55,41,12,381.82989583333335,20,1131.0,19.0,2.0
13732,0,0,15,14,6,168.52842592592592,12,168.0,5.0,2.0
13755,0,0,1,1,2,0.5965162037037037,1,381.0,1.0,2.0
13761,0,0,10,9,5,8952.02726851852,5,149.0,2.0,2.0
13765,0,0,3,3,3,8952.020462962962,6,83.0,5.0,2.0
13766,0,0,10,9,5,8952.017766203704,7,802.0,2.0,2.0
13783,0,0,3,3,3,21.103564814814813,9,1836.0,3.0,2.0
13784,24,1,66,46,14,8951.954756944444,31,555.0,2.0,2.0
13816,2,0,1,1,3,8951.861770833333,2,0.0,1.0,2.0
13831,0,0,21,16,7,8979.387337962962,6,104.0,1.0,3.0
13845,0,0,6,6,4,8951.764699074074,4,254.0,1.0,2.0
13854,0,0,21,21,7,8951.57849537037,12,635.0,7.0,2.0
13856,0,0,21,19,7,8979.120509259259,12,496.0,5.0,6.0
13874,0,0,3,2,3,991.6127199074074,2,147.0,1.0,2.0
13884,0,0,10,9,5,8951.035104166667,5,128.0,2.0,2.0
13892,0,0,10,10,5,8978.583807870371,5,1403.0,3.0,2.0
13897,0,0,1,1,2,118.133125,1,1406.0,0.0,2.0
13899,0,0,15,12,6,8950.98787037037,5,23.0,1.0,2.0
13909,0,0,10,9,5,8950.969918981482,5,12.0,2.0,2.0
13913,0,0,3,3,3,26.94738425925926,2,928.0,1.0,2.0
13926,0,0,3,3,3,8950.88017361111,2,369.0,1.0,2.0
13934,7,0,21,19,8,8950.846597222222,15,107.0,6.0,2.0
13948,0,0,15,7,6,75.17177083333333,7,364.0,1.0,2.0
13983,0,0,28,21,8,8950.608032407408,14,1039.0,5.0,4.0
13997,0,0,15,12,6,55.45809027777778,17,1141.0,9.0,5.0
14011,0,0,10,10,5,8977.688043981481,6,56.0,1.0,2.0
14028,0,0,15,9,6,88.23811342592593,8,570.0,3.0,2.0
14034,0,0,6,3,4,8977.55818287037,3,78.0,1.0,2.0
14049,0,0,55,19,11,84.06950231481481,18,1144.0,1.0,2.0
14053,0,0,15,13,6,8949.891041666666,6,363.0,2.0,6.0
14105,0,0,3,3,3,38.85550925925926,2,364.0,1.0,4.0
14109,3,0,3,3,4,1120.3608333333334,3,364.0,1.0,4.0
14113,0,0,10,8,5,8949.6353125,6,319.0,3.0,4.0
14117,0,0,6,4,4,8977.186944444444,3,381.0,1.0,2.0
14131,0,0,153,111,18,8949.474502314815,40,993.0,7.0,6.0
14132,0,0,15,14,6,8949.467615740741,6,219.0,1.0,2.0
14133,0,0,10,8,5,8949.45875,5,419.0,1.0,4.0
14142,18,3,15,14,9,8976.85207175926,13,412.0,4.0,5.0
14145,0,0,10,8,5,8949.220439814815,5,388.0,6.0,2.0
14157,0,0,10,10,5,8949.042199074074,8,234.0,5.0,5.0
14168,0,0,6,4,4,8948.988217592592,5,128.0,2.0,5.0
14194,0,0,21,18,7,8948.888761574073,7,150.0,1.0,5.0
14200,0,0,6,5,4,8948.869837962962,4,146.0,2.0,2.0
14236,0,0,3,2,3,465.0141203703704,4,415.0,1.0,1.0
14254,0,0,36,33,9,8947.902534722221,19,800.0,4.0,5.0
14258,0,0,15,14,6,8947.850671296297,7,319.0,3.0,4.0
14280,48,3,120,100,19,8974.692476851851,31,453.0,8.0,2.0
14289,0,0,6,5,4,8946.958229166667,4,128.0,2.0,2.0
14302,0,0,6,6,4,8974.397511574074,5,379.0,3.0,2.0
14313,0,0,21,18,7,8974.248726851853,6,800.0,4.0,2.0
14318,0,0,6,6,4,8946.52550925926,3,212.0,2.0,2.0
14346,0,0,21,17,7,8945.999710648148,10,680.0,4.0,2.0
14348,0,0,28,28,8,680.0635300925926,7,373.0,1.0,4.0
14353,0,0,21,21,7,8973.547199074073,6,641.0,1.0,4.0
14354,7,0,21,21,8,8945.966284722223,21,1371.0,11.0,2.0
13427,0,0,1,1,2,8985.158599537037,1,146.0,1.0,2.0
14376,0,0,10,10,5,8945.853680555556,8,318.0,4.0,5.0
14381,0,0,45,33,10,8945.839641203704,19,676.0,8.0,2.0
14413,6,0,15,6,7,178.70177083333334,12,1838.0,1.0,6.0
14414,0,0,3,3,3,1.8701967592592592,3,237.0,2.0,2.0
10734,0,0,3,3,3,8999.163078703703,3,406.0,1.0,2.0
14442,6,0,15,12,7,147.43596064814815,10,375.0,7.0,2.0
14458,0,0,6,6,4,8944.92119212963,3,104.0,1.0,2.0
14464,0,0,15,15,6,76.18747685185186,11,678.0,6.0,4.0
14465,0,0,3,3,3,181.9381481481481,2,766.0,4.0,2.0
14478,0,0,6,6,4,0.8129166666666666,5,148.0,3.0,6.0
14487,6,0,15,12,7,8944.8296875,10,21.0,3.0,6.0
14499,0,0,10,9,5,14.183645833333332,5,111.0,2.0,2.0
14513,0,0,45,40,10,8944.751053240741,21,317.0,3.0,2.0
14522,0,0,3,3,3,8944.7175,3,459.0,2.0,2.0
14523,0,0,6,6,4,8972.289097222223,7,1378.0,4.0,2.0
14529,0,0,10,8,5,8944.682210648149,5,87.0,1.0,2.0
14532,32,1,120,54,18,1384.6178819444444,29,457.0,4.0,1.0
14540,0,0,21,17,7,8944.627013888889,16,779.0,6.0,5.0
14543,0,0,10,8,5,8944.60113425926,6,458.0,3.0,4.0
14546,0,0,21,18,7,8944.578217592592,32,369.0,9.0,2.0
14552,0,0,10,10,5,8972.118148148149,5,319.0,1.0,4.0
14557,0,0,10,9,5,8944.47125,5,1404.0,2.0,2.0
14599,13,0,78,56,14,8943.994282407408,39,915.0,5.0,2.0
14601,0,0,3,1,3,6.892280092592593,4,417.0,3.0,3.0
14609,0,0,15,13,6,8943.932152777777,5,129.0,1.0,2.0
14637,0,0,10,10,5,8971.42829861111,5,128.0,2.0,5.0
14665,16,1,28,14,10,8943.769085648148,13,320.0,2.0,3.0
14678,0,0,1,1,2,69.9363425925926,2,380.0,2.0,2.0
14680,0,0,21,19,7,8943.728298611111,19,552.0,5.0,6.0
14725,0,0,6,6,4,8943.032881944444,3,803.0,1.0,2.0
14727,0,0,28,27,8,8943.030162037037,14,458.0,3.0,2.0
14735,0,0,15,13,6,8970.555023148148,7,75.0,3.0,5.0
14754,0,0,1,1,2,0.3163310185185185,1,1402.0,4.0,2.0
14755,0,0,1,1,2,0.9932986111111112,1,1400.0,6.0,2.0
14770,0,0,0,0,1,26.37601851851852,0,1404.0,2.0,2.0
14772,22,1,55,29,13,8970.449791666666,33,41.0,3.0,2.0
14811,0,0,3,2,3,26.724375,3,460.0,1.0,2.0
14827,60,6,105,51,19,159.1283449074074,57,1129.0,21.0,2.0
14852,0,0,15,14,6,676.0837731481481,5,499.0,2.0,2.0
14854,7,0,21,18,8,8941.9865625,9,207.0,2.0,2.0
14856,0,0,45,40,10,684.0790162037038,19,992.0,8.0,2.0
14857,0,0,10,8,5,129.13297453703703,7,1400.0,6.0,6.0
14862,0,0,1,0,2,180.6402199074074,2,767.0,3.0,2.0
14865,0,0,15,12,6,250.87775462962964,6,927.0,2.0,2.0
14867,5,0,10,9,6,8941.900671296296,10,927.0,2.0,2.0
14899,0,0,1,1,2,109.8880324074074,1,1399.0,7.0,6.0
14900,0,0,0,0,1,109.8804050925926,0,1403.0,3.0,5.0
14903,0,0,21,19,7,8941.76383101852,8,325.0,3.0,1.0
14904,0,0,15,15,6,8941.760914351851,9,1041.0,3.0,2.0
14909,1,0,0,0,2,7773.245428240741,1,545.0,2.0,2.0
14920,0,0,15,15,6,8968.516122685185,6,254.0,1.0,2.0
14922,0,0,36,23,9,8968.447777777777,14,326.0,2.0,2.0
14925,0,0,3,3,3,5.768425925925926,3,741.0,1.0,2.0
14933,3,0,3,3,4,8940.432916666667,12,458.0,3.0,2.0
14954,0,0,3,3,3,8967.440023148149,2,,0.0,2.0
14967,0,0,105,86,15,8939.65130787037,28,265.0,3.0,5.0
14982,0,0,6,6,4,8939.170462962962,4,461.0,0.0,3.0
14997,0,0,6,6,4,8938.999768518519,3,642.0,0.0,2.0
15007,0,0,1,1,2,8938.947349537037,1,1404.0,2.0,3.0
15049,0,0,28,28,8,680.7723032407407,10,639.0,3.0,2.0
15061,0,0,15,13,6,8966.143356481482,5,641.0,1.0,2.0
15079,0,0,15,14,6,8938.042581018519,7,801.0,3.0,2.0
15083,0,0,10,7,5,8965.61304398148,6,86.0,2.0,2.0
15089,0,0,45,27,10,8937.9990625,20,369.0,9.0,2.0
15099,0,0,10,7,5,8937.960972222223,6,148.0,3.0,2.0
15115,0,0,91,63,14,8965.4790625,31,534.0,13.0,2.0
15123,0,0,3,3,3,8937.860428240741,2,460.0,1.0,2.0
15130,0,0,28,17,8,8965.391377314814,9,12.0,1.0,2.0
15146,0,0,6,6,4,114.01844907407408,5,1018.0,3.0,6.0
15150,9,0,36,23,10,8937.643356481482,19,133.0,5.0,2.0
15156,0,0,1,1,2,61.91603009259259,2,444.0,0.0,2.0
15184,3,0,3,3,4,43.169016203703706,9,923.0,6.0,2.0
15198,0,0,1,0,2,232.75523148148147,1,639.0,3.0,2.0
15203,0,0,3,3,3,120.27373842592591,2,379.0,3.0,2.0
15210,4,0,6,3,5,237.00635416666665,8,1835.0,4.0,2.0
15215,0,0,36,21,9,8536.656956018518,17,10.0,3.0,2.0
15217,0,0,3,3,3,47.99153935185185,4,14.0,2.0,2.0
15219,0,0,21,19,7,8964.366354166666,7,149.0,2.0,2.0
15222,0,0,6,6,4,186.9316087962963,5,373.0,9.0,2.0
15225,0,0,3,3,3,186.9306712962963,2,378.0,4.0,2.0
15232,25,10,10,5,10,8405.867361111112,13,108.0,3.0,2.0
15245,0,0,10,7,5,8936.566666666668,8,8.0,0.0,2.0
15259,0,0,6,5,4,8963.612569444444,5,802.0,2.0,2.0
15262,0,0,6,6,4,8963.591203703703,3,801.0,3.0,2.0
15263,0,0,15,11,6,8936.02482638889,6,109.0,2.0,2.0
15265,0,0,21,18,7,8963.587071759259,22,636.0,6.0,4.0
15279,1,0,0,0,2,8935.88974537037,1,0.0,2.0,2.0
15291,0,0,21,21,7,8963.436273148149,7,128.0,2.0,2.0
15296,0,0,6,5,4,8963.407766203703,3,804.0,2.0,2.0
15307,0,0,45,35,10,677.8919560185185,10,501.0,0.0,6.0
15320,288,66,276,147,36,8963.205034722223,83,1781.0,19.0,5.0
15347,0,0,21,17,7,8962.873842592593,10,8.0,5.0,2.0
15354,0,0,6,4,4,40.06206018518518,3,15.0,1.0,2.0
15364,325,78,300,139,38,5966.309699074074,109,25.0,10.0,2.0
15366,0,0,10,7,5,8962.572638888889,7,925.0,4.0,2.0
15367,0,0,1,1,2,8962.568958333333,1,1404.0,2.0,2.0
15371,0,0,1,1,2,17.887604166666666,3,498.0,3.0,2.0
15372,34,1,136,85,19,8962.531307870371,23,70.0,1.0,2.0
15391,8,0,28,17,9,860.4046180555556,16,304.0,6.0,6.0
15399,11,0,55,35,12,8962.082395833333,27,459.0,2.0,5.0
15402,0,0,6,6,4,8961.7934375,5,307.0,3.0,2.0
15403,0,0,36,19,9,8961.747337962963,12,30.0,3.0,2.0
15423,0,0,15,14,6,39.5994212962963,12,1144.0,6.0,2.0
15432,0,0,28,19,8,8960.4096875,12,254.0,4.0,3.0
15464,0,0,10,10,5,8959.486608796296,4,77.0,1.0,2.0
15480,7,0,21,20,8,8959.419756944444,10,457.0,4.0,2.0
15503,0,0,10,8,5,8959.35207175926,4,212.0,2.0,2.0
15513,0,0,3,3,3,98.90667824074076,2,1403.0,3.0,2.0
15537,0,0,6,6,4,8959.258657407407,4,319.0,1.0,2.0
15555,36,1,153,81,20,8958.763854166667,38,1152.0,2.0,2.0
15560,0,0,6,4,4,76.63763888888889,3,406.0,1.0,2.0
15586,0,0,15,6,6,588.3044328703704,6,1400.0,6.0,2.0
15593,0,0,6,5,4,8958.575150462962,5,23.0,2.0,3.0
15596,0,0,21,21,7,8958.564733796296,13,385.0,6.0,6.0
15606,6,1,3,2,5,19.98828703703704,10,322.0,6.0,4.0
15607,0,0,6,6,4,22.025127314814814,12,320.0,8.0,4.0
15608,78,15,78,57,19,8930.920497685185,64,2910.0,29.0,2.0
15618,0,0,15,11,6,296.974849537037,8,65.0,4.0,5.0
15623,20,1,45,31,12,341.68025462962964,35,286.0,4.0,4.0
15624,0,0,15,14,6,8958.402928240741,8,740.0,2.0,2.0
15636,0,0,3,2,3,8958.368969907408,10,125.0,5.0,2.0
15644,0,0,21,20,7,8958.313333333334,10,25.0,0.0,2.0
15693,8,0,28,28,9,1592.2230671296295,11,499.0,2.0,2.0
15711,4,0,6,4,5,8957.455717592593,7,69.0,0.0,2.0
15712,0,0,3,2,3,8957.445891203704,3,320.0,0.0,4.0
15720,0,0,36,29,9,8957.398599537037,23,312.0,10.0,6.0
15738,0,0,3,3,3,8957.261840277777,2,18.0,3.0,2.0
15742,0,0,21,16,7,8454.603263888888,7,238.0,1.0,2.0
15757,4,0,6,6,5,8956.83832175926,6,67.0,2.0,2.0
15758,5,0,10,10,6,8956.80380787037,6,112.0,1.0,2.0
15765,0,0,1,1,2,0.988738425925926,1,1405.0,1.0,2.0
15767,0,0,3,1,3,969.5016319444444,2,147.0,1.0,2.0
15653,0,0,6,6,4,8930.654467592592,3,219.0,1.0,2.0
15777,4,0,6,6,5,8956.446782407407,8,765.0,5.0,2.0
15788,0,0,3,3,3,8956.36162037037,3,254.0,1.0,2.0
15816,0,0,10,10,5,8956.141354166666,4,928.0,1.0,2.0
15839,0,0,15,15,6,11.186284722222222,8,236.0,3.0,6.0
15846,0,0,6,5,4,229.20446759259252,3,928.0,1.0,2.0
15853,6,0,15,9,7,8955.541967592593,7,209.0,5.0,2.0
15865,14,1,21,19,9,4057.232291666666,26,1032.0,12.0,2.0
15882,0,0,10,9,5,8955.429108796296,7,461.0,0.0,2.0
15890,0,0,6,4,4,8955.359212962963,4,86.0,2.0,2.0
15898,0,0,3,2,3,8955.31951388889,5,210.0,4.0,2.0
15909,0,0,6,5,4,8955.233356481482,5,371.0,3.0,2.0
15934,4,0,6,6,5,8954.64576388889,5,171.0,2.0,5.0
15945,0,0,10,9,5,8954.551365740741,5,87.0,1.0,2.0
15949,3,0,3,3,4,32.93521990740741,3,928.0,1.0,2.0
15963,4,0,6,6,5,8954.210347222222,5,218.0,2.0,4.0
15982,0,0,45,33,10,8953.922858796297,12,103.0,2.0,2.0
16009,56,6,91,64,18,8520.710613425927,68,574.0,32.0,2.0
16014,8,1,6,6,6,8953.250821759259,7,217.0,1.0,2.0
16020,5,0,10,10,6,8953.21289351852,7,83.0,1.0,3.0
16032,0,0,15,11,6,8953.031469907408,8,1252.0,3.0,2.0
16037,96,28,66,48,20,631.8643287037037,33,649.0,3.0,4.0
16044,0,0,15,8,6,8952.788993055556,8,83.0,1.0,5.0
16068,0,0,10,9,5,8952.624733796296,5,90.0,2.0,2.0
16073,0,0,3,3,3,15.837592592592593,2,257.0,1.0,2.0
16075,0,0,10,8,5,8952.593113425926,9,1377.0,5.0,4.0
16076,0,0,6,5,4,8952.590185185185,6,117.0,3.0,2.0
16125,0,0,3,1,3,196.9850578703704,17,1839.0,0.0,2.0
16126,0,0,15,15,6,7.863958333333334,16,216.0,2.0,6.0
16137,0,0,6,3,4,30.93454861111111,6,925.0,4.0,2.0
16152,0,0,28,22,8,8952.113773148149,14,634.0,8.0,4.0
16163,0,0,3,2,3,8951.863506944444,4,7.0,1.0,2.0
16175,0,0,21,17,7,30.29535879629629,10,1149.0,1.0,2.0
16186,0,0,1,1,2,8951.617048611111,1,13.0,0.0,2.0
16218,4,0,6,6,5,100.94907407407408,7,1146.0,4.0,4.0
16226,15,3,10,4,8,3594.7757407407407,23,1175.0,13.0,2.0
16232,0,0,15,7,6,8923.785925925926,5,91.0,1.0,2.0
16238,0,0,10,8,5,8951.369004629629,4,239.0,0.0,4.0
16250,0,0,6,6,4,8951.280613425926,3,804.0,2.0,2.0
16256,0,0,28,25,8,8951.243900462963,23,802.0,4.0,2.0
16285,0,0,10,7,5,8950.651018518518,10,765.0,5.0,6.0
16286,0,0,28,19,8,8950.646400462963,10,104.0,1.0,5.0
16302,0,0,3,3,3,8950.599201388888,3,1837.0,2.0,2.0
16309,0,0,3,3,3,63.150671296296295,3,652.0,0.0,2.0
16315,0,0,10,10,5,8950.523657407408,6,498.0,3.0,2.0
16317,0,0,15,11,6,8950.51724537037,6,640.0,2.0,3.0
16330,4,0,6,5,5,8950.459027777777,5,150.0,1.0,2.0
16339,0,0,36,25,9,8950.410752314814,16,570.0,3.0,4.0
16348,0,0,6,5,4,8950.380983796296,4,392.0,2.0,2.0
16353,0,0,15,12,6,8950.364027777778,5,49.0,1.0,2.0
16373,0,0,3,3,3,8950.275578703704,3,145.0,2.0,2.0
16380,98,21,91,53,21,8950.216458333334,30,,0.0,2.0
16383,0,0,21,17,7,8950.183125,7,119.0,1.0,2.0
16385,0,0,21,15,7,223.78635416666663,11,1148.0,2.0,2.0
16393,0,0,15,15,6,8950.100671296297,10,118.0,2.0,2.0
16394,0,0,3,3,3,8950.084351851852,4,555.0,2.0,2.0
16395,0,0,15,13,6,8950.096099537037,7,78.0,2.0,2.0
16402,4,0,6,5,5,69.41994212962963,19,1394.0,12.0,2.0
16416,0,0,10,7,5,8949.611273148148,5,98.0,1.0,2.0
16420,5,0,10,9,6,8949.598738425926,12,367.0,7.0,2.0
16422,0,0,21,17,7,8949.598402777778,13,7.0,7.0,4.0
16424,3,3,0,0,4,8949.589872685185,3,3.0,1.0,2.0
16426,0,0,3,1,3,8949.588043981481,2,13.0,1.0,2.0
16430,0,0,6,6,4,8949.568379629629,4,459.0,2.0,1.0
16435,0,0,28,20,8,8949.52048611111,8,112.0,1.0,4.0
16439,0,0,10,9,5,8949.501909722223,6,1464.0,2.0,2.0
16441,0,0,15,15,6,8949.480636574073,9,766.0,4.0,6.0
16442,6,0,15,12,7,8949.480914351852,14,215.0,5.0,2.0
16450,0,0,10,10,5,4.016203703703703,4,1149.0,1.0,4.0
16461,0,0,21,21,7,8949.436145833333,7,927.0,2.0,2.0
16476,0,0,10,10,5,3.825868055555556,6,1147.0,3.0,2.0
16483,0,0,3,3,3,8949.339594907407,2,150.0,1.0,4.0
16485,5,0,10,9,6,8949.321331018518,7,803.0,3.0,2.0
16486,0,0,6,6,4,8949.313078703704,5,459.0,2.0,6.0
16519,10,0,45,22,11,8948.6228125,16,1837.0,2.0,6.0
16541,0,0,3,3,3,8948.540659722223,2,119.0,1.0,2.0
16543,6,0,15,10,7,8948.522731481482,8,41.0,5.0,2.0
16548,0,0,10,9,5,8948.461643518518,4,651.0,1.0,2.0
16557,0,0,6,5,4,8948.414351851852,3,129.0,1.0,2.0
16563,0,0,10,8,5,8948.384837962964,6,319.0,3.0,2.0
16601,0,0,28,25,8,8947.319965277778,16,147.0,4.0,3.0
16603,55,10,55,41,16,8947.318182870371,26,360.0,5.0,2.0
16609,0,0,3,3,3,143.64916666666667,3,363.0,2.0,2.0
16614,0,0,6,5,4,8947.207291666668,3,321.0,1.0,2.0
16615,4,0,6,6,5,8947.131759259259,4,238.0,1.0,2.0
16629,2,0,1,1,3,8946.65667824074,3,145.0,2.0,2.0
16648,0,0,10,6,5,8946.229733796295,5,253.0,2.0,3.0
16676,0,0,36,24,9,8945.62201388889,18,1041.0,3.0,2.0
16677,5,0,10,5,6,281.30385416666667,5,319.0,9.0,2.0
16682,0,0,6,6,4,8945.59287037037,4,372.0,2.0,2.0
16692,0,0,6,6,4,8945.556620370371,4,149.0,2.0,2.0
16701,0,0,6,5,4,339.1947337962963,4,367.0,3.0,5.0
16734,0,0,28,19,8,239.96722222222223,9,79.0,1.0,2.0
16769,540,435,153,65,48,3166.0290277777776,161,,0.0,2.0
16775,100,6,300,177,29,8944.67107638889,127,188.0,0.0,2.0
16786,0,0,6,6,4,8944.610428240741,5,114.0,6.0,4.0
16814,0,0,28,25,8,8944.442488425926,14,289.0,1.0,2.0
16827,0,0,15,13,6,8944.395324074074,7,555.0,2.0,2.0
16828,0,0,3,3,3,8944.397013888889,3,800.0,4.0,2.0
16832,0,0,3,3,3,8916.774502314815,3,1142.0,3.0,6.0
16835,5,0,10,10,6,84.92969907407408,7,364.0,1.0,2.0
16847,0,0,3,3,3,8944.252094907408,4,127.0,3.0,2.0
16848,0,0,1,1,2,25.00896990740741,3,367.0,3.0,5.0
16855,0,0,15,12,6,8944.072777777777,6,109.0,2.0,5.0
16865,4,0,6,6,5,8943.760787037038,5,264.0,2.0,1.0
16893,3,0,3,3,4,266.09517361111114,6,651.0,1.0,2.0
16896,8,0,28,19,9,8943.523043981482,21,657.0,3.0,2.0
16900,0,0,10,6,5,8943.524398148149,4,390.0,1.0,2.0
16925,72,6,153,106,22,2416.811990740741,56,314.0,8.0,2.0
16929,0,0,36,24,9,8943.344074074073,28,1362.0,20.0,2.0
16937,0,0,15,14,6,8943.30736111111,8,404.0,3.0,5.0
16945,0,0,6,4,4,8943.187546296296,5,253.0,2.0,2.0
16966,0,0,6,6,4,8942.633206018518,3,475.0,1.0,2.0
16973,0,0,6,6,4,8942.598090277777,3,56.0,1.0,2.0
16992,0,0,10,10,5,8942.516944444444,5,117.0,3.0,2.0
17015,0,0,10,8,5,8942.38400462963,8,638.0,4.0,2.0
17024,0,0,3,2,3,266.0913194444444,6,1401.0,5.0,2.0
17045,0,0,3,3,3,8941.812002314815,3,253.0,2.0,5.0
17060,0,0,1,1,2,20.21637731481481,1,927.0,2.0,2.0
17061,0,0,15,11,6,8941.585289351851,9,206.0,3.0,2.0
17079,0,0,15,13,6,6.157118055555555,6,1148.0,2.0,2.0
17084,0,0,21,18,7,8941.45630787037,9,41.0,2.0,2.0
17086,0,0,6,6,4,8941.451030092592,3,150.0,1.0,2.0
17107,0,0,6,6,4,8941.34861111111,4,474.0,2.0,2.0
17119,0,0,10,10,5,8941.136597222223,5,237.0,2.0,2.0
17121,0,0,6,6,4,8941.05170138889,3,147.0,1.0,2.0
17126,414,153,253,90,41,8940.628171296295,90,319.0,1.0,2.0
17130,0,0,15,12,6,8940.525300925927,7,461.0,0.0,2.0
17134,0,0,6,5,4,8940.401030092593,3,220.0,0.0,2.0
17159,12,0,66,39,13,6720.29880787037,50,730.0,12.0,2.0
17174,0,0,6,6,4,8938.686400462962,3,1039.0,5.0,2.0
17190,0,0,6,6,4,8938.54261574074,4,211.0,3.0,2.0
17195,0,0,36,26,9,8938.477280092593,11,1404.0,2.0,2.0
17196,0,0,21,20,7,650.9976736111112,8,639.0,3.0,4.0
17234,0,0,3,1,3,254.0120949074074,2,319.0,1.0,2.0
17246,0,0,1,1,2,160.29714120370372,1,573.0,0.0,5.0
17284,2,0,1,0,3,41.08695601851852,4,652.0,0.0,5.0
17293,0,0,15,13,6,98.04210648148148,6,218.0,2.0,4.0
17298,0,0,10,10,5,8937.330127314815,5,149.0,2.0,2.0
17303,0,0,91,68,14,8937.29232638889,39,327.0,1.0,2.0
17304,0,0,6,6,4,8937.28863425926,3,1315.0,3.0,2.0
17305,0,0,6,3,4,33.939872685185186,4,768.0,2.0,5.0
17352,0,0,21,15,7,8936.621157407408,14,1142.0,3.0,6.0
17358,0,0,55,22,11,470.2086689814815,13,54.0,2.0,6.0
17364,0,0,6,5,4,8936.538993055556,5,43.0,3.0,2.0
17372,0,0,36,32,9,8936.501168981482,10,461.0,0.0,4.0
17377,0,0,15,15,6,8936.490960648149,6,90.0,2.0,2.0
17386,0,0,6,6,4,56.03310185185185,5,368.0,2.0,4.0
17393,8,0,28,19,9,8936.463472222222,10,219.0,1.0,2.0
17415,0,0,3,3,3,146.1955324074074,4,362.0,3.0,2.0
17416,0,0,10,8,5,8936.364502314815,4,319.0,1.0,6.0
17418,0,0,15,15,6,8936.343125,6,641.0,1.0,6.0
17431,4,0,6,6,5,8.928229166666666,9,1145.0,5.0,6.0
17447,5,0,10,10,6,8935.808043981482,5,1149.0,1.0,5.0
17464,63,3,210,144,24,8935.600729166666,123,577.0,17.0,2.0
17481,0,0,10,10,5,8935.45488425926,6,117.0,3.0,2.0
17484,0,0,10,10,5,8935.448171296297,13,1374.0,8.0,2.0
17537,0,0,10,10,5,8934.82775462963,4,68.0,1.0,2.0
17538,0,0,6,6,4,8934.824305555556,3,69.0,0.0,2.0
17542,0,0,10,9,5,8934.738333333333,4,112.0,1.0,2.0
17548,0,0,10,7,5,8934.630462962963,5,535.0,1.0,2.0
17551,5,0,10,9,6,234.9722106481481,24,1832.0,7.0,2.0
17566,44,6,55,52,15,8934.499247685186,28,2.0,6.0,2.0
17578,204,136,66,18,29,1736.1788888888889,248,1750.0,50.0,2.0
17605,0,0,36,31,9,646.8213541666667,14,1143.0,7.0,2.0
17613,0,0,10,9,5,111.70568287037035,6,1147.0,3.0,2.0
17641,0,0,15,9,6,8932.508206018518,6,451.0,1.0,2.0
17644,36,3,66,55,15,8932.490671296297,25,489.0,1.0,2.0
17655,0,0,15,9,6,8931.783414351852,17,794.0,10.0,2.0
17669,0,0,6,6,4,8931.550173611111,4,1380.0,2.0,2.0
17686,184,28,253,136,31,8931.483090277778,78,751.0,19.0,2.0
17695,0,0,21,16,7,8931.464930555556,8,459.0,2.0,2.0
17726,0,0,6,6,4,127.67299768518518,9,361.0,4.0,2.0
17732,7,0,21,16,8,794.9438078703704,13,1834.0,5.0,2.0
17738,0,0,36,27,9,8931.230150462963,11,326.0,2.0,2.0
17768,0,0,28,23,8,8930.578564814814,23,308.0,14.0,2.0
17770,0,0,10,10,5,8930.578159722223,8,115.0,5.0,2.0
17771,6,0,15,15,7,8930.57386574074,9,318.0,4.0,4.0
17791,0,0,6,6,4,8930.534143518518,9,217.0,7.0,2.0
17798,0,0,66,52,12,8930.508703703703,27,228.0,11.0,5.0
17800,0,0,6,6,4,8930.471643518518,3,739.0,3.0,2.0
17801,12,0,66,46,13,8930.468148148148,37,786.0,18.0,2.0
17802,0,0,3,2,3,8930.46224537037,2,46.0,0.0,4.0
17803,0,0,10,10,5,8930.449756944445,6,319.0,1.0,2.0
17805,0,0,3,3,3,8930.443599537037,3,222.0,2.0,2.0
17808,0,0,10,7,5,8930.4434375,6,148.0,3.0,2.0
17809,0,0,3,3,3,11.949826388888887,2,1838.0,1.0,2.0
17821,0,0,10,10,5,8930.371215277777,4,801.0,3.0,2.0
17833,0,0,6,6,4,8930.334733796297,4,1380.0,2.0,2.0
17847,0,0,21,21,7,8930.259710648148,9,1402.0,4.0,2.0
17852,0,0,45,38,10,8930.207743055556,24,637.0,5.0,5.0
17855,0,0,6,6,4,8930.029907407408,3,546.0,1.0,2.0
17865,0,0,10,6,5,8.319895833333334,5,1148.0,2.0,2.0
17871,0,0,15,11,6,8929.626574074075,9,767.0,3.0,2.0
17899,0,0,6,6,4,8929.45931712963,5,117.0,3.0,2.0
17906,0,0,10,10,5,8929.429976851852,4,321.0,1.0,2.0
17913,0,0,21,16,7,202.0800231481481,11,361.0,4.0,2.0
17920,0,0,120,86,16,8929.381331018518,29,317.0,11.0,2.0
17928,0,0,10,9,5,8929.360694444444,8,126.0,4.0,2.0
17955,0,0,6,6,4,8929.156921296297,3,1404.0,2.0,5.0
17956,0,0,28,26,8,8929.117349537037,13,316.0,6.0,2.0
17972,10,0,45,27,11,8928.852592592593,15,328.0,0.0,3.0
18006,0,0,21,21,7,8928.532523148147,12,364.0,6.0,6.0
18009,4,0,6,5,5,8928.520208333333,4,1672.0,0.0,2.0
18034,0,0,21,20,7,8928.390081018519,11,456.0,5.0,2.0
18036,0,0,6,6,4,8928.386469907407,4,797.0,7.0,2.0
18040,0,0,6,6,4,8928.353726851852,5,362.0,3.0,2.0
17948,11,0,55,34,12,8929.229525462963,34,1017.0,4.0,2.0
18068,0,0,3,3,3,8928.09056712963,2,1403.0,3.0,4.0
18071,5,0,10,10,6,6.547083333333333,5,641.0,1.0,5.0
18076,4,0,6,5,5,8927.668020833333,4,13.0,1.0,2.0
18092,0,0,15,15,6,25.937800925925927,7,364.0,6.0,5.0
18102,0,0,28,25,8,8927.537581018518,14,1398.0,8.0,6.0
18122,0,0,6,6,4,8927.456041666666,3,202.0,2.0,2.0
18125,0,0,6,6,4,8927.442592592593,3,91.0,1.0,2.0
18132,8,0,28,12,9,8927.4034375,10,0.0,2.0,2.0
18133,0,0,45,40,10,8927.383136574073,22,676.0,8.0,2.0
18140,0,0,3,3,3,572.821875,5,925.0,4.0,2.0
18150,0,0,78,63,13,8926.679340277778,21,1186.0,2.0,2.0
18157,0,0,10,7,5,8926.636689814815,5,118.0,2.0,2.0
18161,4,0,6,6,5,5.04255787037037,5,1148.0,2.0,4.0
18173,2,0,1,1,3,8926.289537037037,2,88.0,0.0,2.0
18178,0,0,21,15,7,8926.180162037037,6,79.0,1.0,3.0
18198,0,0,15,13,6,8925.464699074075,6,128.0,2.0,2.0
18226,0,0,3,3,3,8924.773599537037,3,253.0,2.0,4.0
18230,0,0,6,6,4,8924.676574074074,3,365.0,5.0,5.0
18240,0,0,28,27,8,8924.537418981481,16,736.0,6.0,2.0
18242,0,0,55,46,11,8924.536030092593,17,1042.0,2.0,2.0
18250,0,0,1,1,2,65.09142361111111,1,380.0,2.0,2.0
18251,8,0,28,22,9,1053.2567824074074,13,652.0,0.0,2.0
18253,0,0,15,9,6,8924.48425925926,6,326.0,2.0,2.0
18257,0,0,3,3,3,8924.456805555556,2,1402.0,4.0,4.0
18258,5,0,10,7,6,97.83767361111111,6,682.0,2.0,2.0
18259,0,0,10,9,5,8924.45037037037,4,78.0,1.0,4.0
18260,0,0,10,10,5,8924.44599537037,12,797.0,7.0,2.0
18264,0,0,1,1,2,8924.435601851852,1,222.0,2.0,2.0
18265,0,0,10,9,5,8924.429722222223,8,112.0,1.0,5.0
18266,972,630,351,201,63,8924.432372685185,202,174.0,21.0,2.0
18267,0,0,45,43,10,8924.418726851853,29,403.0,4.0,2.0
18273,0,0,10,8,5,8924.403333333334,5,288.0,2.0,2.0
18278,0,0,10,8,5,260.0581712962963,6,54.0,2.0,2.0
18287,0,0,10,4,5,8924.308715277777,4,2937.0,2.0,2.0
18316,0,0,21,15,7,101.50144675925924,8,1148.0,2.0,2.0
18321,38,1,171,101,21,272.3055787037037,57,323.0,11.0,2.0
18325,0,0,21,16,7,8923.64113425926,7,146.0,2.0,2.0
18361,0,0,28,25,8,106.1060763888889,9,206.0,3.0,5.0
18375,0,0,15,13,6,8923.37255787037,9,115.0,5.0,2.0
18379,0,0,28,19,8,8923.359340277777,8,53.0,1.0,2.0
18384,0,0,36,30,9,55.91908564814815,11,475.0,1.0,5.0
18395,0,0,15,15,6,8923.299479166666,8,914.0,6.0,2.0
18399,0,0,10,6,5,138.45321759259258,4,126.0,1.0,2.0
18408,9,0,36,25,10,8923.204027777778,15,1401.0,5.0,6.0
18439,0,0,10,10,5,8922.710277777778,6,67.0,2.0,2.0
18478,4,0,6,3,5,83.97594907407408,9,1146.0,4.0,2.0
18496,0,0,3,3,3,8922.462523148148,2,917.0,3.0,2.0
18501,0,0,45,37,10,8922.43880787037,21,1137.0,13.0,2.0
18508,9,0,36,34,10,539.0141666666667,13,765.0,5.0,2.0
18514,0,0,10,10,5,8922.377430555556,6,801.0,3.0,2.0
18520,0,0,1,1,2,8922.333101851851,1,220.0,2.0,2.0
18521,9,3,3,3,6,8922.322662037037,5,1317.0,1.0,2.0
18535,0,0,10,6,5,8922.16662037037,4,81.0,1.0,6.0
18585,0,0,6,6,4,8921.556701388889,4,129.0,1.0,2.0
18587,0,0,21,12,7,3393.871689814815,10,1462.0,4.0,2.0
18591,0,0,55,44,11,8921.53611111111,26,547.0,10.0,2.0
18602,0,0,15,15,6,8921.490613425925,7,639.0,3.0,4.0
18603,0,0,10,10,5,8921.47568287037,6,391.0,3.0,1.0
18613,42,3,91,59,17,643.7403356481482,31,1462.0,4.0,4.0
18631,0,0,10,6,5,143.87456018518515,11,1399.0,7.0,2.0
18638,8,0,28,12,9,7120.401354166666,16,83.0,5.0,2.0
18643,13,0,78,43,14,4178.69125,29,667.0,6.0,2.0
18644,16,1,28,16,10,8921.134745370371,18,532.0,4.0,2.0
18647,4,0,6,4,5,8920.981400462962,5,80.0,2.0,2.0
18679,10,0,45,37,11,75.1774537037037,17,1834.0,5.0,6.0
18706,6,0,15,9,7,8920.422465277778,9,330.0,4.0,2.0
18711,7,0,21,21,8,8920.410451388889,9,459.0,2.0,2.0
18717,0,0,6,6,4,8920.380196759259,3,110.0,1.0,2.0
18728,0,0,3,3,3,310.9104976851852,2,1143.0,7.0,4.0
18729,648,153,630,228,54,8920.34175925926,126,556.0,1.0,2.0
18732,306,153,136,67,35,9026.729016203704,66,0.0,5.0,3.0
18742,0,0,21,17,7,8920.299074074073,17,150.0,1.0,2.0
18745,5,0,10,10,6,8920.228379629629,5,50.0,0.0,5.0
18769,0,0,10,9,5,8919.746828703705,5,363.0,2.0,2.0
18770,5,0,10,10,6,8919.745243055555,5,535.0,1.0,2.0
18774,7,0,21,20,8,8919.67701388889,17,107.0,4.0,2.0
18798,12,0,66,50,13,236.9514583333333,54,260.0,8.0,5.0
18806,0,0,10,5,5,8919.092488425926,4,49.0,1.0,1.0
18815,3,0,3,3,4,8918.818333333333,7,77.0,5.0,4.0
18850,0,0,21,15,7,8917.859398148148,9,82.0,2.0,2.0
18858,0,0,1,1,2,8917.745659722223,1,165.0,5.0,2.0
18862,4,0,6,6,5,8917.649155092593,4,220.0,0.0,2.0
18867,0,0,15,13,6,8917.591331018519,8,91.0,1.0,2.0
18876,0,0,45,33,10,185.8524884259259,10,683.0,1.0,6.0
18877,20,1,45,37,12,8917.565694444444,19,236.0,3.0,4.0
18880,0,0,15,13,6,8917.548564814815,6,212.0,2.0,3.0
18897,15,3,10,8,8,200.1155208333333,13,3.0,3.0,2.0
18899,0,0,15,6,6,8917.459525462962,14,78.0,1.0,2.0
18932,0,0,28,24,8,629.8947106481481,7,683.0,1.0,2.0
18940,0,0,15,9,6,8917.272013888889,23,794.0,10.0,4.0
18965,0,0,10,10,5,8916.713101851852,4,68.0,1.0,2.0
18986,0,0,3,3,3,8916.521875,2,373.0,1.0,2.0
18995,2,0,1,1,3,8916.454108796297,2,10.0,1.0,5.0
18998,0,0,36,33,9,8916.4440625,15,738.0,4.0,2.0
19011,0,0,10,9,5,8916.356458333334,4,150.0,1.0,2.0
19024,4,0,6,5,5,8916.310289351852,6,304.0,6.0,2.0
19030,0,0,15,12,6,8916.285763888889,8,44.0,4.0,4.0
19064,0,0,21,16,7,8915.581435185186,18,321.0,1.0,2.0
19083,0,0,15,12,6,8915.500208333333,12,796.0,8.0,6.0
19097,0,0,6,6,4,8915.452546296296,3,126.0,4.0,2.0
19113,0,0,21,19,7,8915.414270833333,9,130.0,0.0,5.0
19114,18,0,153,121,19,8915.412199074073,44,81.0,3.0,5.0
19132,0,0,6,6,4,8915.332094907408,4,373.0,1.0,2.0
19135,0,0,6,6,4,8915.330023148148,3,372.0,2.0,2.0
19148,0,0,45,30,10,8915.280752314815,19,106.0,7.0,5.0
19166,0,0,28,23,8,8915.164652777778,14,550.0,7.0,5.0
19185,3,0,3,3,4,92.51354166666668,10,364.0,1.0,2.0
19191,6,0,15,9,7,8914.951967592593,16,498.0,3.0,1.0
19198,0,0,3,2,3,302.50631944444444,3,238.0,1.0,2.0
19212,0,0,21,12,7,608.2065277777778,11,361.0,4.0,2.0
19216,3,0,3,3,4,89.16666666666667,3,1838.0,1.0,6.0
19258,105,10,210,136,26,8914.478148148148,75,185.0,13.0,4.0
19259,10,0,45,18,11,8914.472662037037,13,2282.0,2.0,2.0
19290,0,0,6,6,4,8914.342106481481,4,1145.0,0.0,2.0
19306,4,0,6,6,5,8914.262777777778,5,381.0,1.0,3.0
19315,0,0,3,3,3,8914.06070601852,2,1317.0,1.0,5.0
19321,0,0,6,6,4,53.78917824074074,3,1404.0,2.0,5.0
19328,0,0,153,91,18,410.608275462963,41,907.0,14.0,2.0
19332,5,0,10,7,6,110.2638425925926,5,110.0,1.0,2.0
19357,0,0,6,6,4,8913.59037037037,4,371.0,3.0,2.0
19398,0,0,28,18,8,8913.466342592592,20,297.0,13.0,2.0
19446,16,0,120,82,17,969.531875,49,916.0,5.0,2.0
19459,0,0,6,3,4,8912.63357638889,3,7.0,9.0,2.0
19468,7,0,21,12,8,8912.401493055555,12,78.0,4.0,2.0
19492,0,0,10,8,5,8911.58662037037,4,104.0,1.0,2.0
19493,0,0,15,9,6,8.226770833333333,6,651.0,1.0,2.0
19496,0,0,15,14,6,8911.502465277777,7,650.0,2.0,2.0
19500,10,0,45,28,11,8911.443541666667,17,920.0,1.0,2.0
19554,13,0,78,53,14,8910.559976851851,24,123.0,0.0,2.0
19558,0,0,55,50,11,8910.55923611111,24,143.0,8.0,2.0
19559,0,0,15,7,6,147.03503472222224,13,992.0,8.0,4.0
19564,0,0,136,87,17,8910.555335648149,32,325.0,3.0,2.0
19571,0,0,3,3,3,8910.519189814815,6,738.0,4.0,2.0
19590,0,0,6,6,4,8910.382592592592,4,740.0,2.0,2.0
19600,0,0,36,32,9,8910.308576388888,21,1399.0,7.0,2.0
19620,0,0,15,14,6,8910.213356481481,8,47.0,1.0,2.0
19923,5,0,10,8,6,8909.619965277778,6,253.0,2.0,2.0
19931,0,0,45,33,10,8909.572013888888,25,50.0,0.0,2.0
19933,0,0,10,7,5,8909.554270833334,7,69.0,0.0,5.0
19942,0,0,10,5,5,8909.534305555555,7,391.0,3.0,2.0
19954,0,0,45,45,10,8909.483344907407,33,902.0,18.0,2.0
19955,0,0,15,15,6,8909.484050925927,10,554.0,3.0,5.0
19963,90,36,45,23,19,6053.746342592593,54,,0.0,2.0
19968,0,0,6,6,4,41.86671296296296,3,1405.0,1.0,2.0
19971,0,0,15,15,6,9.784131944444445,7,1148.0,2.0,2.0
19977,0,0,36,28,9,62.71332175925926,12,216.0,2.0,5.0
19984,0,0,3,2,3,5161.768969907407,3,253.0,2.0,2.0
20000,0,0,15,15,6,8909.240208333333,6,414.0,2.0,2.0
20006,0,0,6,6,4,8909.219074074073,3,87.0,1.0,2.0
20011,0,0,55,31,11,840.1641666666667,17,208.0,1.0,2.0
20014,0,0,15,14,6,840.1483217592593,12,799.0,7.0,2.0
20022,330,55,435,192,41,2233.4413310185187,135,2883.0,56.0,3.0
20046,0,0,45,34,10,8908.58287037037,11,545.0,2.0,2.0
20050,7,0,21,13,8,8908.54423611111,10,88.0,0.0,4.0
20051,0,0,36,31,9,621.0865046296296,11,649.0,3.0,2.0
20087,7,0,21,16,8,80.6348611111111,9,216.0,2.0,5.0
20161,11,0,55,46,12,8904.859212962963,21,81.0,3.0,6.0
20163,34,1,136,102,19,8904.745,47,213.0,5.0,2.0
20170,0,0,6,2,4,438.22795138888887,5,458.0,3.0,4.0
20181,0,0,3,1,3,407.1184837962963,3,372.0,2.0,2.0
20182,9,0,36,26,10,398.3871990740741,14,206.0,3.0,2.0
20185,100,10,190,80,25,157.60600694444443,78,414.0,6.0,5.0
20207,0,0,105,85,15,595.1320717592592,32,761.0,9.0,2.0
20213,4,1,1,1,4,20.99774305555556,5,1839.0,0.0,4.0
20219,0,0,6,5,4,8903.627349537037,3,321.0,1.0,2.0
20228,0,0,21,16,7,17.194861111111113,13,251.0,4.0,6.0
20229,0,0,6,5,4,8903.550381944444,6,252.0,3.0,2.0
20250,0,0,10,10,5,8903.4528125,5,640.0,2.0,2.0
20257,0,0,10,7,5,8903.408275462964,6,69.0,0.0,2.0
20259,0,0,10,9,5,8903.4059375,4,91.0,1.0,2.0
20267,8,0,28,24,9,8903.385104166666,13,321.0,1.0,2.0
20297,7,0,21,7,8,8903.24644675926,18,299.0,3.0,2.0
20298,0,0,91,67,14,330.8017476851852,35,678.0,6.0,2.0
20304,441,210,210,131,42,9578.756921296295,54,17.0,1.0,3.0
20309,2,0,1,1,3,42.62740740740741,2,1405.0,1.0,2.0
20310,0,0,15,10,6,8903.05519675926,5,208.0,1.0,2.0
20313,0,0,6,3,4,35.50895833333333,3,373.0,1.0,6.0
20315,0,0,55,37,11,52.58087962962963,58,1116.0,34.0,4.0
20349,0,0,10,10,5,8902.570543981481,5,1043.0,1.0,2.0
20367,0,0,15,15,6,8902.490358796296,8,236.0,3.0,2.0
20379,0,0,15,11,6,76.88552083333333,7,649.0,3.0,5.0
20396,0,0,3,1,3,138.82993055555556,5,996.0,4.0,4.0
20449,0,0,6,6,4,8902.076527777777,5,739.0,3.0,2.0
20456,6,0,15,15,7,8901.764212962962,8,1147.0,3.0,5.0
20459,4,0,6,6,5,219.1715162037037,7,1146.0,4.0,2.0
20461,3,0,3,3,4,8901.728310185184,4,87.0,1.0,3.0
20726,3,0,3,3,4,8901.697650462964,5,118.0,2.0,2.0
20504,0,0,10,10,5,5.039722222222222,4,419.0,1.0,6.0
20506,0,0,10,10,5,6745.527928240741,7,800.0,4.0,2.0
20513,0,0,6,5,4,8901.45917824074,4,128.0,2.0,2.0
20524,0,0,15,14,6,8901.41650462963,8,364.0,6.0,4.0
20533,0,0,28,26,8,8901.362164351853,17,475.0,1.0,2.0
20584,0,0,10,10,5,8900.630891203704,4,367.0,3.0,4.0
20595,3,0,3,3,4,294.0143865740741,3,1149.0,1.0,2.0
20618,3913,4095,903,304,134,8077.814224537037,310,,0.0,4.0
20634,0,0,28,21,8,8900.395729166667,28,1035.0,9.0,2.0
20650,0,0,21,21,7,8900.344965277778,9,118.0,2.0,2.0
20654,0,0,6,6,4,8900.330960648149,4,1143.0,2.0,2.0
20663,0,0,6,6,4,8900.247847222223,3,651.0,1.0,2.0
20674,0,0,15,13,6,8900.126898148148,7,1837.0,2.0,2.0
20637,0,0,15,14,6,8900.381111111112,12,209.0,5.0,2.0
20716,0,0,15,10,6,8899.607997685185,8,278.0,0.0,2.0
20741,0,0,6,6,4,180.8675,5,926.0,3.0,2.0
20754,0,0,15,9,6,8899.457974537037,12,68.0,6.0,3.0
20762,0,0,3,3,3,8899.389583333334,3,23.0,2.0,2.0
20785,0,0,3,3,3,2.667962962962963,3,1400.0,6.0,5.0
20795,0,0,10,9,5,8898.612037037037,4,1405.0,1.0,2.0
20797,7,0,21,19,8,8898.605532407408,18,215.0,3.0,5.0
20811,0,0,15,14,6,8898.49226851852,6,390.0,1.0,2.0
20814,0,0,21,21,7,8898.459918981482,7,218.0,2.0,2.0
20830,0,0,21,16,7,8870.366018518518,7,128.0,2.0,2.0
20833,0,0,6,6,4,8897.906006944444,10,81.0,7.0,2.0
20841,0,0,10,10,5,8897.613391203704,4,87.0,1.0,2.0
20843,28,1,91,56,16,6741.598020833333,29,264.0,4.0,5.0
20853,0,0,3,3,3,8897.474513888888,2,1404.0,2.0,6.0
20890,0,0,3,3,3,8896.609594907408,3,55.0,2.0,4.0
20891,0,0,66,52,12,8896.60886574074,24,556.0,1.0,2.0
20892,3,0,3,3,4,8896.608587962963,4,,0.0,2.0
20901,0,0,36,20,9,8896.578217592592,15,318.0,2.0,2.0
20982,0,0,10,8,5,8896.28087962963,11,455.0,6.0,2.0
21002,0,0,28,22,8,8896.091655092592,14,317.0,5.0,5.0
21004,0,0,6,4,4,8896.087685185184,3,84.0,0.0,2.0
21006,0,0,21,19,7,8896.074965277778,18,1396.0,10.0,5.0
20893,0,0,21,18,7,8896.605300925927,9,76.0,2.0,4.0
21010,6,1,3,3,5,8895.984085648148,4,278.0,0.0,2.0
21025,0,0,3,3,3,8895.626527777778,3,320.0,2.0,2.0
21033,0,0,3,3,3,36.11868055555556,2,1405.0,1.0,2.0
21064,0,0,6,6,4,8895.466666666667,5,1042.0,2.0,2.0
21071,0,0,3,3,3,0.0362962962962963,2,254.0,1.0,2.0
21095,0,0,78,59,13,8895.328101851852,26,57.0,2.0,2.0
21099,0,0,10,5,5,8895.306203703703,19,240.0,15.0,2.0
21113,0,0,1,1,2,13.17324074074074,1,56.0,0.0,2.0
21117,0,0,1,1,2,8895.2315625,1,94.0,3.0,6.0
21120,0,0,36,23,9,8895.220949074073,16,1035.0,9.0,2.0
21126,0,0,6,5,4,8867.574120370371,3,555.0,2.0,2.0
21133,0,0,10,9,5,8895.075787037036,5,545.0,2.0,2.0
21169,0,0,1,1,2,131.0421875,1,995.0,5.0,2.0
11259,0,0,1,1,2,8992.971215277777,2,92.0,0.0,2.0
21215,7,0,21,21,8,8894.378402777778,9,128.0,2.0,2.0
21216,0,0,21,18,7,606.9526388888889,7,650.0,2.0,2.0
21226,0,0,28,25,8,8894.342002314816,14,735.0,7.0,2.0
21236,0,0,36,23,9,8894.283298611112,16,290.0,0.0,2.0
21239,0,0,10,10,5,8894.275405092592,5,682.0,2.0,2.0
21268,0,0,10,10,5,173.52047453703705,8,1146.0,4.0,2.0
21276,3,0,3,3,4,4.879583333333334,6,641.0,1.0,4.0
21287,0,0,45,39,10,8893.564733796296,12,54.0,2.0,4.0
21291,3,0,3,1,4,8893.547233796296,3,15.0,1.0,4.0
21294,0,0,6,6,4,8893.538148148149,3,15.0,1.0,2.0
21296,280,45,378,195,38,8893.535300925925,91,137.0,1.0,4.0
21299,0,0,10,10,5,8893.529479166667,6,535.0,1.0,2.0
21313,14,1,21,17,9,8893.45212962963,16,367.0,7.0,2.0
21340,0,0,6,6,4,8893.356493055555,3,148.0,3.0,2.0
21344,336,91,276,160,38,3474.902175925926,141,1155.0,53.0,2.0
21355,6,1,3,3,5,8893.272488425926,5,9.0,12.0,2.0
21360,0,0,10,7,5,8893.230717592593,5,459.0,2.0,4.0
21371,11,0,55,27,12,899.4037384259259,14,650.0,2.0,2.0
21391,0,0,28,19,8,8892.57888888889,7,150.0,1.0,2.0
21397,16,1,28,26,10,8892.548148148147,11,388.0,3.0,5.0
21441,0,0,6,4,4,8892.399710648147,5,252.0,3.0,5.0
21459,0,0,45,35,10,6.007974537037037,12,403.0,4.0,6.0
21478,0,0,3,3,3,8892.272546296297,4,127.0,3.0,2.0
21480,0,0,3,1,3,67.21222222222222,3,1670.0,2.0,2.0
21502,6,0,15,8,7,192.32434027777776,6,652.0,0.0,2.0
21506,0,0,55,30,11,38.2034375,14,651.0,1.0,4.0
20872,0,0,1,1,2,8896.978402777779,1,328.0,6.0,2.0
21529,5,0,10,8,6,47.45783564814815,6,104.0,1.0,2.0
21540,5,0,10,10,6,8890.530706018519,9,804.0,2.0,4.0
21544,0,0,1,1,2,41.70934027777778,2,239.0,0.0,2.0
21545,0,0,21,13,7,288.09825231481483,10,366.0,4.0,3.0
21557,0,0,21,17,7,8890.309409722222,14,545.0,2.0,2.0
21561,0,0,15,13,6,8890.197083333333,14,40.0,4.0,3.0
21571,0,0,15,15,6,211.46884259259252,12,84.0,0.0,5.0
21582,0,0,28,24,8,8889.633912037038,10,572.0,1.0,2.0
21599,9,0,36,17,10,8889.523738425925,13,802.0,4.0,5.0
21610,0,0,28,28,8,8889.459641203704,18,568.0,5.0,2.0
21611,0,0,10,10,5,8889.457326388889,4,268.0,0.0,2.0
21618,0,0,6,3,4,8889.439652777777,6,1013.0,8.0,5.0
21621,2,0,1,1,3,8889.426921296295,2,20.0,1.0,2.0
21628,0,0,10,7,5,8889.403148148149,4,1138.0,7.0,6.0
21632,9,0,36,32,10,8889.386215277778,10,319.0,1.0,2.0
21643,0,0,10,7,5,8889.358148148149,8,142.0,5.0,4.0
21644,0,0,10,7,5,8889.349722222221,5,118.0,2.0,2.0
21648,0,0,45,30,10,8889.3384375,9,683.0,1.0,2.0
21668,0,0,3,3,3,211.83702546296297,3,650.0,2.0,5.0
21669,0,0,1,1,2,27.83430555555556,1,377.0,5.0,2.0
21671,0,0,15,15,6,8889.232939814814,8,23.0,2.0,2.0
21686,8,0,28,18,9,8889.01167824074,25,132.0,6.0,3.0
21694,0,0,3,2,3,8888.674016203704,2,78.0,1.0,2.0
21700,0,0,21,19,7,8888.636388888888,7,571.0,2.0,2.0
21708,0,0,6,5,4,8888.592013888889,4,129.0,1.0,2.0
21714,0,0,6,6,4,8888.545590277778,9,123.0,7.0,4.0
21723,0,0,28,23,8,8888.52207175926,10,802.0,4.0,6.0
21728,0,0,28,21,8,422.1185185185185,8,555.0,2.0,2.0
21731,0,0,15,7,6,950.1525810185184,10,1153.0,1.0,5.0
21744,0,0,21,21,7,8888.422210648148,15,82.0,2.0,2.0
21747,407,55,666,342,48,8888.40820601852,96,182.0,6.0,4.0
21748,0,0,1,1,2,84.50578703703704,1,147.0,1.0,2.0
21749,0,0,1,1,2,84.50623842592593,1,147.0,1.0,2.0
21756,0,0,10,10,5,8888.382395833334,4,88.0,0.0,4.0
21759,7,0,21,17,8,8888.363784722222,10,109.0,4.0,4.0
21760,5,0,10,5,6,8888.35886574074,5,1671.0,1.0,2.0
21762,1050,300,861,196,67,7981.535902777778,159,,0.0,2.0
21773,0,0,6,6,4,8888.290717592592,3,1402.0,4.0,2.0
21788,0,0,3,2,3,390.566724537037,2,168.0,2.0,2.0
21806,0,0,6,5,4,8887.593460648148,4,1380.0,2.0,2.0
21809,0,0,10,10,5,8887.572569444445,5,459.0,2.0,2.0
21838,0,0,15,15,6,8887.41517361111,10,48.0,2.0,4.0
21841,0,0,3,3,3,8887.396261574075,5,318.0,4.0,2.0
21854,0,0,45,40,10,8887.367835648149,15,681.0,3.0,4.0
21887,0,0,36,34,9,8887.21875,14,568.0,5.0,2.0
21888,0,0,6,6,4,8887.217627314814,4,111.0,2.0,3.0
21895,0,0,78,61,13,4.819282407407408,35,571.0,2.0,2.0
21898,0,0,3,3,3,8887.1640625,3,50.0,0.0,2.0
21900,2,0,1,1,3,8887.12457175926,4,85.0,3.0,2.0
21917,5,0,10,10,6,8886.781643518518,8,216.0,2.0,3.0
21921,0,0,21,18,7,8886.756331018518,8,24.0,0.0,2.0
21938,4,0,6,6,5,2098.789710648148,14,1832.0,7.0,2.0
21973,0,0,10,10,5,8886.449502314816,5,116.0,4.0,2.0
21990,11,0,55,32,12,598.9589467592592,17,21.0,4.0,2.0
22005,6,0,15,11,7,8886.312175925927,25,1139.0,6.0,5.0
22022,40,1,190,139,22,8886.017337962963,79,292.0,15.0,2.0
22023,0,0,6,6,4,154.24121527777777,4,652.0,0.0,4.0
22040,0,0,6,6,4,301.03814814814814,5,254.0,1.0,2.0
22057,0,0,10,9,5,8885.55119212963,4,1317.0,1.0,2.0
22065,0,0,3,3,3,8885.515798611112,2,915.0,5.0,2.0
22069,0,0,1,1,2,62.9290162037037,1,924.0,5.0,2.0
22083,0,0,10,10,5,8885.389421296297,4,741.0,1.0,2.0
22103,0,0,28,18,8,8885.146793981481,14,39.0,5.0,4.0
22106,6,0,15,11,7,279.6387962962963,7,459.0,2.0,2.0
22138,0,0,6,6,4,8884.230277777779,4,392.0,2.0,4.0
22139,0,0,1,1,2,23.73770833333333,1,380.0,2.0,2.0
22165,0,0,28,8,8,945.0481018518518,11,1153.0,1.0,2.0
22175,40,1,190,121,22,8883.040115740741,49,430.0,26.0,2.0
22183,1209,465,741,360,70,7933.932280092593,287,523.0,24.0,5.0
22184,36,1,153,81,20,344.2076388888889,25,917.0,4.0,2.0
22186,0,0,6,2,4,8882.77076388889,4,88.0,0.0,2.0
22192,0,0,10,7,5,8882.61462962963,4,14.0,0.0,5.0
22213,0,0,6,6,4,8882.486423611112,3,149.0,2.0,2.0
22221,0,0,15,12,6,5806.941712962963,7,681.0,3.0,4.0
22226,0,0,21,20,7,8882.415,7,326.0,2.0,2.0
22230,4,0,6,4,5,8350.029814814814,6,128.0,2.0,2.0
22250,0,0,15,11,6,8882.27929398148,6,571.0,2.0,5.0
22256,0,0,15,9,6,8882.162523148148,12,363.0,2.0,2.0
22281,0,0,3,3,3,8881.60087962963,4,221.0,3.0,2.0
22301,0,0,36,36,9,8881.489479166667,11,682.0,2.0,5.0
22304,0,0,6,4,4,8881.476747685185,4,1670.0,2.0,2.0
22305,0,0,6,6,4,8881.472349537036,3,1402.0,4.0,4.0
22308,0,0,6,6,4,8881.462523148148,4,308.0,2.0,6.0
22310,14,1,21,5,9,8881.460752314815,26,0.0,9.0,2.0
22320,6,0,15,12,7,162.09528935185185,8,1404.0,2.0,2.0
22321,0,0,10,10,5,8881.4071875,5,803.0,3.0,2.0
22342,16,0,120,81,17,8881.308599537037,21,98.0,1.0,2.0
22391,3,0,3,3,4,805.3477314814814,3,1838.0,1.0,2.0
22409,8,0,28,24,9,61.39350694444445,8,319.0,1.0,5.0
22446,4,0,6,5,5,278.2540509259259,6,768.0,2.0,3.0
22450,5,0,10,6,6,8880.588159722221,12,798.0,6.0,4.0
22472,0,0,55,42,11,8880.441226851852,14,651.0,1.0,5.0
22502,0,0,21,21,7,8880.276041666666,15,758.0,12.0,5.0
22508,0,0,36,33,9,8880.226435185185,18,112.0,8.0,2.0
22515,33,3,55,39,14,4594.542141203704,34,764.0,6.0,2.0
22516,4,0,6,6,5,8880.124293981482,4,391.0,0.0,4.0
22522,0,0,6,3,4,148.28552083333332,3,651.0,1.0,2.0
22529,465,105,465,290,46,1375.100219907407,92,412.0,4.0,2.0
22534,6,0,15,15,7,8879.739722222223,7,218.0,2.0,4.0
22537,0,0,15,11,6,8879.725752314815,14,416.0,4.0,2.0
22538,0,0,45,33,10,596.1253240740741,12,650.0,2.0,2.0
22552,8,1,6,5,6,8879.602349537037,9,82.0,0.0,6.0
22577,0,0,15,12,6,8879.52798611111,7,217.0,1.0,5.0
22598,0,0,1,1,2,53.95211805555556,1,1836.0,3.0,2.0
22635,0,0,10,10,5,8878.676898148147,6,117.0,3.0,2.0
22658,17,0,136,73,18,1154.3280671296295,39,382.0,9.0,2.0
22687,2304,1128,1128,422,96,7577.272581018518,282,280.0,3.0,2.0
22692,0,0,10,10,5,8876.165486111111,11,237.0,2.0,2.0
22708,10,0,45,37,11,8875.805,13,369.0,1.0,3.0
22710,24,1,66,53,14,8875.691354166667,34,371.0,7.0,2.0
22712,0,0,6,4,4,8875.67394675926,7,544.0,3.0,2.0
22754,0,0,66,32,12,8874.536655092592,20,69.0,5.0,5.0
22782,5,0,10,7,6,142.51467592592593,9,650.0,2.0,2.0
22800,2,0,1,1,3,8873.66398148148,2,96.0,1.0,2.0
22805,0,0,3,3,3,376.3781134259259,2,1405.0,1.0,2.0
22808,0,0,21,16,7,8873.633877314815,10,217.0,2.0,2.0
22832,9,0,36,29,10,8872.9996875,10,651.0,1.0,2.0
22836,0,0,45,39,10,8872.646423611111,16,209.0,0.0,1.0
22840,0,0,6,3,4,140.81604166666668,5,682.0,2.0,3.0
22842,10,0,45,36,11,8872.450810185184,22,247.0,8.0,2.0
22852,6,0,15,15,7,8872.118935185184,7,103.0,2.0,2.0
22877,14,1,21,17,9,7422.775,14,,0.0,4.0
22879,14,0,91,66,15,8870.05269675926,21,973.0,3.0,2.0
22889,0,0,91,74,14,8869.562974537037,31,799.0,5.0,2.0
22890,3,0,3,1,4,436.4222222222222,6,1668.0,4.0,2.0
22931,0,0,6,5,4,8868.547511574074,4,802.0,2.0,2.0
22943,0,0,6,6,4,8868.467280092593,4,1143.0,2.0,2.0
22954,18,3,15,11,9,196.9979050925926,18,1834.0,5.0,4.0
22958,0,0,28,25,8,8868.423310185186,8,109.0,2.0,2.0
22983,0,0,91,75,14,8868.198125,50,1123.0,27.0,2.0
23014,4,0,6,3,5,185.13347222222225,14,1141.0,9.0,2.0
23017,0,0,10,8,5,8867.680092592593,6,130.0,0.0,2.0
23049,0,0,6,6,4,8867.505555555555,4,571.0,2.0,2.0
23071,0,0,10,10,5,8867.336909722222,5,572.0,1.0,2.0
23104,0,0,10,10,5,8867.061435185185,5,333.0,1.0,2.0
23111,0,0,6,4,4,8866.869537037037,13,216.0,8.0,2.0
23136,0,0,3,3,3,8866.624039351851,3,128.0,2.0,2.0
23150,0,0,10,7,5,8866.529386574073,5,406.0,1.0,6.0
23156,0,0,10,10,5,8866.494421296296,4,83.0,1.0,4.0
23157,5,0,10,6,6,370.0100810185185,5,315.0,13.0,6.0
23159,3,0,3,3,4,8866.480763888889,4,315.0,2.0,4.0
23187,22,1,55,36,13,8866.352546296297,25,2391.0,1.0,2.0
23191,0,0,28,24,8,8866.333356481482,10,740.0,2.0,4.0
23195,4,0,6,4,5,81.48299768518518,7,652.0,0.0,5.0
23209,0,0,21,17,7,8866.212488425926,8,487.0,3.0,2.0
23219,0,0,6,5,4,8866.000358796296,4,392.0,2.0,2.0
23237,0,0,3,3,3,8865.662650462962,2,90.0,7.0,2.0
23240,0,0,28,26,8,8865.6328125,9,91.0,1.0,2.0
23263,0,0,36,19,9,8865.541226851852,13,43.0,1.0,2.0
23265,56,6,91,32,18,1116.9849189814815,69,1051.0,15.0,2.0
23285,0,0,15,14,6,8865.42800925926,8,104.0,1.0,4.0
23289,0,0,10,10,5,8865.385590277778,10,1140.0,5.0,5.0
23302,0,0,15,13,6,8865.297881944445,8,1037.0,7.0,2.0
23304,0,0,1,1,2,8865.285347222221,1,218.0,4.0,2.0
23317,0,0,3,3,3,8865.113981481481,4,801.0,3.0,2.0
23321,0,0,21,14,7,8865.068495370371,12,90.0,7.0,4.0
23323,0,0,6,4,4,8865.062152777778,5,21.0,2.0,2.0
23335,4,0,6,6,5,8864.757569444444,7,767.0,3.0,3.0
23336,30,1,105,70,17,62.272777777777776,33,763.0,7.0,2.0
23341,5,0,10,10,6,8864.67832175926,6,212.0,2.0,1.0
23350,0,0,10,8,5,8864.582916666666,4,172.0,1.0,2.0
23351,0,0,6,4,4,8864.580613425926,5,555.0,2.0,2.0
23352,0,0,6,3,4,69.33092592592592,7,1401.0,5.0,2.0
23353,0,0,3,2,3,5116.975949074074,2,369.0,5.0,2.0
23355,0,0,15,15,6,8864.566273148148,9,47.0,3.0,2.0
23373,8,0,28,21,9,579.0356944444444,10,649.0,3.0,2.0
23374,3,0,3,2,4,8864.496643518518,3,10.0,1.0,2.0
23376,0,0,3,2,3,259.0124537037037,2,1141.0,9.0,2.0
23388,0,0,21,21,7,8864.407627314815,9,460.0,1.0,4.0
23394,1085,465,595,243,66,8193.550011574074,138,0.0,13.0,2.0
23399,0,0,15,14,6,8864.343402777778,6,82.0,2.0,2.0
23400,0,0,15,12,6,8864.33681712963,5,89.0,4.0,2.0
23404,0,0,10,9,5,8864.324097222223,6,918.0,2.0,2.0
23408,0,0,21,18,7,8864.30880787037,13,551.0,6.0,2.0
23440,0,0,45,43,10,8863.337685185184,18,569.0,4.0,5.0
23448,0,0,21,9,7,8863.249293981482,6,119.0,1.0,2.0
23485,825,105,1485,640,70,5246.015439814815,173,46.0,7.0,2.0
23498,3,0,3,3,4,8862.19693287037,4,571.0,2.0,2.0
23503,0,0,10,10,5,8862.069016203704,5,128.0,2.0,2.0
23504,5,0,10,8,6,8862.063344907407,6,1317.0,1.0,5.0
23266,0,0,3,3,3,8865.536180555555,2,413.0,3.0,2.0
23540,0,0,55,32,11,8861.56224537037,26,211.0,13.0,2.0
23546,0,0,21,9,7,171.11927083333333,9,103.0,7.0,2.0
23551,0,0,28,25,8,8861.512789351851,11,109.0,2.0,5.0
23558,0,0,21,17,7,8861.492395833333,24,97.0,14.0,2.0
23571,0,0,21,13,7,189.0353703703704,15,1140.0,10.0,2.0
23575,0,0,45,40,10,8861.453055555556,17,571.0,2.0,2.0
23596,0,0,55,39,11,8861.28798611111,20,49.0,1.0,2.0
23616,0,0,3,3,3,8861.08482638889,3,128.0,2.0,2.0
23629,0,0,10,8,5,8860.953032407408,4,14.0,0.0,5.0
23662,0,0,3,3,3,8860.533101851852,3,90.0,2.0,2.0
23665,0,0,21,20,7,8860.520844907407,7,372.0,2.0,2.0
23667,8,0,28,18,9,177.1360300925926,31,1835.0,4.0,2.0
23679,1927,1081,820,170,88,8860.442488425926,213,1774.0,26.0,2.0
23689,0,0,1,1,2,1.0526157407407408,1,381.0,1.0,2.0
23694,0,0,3,3,3,8860.355185185184,3,217.0,5.0,2.0
23697,0,0,6,6,4,8860.341331018519,5,639.0,3.0,6.0
23716,6,0,15,15,7,8860.132372685186,12,736.0,6.0,2.0
23730,0,0,10,10,5,8859.754930555555,5,67.0,2.0,2.0
23731,0,0,21,9,7,8859.73994212963,6,104.0,1.0,2.0
23747,0,0,3,3,3,8859.579652777778,2,117.0,3.0,2.0
23808,0,0,6,6,4,8859.264293981481,5,85.0,3.0,5.0
23821,0,0,36,29,9,8859.15326388889,16,206.0,3.0,2.0
23829,0,0,6,6,4,8859.007974537037,3,129.0,1.0,2.0
23856,0,0,36,34,9,8858.582719907406,12,1838.0,1.0,2.0
23888,0,0,10,10,5,8858.414305555556,4,327.0,1.0,2.0
23893,0,0,6,6,4,8858.404583333333,3,150.0,1.0,2.0
23894,0,0,10,10,5,8858.390439814815,7,555.0,2.0,2.0
23900,0,0,10,8,5,8858.36181712963,6,1379.0,3.0,2.0
23904,0,0,15,12,6,8858.36244212963,8,119.0,1.0,2.0
23905,0,0,10,10,5,8858.355902777777,7,1388.0,18.0,4.0
23906,0,0,3,3,3,276.97226851851855,6,1669.0,3.0,2.0
23907,0,0,6,6,4,8858.355208333332,5,1671.0,1.0,2.0
23912,0,0,3,3,3,8858.344872685186,3,,0.0,2.0
23951,0,0,3,3,3,8857.743414351851,5,16.0,5.0,2.0
23957,0,0,28,25,8,8857.62744212963,10,217.0,2.0,6.0
23966,0,0,3,3,3,8857.586041666667,2,1145.0,0.0,4.0
23969,0,0,91,67,14,8857.565300925926,50,1139.0,6.0,5.0
23975,0,0,3,3,3,8857.546585648148,2,782.0,3.0,2.0
23981,0,0,10,7,5,8857.48318287037,5,81.0,1.0,2.0
23990,0,0,3,3,3,8857.447222222223,7,51.0,6.0,4.0
24006,5,0,10,10,6,8857.381608796297,5,217.0,1.0,2.0
24022,0,0,10,6,5,8857.318206018519,5,130.0,0.0,2.0
24037,0,0,21,19,7,8857.246886574074,12,533.0,3.0,2.0
24040,0,0,6,4,4,8857.225358796297,3,238.0,1.0,2.0
24042,0,0,15,15,6,8857.18574074074,7,498.0,3.0,2.0
24051,0,0,28,26,8,8856.719097222222,17,108.0,3.0,5.0
24066,0,0,6,5,4,8856.456134259259,4,322.0,0.0,5.0
24082,0,0,10,9,5,8856.233854166667,5,,0.0,2.0
24099,0,0,10,8,5,8855.79712962963,5,256.0,2.0,2.0
24102,0,0,36,32,9,8855.73142361111,14,327.0,1.0,4.0
24108,0,0,55,53,11,8855.684976851851,12,208.0,1.0,2.0
24114,13,0,78,58,14,8855.644675925925,24,209.0,0.0,5.0
24116,2,0,1,1,3,142.363125,3,652.0,0.0,5.0
24156,3,0,3,3,4,8854.724108796296,3,,0.0,5.0
24188,0,0,15,12,6,8854.319768518519,7,555.0,2.0,5.0
24194,0,0,10,10,5,8854.263842592592,6,1837.0,2.0,5.0
24197,34,1,136,51,19,1755.8934722222225,26,1796.0,4.0,2.0
24204,7,0,21,20,8,8854.139675925926,10,215.0,3.0,2.0
24212,0,0,21,13,7,8853.999537037036,9,,0.0,5.0
24215,0,0,6,5,4,8853.828564814814,3,364.0,1.0,2.0
24235,0,0,3,3,3,8853.572604166666,2,321.0,1.0,2.0
24242,0,0,1,1,2,8853.556319444444,1,21.0,0.0,2.0
24249,0,0,3,3,3,8853.519166666667,2,545.0,2.0,2.0
24264,0,0,3,3,3,8853.42525462963,2,147.0,4.0,2.0
24289,0,0,6,3,4,8853.370324074074,14,13.0,8.0,4.0
24297,0,0,10,10,5,8853.345462962963,4,91.0,1.0,2.0
24299,0,0,15,15,6,8853.345578703704,7,211.0,3.0,2.0
24300,0,0,3,3,3,8853.3453125,2,150.0,1.0,2.0
24301,0,0,21,14,7,8853.344652777778,23,311.0,11.0,5.0
24304,0,0,6,6,4,8853.329409722222,4,214.0,6.0,2.0
24305,0,0,6,6,4,8853.323784722223,4,93.0,4.0,5.0
24317,0,0,10,9,5,0.9475231481481482,11,1144.0,6.0,2.0
24326,0,0,10,10,5,8853.214618055556,5,389.0,2.0,2.0
24333,0,0,15,15,6,8853.13619212963,5,1404.0,2.0,4.0
24335,0,0,3,3,3,176.3877777777778,2,683.0,1.0,2.0
24337,15,3,10,7,8,8853.072395833333,10,1143.0,2.0,2.0
24338,0,0,6,4,4,8853.067222222222,4,23.0,1.0,2.0
24407,0,0,45,43,10,8852.480567129629,16,126.0,4.0,2.0
24413,48,3,120,74,19,7368.608912037037,23,,0.0,2.0
24414,0,0,28,26,8,8852.460243055555,11,319.0,1.0,5.0
24423,24,0,276,206,25,492.1144791666667,52,634.0,8.0,4.0
24436,0,0,28,24,8,8852.396724537037,11,925.0,4.0,3.0
22299,34,1,136,70,19,8881.498368055556,102,134.0,36.0,2.0
24442,0,0,10,8,5,8852.377048611112,6,331.0,3.0,5.0
24450,0,0,21,19,7,8852.346168981481,12,317.0,5.0,5.0
24452,0,0,36,34,9,8852.341226851851,17,389.0,2.0,5.0
24455,0,0,10,10,5,8852.340104166668,5,97.0,2.0,5.0
24457,0,0,21,20,7,8852.327256944445,8,82.0,2.0,5.0
24461,0,0,3,3,3,8852.307407407407,3,213.0,9.0,2.0
24462,0,0,6,6,4,8852.306631944444,5,216.0,2.0,2.0
24486,0,0,21,17,7,8852.10738425926,6,569.0,4.0,2.0
24514,0,0,28,24,8,8851.64025462963,24,766.0,4.0,3.0
24519,0,0,105,97,15,8851.619004629629,30,571.0,2.0,4.0
24520,0,0,6,5,4,249.2154976851852,6,639.0,3.0,2.0
24522,0,0,10,8,5,8851.610069444445,6,110.0,3.0,2.0
24528,0,0,10,10,5,8851.58738425926,4,112.0,1.0,2.0
24530,0,0,15,15,6,168.1943865740741,8,82.0,2.0,3.0
24533,19,0,171,119,20,468.0874421296296,41,297.0,10.0,2.0
24546,0,0,6,5,4,413.2762268518519,4,1402.0,4.0,2.0
24552,0,0,21,13,7,229.02388888888888,8,441.0,3.0,5.0
24556,0,0,3,3,3,8851.45957175926,2,918.0,2.0,2.0
24573,0,0,6,6,4,8851.418159722221,4,109.0,2.0,2.0
24581,6,0,15,13,7,8851.390949074073,11,46.0,4.0,5.0
24596,0,0,6,5,4,8851.339664351852,5,473.0,3.0,4.0
24599,0,0,6,5,4,8851.337395833334,3,53.0,0.0,2.0
24603,0,0,15,14,6,8851.331574074075,7,317.0,3.0,2.0
24605,0,0,28,27,8,8851.319409722222,8,267.0,1.0,2.0
24609,0,0,6,5,4,169.0010300925926,6,169.0,4.0,2.0
24611,0,0,21,20,7,8851.27,7,545.0,2.0,2.0
24616,0,0,10,10,5,8851.228796296296,4,130.0,0.0,2.0
24618,0,0,6,6,4,8851.22505787037,3,913.0,7.0,5.0
24666,0,0,28,24,8,8850.605833333333,8,1670.0,2.0,2.0
24671,0,0,3,3,3,130.4000810185185,3,1670.0,2.0,2.0
24680,0,0,3,3,3,130.36989583333337,3,1670.0,2.0,2.0
24703,0,0,28,24,8,8850.450706018519,24,736.0,16.0,2.0
24711,0,0,28,28,8,8850.408506944445,11,405.0,2.0,2.0
24715,6,0,15,15,7,8850.397662037038,12,124.0,6.0,4.0
24733,0,0,15,15,6,8850.343368055555,12,322.0,6.0,4.0
24738,0,0,45,33,10,8850.335196759259,14,216.0,2.0,2.0
24739,0,0,15,14,6,8850.331909722223,12,197.0,7.0,2.0
24740,0,0,21,20,7,8850.327546296296,11,122.0,8.0,2.0
24744,0,0,3,2,3,8850.317916666667,2,365.0,0.0,2.0
24750,0,0,3,3,3,173.5945949074074,2,652.0,0.0,2.0
24757,0,0,3,2,3,130.11119212962964,3,1670.0,2.0,5.0
24758,0,0,15,15,6,8850.286030092593,8,48.0,2.0,2.0
24759,3,0,3,3,4,8850.27974537037,3,92.0,0.0,4.0
24761,0,0,15,15,6,8850.270648148147,8,570.0,3.0,2.0
24762,0,0,28,25,8,129.87788194444445,18,1400.0,6.0,4.0
24765,0,0,36,27,9,8850.217488425926,19,193.0,11.0,2.0
24789,140,21,190,116,27,8849.646666666667,129,2.0,36.0,2.0
24790,0,0,6,6,4,8849.607337962963,3,87.0,1.0,1.0
24806,7,0,21,19,8,589.105625,14,25.0,2.0,1.0
24811,0,0,28,10,8,8848.966747685185,11,4.0,0.0,2.0
24823,11,0,55,41,12,8848.631712962962,32,2.0,8.0,2.0
24836,4,0,6,5,5,8848.49130787037,8,1404.0,2.0,3.0
24838,0,0,28,20,8,8848.479363425926,10,81.0,3.0,2.0
24847,51,3,136,74,20,8848.2771875,40,110.0,3.0,2.0
24850,0,0,28,22,8,8848.213668981482,11,207.0,2.0,2.0
24855,0,0,21,19,7,8848.113252314815,7,216.0,2.0,2.0
24856,0,0,15,15,6,8848.10994212963,6,109.0,2.0,2.0
24857,0,0,15,14,6,8848.036215277778,6,13.0,1.0,2.0
24867,1007,171,1378,655,72,2066.9306944444443,227,1771.0,29.0,2.0
24873,11,0,55,31,12,8847.637210648149,19,54.0,3.0,2.0
24894,0,0,6,4,4,8847.576273148148,3,78.0,1.0,2.0
24897,0,0,6,6,4,8847.54824074074,9,1139.0,6.0,2.0
24906,0,0,6,5,4,8847.502002314815,4,19.0,2.0,2.0
24917,0,0,10,10,5,8847.456689814815,6,48.0,2.0,1.0
24927,0,0,3,3,3,127.23461805555556,2,1671.0,1.0,2.0
24928,0,0,3,3,3,127.23387731481482,3,1670.0,2.0,2.0
24936,0,0,15,15,6,8847.374594907407,8,237.0,2.0,4.0
24947,0,0,10,10,5,29.77741898148148,11,647.0,5.0,5.0
24958,0,0,10,10,5,2470.0869675925924,6,363.0,2.0,2.0
24966,0,0,21,17,7,8847.009050925926,9,14.0,0.0,2.0
24967,0,0,6,6,4,8847.008912037038,4,86.0,2.0,2.0
24968,0,0,10,10,5,8846.996875,4,14.0,0.0,2.0
24969,0,0,15,13,6,8846.97125,8,571.0,2.0,2.0
24971,0,0,45,38,10,8846.934421296297,24,1374.0,8.0,2.0
24993,0,0,6,4,4,8846.589513888888,4,86.0,2.0,2.0
24998,154,21,231,106,29,8846.574166666667,58,110.0,8.0,2.0
25002,0,0,15,11,6,8846.552986111112,8,236.0,3.0,2.0
25015,0,0,10,9,5,8846.49295138889,7,210.0,4.0,2.0
25032,0,0,28,23,8,8846.34800925926,10,802.0,2.0,2.0
25034,0,0,28,24,8,8846.339664351852,46,363.0,19.0,2.0
25044,0,0,6,4,4,8846.12275462963,6,85.0,3.0,4.0
25046,0,0,21,20,7,27.438333333333333,13,1404.0,2.0,5.0
25061,3,0,3,3,4,8845.827476851851,3,24.0,1.0,2.0
25068,8,0,28,18,9,152.98429398148147,20,1836.0,3.0,2.0
25082,0,0,6,5,4,23.13473379629629,3,364.0,1.0,2.0
25084,0,0,1,1,2,78.91813657407407,1,364.0,1.0,2.0
25111,0,0,3,3,3,8845.480520833333,5,17.0,4.0,2.0
25117,0,0,10,10,5,8845.468900462964,7,648.0,4.0,2.0
25125,0,0,10,9,5,8845.435081018519,6,768.0,2.0,2.0
25135,0,0,10,10,5,8845.4,11,146.0,5.0,2.0
25142,12,1,15,6,8,8845.393680555555,11,,0.0,2.0
25147,0,0,3,2,3,231.22539351851853,4,1669.0,3.0,2.0
25166,0,0,3,1,3,161.76981481481482,2,1404.0,2.0,2.0
25209,0,0,10,8,5,8844.792349537038,6,130.0,0.0,2.0
25288,0,0,6,6,4,8844.565694444444,4,210.0,4.0,2.0
25308,7,0,21,14,8,38.94347222222222,10,54.0,2.0,2.0
25330,4,0,6,3,5,242.05877314814813,10,1145.0,5.0,2.0
25353,30,3,45,33,13,55.97239583333333,20,648.0,4.0,5.0
25360,0,0,6,6,4,8844.37275462963,3,78.0,1.0,2.0
25368,0,0,36,29,9,8844.350740740741,12,803.0,3.0,4.0
25369,136,6,561,306,38,2555.6579398148147,89,,0.0,2.0
25374,6,0,15,14,7,8844.33738425926,10,45.0,3.0,1.0
25380,0,0,28,14,8,8844.318726851852,11,544.0,3.0,2.0
25383,0,0,21,8,7,304.72496527777776,11,1668.0,4.0,2.0
25393,0,0,10,8,5,8844.280856481482,4,87.0,1.0,5.0
25446,4,0,6,3,5,8843.997951388888,7,94.0,3.0,4.0
25455,186,15,465,252,37,8843.907511574074,74,319.0,9.0,3.0
25459,0,0,120,104,16,8843.902233796296,30,322.0,6.0,2.0
25493,0,0,10,7,5,112.21872685185186,4,24.0,1.0,2.0
25498,0,0,6,3,4,4.1720138888888885,4,640.0,2.0,6.0
25505,0,0,10,10,5,8843.611527777777,4,500.0,1.0,3.0
25511,0,0,36,32,9,8843.59912037037,14,1040.0,4.0,6.0
25594,0,0,21,16,7,8403.822175925927,9,406.0,1.0,2.0
25658,4,0,6,5,5,8842.71388888889,7,216.0,2.0,4.0
25758,0,0,15,11,6,222.0520486111111,10,648.0,4.0,2.0
25767,0,0,6,6,4,8841.60568287037,7,456.0,5.0,2.0
25778,0,0,3,3,3,368.3349421296296,2,417.0,3.0,2.0
25810,8,0,28,24,9,8813.646666666667,20,481.0,9.0,4.0
25829,2,0,1,1,3,8841.09011574074,2,536.0,0.0,2.0
25883,0,0,15,13,6,3.3325810185185185,6,571.0,2.0,5.0
25886,18,1,36,21,11,8116.44818287037,19,9.0,2.0,3.0
25888,64,6,120,96,20,8840.669155092593,64,2902.0,37.0,2.0
25891,0,0,6,4,4,8840.645625,4,46.0,2.0,2.0
25912,0,0,6,6,4,8840.561284722222,5,1142.0,3.0,2.0
25926,0,0,3,3,3,8840.495289351851,2,319.0,3.0,2.0
25952,0,0,6,6,4,8840.42792824074,4,918.0,2.0,2.0
25970,0,0,1,1,2,8840.353125,1,216.0,6.0,2.0
25982,2,0,1,1,3,8840.308043981482,3,5.0,2.0,2.0
26029,160,10,496,285,37,8840.00701388889,87,196.0,13.0,2.0
26050,0,0,21,11,7,8839.684594907407,11,147.0,4.0,2.0
26061,0,0,21,20,7,8839.634039351851,9,126.0,4.0,2.0
26074,0,0,36,31,9,8839.609421296296,16,186.0,7.0,2.0
26112,0,0,21,17,7,8839.511817129629,10,474.0,2.0,2.0
26115,0,0,6,6,4,8839.48070601852,5,363.0,2.0,6.0
26134,0,0,3,3,3,8839.414988425926,4,148.0,3.0,2.0
26144,0,0,10,5,5,8839.391782407407,4,652.0,0.0,2.0
26146,0,0,21,21,7,8839.389722222222,20,790.0,14.0,2.0
26150,0,0,28,21,8,8839.363935185185,12,736.0,6.0,2.0
26169,0,0,6,6,4,8839.296701388888,4,128.0,2.0,2.0
26182,0,0,45,32,10,8839.156099537036,57,199.0,25.0,5.0
26189,0,0,10,7,5,852.0074421296297,10,147.0,1.0,2.0
26191,0,0,6,6,4,8839.074756944445,3,804.0,2.0,2.0
26197,0,0,6,6,4,8838.98054398148,4,454.0,7.0,4.0
26218,4,0,6,4,5,135.4633912037037,6,1403.0,3.0,2.0
26219,14,1,21,21,9,534.3716435185186,13,803.0,3.0,2.0
26221,7,0,21,16,8,8838.724618055556,13,237.0,2.0,5.0
26234,0,0,10,8,5,106.39371527777776,7,1402.0,4.0,2.0
26236,0,0,6,5,4,8838.638761574073,3,364.0,1.0,2.0
26239,0,0,6,6,4,8838.6346875,4,320.0,2.0,2.0
26283,0,0,55,49,11,8838.490868055556,34,388.0,3.0,6.0
26286,0,0,10,10,5,8838.47951388889,7,147.0,4.0,4.0
26289,0,0,15,10,6,8838.473657407407,12,457.0,4.0,2.0
26308,0,0,10,10,5,8838.41704861111,21,794.0,10.0,4.0
26374,0,0,6,1,4,2514.730625,4,1671.0,1.0,2.0
26377,0,0,28,28,8,8837.849224537036,8,556.0,1.0,2.0
26380,0,0,21,15,7,8837.792164351851,9,391.0,3.0,2.0
26384,0,0,78,60,13,747.3004861111111,33,492.0,9.0,2.0
26400,0,0,6,6,4,8837.665752314815,4,640.0,2.0,2.0
26444,0,0,10,7,5,8837.437152777778,4,652.0,0.0,5.0
26446,0,0,15,12,6,8837.429537037036,6,147.0,1.0,3.0
26502,120,10,276,130,29,8837.255902777777,57,305.0,15.0,4.0
26516,100,6,300,143,29,788.9571296296297,104,403.0,17.0,2.0
26517,160,45,120,87,26,8837.074710648149,34,16.0,4.0,2.0
26528,68,6,136,107,21,8837.029143518519,38,114.0,5.0,2.0
12806,0,0,10,10,5,8966.919513888888,7,545.0,2.0,2.0
26551,0,0,6,4,4,8836.726388888888,3,17.0,1.0,5.0
26556,2,0,1,1,3,8836.66980324074,2,536.0,0.0,4.0
26579,0,0,3,3,3,8836.535625,4,252.0,3.0,4.0
26592,15,0,105,83,16,8836.485300925926,38,324.0,4.0,2.0
26593,0,0,171,122,19,226.9555092592593,36,327.0,1.0,2.0
26601,7,0,21,15,8,235.8219212962963,12,638.0,4.0,5.0
26604,0,0,6,6,4,8836.460034722222,4,16.0,2.0,2.0
26609,8,0,28,24,9,8836.436944444444,13,12.0,6.0,4.0
26615,0,0,21,21,7,8836.424641203705,7,16.0,2.0,4.0
26620,0,0,10,7,5,8836.403935185184,6,639.0,3.0,2.0
26639,0,0,1,1,2,6.993298611111111,2,1837.0,2.0,2.0
26654,0,0,10,9,5,8836.298449074075,4,572.0,1.0,2.0
26668,4,0,6,6,5,8836.116481481482,10,736.0,6.0,2.0
26669,0,0,15,12,6,9.777673611111112,8,1149.0,1.0,4.0
26681,13,0,78,36,14,8835.816886574074,14,406.0,1.0,6.0
26693,8,0,28,14,9,8835.616898148148,12,208.0,1.0,3.0
26694,0,0,3,3,3,10.16375,3,363.0,2.0,2.0
26696,3,0,3,3,4,8835.591064814815,3,1671.0,1.0,2.0
26700,0,0,15,8,6,8835.56613425926,8,996.0,4.0,2.0
26726,0,0,3,1,3,115.154375,2,1671.0,1.0,2.0
26728,0,0,6,4,4,115.14618055555556,4,1670.0,2.0,2.0
26729,0,0,3,3,3,115.13704861111113,4,1669.0,3.0,2.0
26733,0,0,10,8,5,8342.401921296296,5,320.0,2.0,1.0
26738,0,0,10,10,5,8835.226122685186,8,390.0,4.0,2.0
26747,0,0,21,5,7,625.7804050925926,8,1670.0,2.0,2.0
26754,7,0,21,17,8,8834.879606481481,7,104.0,1.0,4.0
26759,0,0,55,31,11,8834.771423611111,22,542.0,5.0,6.0
26767,140,45,91,47,24,5189.191261574074,66,55.0,10.0,2.0
26776,0,0,6,4,4,8834.365381944444,3,393.0,1.0,2.0
26861,0,0,15,15,6,2.2870138888888887,6,683.0,1.0,6.0
26882,400,45,780,360,50,1158.1418055555555,153,496.0,5.0,2.0
26893,0,0,6,6,4,142.9651736111111,3,1838.0,1.0,5.0
26917,0,0,6,2,4,427.639224537037,5,1144.0,6.0,2.0
26941,0,0,3,3,3,161.23519675925925,2,1838.0,1.0,2.0
27006,92,6,253,154,27,461.9942013888889,78,212.0,6.0,2.0
27280,0,0,6,4,4,4.147546296296296,4,682.0,2.0,6.0
27368,2,0,1,1,3,10.323148148148148,2,536.0,0.0,4.0
27383,7,0,21,12,8,153.19137731481482,22,1140.0,10.0,2.0
27390,0,0,15,7,6,672.0228472222223,10,459.0,2.0,2.0
27469,0,0,3,3,3,2.994074074074074,3,1837.0,2.0,6.0
27486,0,0,15,10,6,25.907337962962963,24,1830.0,9.0,6.0
27558,0,0,45,34,10,149.905,24,1834.0,5.0,6.0
27644,0,0,78,57,13,191.85076388888888,29,766.0,4.0,2.0
27684,0,0,21,20,7,2.9994328703703705,8,639.0,3.0,6.0
27687,36,1,153,89,20,531.4534027777778,69,354.0,40.0,2.0
27712,0,0,15,11,6,58.50811342592593,12,112.0,1.0,2.0
27742,0,0,6,4,4,148.09524305555556,3,683.0,1.0,5.0
27755,0,0,28,24,8,29.024965277777778,16,1831.0,8.0,6.0
27769,0,0,28,20,8,101.8020138888889,12,652.0,0.0,3.0
27805,9,0,36,14,10,2502.7082638888887,53,0.0,25.0,2.0
27807,26,1,78,15,15,4194.436423611111,34,1055.0,11.0,2.0
27846,0,0,6,6,4,2.140787037037037,7,1401.0,5.0,2.0
27855,0,0,91,53,14,8379.87130787037,33,57.0,12.0,6.0
27925,0,0,3,3,3,2.9377546296296297,2,1399.0,7.0,5.0
27974,0,0,36,27,9,8372.105023148148,14,414.0,2.0,2.0
27998,7,0,21,20,8,8797.120648148148,13,215.0,3.0,2.0
28073,0,0,10,9,5,89.73435185185186,13,122.0,8.0,2.0
28093,0,0,15,12,6,8331.472986111112,8,115.0,2.0,5.0
28161,0,0,3,1,3,8333.72025462963,3,12.0,2.0,2.0
28174,156,15,325,85,32,8334.434988425926,50,,0.0,2.0
28205,0,0,6,6,4,8336.507581018519,4,90.0,2.0,3.0
28211,420,210,190,108,41,7999.926053240741,94,,0.0,5.0
28262,0,0,3,2,3,8357.96511574074,3,806.0,0.0,2.0
28283,0,0,6,5,4,8342.971631944445,4,363.0,2.0,5.0
28324,0,0,6,5,4,8350.850543981482,7,1039.0,5.0,2.0
28342,0,0,10,9,5,8350.659050925926,5,253.0,2.0,2.0
28354,12,1,15,6,8,8852.70375,9,0.0,1.0,5.0
28401,0,0,10,10,5,145.15755787037037,4,763.0,7.0,4.0
28417,10,0,45,22,11,8362.281400462964,20,377.0,5.0,2.0
28419,0,0,10,8,5,8363.947893518518,6,473.0,3.0,2.0
28420,0,0,45,42,10,8362.803564814814,23,118.0,2.0,4.0
28426,0,0,1,1,2,884.1842708333334,1,1153.0,1.0,2.0
28469,0,0,6,3,4,8362.139143518518,5,87.0,1.0,2.0
28484,0,0,10,6,5,8363.95045138889,5,51.0,2.0,2.0
28489,0,0,15,12,6,182.01696759259252,10,364.0,1.0,2.0
28498,0,0,36,27,9,8364.350243055556,15,143.0,8.0,4.0
28500,0,0,21,16,7,8375.707476851852,10,488.0,2.0,2.0
28510,0,0,36,25,9,8377.691423611112,8,87.0,1.0,6.0
28540,8,0,28,18,9,967.19125,13,829.0,1.0,2.0
28548,0,0,28,23,8,83.11004629629629,8,682.0,2.0,5.0
28568,0,0,36,26,9,8367.871782407406,21,208.0,6.0,5.0
28586,3969,1176,3240,1103,130,7609.388125,323,,0.0,2.0
28609,36,6,36,14,13,148.1649884259259,28,1836.0,3.0,5.0
28640,0,0,15,9,6,2.476851851851852,8,1402.0,4.0,5.0
28649,0,0,10,8,5,1214.6263773148148,7,1669.0,3.0,2.0
28657,140,10,378,144,33,7011.264710648148,59,680.0,4.0,2.0
28670,0,0,36,35,9,308.2871412037037,21,1142.0,8.0,2.0
28711,8,1,6,1,6,8380.814548611112,15,219.0,3.0,2.0
28713,4,0,6,1,5,126.19251157407408,5,1671.0,1.0,2.0
28724,0,0,15,14,6,8380.791030092592,12,107.0,4.0,2.0
28764,0,0,1,0,2,8.017210648148149,3,652.0,0.0,5.0
28787,0,0,15,14,6,153.52517361111111,28,214.0,10.0,5.0
28849,14,0,91,71,15,4324.821319444444,38,109.0,10.0,2.0
28862,10,1,10,9,7,7311.137025462963,9,573.0,0.0,2.0
28921,6,0,15,15,7,532.6141782407408,6,652.0,0.0,2.0
28952,0,0,15,6,6,452.9897569444444,13,448.0,4.0,2.0
28988,0,0,45,35,10,16.129930555555557,18,1145.0,5.0,5.0
29007,0,0,3,2,3,4.871782407407407,2,1150.0,0.0,2.0
29023,0,0,21,8,7,531.9021180555555,9,320.0,0.0,2.0
29041,272,120,136,62,33,8785.404618055556,53,413.0,12.0,3.0
29085,14,0,91,79,15,179.29836805555556,17,416.0,0.0,2.0
29118,0,0,15,15,6,98.00155092592593,5,928.0,1.0,2.0
29157,8,0,28,26,9,3273.392650462963,12,535.0,1.0,5.0
29160,0,0,28,22,8,462.9334375,9,151.0,0.0,2.0
29258,14,0,91,55,15,604.2960879629629,21,557.0,0.0,5.0
29284,0,0,6,6,4,313.12675925925925,5,1404.0,2.0,2.0
29292,0,0,10,10,5,213.0558333333333,7,926.0,3.0,2.0
29301,0,0,6,5,4,95.2580324074074,5,1669.0,3.0,2.0
29384,4,0,6,5,5,60.1228125,6,651.0,1.0,2.0
29440,22,1,55,36,13,528.1794560185185,16,638.0,4.0,2.0
29479,0,0,45,28,10,94.69099537037036,13,917.0,3.0,2.0
29500,0,0,6,6,4,136.10814814814816,3,633.0,9.0,5.0
29515,0,0,28,20,8,23.16832175925926,17,644.0,8.0,5.0
29561,0,0,1,1,2,15.81929398148148,1,1836.0,3.0,2.0
29703,0,0,1,0,2,134.7659490740741,1,652.0,0.0,2.0
29800,48,6,66,45,16,168.49599537037037,41,672.0,12.0,2.0
29818,6,0,15,14,7,505.1171875,12,374.0,4.0,2.0
29941,10,0,45,45,11,174.89662037037036,28,278.0,0.0,2.0
30033,6,0,15,15,7,524.9572569444445,6,652.0,0.0,4.0
30067,1,0,0,0,2,5279.68443287037,1,803.0,3.0,2.0
30088,1880,1081,780,297,87,1061.099548611111,287,2205.0,79.0,2.0
30111,30,1,105,40,17,524.7655902777777,24,684.0,0.0,2.0
30116,0,0,36,33,9,7.8783564814814815,12,389.0,2.0,2.0
30149,0,0,6,3,4,0.9280555555555556,4,334.0,0.0,2.0
30174,0,0,6,4,4,870.9437152777778,18,1153.0,1.0,2.0
30249,12,1,15,13,8,97.20533564814816,16,1754.0,5.0,2.0
30408,5,0,10,10,6,125.12355324074076,7,535.0,1.0,2.0
30418,0,0,45,32,10,208.3872106481481,14,535.0,1.0,2.0
30491,1,0,0,0,2,334.7444560185185,2,642.0,0.0,2.0
30578,0,0,21,10,7,304.93127314814814,14,1149.0,1.0,2.0
30686,0,0,10,6,5,80.13680555555555,4,929.0,0.0,2.0
30721,0,0,15,14,6,132.75118055555555,11,1144.0,6.0,5.0
30743,8,0,28,21,9,281.0510185185185,24,1832.0,7.0,5.0
30785,0,0,10,7,5,185.9076157407408,9,682.0,2.0,5.0
30810,0,0,6,6,4,332.7196064814815,4,1149.0,1.0,2.0
30848,4,0,6,6,5,197.2359953703704,6,365.0,0.0,5.0
30910,45,3,105,45,18,751.4820717592593,51,296.0,14.0,2.0
31012,0,0,28,10,8,53.9125,10,43.0,4.0,2.0
31315,4,0,6,6,5,125.23181712962965,4,652.0,0.0,2.0
31407,0,0,3,3,3,80.94638888888889,3,927.0,2.0,2.0
31482,0,0,21,15,7,73.15402777777778,8,1147.0,3.0,5.0
31563,0,0,45,39,10,79.16943287037037,17,737.0,5.0,4.0
31788,8,0,28,14,9,206.1041203703704,11,651.0,1.0,2.0
31808,0,0,28,22,8,107.09908564814816,16,1838.0,1.0,2.0
31852,3,0,3,3,4,196.8194212962963,5,1148.0,2.0,4.0
31891,0,0,10,9,5,5.7721990740740745,4,651.0,1.0,4.0
31892,0,0,21,21,7,61.68510416666667,10,649.0,3.0,5.0
32144,0,0,36,36,9,510.8246875,10,651.0,1.0,4.0
32216,378,91,351,134,41,8868.86076388889,92,182.0,8.0,2.0
32307,9,0,36,28,10,424.1766666666667,15,1143.0,2.0,2.0
32327,0,0,210,147,21,198.9012847222222,71,2892.0,6.0,6.0
32381,0,0,1,0,2,9.74423611111111,1,928.0,1.0,4.0
32559,0,0,15,10,6,128.9712152777778,5,652.0,0.0,4.0
32570,12,1,15,10,8,27.747719907407408,10,267.0,1.0,5.0
32661,0,0,36,20,9,176.37346064814815,17,572.0,1.0,2.0
32668,6,0,15,13,7,379.3797337962963,18,2891.0,7.0,2.0
32746,7,0,21,21,8,71.01268518518519,19,1142.0,8.0,2.0
32777,0,0,1,1,2,43.48866898148148,1,1759.0,0.0,2.0
32795,0,0,21,16,7,69.76085648148148,8,1758.0,1.0,2.0
32853,0,0,1,1,2,116.93489583333331,1,1758.0,1.0,4.0
32898,3,0,3,3,4,62.12898148148148,11,1145.0,5.0,4.0
32955,2,0,1,1,3,106.77318287037038,2,1150.0,0.0,2.0
33032,24,3,28,10,11,4056.631261574074,24,46.0,5.0,2.0
33105,0,0,66,50,12,189.88605324074075,24,1832.0,7.0,6.0
33163,18,0,153,122,19,995.1092824074074,39,205.0,4.0,2.0
33197,0,0,6,5,4,1218.162627314815,5,1401.0,5.0,2.0
33203,0,0,6,4,4,105.17856481481482,21,1135.0,15.0,6.0
33219,0,0,1,1,2,68.92596064814815,1,418.0,2.0,2.0
33230,0,0,36,32,9,502.8171064814815,10,103.0,2.0,2.0
33339,816,276,561,189,58,7664.5562152777775,112,137.0,16.0,2.0
33467,69,3,253,110,26,1528.5375347222223,45,314.0,2.0,2.0
33536,0,0,6,5,4,3.0988657407407407,11,1832.0,7.0,6.0
33577,7,0,21,13,8,184.4272337962963,15,648.0,4.0,2.0
33650,13,0,78,56,14,91.90408564814815,21,388.0,3.0,2.0
33697,0,0,36,22,9,558.8617824074074,18,1041.0,3.0,2.0
33699,0,0,3,2,3,0.8299421296296297,6,1146.0,4.0,5.0
33701,7,0,21,21,8,498.51152777777776,7,651.0,1.0,2.0
33732,1634,703,903,425,81,2460.3354050925927,207,12.0,10.0,2.0
33733,0,0,78,71,13,643.913599537037,29,1145.0,9.0,2.0
33735,8,0,28,22,9,188.2185185185185,22,741.0,1.0,4.0
33844,13,0,78,63,14,497.43827546296296,18,680.0,4.0,2.0
33952,168,15,378,119,34,25.126261574074075,92,28.0,16.0,6.0
34060,0,0,10,8,5,40.93327546296296,5,219.0,1.0,5.0
34297,175,21,300,135,32,1513.002349537037,117,635.0,38.0,5.0
34418,0,0,15,11,6,157.29282407407408,9,1146.0,4.0,2.0
34454,0,0,6,6,4,0.2452777777777778,3,77.0,1.0,2.0
34572,304,171,120,64,35,7860.155729166667,46,17.0,9.0,2.0
34576,3,0,3,2,4,104.13972222222222,6,1837.0,2.0,2.0
34605,0,0,66,38,12,47.751539351851854,16,680.0,4.0,6.0
34660,5,0,10,8,6,98.16032407407408,9,1837.0,2.0,4.0
34811,0,0,3,2,3,182.71983796296297,2,1758.0,1.0,2.0
34947,0,0,10,7,5,139.63010416666663,7,651.0,1.0,2.0
34960,0,0,66,54,12,157.3016550925926,14,1153.0,1.0,5.0
35022,7,0,21,11,8,2937.655787037037,18,376.0,6.0,2.0
35084,8,1,6,6,6,171.0914236111111,6,1149.0,1.0,2.0
35168,200,190,45,28,30,5518.400821759259,75,54.0,38.0,2.0
35228,150,45,105,38,25,7940.227268518519,28,0.0,1.0,2.0
35247,0,0,10,10,5,44.38466435185185,7,1757.0,2.0,2.0
35257,0,0,15,13,6,48.96295138888889,5,641.0,1.0,5.0
35284,0,0,66,42,12,87.7638425925926,25,18.0,7.0,2.0
35299,60,6,105,72,19,2014.653460648148,28,2388.0,4.0,2.0
35319,0,0,10,10,5,43.33903935185185,5,1758.0,1.0,2.0
35321,0,0,6,6,4,43.33267361111111,5,1757.0,2.0,2.0
35324,5,0,10,5,6,540.1331365740741,14,1837.0,2.0,4.0
35338,48,3,120,85,19,9073.737719907407,33,,0.0,4.0
35392,0,0,3,3,3,318.1884953703704,5,1402.0,4.0,2.0
35419,27,3,36,6,12,5332.823865740741,19,,0.0,2.0
35553,0,0,10,10,5,148.75239583333334,12,680.0,4.0,5.0
35558,0,0,21,15,7,302.7981828703704,6,1144.0,1.0,2.0
35559,0,0,190,93,20,391.6375578703704,46,644.0,16.0,2.0
35562,9,0,36,20,10,399.7307175925926,15,987.0,5.0,2.0
35590,0,0,6,2,4,12.417731481481482,7,102.0,3.0,6.0
35598,14,1,21,12,9,1336.017361111111,13,,0.0,5.0
35680,0,0,15,10,6,96.23149305555556,6,1143.0,2.0,2.0
35682,0,0,78,52,13,358.0672453703704,51,2877.0,21.0,2.0
35816,0,0,6,6,4,396.59078703703705,4,1398.0,8.0,2.0
35817,0,0,78,46,13,1434.5370949074074,40,361.0,21.0,2.0
35839,0,0,171,124,19,1072.9458564814815,38,147.0,1.0,2.0
35912,0,0,6,3,4,38.980625,3,1838.0,1.0,2.0
35956,645,105,903,471,58,721.3237268518518,176,1761.0,39.0,2.0
35961,6,0,15,15,7,480.7773726851852,8,767.0,3.0,2.0
35986,12,1,15,5,8,144.15207175925926,18,1138.0,12.0,2.0
36012,1,0,0,0,2,43.95304398148148,1,1150.0,0.0,2.0
36016,184,28,253,190,31,994.3270833333332,62,386.0,5.0,5.0
36046,0,0,21,20,7,176.4100462962963,25,125.0,2.0,4.0
36062,24,1,66,58,14,480.0495138888889,16,650.0,2.0,2.0
36089,17,0,136,84,18,168.11292824074073,41,1831.0,8.0,2.0
36110,0,0,0,0,1,3.022349537037037,0,682.0,2.0,2.0
36170,4,1,1,1,4,8735.341921296296,7,217.0,5.0,3.0
36192,2,0,1,1,3,9.651412037037035,2,87.0,1.0,2.0
36221,0,0,6,6,4,36.93100694444445,6,555.0,2.0,2.0
36240,16,1,28,17,10,673.8033796296296,16,2894.0,4.0,2.0
36288,3,0,3,3,4,35.42849537037037,4,928.0,1.0,4.0
36308,0,0,15,9,6,456.5461805555556,7,1758.0,1.0,2.0
36348,0,0,10,6,5,823.3769560185185,5,1152.0,2.0,2.0
36633,8,0,28,24,9,110.77332175925926,19,767.0,3.0,5.0
36666,0,0,15,11,6,152.92016203703704,5,1838.0,1.0,2.0
36830,0,0,3,3,3,5.057604166666667,3,1148.0,2.0,5.0
36908,13,0,78,45,14,182.90703703703704,53,128.0,20.0,2.0
36924,0,0,6,1,4,16.91349537037037,4,2.0,1.0,6.0
36926,0,0,6,2,4,0.8298263888888889,3,56.0,0.0,6.0
36969,0,0,45,37,10,513.4373263888889,14,920.0,1.0,2.0
36972,0,0,15,14,6,1187.1212037037037,8,1404.0,2.0,2.0
37025,0,0,10,5,5,38.99474537037037,8,6.0,0.0,2.0
37031,204,66,136,71,29,9889.113611111112,57,,0.0,2.0
37036,0,0,10,10,5,29.01146990740741,7,328.0,0.0,2.0
37051,16,1,28,24,10,79.32836805555556,19,1755.0,4.0,2.0
37126,0,0,66,61,12,160.14390046296296,21,50.0,0.0,2.0
37162,0,0,15,14,6,57.92709490740741,7,1838.0,1.0,2.0
37165,0,0,1,1,2,23.102233796296296,1,44.0,3.0,2.0
37233,0,0,36,36,9,447.12694444444446,15,649.0,3.0,5.0
37237,0,0,3,3,3,90.3500462962963,5,44.0,3.0,2.0
37258,0,0,120,99,16,309.0617361111111,52,1748.0,11.0,4.0
37280,0,0,3,3,3,302.35802083333334,4,1403.0,3.0,2.0
37303,6,0,15,14,7,469.860787037037,7,918.0,2.0,2.0
37339,12,0,66,42,13,606.9128009259259,54,151.0,28.0,6.0
37394,0,0,3,3,3,21.259398148148147,2,44.0,3.0,2.0
37468,96,66,28,24,20,6601.320520833333,116,17.0,41.0,2.0
37477,9,0,36,25,10,88.81068287037037,42,1152.0,2.0,5.0
37486,0,0,3,3,3,481.6698726851852,3,1186.0,2.0,2.0
37488,0,0,3,3,3,270.92520833333333,3,1186.0,2.0,2.0
37489,0,0,3,3,3,481.6159490740741,4,1463.0,3.0,2.0
37498,0,0,1,1,2,150.21484953703705,3,1463.0,3.0,2.0
37522,0,0,21,21,7,87.1353587962963,12,1402.0,4.0,2.0
37579,6,1,3,2,5,944.1707523148148,11,1400.0,6.0,4.0
37589,126,15,210,116,27,921.779699074074,64,95.0,8.0,3.0
37617,3,0,3,1,4,87.20063657407407,3,1000.0,0.0,2.0
37622,0,0,28,27,8,88.35965277777778,27,1394.0,12.0,2.0
37702,10,0,45,23,11,106.50560185185184,30,198.0,6.0,6.0
37771,4,0,6,6,5,2900.123078703704,4,652.0,0.0,2.0
37857,10,1,10,2,7,113.86721064814814,6,652.0,0.0,2.0
37915,0,0,3,3,3,16.206157407407407,3,1837.0,2.0,2.0
37950,0,0,10,9,5,89.77368055555556,14,763.0,7.0,2.0
38014,11,0,55,38,12,1503.2280902777777,37,816.0,14.0,2.0
38060,0,0,10,3,5,2996.508043981481,7,1463.0,3.0,4.0
38094,0,0,10,10,5,75.84871527777777,7,1835.0,4.0,2.0
38124,0,0,28,28,8,705.8053125,12,912.0,9.0,3.0
38128,0,0,3,2,3,27.12616898148148,3,1670.0,2.0,2.0
38185,0,0,1,0,2,26.06427083333333,2,1404.0,2.0,4.0
38188,7,0,21,15,8,565.8435763888889,8,927.0,2.0,5.0
38269,0,0,6,4,4,28.192488425925927,4,651.0,1.0,6.0
38273,0,0,3,3,3,13.422291666666666,3,1837.0,2.0,2.0
38274,0,0,3,3,3,13.40431712962963,2,1838.0,1.0,2.0
38351,3,0,3,3,4,80.93378472222223,4,1837.0,2.0,2.0
38373,0,0,10,6,5,859.8704861111111,13,103.0,11.0,3.0
38380,155,10,465,318,36,751.4512962962963,77,600.0,4.0,4.0
38494,0,0,3,2,3,146.56094907407407,4,742.0,10.0,2.0
38495,0,0,21,19,7,58.97957175925926,12,1838.0,1.0,2.0
38506,4,0,6,6,5,120.70914351851852,8,910.0,11.0,2.0
38576,0,0,28,18,8,150.96636574074074,16,1377.0,5.0,2.0
38679,0,0,10,6,5,15.14949074074074,5,77.0,2.0,4.0
38821,0,0,10,7,5,86.13362268518519,7,1756.0,3.0,2.0
38848,0,0,21,11,7,70.92689814814815,16,317.0,11.0,6.0
38862,192,28,276,188,32,7449.216655092592,244,178.0,64.0,4.0
38922,273,78,210,158,34,3922.235601851852,153,175.0,18.0,2.0
38939,9,0,36,31,10,1.897789351851852,20,639.0,3.0,4.0
38966,616,91,946,447,58,5800.74630787037,165,,0.0,2.0
39054,16,1,28,25,10,1169.3299074074075,21,1370.0,36.0,2.0
39098,330,55,435,256,41,4602.1487962962965,101,624.0,25.0,2.0
39107,5,0,10,6,6,2641.7297800925926,7,41.0,3.0,2.0
39192,17,0,136,78,18,2451.877708333333,30,,0.0,4.0
39211,0,0,21,19,7,145.2574074074074,10,1401.0,5.0,2.0
39224,0,0,3,3,3,374.87535879629627,4,1463.0,3.0,1.0
39237,8,0,28,28,9,238.3922916666667,14,637.0,5.0,5.0
39242,5,0,10,9,6,169.24898148148148,7,1148.0,2.0,2.0
39305,0,0,1,1,2,283.3891898148148,1,1403.0,3.0,2.0
39364,0,0,3,2,3,99.22868055555556,4,1669.0,3.0,3.0
39422,0,0,45,36,10,450.0403703703704,9,651.0,1.0,4.0
39518,34,1,136,82,19,7589.642476851852,53,549.0,8.0,2.0
39534,0,0,10,7,5,103.72744212962964,5,1837.0,2.0,2.0
39546,0,0,10,9,5,363.9824421296297,5,1143.0,2.0,2.0
39637,0,0,6,6,4,107.10122685185183,6,919.0,1.0,6.0
39703,0,0,21,13,7,160.70560185185184,19,211.0,7.0,5.0
39789,0,0,3,1,3,60.775358796296295,3,1837.0,2.0,2.0
39821,0,0,15,15,6,42.65775462962963,8,360.0,10.0,2.0
39867,8,0,28,28,9,13.882905092592592,28,1136.0,14.0,2.0
39911,0,0,6,5,4,66.95407407407407,10,80.0,8.0,2.0
39917,0,0,6,5,4,61.539351851851855,5,1670.0,2.0,2.0
39933,0,0,15,12,6,139.28944444444446,8,84.0,4.0,2.0
40059,0,0,6,6,4,9.432141203703704,3,1669.0,3.0,2.0
40071,0,0,78,76,13,413.7283217592593,18,651.0,1.0,2.0
40073,0,0,21,15,7,137.30644675925927,8,1758.0,1.0,2.0
40088,5,0,10,6,6,254.0648611111111,27,32.0,18.0,2.0
40125,0,0,3,1,3,330.0746296296296,5,448.0,4.0,5.0
40155,0,0,21,18,7,490.1421875,8,86.0,13.0,2.0
40260,36,6,36,27,13,2683.557152777778,25,4.0,3.0,2.0
40383,5,0,10,9,6,93.05998842592592,12,1146.0,4.0,2.0
40413,0,0,3,3,3,33.622395833333336,3,1670.0,2.0,2.0
40419,0,0,6,6,4,33.526493055555555,4,1670.0,2.0,2.0
40452,0,0,10,10,5,126.2318287037037,6,1403.0,3.0,2.0
40506,0,0,28,23,8,260.0323032407408,7,289.0,1.0,2.0
40538,44,6,55,35,15,714.7209606481481,49,183.0,21.0,2.0
40545,399,171,210,86,40,7258.302071759259,81,0.0,6.0,2.0
40601,0,0,3,3,3,1156.0852314814815,5,1402.0,4.0,2.0
40636,0,0,15,14,6,198.09756944444445,11,1669.0,3.0,3.0
40647,0,0,21,16,7,45.4634375,9,917.0,3.0,5.0
40680,0,0,120,64,16,2709.7765625,25,48.0,3.0,2.0
40772,0,0,36,19,9,373.8108912037037,20,794.0,12.0,2.0
40817,0,0,36,19,9,67.2279050925926,18,1400.0,6.0,2.0
40838,416,120,325,149,42,6601.376006944444,80,4.0,8.0,2.0
40867,2432,496,2850,1366,108,3198.700752314815,319,386.0,21.0,6.0
40879,13,0,78,46,14,2085.2800115740743,24,9.0,3.0,2.0
40917,0,0,10,10,5,50.550439814814816,5,1757.0,2.0,2.0
40951,0,0,15,12,6,437.0419791666667,7,83.0,1.0,2.0
40959,5,0,10,4,6,866.9120138888889,8,1669.0,3.0,2.0
40963,4,0,6,6,5,115.13721064814816,8,927.0,2.0,5.0
40974,30,3,45,29,13,2302.202488425926,25,279.0,7.0,2.0
41013,0,0,15,13,6,38.21521990740741,15,1139.0,11.0,5.0
41037,0,0,15,15,6,1.009050925925926,15,1144.0,6.0,4.0
41110,7,0,21,20,8,8686.4559375,8,,0.0,3.0
41116,0,0,190,134,20,406.9752314814815,25,572.0,1.0,2.0
41133,65,10,78,39,18,7775.003611111111,18,51.0,1.0,4.0
41138,12,0,66,59,13,99.71100694444443,19,570.0,3.0,5.0
41241,42,3,91,63,17,312.8744791666667,53,982.0,10.0,4.0
41262,115,10,253,154,28,645.0669907407407,48,515.0,21.0,2.0
41270,0,0,6,6,4,48.87304398148148,4,1147.0,7.0,2.0
41276,0,0,10,10,5,3175.305763888889,7,1835.0,4.0,4.0
41325,0,0,55,52,11,1679.7396296296297,27,676.0,8.0,2.0
41331,0,0,6,6,4,152.94065972222222,3,147.0,1.0,2.0
41343,0,0,3,3,3,190.1997685185185,4,1670.0,2.0,2.0
41489,504,210,276,86,45,7801.924039351852,195,,0.0,4.0
41527,0,0,66,40,12,365.7915625,17,992.0,8.0,5.0
41532,5,0,10,10,6,458.886724537037,8,1185.0,3.0,2.0
41533,0,0,3,3,3,443.6870486111111,9,1185.0,3.0,2.0
41535,30,1,105,87,17,249.71972222222223,31,1448.0,18.0,2.0
41564,45,10,36,11,14,1395.5888425925923,50,,0.0,2.0
41585,5,0,10,10,6,18.15423611111111,9,1146.0,4.0,5.0
41588,0,0,6,6,4,43.8578125,5,1753.0,6.0,2.0
41599,8,0,28,19,9,94.76225694444445,15,371.0,7.0,4.0
41602,5,0,10,8,6,127.03061342592592,7,81.0,3.0,2.0
41656,120,10,276,139,29,1764.1744444444444,57,673.0,0.0,2.0
41708,228,66,171,88,31,6295.298796296296,62,178.0,8.0,2.0
41798,0,0,6,5,4,279.62899305555555,7,,0.0,2.0
41820,0,0,10,10,5,532.2352662037038,11,992.0,8.0,5.0
41896,0,0,3,3,3,671.9686458333333,3,148.0,0.0,2.0
41917,9,3,3,3,6,798.452974537037,8,148.0,0.0,2.0
42031,0,0,0,0,1,12.165127314814814,0,994.0,6.0,2.0
42107,0,0,21,15,7,396.0012268518519,13,286.0,4.0,2.0
42136,17,0,136,77,18,1178.6503819444445,28,326.0,2.0,2.0
42230,4,0,6,4,5,43.12846064814815,7,1837.0,2.0,2.0
42244,0,0,3,2,3,2385.2795254629627,3,547.0,0.0,2.0
42325,7,0,21,17,8,24.39880787037037,14,253.0,5.0,2.0
42356,0,0,66,47,12,87.27178240740741,21,649.0,3.0,2.0
42417,16,1,28,19,10,7223.513969907407,18,,0.0,2.0
42418,0,0,6,6,4,16.795833333333334,6,648.0,4.0,2.0
42560,0,0,6,5,4,22.928703703703704,4,650.0,2.0,2.0
42616,7,0,21,17,8,131.49127314814814,16,1144.0,6.0,2.0
42661,6,0,15,15,7,70.18827546296296,10,639.0,3.0,2.0
42662,4,0,6,6,5,85.02275462962963,8,1146.0,4.0,4.0
42675,0,0,21,16,7,21.282569444444444,8,103.0,2.0,5.0
42676,64,6,120,66,20,3561.0466203703704,53,438.0,19.0,2.0
42758,25,0,300,225,26,6895.839988425926,73,1149.0,5.0,4.0
42767,0,0,1,1,2,0.7952662037037037,1,803.0,3.0,2.0
42819,0,0,21,13,7,111.56002314814816,6,105.0,0.0,2.0
42829,5,0,10,6,6,89.97839120370371,7,651.0,1.0,2.0
42860,0,0,1,1,2,4.82400462962963,1,361.0,4.0,2.0
42905,0,0,1,1,2,270.146412037037,2,1670.0,2.0,2.0
42947,0,0,3,1,3,5.093912037037037,3,1671.0,1.0,2.0
42963,5,0,10,6,6,521.357337962963,7,997.0,3.0,2.0
42973,0,0,6,5,4,1010.5243981481482,6,,0.0,2.0
42991,0,0,6,2,4,358.9098148148148,8,1401.0,5.0,1.0
43016,0,0,15,10,6,81.46142361111112,6,651.0,1.0,2.0
43032,0,0,6,5,4,234.42996527777777,3,992.0,0.0,2.0
43050,4,0,6,6,5,51.08001157407407,5,805.0,1.0,2.0
43054,0,0,10,10,5,8.256469907407407,6,1142.0,3.0,2.0
43055,0,0,21,20,7,234.255625,11,1141.0,4.0,2.0
43075,0,0,6,6,4,22.870231481481483,5,1836.0,3.0,4.0
43148,10,1,10,8,7,28.244398148148147,8,1837.0,2.0,2.0
43258,0,0,66,44,12,222.63141203703705,25,733.0,9.0,2.0
43280,12,0,66,44,13,410.1824768518519,40,316.0,12.0,6.0
43292,0,0,10,10,5,847.4681597222223,4,,0.0,3.0
43364,9,0,36,19,10,70.13369212962964,13,96.0,2.0,2.0
43399,8,0,28,28,9,413.76790509259257,11,682.0,2.0,2.0
43410,117,36,78,47,22,582.5836689814815,57,418.0,2.0,2.0
43414,0,0,1,1,2,1.0485185185185186,1,1671.0,1.0,2.0
43433,34,1,136,61,19,4950.303391203704,57,755.0,15.0,4.0
43500,0,0,6,5,4,19.12096064814815,6,1834.0,5.0,2.0
43506,2,0,1,1,3,0.0512384259259259,5,1837.0,2.0,2.0
43543,0,0,28,21,8,780.8133796296296,9,1837.0,2.0,2.0
43560,0,0,0,0,1,191.1082523148148,0,147.0,1.0,2.0
43567,0,0,105,94,15,796.8273263888889,57,808.0,22.0,2.0
43624,0,3,0,0,3,9349.711979166666,2,,0.0,3.0
43675,0,0,190,142,20,675.0234606481481,38,1455.0,11.0,2.0
43688,0,0,0,0,1,192.03131944444445,0,147.0,1.0,2.0
43728,0,0,91,82,14,190.0751273148148,54,437.0,19.0,2.0
43736,0,0,15,13,6,32.87016203703703,6,572.0,1.0,2.0
43840,0,0,10,9,5,325.2784722222222,18,1757.0,2.0,2.0
43850,0,0,15,11,6,358.49833333333333,7,1670.0,2.0,4.0
43906,0,0,6,5,4,248.0155092592593,6,379.0,3.0,2.0
43952,0,0,10,9,5,226.31076388888889,4,994.0,6.0,2.0
44001,0,0,21,15,7,16.128032407407407,8,1756.0,3.0,2.0
44051,0,0,6,5,4,4944.531689814815,6,2936.0,3.0,2.0
44077,4,0,6,5,5,272.3927777777778,10,19.0,3.0,2.0
44085,5,0,10,10,6,99.5800925925926,9,215.0,3.0,2.0
44113,0,0,1,1,2,7.386747685185185,1,1143.0,2.0,2.0
44120,22,1,55,43,13,508.96390046296295,32,976.0,16.0,5.0
44169,13,0,78,59,14,755.6752893518518,55,750.0,18.0,2.0
44189,0,0,10,10,5,34.49642361111111,11,636.0,6.0,2.0
44190,0,0,6,4,4,6.924201388888889,5,1140.0,5.0,2.0
44191,0,0,3,3,3,6.911840277777777,2,1143.0,2.0,2.0
44211,0,0,10,9,5,72.21373842592592,11,371.0,7.0,2.0
44216,12,1,15,13,8,322.3221180555556,7,1839.0,0.0,5.0
44235,0,0,66,49,12,8.206342592592593,20,1151.0,3.0,6.0
44257,51,3,136,117,20,374.8532175925926,42,1151.0,3.0,4.0
44270,9,0,36,35,10,34.936585648148146,16,572.0,1.0,2.0
44322,24,1,66,45,14,873.3171064814815,46,1831.0,8.0,2.0
44335,0,0,45,42,10,6848.197650462963,19,,0.0,2.0
44352,0,0,105,78,15,4613.606597222222,37,,0.0,2.0
44444,0,0,6,6,4,10.058877314814817,3,1149.0,5.0,5.0
44447,0,0,6,3,4,416.74625,8,1668.0,4.0,2.0
44476,0,0,6,4,4,52.30934027777778,8,923.0,6.0,2.0
44514,15,0,105,82,16,174.13,72,358.0,36.0,2.0
44608,0,0,6,4,4,13.972870370370371,3,362.0,3.0,2.0
44667,21,3,21,20,10,495.9123032407408,15,1835.0,4.0,2.0
44692,0,0,21,20,7,78.0458912037037,14,1831.0,8.0,4.0
44707,3,0,3,3,4,190.08709490740745,7,378.0,4.0,4.0
44781,408,136,276,79,41,6450.721087962963,76,42.0,8.0,2.0
44790,6,0,15,15,7,33.10236111111111,14,992.0,8.0,2.0
44810,0,0,6,3,4,10.852025462962963,5,1836.0,3.0,5.0
44845,7,0,21,10,8,6857.779305555556,7,,0.0,2.0
44847,0,0,6,6,4,147.61618055555556,6,978.0,22.0,2.0
44863,1269,351,1081,407,74,1754.1830324074074,180,544.0,13.0,2.0
44864,5,0,10,3,6,61.3112037037037,9,3.0,0.0,2.0
45002,8,0,28,20,9,7.935231481481481,14,363.0,7.0,4.0
45006,0,0,6,6,4,61.02703703703704,6,683.0,1.0,2.0
45009,0,0,105,82,15,492.5261574074074,62,1815.0,24.0,2.0
45061,0,0,15,12,6,77.14684027777778,14,41.0,3.0,2.0
45074,0,0,21,18,7,50.04087962962963,21,307.0,13.0,2.0
45129,8,0,28,24,9,86.59494212962963,10,652.0,0.0,2.0
45162,0,0,36,28,9,387.1633912037037,29,309.0,11.0,2.0
45238,0,0,15,15,6,21.091435185185187,6,684.0,0.0,6.0
45288,0,0,45,35,10,4.9035416666666665,22,267.0,1.0,4.0
45342,0,0,6,6,4,85.17314814814814,3,652.0,0.0,2.0
45375,5865,3570,2346,844,154,8095.743125,343,119.0,10.0,2.0
45398,0,0,6,5,4,27.07003472222222,3,43.0,1.0,2.0
45421,76,6,171,110,23,831.9343634259259,38,1791.0,9.0,4.0
45474,42,15,21,11,13,84.11045138888889,23,2.0,1.0,4.0
45522,24,1,66,41,14,6851.087731481482,17,,0.0,2.0
45605,0,0,78,60,13,589.5200810185186,34,723.0,19.0,4.0
45669,4,0,6,3,5,6.422199074074074,4,141.0,6.0,2.0
45680,4,0,6,4,5,73.2242824074074,6,1757.0,2.0,2.0
45689,0,0,6,6,4,4.127638888888889,13,548.0,9.0,5.0
45698,0,0,10,10,5,100.86336805555555,22,1391.0,15.0,2.0
45699,108,6,351,135,31,1861.7120254629629,58,650.0,10.0,2.0
45704,0,0,10,5,5,7248.855960648148,7,287.0,3.0,2.0
45760,0,0,28,20,8,51.92861111111111,8,641.0,1.0,4.0
45785,0,0,3,2,3,309.32225694444446,4,1463.0,3.0,2.0
45815,0,0,1,1,2,453.7127546296296,2,1143.0,7.0,2.0
45869,0,0,3,3,3,7.179131944444444,4,318.0,2.0,2.0
45895,0,0,6,6,4,37.068020833333335,5,1836.0,3.0,2.0
45919,0,0,6,5,4,477.11847222222224,13,995.0,5.0,2.0
45921,4,0,6,6,5,5307.8767708333335,10,922.0,7.0,2.0
46004,0,0,36,32,9,49.91878472222222,11,493.0,8.0,4.0
46015,0,0,210,159,21,71.04523148148148,54,113.0,10.0,2.0
46053,0,0,3,3,3,52.8660300925926,2,1402.0,4.0,2.0
46079,0,0,1,0,2,4.261643518518518,2,1404.0,2.0,4.0
46085,12,1,15,13,8,54.88217592592593,26,364.0,14.0,4.0
46101,0,0,15,12,6,35.07760416666667,6,320.0,0.0,2.0
46174,11,0,55,32,12,178.13945601851853,26,148.0,3.0,2.0
46181,0,0,3,3,3,1098.1544444444444,2,1406.0,0.0,2.0
46212,0,0,1,1,2,26.41618055555556,1,2935.0,4.0,2.0
46227,85,10,136,67,22,7559.317094907407,74,752.0,18.0,2.0
46311,0,0,3,3,3,310.0617013888889,2,2389.0,3.0,2.0
46400,12,0,66,48,13,6840.137384259259,27,,0.0,2.0
46405,0,0,15,14,6,216.43829861111112,14,2890.0,8.0,2.0
46505,0,0,105,91,15,352.28569444444446,34,681.0,3.0,2.0
46526,2,0,1,0,3,218.06457175925925,2,1150.0,0.0,5.0
46541,0,0,3,2,3,27.42511574074074,3,1670.0,2.0,2.0
46573,0,0,6,6,4,15.904641203703704,3,1835.0,4.0,2.0
46616,0,0,10,6,5,43.85758101851852,8,1398.0,8.0,2.0
46699,36,6,36,34,13,8034.682025462963,26,390.0,1.0,2.0
46710,0,0,6,6,4,42.13126157407408,4,375.0,7.0,2.0
46751,7,0,21,14,8,70.03881944444444,8,1839.0,0.0,3.0
46786,6,0,15,12,7,397.74988425925926,8,998.0,2.0,2.0
46812,0,0,78,52,13,468.28534722222224,17,50.0,0.0,1.0
46847,0,0,6,5,4,39.2262962962963,6,988.0,4.0,2.0
46848,0,0,15,15,6,290.76435185185187,6,799.0,7.0,2.0
46851,0,0,6,6,4,51.37847222222222,5,989.0,3.0,2.0
46852,0,0,21,17,7,195.711550925926,16,982.0,10.0,2.0
46854,0,0,21,21,7,311.03375,8,990.0,2.0,2.0
46856,17,0,136,106,18,921.1193055555556,34,392.0,15.0,2.0
46857,0,0,1,1,2,165.1328125,1,804.0,2.0,2.0
46858,0,0,3,3,3,51.362002314814816,4,989.0,3.0,2.0
46859,0,0,153,121,18,285.0130439814815,49,642.0,18.0,2.0
46861,0,0,3,3,3,35.14489583333334,2,364.0,1.0,2.0
46864,0,0,6,6,4,31.41054398148148,4,288.0,2.0,2.0
46866,0,0,10,10,5,195.1704398148148,5,658.0,2.0,2.0
46867,0,0,45,41,10,195.1732407407408,27,727.0,15.0,2.0
46869,0,0,55,49,11,347.24952546296294,28,645.0,15.0,2.0
46872,0,0,3,3,3,59.42557870370371,6,1143.0,2.0,2.0
46926,0,0,15,9,6,15.68625,7,278.0,0.0,4.0
46938,0,0,15,14,6,26.34474537037037,13,678.0,6.0,2.0
46940,0,0,6,6,4,22.061516203703704,8,1833.0,6.0,2.0
46987,15,3,10,6,8,40.10168981481481,21,370.0,0.0,2.0
46992,0,0,15,9,6,72.85861111111112,11,320.0,0.0,2.0
47003,0,0,1,1,2,44.66759259259259,1,1142.0,3.0,2.0
47009,30,3,45,19,13,8214.09513888889,24,,0.0,3.0
47013,0,0,36,14,9,1327.5598842592592,10,1404.0,2.0,5.0
47022,0,0,15,9,6,64.63273148148149,12,650.0,2.0,2.0
47141,4,0,6,6,5,316.8363194444444,5,998.0,2.0,2.0
47237,20,1,45,18,12,22.01399305555556,18,927.0,2.0,2.0
47335,0,0,6,3,4,44.22300925925926,3,257.0,6.0,2.0
47360,0,0,6,6,4,25.89657407407408,4,1837.0,2.0,2.0
47420,5,0,10,8,6,55.995127314814816,9,1756.0,3.0,2.0
47498,4,0,6,6,5,467.9402083333333,4,1839.0,0.0,6.0
47518,11,0,55,31,12,312.8870023148148,21,199.0,5.0,2.0
47673,6,1,3,3,5,28.79467592592593,8,1671.0,1.0,2.0
47712,13,0,78,51,14,483.0273148148148,40,561.0,10.0,6.0
47742,0,0,36,21,9,6571.605543981482,14,2389.0,3.0,2.0
47840,21,3,21,21,10,35.85495370370371,18,1838.0,1.0,4.0
47864,9,0,36,30,10,7897.901793981481,10,51.0,1.0,3.0
47868,0,0,15,11,6,2329.233368055556,9,1462.0,4.0,4.0
47920,0,0,21,19,7,10.730706018518518,22,411.0,9.0,5.0
47930,0,0,10,10,5,366.80265046296296,4,376.0,2.0,2.0
47968,12,0,66,44,13,97.51564814814814,28,2892.0,6.0,4.0
47978,3,0,3,3,4,148.41003472222224,5,1150.0,0.0,2.0
48039,8,0,28,24,9,395.1401041666667,20,912.0,9.0,2.0
48064,22,0,231,178,23,97.8889699074074,68,94.0,11.0,4.0
48091,0,0,3,3,3,126.81604166666666,2,1839.0,0.0,4.0
48145,0,0,1,1,2,204.92366898148148,1,1404.0,2.0,2.0
48149,2,0,1,1,3,1080.773634259259,2,1403.0,3.0,2.0
48190,0,0,6,2,4,44.51112268518519,9,922.0,7.0,2.0
48412,14,1,21,12,9,8089.648657407407,8,,0.0,4.0
48422,72,6,153,82,22,937.145300925926,45,5430.0,14.0,5.0
48430,12,1,15,11,8,460.9676157407408,10,1838.0,1.0,2.0
48483,40,1,190,141,22,76.01028935185185,83,1826.0,13.0,2.0
48486,0,0,6,4,4,182.2328125,11,1397.0,9.0,2.0
48492,0,0,10,10,5,280.12652777777777,4,1838.0,1.0,2.0
48725,12,1,15,13,8,3281.7874421296297,19,1176.0,12.0,1.0
48726,0,0,28,23,8,564.9589236111111,10,407.0,0.0,2.0
48736,0,0,6,6,4,27.759560185185187,4,1148.0,2.0,2.0
48759,32,1,120,91,18,278.2509375,44,405.0,2.0,2.0
48845,15,0,105,65,16,375.0127662037037,32,56.0,3.0,2.0
48856,0,0,28,23,8,3102.455555555556,16,1838.0,1.0,5.0
48886,0,0,36,29,9,360.5210416666667,21,366.0,12.0,2.0
48887,11,0,55,40,12,337.5048726851852,20,912.0,8.0,4.0
48900,0,0,21,17,7,178.5927199074074,12,1144.0,1.0,2.0
48972,0,0,28,26,8,791.0079513888888,18,1830.0,9.0,2.0
49091,0,0,3,3,3,7.83912037037037,2,364.0,1.0,2.0
49116,2,0,1,1,3,51.25502314814815,3,392.0,2.0,2.0
49174,0,0,21,21,7,358.1083449074074,6,257.0,1.0,2.0
49243,4,0,6,6,5,26.800949074074072,4,25.0,0.0,2.0
49285,0,0,105,83,15,32.74099537037037,29,739.0,3.0,6.0
49401,0,0,28,27,8,67.9807175925926,30,757.0,13.0,2.0
49407,0,0,10,9,5,313.86778935185185,16,278.0,0.0,2.0
49413,0,0,21,21,7,356.81728009259257,11,765.0,5.0,2.0
49430,6,0,15,15,7,356.71732638888886,8,684.0,0.0,2.0
49515,0,0,6,6,4,6.890439814814815,3,1837.0,2.0,6.0
49522,0,0,10,8,5,452.7114814814815,6,297.0,31.0,2.0
49525,0,0,6,4,4,272.014212962963,12,40.0,10.0,2.0
49556,4,0,6,2,5,27.73701388888889,4,652.0,0.0,5.0
49574,0,0,10,6,5,823.791400462963,6,1670.0,2.0,2.0
49597,4,0,6,5,5,170.05855324074074,7,1756.0,3.0,2.0
49662,7,0,21,21,8,4.409074074074074,16,766.0,4.0,2.0
49665,0,0,1,1,2,7.977546296296296,1,1758.0,1.0,2.0
49682,8,0,28,11,9,343.2429398148148,12,406.0,1.0,2.0
49717,0,0,10,3,5,65.12174768518518,6,1839.0,0.0,5.0
49779,0,0,28,27,8,192.84699074074075,24,916.0,13.0,2.0
49786,0,0,10,8,5,394.64377314814817,6,1143.0,2.0,2.0
49815,5,0,10,5,6,191.1727199074074,8,1150.0,0.0,5.0
49837,0,0,1,1,2,9.765011574074077,2,806.0,0.0,2.0
49874,0,0,15,13,6,392.6682060185185,8,569.0,4.0,2.0
49897,0,0,21,21,7,9.969039351851851,13,1146.0,4.0,4.0
49909,15,0,105,85,16,300.89846064814816,32,412.0,4.0,2.0
49918,0,0,3,3,3,9.056793981481482,2,683.0,1.0,2.0
49948,0,0,6,4,4,190.45515046296296,3,381.0,1.0,2.0
49958,16,1,28,22,10,635.5912268518518,19,1138.0,7.0,4.0
50007,0,0,6,3,4,0.801400462962963,4,320.0,2.0,2.0
50046,0,0,10,10,5,23.022777777777776,9,765.0,5.0,2.0
50104,13,0,78,59,14,2107.948680555556,41,1134.0,11.0,4.0
50275,0,0,21,15,7,349.5963541666667,9,649.0,3.0,2.0
50364,0,0,3,3,3,10.82320601851852,3,1839.0,0.0,4.0
50414,0,0,21,14,7,1301.2438425925925,7,1405.0,1.0,2.0
50436,0,0,15,12,6,40.27074074074074,8,638.0,4.0,2.0
50478,0,0,21,18,7,346.95234953703704,10,374.0,4.0,2.0
50499,0,0,6,4,4,185.9055555555556,6,1402.0,4.0,2.0
50523,0,0,28,24,8,92.82739583333333,20,740.0,12.0,2.0
50548,0,0,3,3,3,185.3392939814815,2,1403.0,3.0,2.0
50554,0,0,3,1,3,32.30178240740741,4,1146.0,8.0,5.0
50623,27,3,36,31,12,876.6752199074074,58,2363.0,29.0,3.0
50628,0,0,15,15,6,10.745983796296295,8,1151.0,3.0,2.0
50630,168,28,210,123,29,3177.2185648148147,71,2377.0,15.0,2.0
50651,6,0,15,15,7,442.22483796296297,21,1836.0,3.0,2.0
50653,0,0,28,15,8,9.362881944444444,16,106.0,5.0,6.0
50660,484,231,231,139,44,4265.290023148148,69,180.0,8.0,2.0
50811,0,0,3,3,3,260.24625,2,318.0,10.0,2.0
50920,0,0,3,3,3,4.5102314814814815,3,804.0,2.0,2.0
50924,0,0,3,2,3,1.008113425925926,3,652.0,0.0,6.0
50925,0,0,28,16,8,0.9364930555555556,8,1255.0,0.0,5.0
50949,0,0,21,19,7,26.9159375,25,982.0,10.0,2.0
50965,0,0,21,15,7,70.15166666666667,19,209.0,9.0,2.0
51007,0,0,3,2,3,145.81194444444444,3,70.0,1.0,4.0
51034,5,0,10,9,6,2249.6231712962963,8,1757.0,2.0,6.0
51045,0,0,6,6,4,256.19515046296294,4,803.0,3.0,2.0
51108,6,0,15,15,7,633.0061689814814,8,652.0,0.0,2.0
51182,6,1,3,3,5,2132.994930555556,6,,0.0,2.0
51324,0,0,3,2,3,30.87770833333333,2,381.0,1.0,2.0
51352,0,0,10,3,5,450.8119097222222,6,1670.0,2.0,2.0
51418,0,0,21,21,7,12.906261574074074,17,407.0,9.0,4.0
51541,0,0,55,33,11,9.184328703703704,21,414.0,2.0,2.0
51570,0,0,6,5,4,9.085787037037036,8,766.0,4.0,2.0
51576,4,0,6,6,5,23.08453703703704,9,1147.0,3.0,2.0
51581,0,0,3,3,3,128.10587962962964,3,393.0,1.0,2.0
51597,0,0,78,66,13,41.973634259259256,39,411.0,5.0,2.0
51679,0,0,10,9,5,704.4987731481482,10,1839.0,0.0,2.0
51759,0,0,6,6,4,22.063229166666662,3,1140.0,5.0,2.0
51787,0,0,15,14,6,21.955497685185183,8,50.0,0.0,4.0
51919,0,0,1,1,2,130.0249074074074,1,320.0,8.0,2.0
51922,0,0,28,20,8,625.9861111111111,12,1837.0,2.0,2.0
51937,0,0,15,14,6,815.771087962963,20,1140.0,5.0,2.0
52005,42,1,210,105,23,1308.074363425926,38,5431.0,13.0,2.0
52119,0,0,10,10,5,4.434652777777778,13,634.0,8.0,6.0
52131,2,0,1,1,3,3.538912037037037,6,1671.0,1.0,2.0
52209,0,0,91,45,14,7486.661099537037,27,1755.0,4.0,4.0
52212,0,0,55,45,11,24.09542824074074,16,648.0,4.0,5.0
52359,0,0,28,21,8,9.914444444444444,13,571.0,2.0,2.0
52464,0,0,66,26,12,287.29211805555553,23,147.0,6.0,2.0
52473,0,0,28,22,8,468.4448958333333,14,652.0,8.0,2.0
52500,2080,1326,780,298,92,4715.539930555556,186,18.0,9.0,3.0
52575,0,0,3,0,3,111.88693287037036,2,14.0,1.0,6.0
52615,15,3,10,10,8,406.4797337962963,13,1142.0,3.0,2.0
52645,0,0,15,9,6,140.17321759259258,6,1671.0,1.0,2.0
52724,0,0,6,6,4,130.0834722222222,4,1757.0,2.0,4.0
52746,1428,561,861,436,76,3478.131898148148,154,,0.0,2.0
52786,6,0,15,12,7,119.38844907407407,12,640.0,2.0,4.0
52821,3416,1540,1830,659,117,8089.757141203704,317,5.0,3.0,2.0
52838,0,0,55,27,11,206.87184027777772,16,1149.0,1.0,4.0
52950,0,0,10,8,5,10.99741898148148,4,390.0,1.0,2.0
53007,5,0,10,10,6,6976.682719907408,9,,0.0,2.0
53048,0,0,21,15,7,11.144745370370371,10,486.0,4.0,5.0
53057,0,0,55,43,11,3130.4484953703704,40,595.0,9.0,2.0
53062,0,0,1,0,2,135.2567361111111,1,440.0,12.0,2.0
53065,0,0,0,0,1,197.8279050925926,0,444.0,8.0,2.0
53067,0,0,3,2,3,141.1807638888889,2,448.0,4.0,2.0
53071,0,0,3,3,3,141.16905092592592,2,448.0,4.0,2.0
53096,0,0,1,1,2,0.946238425925926,1,568.0,3.0,2.0
53122,0,0,28,20,8,1.812511574074074,17,168.0,5.0,5.0
53150,5,0,10,10,6,4.1823958333333335,8,389.0,2.0,6.0
53209,0,0,0,0,1,157.3870486111111,0,445.0,7.0,2.0
53218,19,0,171,94,20,70.13909722222222,39,567.0,6.0,2.0
53219,0,0,190,135,20,14.537557870370373,50,329.0,5.0,5.0
53248,0,0,1,1,2,0.0645601851851851,1,769.0,1.0,2.0
53295,0,0,10,8,5,106.67238425925926,4,83.0,1.0,2.0
53316,0,0,6,6,4,162.61853009259258,6,1185.0,3.0,2.0
53347,0,0,91,58,14,216.5714583333333,51,1818.0,21.0,6.0
53349,0,0,91,64,14,370.2146064814815,41,2884.0,14.0,4.0
53363,13,0,78,70,14,260.9603935185185,63,2881.0,17.0,5.0
53372,0,0,66,44,12,3535.932118055556,16,1837.0,2.0,5.0
53376,0,0,28,20,8,1335.9836342592594,18,5437.0,7.0,2.0
53399,0,0,15,12,6,8.891342592592592,7,1837.0,2.0,2.0
53451,0,0,45,31,10,12.034826388888888,34,1820.0,19.0,2.0
53463,0,0,28,16,8,608.9957291666667,11,207.0,2.0,2.0
53485,0,0,45,44,10,322.73247685185186,13,638.0,4.0,2.0
53507,20,1,45,29,12,616.552974537037,18,785.0,2.0,2.0
53566,0,0,6,6,4,48.4440162037037,5,303.0,2.0,2.0
53579,1254,703,528,228,71,9029.713287037035,121,1.0,2.0,3.0
53640,0,0,36,32,9,290.8941898148148,23,646.0,6.0,2.0
53667,18,0,153,96,19,53.823113425925925,65,165.0,27.0,2.0
53669,0,0,91,80,14,305.6673842592593,24,648.0,4.0,2.0
53686,0,0,3,2,3,1036.6539699074074,2,381.0,1.0,2.0
53750,0,0,66,51,12,10.273912037037038,17,124.0,3.0,5.0
53763,0,0,55,48,11,35.093726851851855,27,364.0,14.0,5.0
53771,0,0,36,36,9,26.17355324074074,18,679.0,5.0,2.0
53773,16,1,28,28,10,26.17111111111111,18,411.0,5.0,2.0
53838,0,0,66,52,12,10.068148148148149,34,569.0,4.0,5.0
53895,0,0,28,23,8,688.127824074074,12,1836.0,3.0,2.0
53896,46,1,253,218,25,280.59931712962964,49,14.0,0.0,2.0
53970,14,0,91,62,15,610.0989351851852,48,788.0,16.0,4.0
53984,0,0,6,3,4,79.25638888888889,5,21.0,2.0,2.0
54035,44,1,231,170,24,1078.8481712962962,49,1147.0,7.0,2.0
54043,0,0,15,15,6,158.20688657407408,14,927.0,2.0,2.0
54143,0,0,45,20,10,266.9662037037037,16,1670.0,2.0,2.0
54145,0,0,3,3,3,74.76163194444445,4,1670.0,2.0,2.0
54172,0,0,15,14,6,4854.164131944444,6,572.0,1.0,4.0
54184,0,0,1,0,2,590.5369791666667,1,748.0,4.0,2.0
54186,30,3,45,43,13,7388.387928240741,44,50.0,0.0,5.0
54205,0,0,78,69,13,77.16075231481481,34,2885.0,13.0,5.0
54233,0,0,45,43,10,30.991041666666668,22,369.0,9.0,5.0
54247,0,0,1,1,2,111.98814814814814,2,555.0,2.0,4.0
54291,0,0,28,19,8,232.93725694444444,22,65.0,17.0,6.0
54392,12,0,66,50,13,499.8508101851852,23,919.0,2.0,2.0
54406,0,0,190,130,20,117.99716435185184,48,675.0,9.0,4.0
54422,0,0,28,27,8,250.13909722222223,14,1375.0,7.0,2.0
54428,0,0,15,15,6,227.1350925925926,5,1142.0,3.0,2.0
54437,8,0,28,20,9,113.01984953703705,29,2890.0,8.0,4.0
54448,0,0,36,28,9,19.902326388888888,19,213.0,5.0,4.0
54454,0,0,15,14,6,7.901400462962963,14,481.0,9.0,2.0
54552,0,0,1,1,2,75.4029513888889,1,1839.0,0.0,5.0
54557,0,0,21,18,7,235.1287962962963,7,604.0,2.0,2.0
54559,0,0,45,33,10,258.2237962962963,15,1142.0,3.0,4.0
54595,0,0,10,3,5,19.218645833333333,7,17.0,2.0,2.0
54626,0,0,21,13,7,26.757604166666667,15,373.0,9.0,2.0
54648,0,0,10,9,5,712.747037037037,5,1144.0,1.0,2.0
54689,17,0,136,88,18,544.3731944444445,93,2876.0,22.0,5.0
54712,0,0,10,10,5,2275.46550925926,5,1458.0,8.0,2.0
54778,28,1,91,72,16,31.73660879629629,35,118.0,9.0,5.0
54780,0,0,3,2,3,114.26445601851852,5,1755.0,4.0,2.0
54820,0,0,28,26,8,228.9300578703704,11,648.0,4.0,2.0
54845,0,0,55,51,11,19.279664351851853,51,211.0,7.0,4.0
54892,11,0,55,40,12,5089.033159722222,25,1754.0,5.0,5.0
54915,6,0,15,7,7,8745.902997685185,8,,0.0,3.0
54962,0,0,36,33,9,56.84583333333333,16,2888.0,10.0,5.0
54966,0,0,36,23,9,17.815914351851852,29,1136.0,14.0,5.0
55028,24,3,28,18,11,176.52523148148148,14,266.0,2.0,4.0
55076,0,0,10,10,5,3.0661689814814816,9,316.0,12.0,5.0
55143,0,0,3,3,3,182.46371527777777,4,449.0,3.0,4.0
55261,17,0,136,97,18,117.94625,50,385.0,6.0,4.0
55284,5,0,10,10,6,245.7036574074074,7,80.0,0.0,2.0
55293,18,0,153,136,19,496.5981018518519,47,918.0,3.0,2.0
55307,357,136,210,113,38,6070.009780092592,72,0.0,6.0,2.0
55366,270,36,435,206,39,3869.9859953703694,104,705.0,47.0,2.0
55516,0,0,10,10,5,222.2773148148148,4,987.0,5.0,2.0
55537,36,1,153,79,20,139.15277777777777,42,23.0,0.0,5.0
55583,2904,528,3828,1606,121,7563.4087268518515,279,405.0,2.0,4.0
55676,0,0,36,23,9,6782.033703703703,12,488.0,2.0,4.0
55686,0,0,231,185,22,515.8218402777778,48,909.0,12.0,2.0
55713,13,0,78,44,14,779.4951388888888,29,44.0,7.0,3.0
55792,0,0,28,23,8,261.5659837962963,25,184.0,8.0,2.0
55821,0,0,6,6,4,113.54359953703704,4,1837.0,2.0,2.0
55822,9,0,36,36,10,50.6265625,29,50.0,0.0,5.0
55848,0,0,6,6,4,113.4441550925926,3,1838.0,1.0,2.0
55912,0,0,21,16,7,4840.670787037037,8,1144.0,1.0,2.0
55921,0,0,45,40,10,303.64574074074073,17,91.0,7.0,2.0
55967,0,0,15,15,6,1130.2283796296297,11,5437.0,7.0,2.0
55959,0,0,55,32,11,4124.544212962963,13,,0.0,2.0
56028,0,0,10,9,5,112.26769675925928,6,533.0,3.0,2.0
56137,0,0,55,53,11,387.0375,13,914.0,7.0,2.0
56164,0,0,6,3,4,21.027615740740742,5,928.0,1.0,2.0
56167,14,0,91,80,15,592.9816319444444,23,567.0,6.0,4.0
56169,10,1,10,10,7,257.70625,6,556.0,1.0,5.0
56175,0,0,10,6,5,973.1664814814816,5,150.0,1.0,2.0
56229,13,0,78,46,14,943.3711458333332,31,1835.0,4.0,2.0
56240,13,0,78,72,14,1614.510798611111,30,640.0,12.0,2.0
56268,7,0,21,10,8,217.3210648148148,10,,0.0,4.0
56285,52,1,325,231,28,7776.360752314815,81,974.0,18.0,4.0
56296,13,0,78,72,14,1281.098414351852,49,749.0,21.0,2.0
56297,0,0,28,20,8,174.85149305555555,21,2893.0,5.0,6.0
56312,4,0,6,4,5,152.35619212962962,5,1671.0,1.0,2.0
56314,80,6,190,80,24,7017.506805555556,148,386.0,71.0,2.0
56334,0,0,3,3,3,12.938298611111112,3,303.0,2.0,2.0
56335,0,0,21,19,7,14.15087962962963,24,911.0,18.0,5.0
56346,19,0,171,149,20,194.7502430555556,61,1789.0,11.0,5.0
56417,18,1,36,20,11,216.4924074074074,21,406.0,10.0,5.0
56472,33,3,55,51,14,1281.008576388889,20,310.0,0.0,3.0
56547,0,0,10,7,5,270.2041550925926,5,450.0,2.0,2.0
56584,0,0,15,15,6,94.7925462962963,7,1837.0,2.0,2.0
56606,0,0,21,21,7,667.5296990740741,6,1838.0,1.0,4.0
56653,11,0,55,45,12,184.82006944444444,21,2888.0,10.0,1.0
56708,0,0,1,1,2,101.00716435185186,2,1670.0,2.0,2.0
56744,0,0,6,6,4,80.3165625,6,2933.0,6.0,2.0
56779,0,0,91,79,14,81.03306712962963,28,1144.0,10.0,4.0
56851,57,3,171,87,22,22.13160879629629,42,197.0,7.0,6.0
56854,45,3,105,69,18,6743.946712962963,27,1400.0,6.0,2.0
56863,27,0,351,165,28,827.0419791666667,80,224.0,11.0,2.0
56896,0,0,6,6,4,104.81496527777776,4,2892.0,6.0,2.0
56942,6,0,15,13,7,17.56888888888889,11,44.0,2.0,5.0
57087,0,0,3,3,3,112.1098148148148,4,449.0,3.0,2.0
57104,0,0,6,3,4,52.88936342592593,4,1671.0,1.0,3.0
57135,10,0,45,34,11,105.00030092592591,29,158.0,12.0,5.0
57138,4,0,6,6,5,52.458587962962966,4,1671.0,1.0,1.0
57181,0,0,6,5,4,446.1637152777778,5,327.0,1.0,2.0
57189,0,0,6,6,4,58.08833333333333,11,50.0,0.0,5.0
57192,16,0,120,99,17,6771.012777777778,36,2276.0,8.0,4.0
57207,0,0,21,20,7,9.011203703703703,14,550.0,7.0,4.0
57210,6,0,15,15,7,8.124722222222223,26,1822.0,17.0,5.0
57262,0,0,36,27,9,4831.352060185185,19,40.0,7.0,2.0
57263,0,0,55,33,11,514.7877777777778,13,70.0,1.0,2.0
57333,0,0,55,43,11,5.804305555555556,25,1141.0,9.0,2.0
57360,0,0,10,8,5,251.0289236111111,4,1398.0,8.0,3.0
57392,0,0,6,4,4,1284.9890625,8,1460.0,6.0,2.0
57458,0,0,3,3,3,13.877106481481482,3,50.0,0.0,4.0
57497,0,0,3,3,3,249.7797453703704,3,1404.0,2.0,2.0
57499,12,1,15,15,8,221.5884953703704,9,1838.0,1.0,5.0
57522,0,0,45,40,10,787.6974421296296,16,918.0,3.0,2.0
57555,105,10,210,113,26,3588.977094907408,80,728.0,24.0,2.0
57597,0,0,28,18,8,2158.480648148148,12,330.0,4.0,2.0
57598,6,0,15,9,7,82.10064814814815,16,1148.0,6.0,2.0
57633,0,0,15,9,6,47.753564814814816,7,1665.0,7.0,2.0
57753,4,0,6,6,5,780.7630324074074,5,682.0,2.0,4.0
57763,0,0,105,74,15,379.2671990740741,44,1139.0,6.0,2.0
57795,18,1,36,34,11,616.1800347222222,13,669.0,4.0,3.0
57885,15,0,105,67,16,105.25996527777778,52,321.0,19.0,6.0
57898,621,253,351,222,50,5594.477997685185,118,,0.0,2.0
57928,9,0,36,25,10,392.5813425925926,14,110.0,3.0,2.0
58128,28,1,91,67,16,238.9562731481481,89,1822.0,17.0,5.0
58134,0,0,21,19,7,88.29072916666667,22,50.0,0.0,2.0
58189,5,0,10,9,6,227.7544212962963,9,1145.0,5.0,3.0
58250,31,0,465,285,32,265.3680902777777,79,1139.0,15.0,4.0
58252,0,0,15,14,6,8.163402777777778,12,1399.0,7.0,5.0
58271,0,0,3,3,3,56.45620370370371,2,147.0,1.0,2.0
58283,10,0,45,40,11,25.012303240740746,23,910.0,11.0,2.0
58339,4524,3003,1653,539,136,5660.845706018518,331,782.0,5.0,2.0
58413,0,0,15,6,6,407.3571875,6,1671.0,1.0,2.0
58429,0,0,28,27,8,197.5379629629629,10,648.0,4.0,5.0
58462,10,1,10,10,7,17.271215277777777,13,565.0,6.0,2.0
58491,0,0,55,52,11,491.9476041666667,16,556.0,15.0,2.0
58500,4,0,6,3,5,28.9113425925926,5,1839.0,0.0,5.0
58613,63,3,210,140,24,1042.5233101851852,56,194.0,18.0,2.0
58701,0,0,36,34,9,307.730625,23,987.0,5.0,5.0
58713,10,0,45,30,11,4478.447002314815,29,206.0,10.0,2.0
58769,330,105,231,99,37,5271.968252314815,63,123.0,9.0,2.0
58812,0,0,15,10,6,4.415532407407407,6,1149.0,1.0,5.0
58814,0,0,45,41,10,18.819305555555555,18,330.0,10.0,6.0
58823,0,0,10,10,5,71.69668981481482,10,50.0,0.0,5.0
58850,11,0,55,39,12,809.5460300925926,23,368.0,2.0,6.0
58853,0,0,120,99,16,371.6491782407408,25,2273.0,11.0,2.0
58872,0,0,21,11,7,566.3975578703704,8,1144.0,1.0,2.0
58926,4,0,6,6,5,196.1473032407408,5,3.0,2.0,2.0
58937,1800,990,780,411,85,5655.764733796296,214,112.0,1.0,5.0
58957,0,0,28,23,8,103.7509375,31,668.0,16.0,4.0
58965,0,0,6,6,4,61.68256944444445,3,2937.0,2.0,2.0
58987,0,0,21,21,7,207.5101736111111,7,1153.0,1.0,2.0
59036,0,0,15,6,6,240.36753472222225,9,1670.0,2.0,4.0
59042,0,0,15,15,6,247.9983449074074,5,2937.0,2.0,2.0
59102,0,0,66,54,12,993.5325578703704,34,1395.0,11.0,5.0
59130,11,0,55,38,12,2.063148148148148,20,572.0,1.0,5.0
59132,252,21,630,294,43,1375.917013888889,81,1207.0,1.0,2.0
59159,0,0,6,6,4,15.782337962962965,4,2934.0,5.0,2.0
59211,54,3,153,95,21,2334.917847222222,41,1146.0,8.0,2.0
59258,0,0,3,3,3,2.164375,4,642.0,0.0,4.0
59274,0,0,1,1,2,29.08099537037037,1,2.0,1.0,2.0
59282,0,0,10,10,5,94.0952199074074,4,1403.0,3.0,2.0
59283,0,0,15,10,6,247.42703703703705,5,1402.0,4.0,2.0
59310,0,0,36,29,9,227.70538194444444,9,1144.0,1.0,4.0
59314,2009,820,1176,345,90,5713.729976851852,189,62.0,22.0,2.0
59374,0,0,28,14,8,331.2767939814815,10,1669.0,3.0,2.0
59387,13,0,78,25,14,6735.088634259259,15,102.0,5.0,2.0
59394,5,0,10,10,6,126.3565625,10,2893.0,5.0,2.0
59429,0,0,10,3,5,106.91363425925924,11,447.0,5.0,2.0
59453,0,0,10,8,5,331.8521527777778,10,482.0,3.0,2.0
59455,0,0,45,27,10,4811.63761574074,19,70.0,1.0,5.0
59498,5,0,10,5,6,146.41730324074075,13,653.0,7.0,2.0
59526,7,0,21,17,8,271.1715972222222,10,805.0,1.0,2.0
59564,0,0,6,6,4,56.78710648148148,3,926.0,3.0,2.0
59571,0,0,21,20,7,70.1451388888889,16,2892.0,6.0,6.0
59602,5,0,10,6,6,447.4367939814815,8,673.0,0.0,2.0
59620,0,0,28,25,8,73.99265046296296,38,321.0,19.0,4.0
59637,28,6,21,11,11,5053.071238425926,12,,0.0,2.0
59677,0,0,15,8,6,453.9916782407407,12,1756.0,3.0,2.0
59749,14,0,91,78,15,228.9040856481481,33,2883.0,15.0,5.0
59768,2,0,1,0,3,53.91394675925926,3,1150.0,0.0,5.0
59805,0,0,6,5,4,215.7801504629629,3,1145.0,0.0,3.0
59814,0,0,15,13,6,767.1579166666667,6,915.0,6.0,2.0
59817,0,0,6,6,4,192.88065972222225,6,1144.0,1.0,2.0
60047,0,0,6,3,4,4805.606319444444,3,189.0,3.0,2.0
60063,0,0,78,41,13,471.0772453703704,22,4.0,7.0,2.0
60064,0,0,36,27,9,79.46141203703704,21,1834.0,5.0,2.0
60069,5,0,10,10,6,16.234224537037036,12,553.0,4.0,2.0
60102,19,0,171,126,20,236.9081712962963,41,2888.0,10.0,5.0
60248,0,0,28,20,8,363.7758333333333,11,,0.0,5.0
60377,90,36,45,25,19,1568.863449074074,61,1023.0,21.0,2.0
60425,14,1,21,13,9,362.5469212962963,15,334.0,6.0,2.0
60489,0,0,15,14,6,195.06405092592595,5,988.0,4.0,2.0
60718,0,0,6,6,4,73.94010416666667,3,1142.0,3.0,2.0
60737,7,0,21,20,8,261.31553240740743,18,1149.0,1.0,2.0
60844,24,1,66,54,14,358.22783564814813,30,447.0,14.0,5.0
60865,0,0,6,5,4,8.177719907407408,3,996.0,4.0,3.0
60886,4,0,6,6,5,167.19868055555557,7,1142.0,3.0,2.0
60895,0,0,6,6,4,56.01015046296296,4,1839.0,0.0,2.0
60985,0,0,21,21,7,334.2011574074074,10,925.0,4.0,2.0
60987,0,0,36,13,9,344.17984953703706,11,651.0,1.0,2.0
61020,7,0,21,15,8,689.8623032407407,9,,0.0,2.0
61098,3416,1540,1830,800,117,7676.743217592592,329,1738.0,21.0,5.0
61173,21,3,21,14,10,7753.373634259259,19,109.0,2.0,2.0
61176,12,1,15,13,8,247.2061574074074,12,406.0,1.0,4.0
61196,0,0,6,5,4,51.0306712962963,3,1839.0,0.0,3.0
61235,16,1,28,15,10,871.2836111111111,24,1142.0,3.0,2.0
61290,5,0,10,6,6,632.531099537037,7,1144.0,1.0,4.0
61330,0,0,21,12,7,10.314861111111112,11,188.0,4.0,2.0
61355,85,10,136,79,22,601.2315856481481,40,765.0,5.0,2.0
61385,27,3,36,24,12,168.99756944444445,24,406.0,1.0,4.0
61387,0,0,21,9,7,7352.282106481482,11,331.0,0.0,2.0
61497,252,15,861,545,48,869.9292939814815,128,800.0,4.0,2.0
61501,0,0,6,5,4,968.0392013888888,6,149.0,6.0,2.0
61647,4,1,1,1,4,41.98813657407408,6,1839.0,0.0,5.0
61672,0,0,28,23,8,432.59922453703706,12,641.0,1.0,5.0
61678,0,0,1,1,2,538.6565740740741,1,1142.0,3.0,2.0
61679,0,0,1,1,2,538.6541782407407,1,1143.0,2.0,2.0
61774,0,0,6,5,4,6.993391203703704,6,996.0,4.0,2.0
61782,7,0,21,19,8,60.23695601851852,17,985.0,15.0,3.0
61839,24,1,66,40,14,1356.5589930555554,46,112.0,14.0,2.0
61893,795,105,1378,737,68,689.5872337962963,226,643.0,30.0,5.0
61956,0,0,3,2,3,648.2738541666666,2,802.0,2.0,2.0
61962,0,0,3,3,3,323.9554166666667,2,2934.0,5.0,2.0
61978,8,1,6,6,6,86.38902777777778,6,1150.0,0.0,5.0
62000,48,15,28,14,14,7049.001423611111,23,10.0,4.0,4.0
62033,22,0,231,153,23,2444.3780208333333,41,3.0,4.0,2.0
62078,0,0,15,15,6,183.38605324074075,13,915.0,6.0,2.0
62099,0,0,10,10,5,152.34016203703703,4,987.0,5.0,2.0
62117,6,0,15,10,7,741.488136574074,8,1380.0,2.0,2.0
62174,24,1,66,26,14,7783.769108796297,18,0.0,2.0,2.0
62178,1120,378,780,255,68,7724.364745370371,284,1.0,50.0,5.0
62248,11,0,55,45,12,195.8130787037037,27,1832.0,7.0,2.0
62250,1,0,0,0,2,274.3434027777778,2,997.0,3.0,3.0
62355,0,0,3,3,3,537.0464930555555,2,1142.0,3.0,2.0
62383,0,0,21,16,7,348.08569444444447,6,1400.0,6.0,2.0
62397,2,0,1,1,3,12.143125,2,652.0,0.0,2.0
62446,0,0,3,3,3,165.0592824074074,4,1463.0,3.0,1.0
62470,0,0,45,30,10,82.50960648148148,14,929.0,0.0,5.0
62485,133,21,171,108,26,1767.4470949074075,69,1002.0,19.0,2.0
62489,0,0,28,22,8,49.28988425925926,14,199.0,7.0,2.0
62529,4,0,6,6,5,164.40082175925926,8,1838.0,1.0,5.0
62536,280,45,378,156,38,1912.442199074074,133,,0.0,2.0
62579,0,0,45,33,10,38.100208333333335,17,1838.0,1.0,5.0
62583,20,1,45,35,12,588.9245601851852,19,2283.0,1.0,2.0
62643,68,6,136,98,21,166.20061342592592,39,927.0,2.0,5.0
62675,0,0,6,6,4,80.2003587962963,3,925.0,4.0,2.0
62711,9,0,36,33,10,174.8975115740741,11,2.0,2.0,4.0
62748,0,0,15,15,6,146.02869212962963,9,798.0,8.0,2.0
62765,0,0,28,17,8,314.0171875,10,918.0,3.0,4.0
62878,7,0,21,20,8,237.8827662037037,15,646.0,6.0,2.0
62891,30,1,105,79,17,549.244224537037,31,,0.0,2.0
63001,0,0,15,14,6,144.86983796296298,6,740.0,2.0,2.0
63029,0,0,66,40,12,219.31019675925927,21,145.0,8.0,4.0
63050,7,0,21,21,8,117.16275462962965,23,,0.0,4.0
63073,4,0,6,6,5,187.8704976851852,5,913.0,8.0,2.0
63212,16,1,28,15,10,542.067488425926,19,670.0,3.0,2.0
63243,28,0,378,233,29,30.96465277777778,105,68.0,20.0,6.0
63274,0,0,21,15,7,24.80359953703704,13,634.0,8.0,5.0
63286,0,0,15,12,6,217.288125,7,572.0,1.0,5.0
63344,0,0,6,6,4,69.86138888888888,5,1839.0,0.0,4.0
63367,0,0,10,10,5,30.52224537037037,5,1152.0,2.0,2.0
63368,0,0,10,1,5,1695.5577083333333,8,972.0,4.0,2.0
63389,990,231,990,400,67,8292.740057870371,136,51.0,1.0,2.0
63505,0,0,6,6,4,174.30944444444444,4,989.0,3.0,2.0
63538,3,0,3,3,4,22.075069444444445,3,1150.0,0.0,2.0
63601,51,3,136,106,20,890.5275694444445,61,573.0,21.0,2.0
63607,0,0,36,18,9,342.2679861111111,21,982.0,10.0,4.0
63613,0,0,28,22,8,725.5121412037037,11,919.0,2.0,2.0
63621,4,0,6,4,5,346.1701736111111,11,482.0,3.0,2.0
63663,80,10,120,88,21,6704.964270833333,34,1153.0,1.0,4.0
63686,0,0,10,7,5,37.53383101851852,4,1457.0,9.0,2.0
63712,168,21,276,166,31,1730.9080671296297,67,280.0,22.0,2.0
63728,14,0,91,88,15,477.862662037037,36,117.0,6.0,2.0
63742,18,1,36,36,11,196.1708101851852,15,648.0,4.0,5.0
63846,84,6,210,130,25,25.874560185185185,48,736.0,6.0,6.0
63890,0,0,78,70,13,3833.265439814815,15,,0.0,2.0
63895,1768,1326,561,193,86,5406.610891203703,241,42.0,50.0,2.0
63923,0,0,10,10,5,144.29717592592593,25,431.0,21.0,2.0
63944,0,0,6,5,4,63.02868055555555,3,928.0,1.0,2.0
63950,14,0,91,75,15,2333.299606481481,20,915.0,6.0,2.0
63957,0,0,21,21,7,373.7961111111111,15,916.0,5.0,2.0
63997,24,6,15,12,10,67.7635763888889,13,215.0,3.0,2.0
64016,0,0,6,6,4,62.50167824074074,6,175.0,17.0,2.0
64049,14,1,21,14,9,2961.4104398148147,13,925.0,4.0,4.0
64052,0,0,66,57,12,305.0120486111111,21,1149.0,5.0,2.0
64054,0,0,0,0,1,701.9333217592592,0,452.0,0.0,3.0
64060,0,0,21,21,7,715.2080555555556,7,1373.0,9.0,2.0
64076,36,1,153,122,20,6695.507210648148,59,437.0,19.0,2.0
64090,7,0,21,16,8,5595.101805555556,10,,0.0,2.0
64135,0,0,15,15,6,10.031458333333331,9,918.0,3.0,2.0
64150,0,0,21,21,7,405.8134490740741,9,70.0,1.0,4.0
64165,0,0,210,166,21,6694.657233796296,56,627.0,15.0,2.0
64170,0,0,120,80,16,6694.598935185185,23,405.0,2.0,3.0
64248,51,3,136,115,20,420.78622685185184,44,1751.0,8.0,2.0
64267,90,15,105,71,21,7582.375532407407,42,53.0,8.0,4.0
64297,8,0,28,23,9,133.35966435185185,31,66.0,16.0,2.0
64327,0,0,45,37,10,130.7237037037037,23,89.0,9.0,2.0
64349,11,0,55,45,12,223.0883217592593,16,997.0,3.0,2.0
64401,648,153,630,218,54,7051.694791666667,97,,0.0,2.0
64408,0,0,3,3,3,138.2624189814815,4,1757.0,2.0,2.0
64451,9,0,36,33,10,7593.499560185185,9,,0.0,2.0
64480,0,0,10,6,5,516.0631481481481,6,1041.0,3.0,2.0
64501,12,0,66,52,13,158.41524305555555,25,637.0,23.0,2.0
64568,0,0,1,0,2,202.0561458333333,4,16.0,4.0,2.0
64592,0,0,10,8,5,62.19890046296296,14,442.0,10.0,2.0
64622,88,6,231,155,26,5128.844756944444,50,250.0,5.0,5.0
64694,0,0,10,10,5,24.81923611111111,12,1839.0,0.0,2.0
64696,0,0,36,36,9,202.92314814814816,15,450.0,11.0,4.0
64795,0,0,28,18,8,93.3499537037037,17,1136.0,9.0,2.0
64902,0,0,28,18,8,1393.4317592592593,13,5441.0,3.0,2.0
64992,0,0,15,14,6,345.0855671296296,8,316.0,4.0,2.0
65129,0,0,6,6,4,7.719224537037037,9,677.0,7.0,4.0
65162,5,0,10,10,6,6.798472222222222,12,2891.0,7.0,2.0
65185,10,1,10,4,7,561.2221990740741,9,151.0,4.0,4.0
65219,0,0,3,3,3,41.51787037037037,6,2933.0,6.0,2.0
65220,45,3,105,80,18,90.41974537037036,41,1132.0,13.0,5.0
65222,0,0,28,20,8,755.191261574074,8,651.0,1.0,2.0
65233,0,0,15,11,6,436.9947569444444,14,384.0,7.0,2.0
65243,0,0,36,28,9,193.03413194444445,9,389.0,2.0,5.0
65270,0,0,1,1,2,153.12336805555557,1,1143.0,2.0,2.0
65277,0,0,36,26,9,87.95939814814815,64,105.0,38.0,2.0
65371,0,0,6,4,4,89.1645949074074,3,1462.0,4.0,2.0
65493,4,0,6,4,5,2744.243715277778,7,1462.0,4.0,2.0
65521,184,28,253,178,31,7923.169305555555,127,988.0,12.0,4.0
65608,0,0,10,9,5,105.23681712962964,11,261.0,7.0,4.0
65633,3,0,3,2,4,2167.986701388889,3,1671.0,1.0,2.0
65634,0,0,6,5,4,56.34048611111111,4,1670.0,2.0,1.0
65661,0,0,10,9,5,142.69467592592594,8,1836.0,3.0,6.0
65687,0,0,55,43,11,14.155405092592591,20,674.0,10.0,5.0
65690,0,0,6,6,4,230.8602199074074,3,991.0,1.0,2.0
65747,8,0,28,25,9,51.08197916666666,24,630.0,12.0,2.0
65775,80,10,120,91,21,2911.148067129629,45,0.0,9.0,4.0
65802,4,0,6,4,5,32.950625,9,1835.0,4.0,5.0
65861,0,0,3,2,3,54.39609953703704,2,1671.0,1.0,2.0
65862,20,1,45,26,12,698.438738425926,25,1369.0,13.0,2.0
65875,0,0,28,10,8,1134.218773148148,9,920.0,1.0,2.0
65878,6,0,15,14,7,54.91563657407407,19,1144.0,6.0,4.0
65919,0,0,3,3,3,116.42225694444444,2,801.0,5.0,4.0
65921,36,3,66,44,15,144.64511574074075,36,651.0,1.0,2.0
65943,0,0,28,25,8,115.79197916666666,19,911.0,10.0,2.0
65951,7,0,21,15,8,852.2685185185185,10,307.0,3.0,2.0
66015,220,55,190,109,31,759.7836342592593,75,1835.0,4.0,4.0
66040,2,0,1,0,3,53.18228009259259,3,1670.0,2.0,2.0
66139,0,0,15,11,6,581.9914004629629,7,1144.0,1.0,2.0
66170,8,1,6,6,6,7422.063761574074,6,328.0,0.0,2.0
66205,4,0,6,6,5,115.18324074074074,6,1839.0,0.0,5.0
66212,0,0,10,10,5,18.11083333333333,6,915.0,6.0,2.0
66238,0,0,6,6,4,913.8831018518518,5,1403.0,3.0,2.0
66278,0,0,10,7,5,14.300023148148147,7,449.0,3.0,2.0
66334,0,0,136,96,17,114.20501157407408,45,459.0,20.0,2.0
66399,7,0,21,9,8,359.4757407407407,11,1146.0,4.0,2.0
66424,0,0,3,3,3,25.087372685185183,2,2933.0,6.0,2.0
66472,12,6,3,0,7,7968.060590277778,13,,0.0,3.0
66519,70,10,91,58,19,2580.3108564814816,30,182.0,6.0,2.0
66533,0,0,10,10,5,103.08846064814814,6,981.0,11.0,2.0
66550,4,0,6,5,5,28.86400462962963,4,991.0,1.0,5.0
66597,0,0,78,67,13,417.0764930555556,60,2261.0,23.0,2.0
66611,0,0,6,6,4,489.5970138888889,7,1141.0,4.0,2.0
66619,20,1,45,30,12,6671.765706018518,56,2919.0,20.0,3.0
66729,0,0,6,6,4,17.69354166666667,6,324.0,4.0,2.0
66742,8,0,28,23,9,137.8170601851852,14,650.0,2.0,4.0
66748,0,0,78,62,13,562.7964814814815,24,919.0,10.0,5.0
66816,8,0,28,19,9,7919.371666666667,14,,0.0,4.0
66819,0,0,10,10,5,689.3163425925926,7,920.0,1.0,2.0
66873,6,0,15,11,7,570.7941435185185,12,1132.0,13.0,2.0
66907,36,3,66,39,15,608.1207407407408,36,915.0,6.0,2.0
66908,0,0,28,21,8,687.6990046296296,15,1374.0,8.0,2.0
66920,0,0,15,14,6,88.20252314814815,10,472.0,7.0,2.0
67126,0,0,1,0,2,6.498333333333333,1,452.0,0.0,2.0
67127,1755,351,2080,1123,92,7537.101423611111,245,121.0,8.0,3.0
67183,0,0,3,3,3,1.2003587962962965,2,1144.0,1.0,4.0
67325,0,0,15,9,6,111.31903935185186,5,1144.0,1.0,5.0
67368,0,0,28,18,8,103.9208101851852,7,381.0,10.0,2.0
67387,0,0,10,10,5,371.7956134259259,6,919.0,2.0,3.0
67404,0,0,78,47,13,273.6927199074074,13,1153.0,1.0,2.0
67423,0,0,10,9,5,159.4514699074074,12,985.0,7.0,3.0
67467,0,0,1,1,2,0.2431944444444444,2,1016.0,5.0,2.0
67478,0,0,55,49,11,80.39108796296296,33,2378.0,14.0,2.0
67490,0,0,6,6,4,94.06337962962964,3,476.0,3.0,2.0
67509,0,0,6,2,4,34.828460648148145,6,1150.0,0.0,5.0
67577,0,0,10,8,5,19.322685185185183,5,450.0,2.0,2.0
67688,0,0,10,10,5,84.31299768518518,6,477.0,2.0,2.0
67699,0,0,45,22,10,35.06899305555555,41,433.0,28.0,4.0
67713,0,0,6,5,4,163.9180324074074,4,1758.0,1.0,2.0
67752,78,3,325,179,29,3063.7521064814814,126,5400.0,44.0,4.0
67786,0,0,6,2,4,1.1201967592592592,4,1839.0,0.0,2.0
67876,0,0,6,6,4,56.66693287037037,9,445.0,7.0,2.0
67879,10,0,45,42,11,91.80651620370372,32,761.0,7.0,5.0
67900,0,0,15,14,6,65.1392824074074,9,1402.0,4.0,5.0
67913,8,0,28,19,9,569.5446180555556,29,183.0,26.0,2.0
67933,5,0,10,10,6,64.66092592592592,16,2889.0,9.0,2.0
67961,0,0,10,6,5,56.07880787037037,5,451.0,1.0,2.0
67970,0,0,6,6,4,82.40109953703704,3,476.0,3.0,2.0
68010,0,0,10,10,5,35.04456018518518,10,1146.0,4.0,2.0
68012,0,0,36,20,9,138.58545138888888,17,1142.0,8.0,2.0
68022,39,3,78,53,16,1250.8808564814815,90,143.0,13.0,6.0
68043,0,0,21,17,7,476.97439814814817,6,2897.0,1.0,2.0
68076,4,0,6,5,5,98.85887731481482,13,2893.0,5.0,5.0
68169,0,0,21,21,7,125.22368055555556,6,656.0,4.0,2.0
68187,0,0,10,8,5,95.7637037037037,7,798.0,8.0,4.0
68190,0,0,6,6,4,88.1557175925926,3,474.0,5.0,2.0
68215,270,45,351,182,37,1215.6161921296296,78,1744.0,15.0,2.0
68225,0,0,6,6,4,81.08052083333334,4,475.0,4.0,2.0
68269,0,0,0,0,1,2719.344259259259,0,1460.0,6.0,2.0
68321,65,10,78,56,18,132.9969212962963,53,1139.0,11.0,4.0
68502,18,3,15,11,9,2260.9744097222224,11,2938.0,1.0,2.0
68570,18,1,36,35,11,849.7569907407408,15,373.0,22.0,2.0
68581,0,0,21,21,7,86.05287037037037,30,974.0,18.0,5.0
68594,0,0,21,18,7,85.06052083333333,8,471.0,8.0,2.0
68595,8,0,28,19,9,373.2276273148148,12,671.0,2.0,4.0
68617,0,0,3,3,3,14.03111111111111,2,474.0,5.0,6.0
68649,0,0,6,6,4,98.75340277777778,4,920.0,1.0,2.0
68651,0,0,10,9,5,474.3310648148148,7,33.0,13.0,1.0
68681,0,0,10,4,5,1.0060185185185184,10,1406.0,0.0,6.0
68702,640,190,496,165,52,5691.734699074074,227,7.0,46.0,2.0
68720,0,0,28,23,8,98.17216435185183,41,455.0,24.0,2.0
68756,0,0,45,42,10,72.60633101851852,38,2875.0,23.0,6.0
68796,272,120,136,96,33,4366.3057407407405,142,18.0,43.0,4.0
68821,0,0,171,127,19,123.82133101851852,68,463.0,27.0,4.0
68841,29,0,406,292,30,1621.9190625,127,2234.0,50.0,4.0
68869,2,0,1,1,3,118.90622685185186,9,138.0,6.0,2.0
68907,12,1,15,13,8,272.1676967592593,15,2.0,9.0,4.0
68908,0,0,6,6,4,287.4829050925926,4,655.0,5.0,2.0
68934,3,0,3,3,4,82.39091435185185,5,989.0,3.0,2.0
68942,0,0,45,38,10,74.21590277777777,21,985.0,7.0,6.0
68972,0,0,36,28,9,6650.942268518518,17,81.0,4.0,3.0
69146,0,0,6,6,4,14.085092592592591,9,2386.0,6.0,2.0
69167,48,3,120,75,19,332.7104861111111,84,740.0,28.0,2.0
69230,1008,630,378,132,64,5888.107199074074,246,0.0,5.0,2.0
69258,18,1,36,25,11,124.789375,18,679.0,5.0,5.0
69260,4,0,6,6,5,668.1182291666667,7,919.0,2.0,2.0
69289,0,0,3,3,3,5.357314814814814,4,449.0,3.0,2.0
69296,0,0,10,7,5,186.1102546296296,8,1668.0,4.0,5.0
69315,0,0,3,3,3,0.4812847222222222,2,447.0,5.0,2.0
69346,0,0,15,15,6,32.12518518518519,8,2382.0,10.0,2.0
69453,0,0,28,25,8,91.77314814814817,23,309.0,11.0,2.0
69455,0,0,36,32,9,86.8073611111111,33,211.0,7.0,4.0
69457,9,0,36,20,10,1507.3616319444443,19,262.0,6.0,2.0
69461,0,0,10,8,5,162.5899537037037,6,256.0,2.0,2.0
69504,15,0,105,51,16,6646.187939814815,25,1152.0,2.0,4.0
69565,0,0,36,36,9,756.6467361111111,13,189.0,3.0,2.0
69687,1749,1378,528,171,86,8258.705277777777,185,0.0,5.0,
69719,72,6,153,77,22,386.7212152777778,40,2889.0,9.0,2.0
69736,0,0,15,15,6,265.62888888888887,17,1832.0,7.0,4.0
69763,0,0,3,3,3,1.8960416666666664,3,142.0,5.0,2.0
69773,3,0,3,3,4,138.5849537037037,6,1404.0,2.0,2.0
69778,0,0,6,5,4,89.57491898148149,4,1404.0,2.0,2.0
69785,32,1,120,86,18,994.7271875,62,473.0,17.0,5.0
69787,176,55,120,49,27,5366.134247685185,78,2378.0,14.0,2.0
69828,0,0,10,10,5,82.15303240740741,5,987.0,5.0,2.0
69836,0,0,10,10,5,464.7264236111111,15,1138.0,7.0,5.0
69839,0,0,10,10,5,319.2208796296296,9,208.0,0.0,2.0
69872,0,0,3,3,3,88.02915509259259,3,440.0,12.0,2.0
69873,3,0,3,3,4,264.0699652777778,7,2934.0,5.0,2.0
69907,0,0,0,0,1,0.0198148148148148,0,449.0,3.0,2.0
69917,0,0,3,3,3,13.0078125,4,1381.0,1.0,2.0
69918,0,0,3,3,3,75.84024305555556,2,388.0,3.0,2.0
69940,0,0,3,2,3,0.765462962962963,5,448.0,4.0,2.0
69941,0,0,6,5,4,0.7698263888888889,5,449.0,3.0,2.0
70030,294,21,861,522,49,6068.1679745370375,118,307.0,3.0,4.0
70075,0,0,0,0,1,38.77693287037037,0,447.0,5.0,2.0
70077,0,0,0,0,1,38.767291666666665,0,445.0,7.0,2.0
70078,0,0,0,0,1,38.76393518518518,0,446.0,6.0,2.0
70141,92,6,253,178,27,655.7879861111111,55,651.0,1.0,3.0
70142,0,0,0,0,1,37.554965277777775,0,445.0,7.0,2.0
70154,15,3,10,10,8,1453.1169791666666,18,129.0,4.0,3.0
70161,0,0,6,2,4,148.13372685185186,16,119.0,4.0,2.0
70181,10,0,45,23,11,158.6912037037037,17,9.0,6.0,2.0
70207,14,1,21,17,9,128.9717824074074,10,997.0,3.0,2.0
70219,5,0,10,10,6,597.1861342592592,15,2276.0,8.0,2.0
70223,0,0,15,13,6,597.1780671296297,8,403.0,4.0,2.0
70224,0,0,55,52,11,70.98005787037037,38,111.0,16.0,2.0
70228,0,0,15,15,6,129.2260648148148,13,200.0,9.0,2.0
70243,0,0,10,10,5,115.989375,5,908.0,12.0,2.0
70258,0,0,36,32,9,213.07438657407408,22,1398.0,8.0,5.0
70274,0,0,45,34,10,2198.7603587962963,22,447.0,9.0,3.0
70280,0,0,3,3,3,49.54640046296296,4,1837.0,2.0,2.0
70337,0,0,1,1,2,35.87244212962963,4,448.0,4.0,2.0
70346,7,0,21,20,8,9.945694444444444,14,1141.0,4.0,5.0
70375,0,0,6,5,4,78.0484375,6,1142.0,3.0,2.0
70379,0,0,10,10,5,127.8192476851852,8,655.0,5.0,2.0
70380,0,0,21,21,7,127.81736111111113,15,651.0,9.0,2.0
70382,0,0,21,18,7,84.17496527777777,41,367.0,27.0,2.0
70429,6,0,15,5,7,85.6694675925926,20,2888.0,10.0,2.0
70478,133,21,171,107,26,562.9790972222222,82,122.0,27.0,2.0
70481,0,0,15,15,6,70.2773611111111,6,389.0,2.0,2.0
70484,0,0,120,92,16,6638.130497685185,42,2274.0,10.0,4.0
70572,0,0,21,17,7,28.297962962962963,10,638.0,4.0,5.0
70580,6,1,3,3,5,117.27756944444444,11,1139.0,6.0,2.0
70613,6,0,15,13,7,614.003287037037,11,1755.0,4.0,2.0
70656,0,0,6,1,4,200.51796296296297,8,6.0,6.0,2.0
70686,0,0,15,15,6,41.224328703703705,16,2891.0,7.0,2.0
70714,17,0,136,94,18,695.9832523148148,79,629.0,31.0,5.0
70715,0,0,15,14,6,163.8619212962963,20,649.0,11.0,4.0
70736,0,0,15,12,6,73.6742824074074,8,403.0,4.0,2.0
70740,0,0,10,8,5,46.644641203703706,7,448.0,4.0,2.0
70765,6,0,15,8,7,6815.818125,18,2.0,5.0,2.0
70812,180,36,190,106,29,6634.953611111111,39,2278.0,6.0,2.0
70820,18,1,36,29,11,1666.6790625,21,1755.0,4.0,2.0
70874,0,0,10,10,5,3076.6450925925924,8,1183.0,5.0,2.0
70929,0,0,6,6,4,4.072974537037037,3,1377.0,5.0,2.0
70977,0,0,15,9,6,80.65109953703704,6,57.0,2.0,2.0
70987,5,0,10,7,6,62.60987268518519,8,477.0,2.0,2.0
70996,0,0,10,7,5,17.858194444444443,4,928.0,1.0,3.0
71014,8,0,28,21,9,62.52706018518519,19,469.0,10.0,2.0
71029,0,0,6,4,4,286.1349652777778,7,918.0,3.0,4.0
71054,0,0,10,7,5,66.04089120370371,7,1797.0,3.0,2.0
71058,0,0,6,6,4,64.14341435185185,4,1798.0,2.0,2.0
71059,0,0,6,6,4,64.13918981481481,4,1798.0,2.0,2.0
71060,0,0,6,6,4,63.95836805555555,6,1143.0,2.0,2.0
71102,0,0,6,6,4,870.921875,3,459.0,2.0,2.0
71142,0,0,1,1,2,66.22636574074075,2,1757.0,2.0,2.0
71283,9,0,36,35,10,144.44699074074074,15,646.0,6.0,2.0
71309,0,0,15,8,6,1.1112268518518518,14,1375.0,7.0,6.0
71310,2,0,1,0,3,5.5047800925925925,5,1668.0,4.0,2.0
71333,0,0,6,6,4,70.97967592592593,7,1796.0,4.0,2.0
71334,0,0,6,6,4,70.98237268518518,7,1796.0,4.0,2.0
71378,0,0,1,0,2,5.2228125,2,1670.0,2.0,2.0
71401,0,0,15,12,6,182.7371875,8,1378.0,4.0,2.0
71436,0,0,6,6,4,60.40297453703704,3,267.0,1.0,2.0
71468,0,0,6,5,4,5.040277777777778,4,1664.0,8.0,2.0
71483,0,0,0,0,1,64.14935185185185,0,1754.0,5.0,2.0
71511,0,0,6,6,4,648.377199074074,7,1377.0,5.0,2.0
71549,0,0,21,16,7,268.6958564814815,26,1664.0,8.0,2.0
71556,0,0,6,6,4,4689.101793981482,4,1143.0,2.0,2.0
71565,4,0,6,2,5,344.3979282407407,8,826.0,4.0,2.0
71569,0,0,28,13,8,3359.9625810185184,11,2936.0,3.0,2.0
71575,2,0,1,0,3,3.380138888888889,3,1670.0,2.0,5.0
71628,0,0,3,3,3,57.20519675925926,2,475.0,4.0,2.0
71660,0,0,15,15,6,646.0785763888889,10,1376.0,6.0,2.0
71661,9,0,36,34,10,1281.3663888888889,22,918.0,3.0,2.0
71684,0,0,6,6,4,49.318275462962966,5,476.0,3.0,2.0
71692,0,0,21,19,7,2.203171296296296,9,990.0,2.0,6.0
71705,60,1,435,309,32,2886.3835648148147,60,644.0,8.0,5.0
71751,0,0,15,9,6,57.1575,7,476.0,3.0,2.0
71756,0,0,10,10,5,57.13248842592593,4,259.0,9.0,2.0
71759,0,0,3,3,3,5.150405092592592,2,189.0,3.0,2.0
71832,45,3,105,78,18,562.1966203703704,36,2278.0,6.0,2.0
71836,11,0,55,39,12,8.278576388888888,24,648.0,4.0,6.0
71837,0,0,10,10,5,119.28719907407408,6,114.0,13.0,2.0
71871,0,0,3,3,3,644.346400462963,2,1375.0,7.0,2.0
71884,0,0,15,15,6,34.916238425925926,14,1832.0,7.0,4.0
71895,117,36,78,16,22,8607.654907407408,34,7.0,4.0,3.0
71923,0,0,10,10,5,76.59311342592592,7,1382.0,0.0,2.0
71947,9,0,36,33,10,643.7243055555556,16,918.0,3.0,2.0
71967,0,0,6,5,4,2.0428125,9,1376.0,6.0,6.0
71994,0,0,6,6,4,61.85283564814815,3,474.0,5.0,2.0
72009,0,0,21,18,7,197.7838773148148,7,990.0,2.0,2.0
72017,0,0,21,21,7,33.73997685185185,10,1837.0,2.0,4.0
72019,0,0,28,28,8,76.95127314814815,8,1837.0,2.0,2.0
72038,0,0,15,13,6,29.05736111111111,8,56.0,3.0,6.0
72052,5,0,10,10,6,244.49173611111112,12,1832.0,7.0,2.0
72054,0,0,36,32,9,390.8436226851852,15,2282.0,2.0,2.0
72055,0,0,3,3,3,4.617025462962963,6,2387.0,5.0,5.0
72069,0,0,36,28,9,123.38234953703704,33,987.0,13.0,5.0
72084,12,0,66,41,13,552.0990625,21,573.0,0.0,4.0
72111,0,0,66,50,12,340.2202893518519,28,27.0,4.0,2.0
72112,0,0,15,13,6,111.8367824074074,7,389.0,2.0,2.0
72236,0,0,6,6,4,242.79922453703705,4,2893.0,5.0,4.0
72244,0,0,6,3,4,38.87775462962963,8,1838.0,1.0,5.0
72272,0,0,0,0,1,159.88869212962962,0,1669.0,3.0,2.0
72280,0,0,3,3,3,95.93690972222224,3,1138.0,7.0,5.0
72491,6,0,15,15,7,56.97094907407408,15,987.0,5.0,2.0
72493,208,28,325,209,34,1868.8016203703703,84,1029.0,15.0,2.0
72502,0,0,3,1,3,52.35951388888889,2,920.0,1.0,2.0
72597,0,0,15,15,6,657.5936111111112,6,1153.0,1.0,2.0
72676,0,0,6,6,4,6.967743055555555,10,2892.0,6.0,5.0
72689,0,0,6,6,4,55.89446759259259,5,1799.0,1.0,2.0
72690,0,0,6,6,4,48.08517361111111,3,1799.0,1.0,2.0
72702,0,0,1,1,2,155.9985763888889,3,1669.0,3.0,2.0
72774,3,0,3,3,4,84.92299768518518,8,1140.0,5.0,2.0
72796,0,0,21,21,7,453.42815972222223,10,918.0,3.0,1.0
72836,0,0,3,3,3,47.304340277777776,2,473.0,6.0,2.0
72902,0,0,28,22,8,145.7713310185185,11,571.0,2.0,6.0
72906,19,0,171,143,20,371.8310069444444,84,654.0,19.0,4.0
72933,0,0,15,14,6,3068.52099537037,5,1179.0,9.0,2.0
72943,0,0,10,9,5,3059.5738078703703,5,1180.0,8.0,2.0
72946,0,0,21,18,7,3068.518564814815,16,593.0,1.0,2.0
72949,0,0,3,3,3,322.16962962962964,2,1184.0,4.0,2.0
72951,0,0,15,13,6,166.28078703703704,17,168.0,11.0,2.0
72953,0,0,6,6,4,3059.562465277778,3,1185.0,3.0,2.0
72954,0,0,3,3,3,153.8394675925926,2,1186.0,2.0,1.0
72956,0,0,6,6,4,3099.970127314815,3,1183.0,5.0,2.0
72957,0,0,6,4,4,3068.512199074074,3,1184.0,4.0,3.0
72960,0,0,3,3,3,375.0000115740741,2,1183.0,5.0,2.0
72961,0,0,3,3,3,3082.7579050925924,2,1182.0,6.0,1.0
73037,0,0,6,6,4,47.075462962962966,3,474.0,5.0,2.0
73071,0,0,10,10,5,21.104652777777776,5,1831.0,8.0,2.0
73082,0,0,1,1,2,2.3331828703703703,1,1255.0,0.0,2.0
73214,6,0,15,12,7,854.1329050925926,16,1.0,5.0,2.0
73225,0,0,36,17,9,24.974965277777777,31,318.0,2.0,5.0
73257,44,6,55,24,15,1214.7552199074073,23,1060.0,6.0,2.0
73289,0,0,15,14,6,235.58797453703704,14,1836.0,3.0,5.0
73292,0,0,10,10,5,206.9740625,22,591.0,13.0,2.0
73297,0,0,3,3,3,1.5600578703703705,2,448.0,4.0,2.0
73328,10,0,45,33,11,141.1972685185185,21,680.0,4.0,2.0
73339,0,0,1,1,2,3.3452314814814814,1,189.0,3.0,2.0
73370,0,0,6,3,4,150.34952546296296,4,1143.0,2.0,2.0
73382,0,0,91,72,14,341.2774074074074,48,2352.0,40.0,2.0
73383,0,0,6,6,4,66.10980324074075,3,2386.0,6.0,2.0
73387,7,0,21,21,8,7185.588715277778,8,423.0,2.0,1.0
73406,0,0,21,21,7,65.81197916666666,14,2384.0,8.0,3.0
73428,0,0,6,6,4,52.561145833333335,4,1838.0,1.0,2.0
73430,0,0,6,6,4,233.2667361111111,4,1837.0,2.0,2.0
73433,0,0,15,15,6,336.1638425925926,16,173.0,6.0,2.0
73436,0,0,3,3,3,148.1159375,5,1835.0,4.0,2.0
73447,0,0,10,7,5,86.8372337962963,6,1144.0,1.0,4.0
73502,0,0,21,13,7,1668.0049537037037,13,590.0,4.0,6.0
73547,0,0,10,10,5,55.804965277777775,12,1144.0,6.0,5.0
73548,0,0,36,24,9,434.09672453703706,13,919.0,1.0,3.0
73558,6,1,3,3,5,51.72074074074074,8,1839.0,0.0,5.0
73652,4,0,6,4,5,149.05564814814815,5,1670.0,2.0,2.0
73679,0,0,10,9,5,630.374849537037,9,1376.0,6.0,3.0
73680,0,0,3,3,3,96.30288194444444,2,1671.0,1.0,4.0
73690,0,0,21,21,7,75.93354166666667,12,985.0,7.0,2.0
73712,936,153,1326,500,70,8286.204560185186,155,27.0,17.0,4.0
73725,0,0,171,154,19,461.83280092592594,44,124.0,3.0,4.0
73767,0,0,1,1,2,148.39128472222222,3,1669.0,3.0,2.0
73786,0,0,28,14,8,6.930868055555556,14,432.0,20.0,2.0
73818,16,6,6,6,8,1626.2036458333334,11,5439.0,5.0,2.0
73824,0,0,1,1,2,79.11828703703704,1,1141.0,4.0,4.0
73825,0,0,3,3,3,754.6889004629629,2,2391.0,1.0,2.0
73846,0,0,6,6,4,19.778622685185184,6,2889.0,9.0,2.0
73854,0,0,1,1,2,18.917256944444443,1,1837.0,2.0,2.0
73856,0,0,10,10,5,8.645023148148148,4,1831.0,8.0,2.0
73857,0,0,45,39,10,125.92935185185183,24,909.0,12.0,2.0
73874,0,0,10,10,5,167.92815972222223,6,1825.0,14.0,2.0
73884,0,0,120,101,16,6609.844560185185,55,461.0,29.0,2.0
73927,5,0,10,8,6,320.43539351851854,18,911.0,10.0,2.0
73951,0,0,28,28,8,67.39283564814815,18,647.0,13.0,2.0
73953,0,0,3,3,3,224.750625,8,1400.0,6.0,4.0
74024,0,0,1,1,2,146.10077546296296,1,1461.0,5.0,4.0
74120,0,0,6,6,4,126.42319444444443,3,656.0,4.0,2.0
74155,0,0,10,10,5,28.104907407407406,4,473.0,6.0,2.0
74164,0,0,1,1,2,93.3627662037037,2,1667.0,5.0,2.0
74198,0,0,6,2,4,1262.565532407407,3,137.0,6.0,2.0
74206,0,0,21,11,7,3953.225648148148,8,137.0,1.0,2.0
74229,0,0,3,1,3,429.9970023148149,5,1141.0,4.0,2.0
74244,54,1,351,246,29,383.0773148148148,49,496.0,5.0,2.0
74361,11,0,55,33,12,1842.7072222222223,13,683.0,1.0,1.0
74383,14,0,91,68,15,310.15069444444447,44,346.0,24.0,2.0
74408,0,0,1,1,2,143.11791666666667,2,1670.0,2.0,3.0
74413,0,0,6,6,4,52.02167824074074,3,2387.0,5.0,2.0
74420,0,0,10,9,5,43.14079861111111,6,989.0,3.0,2.0
74443,4,0,6,6,5,95.39873842592591,6,1669.0,3.0,2.0
74448,0,0,6,4,4,25.181296296296296,8,1400.0,6.0,2.0
74485,0,0,6,6,4,13.8690625,17,1824.0,15.0,2.0
74543,6,0,15,9,7,48.38423611111112,10,319.0,1.0,5.0
74589,0,0,6,4,4,94.45869212962964,6,1670.0,2.0,1.0
74618,0,0,3,3,3,37.73945601851852,5,2894.0,4.0,2.0
74666,0,0,6,6,4,511.81766203703705,3,1145.0,0.0,2.0
74744,0,0,10,7,5,224.0198032407408,4,1838.0,1.0,2.0
74789,0,0,6,6,4,8.003287037037037,3,2894.0,4.0,2.0
74801,0,0,15,15,6,27.06758101851852,12,801.0,5.0,2.0
74866,0,0,3,3,3,0.890474537037037,2,448.0,4.0,2.0
74927,0,0,21,21,7,354.85274305555555,7,105.0,0.0,2.0
74934,0,0,15,15,6,11.665694444444444,10,927.0,2.0,6.0
74938,33,3,55,41,14,174.69694444444443,37,753.0,15.0,2.0
75066,0,0,6,6,4,12.418425925925924,12,46.0,8.0,2.0
75081,8,1,6,3,6,493.7034722222222,13,126.0,9.0,2.0
75110,0,0,6,6,4,137.26686342592592,7,1140.0,5.0,2.0
75163,0,0,3,3,3,6.061678240740741,2,2936.0,3.0,2.0
75164,0,0,1,1,2,45.29694444444444,2,445.0,7.0,2.0
75169,0,0,6,5,4,34.535381944444445,14,441.0,11.0,3.0
75176,0,0,3,3,3,145.82185185185185,4,188.0,0.0,2.0
75201,0,0,21,21,7,135.52186342592591,13,121.0,2.0,2.0
75219,0,0,3,2,3,94.34828703703704,5,1141.0,4.0,2.0
75220,0,0,36,29,9,43.46907407407407,16,428.0,24.0,2.0
75226,0,0,3,2,3,83.57872685185185,4,1671.0,1.0,1.0
75232,12,1,15,12,8,3.487326388888889,13,190.0,2.0,2.0
75289,0,0,3,3,3,3.244629629629629,4,1140.0,5.0,4.0
75293,0,0,10,10,5,6.9671875,15,2891.0,7.0,4.0
75313,0,0,36,22,9,1154.2821064814814,11,683.0,1.0,2.0
75348,0,0,1,0,2,50.42059027777778,3,498.0,3.0,2.0
75538,0,0,15,12,6,342.21949074074075,13,981.0,11.0,2.0
75551,0,0,10,10,5,31.969722222222224,12,443.0,9.0,6.0
75556,0,0,21,16,7,6.0844907407407405,21,649.0,11.0,6.0
75570,0,0,10,6,5,35.47405092592592,11,,0.0,2.0
75582,0,0,21,21,7,69.41159722222223,15,2889.0,9.0,5.0
75682,0,0,6,6,4,57.45295138888889,4,1833.0,6.0,2.0
75695,0,0,36,19,9,7.384328703703703,14,642.0,0.0,4.0
75745,0,0,78,65,13,84.03679398148148,58,986.0,6.0,2.0
75746,0,0,105,66,15,8370.548796296296,18,,0.0,3.0
75805,0,0,21,5,7,450.8190740740741,8,652.0,0.0,4.0
75826,0,0,6,6,4,47.93275462962963,4,1831.0,8.0,2.0
75842,0,0,10,8,5,70.91887731481482,8,738.0,4.0,5.0
75847,54,3,153,93,21,4.687337962962963,65,536.0,11.0,6.0
75863,0,0,6,6,4,386.3848148148148,4,1404.0,2.0,2.0
75898,0,0,210,177,21,387.3568287037037,46,490.0,11.0,2.0
75927,320,190,120,55,36,8577.562372685185,74,402.0,23.0,2.0
75993,0,0,6,6,4,25.02942129629629,8,654.0,6.0,2.0
75996,0,0,6,6,4,25.05707175925926,7,655.0,5.0,2.0
76001,0,0,6,6,4,47.86702546296296,10,652.0,8.0,2.0
76034,0,0,10,8,5,30.32460648148148,7,988.0,4.0,4.0
76094,6,0,15,11,7,3472.751840277778,6,,0.0,3.0
76116,0,0,15,14,6,1.7669560185185185,6,1830.0,9.0,2.0
76173,0,0,1,1,2,187.6186805555556,3,1669.0,3.0,2.0
76176,14,1,21,18,9,1037.1328472222222,12,1672.0,0.0,3.0
76208,3,0,3,3,4,2.887476851851852,8,1144.0,6.0,5.0
76254,0,0,3,3,3,413.6712268518518,3,1143.0,2.0,2.0
76273,0,0,1,1,2,87.01186342592592,2,1143.0,2.0,2.0
76274,0,0,3,3,3,413.7850115740741,5,1142.0,3.0,2.0
76327,0,0,15,13,6,20.332453703703703,9,986.0,6.0,2.0
76356,0,0,6,6,4,43.16275462962963,3,1835.0,4.0,2.0
76384,0,0,3,3,3,7.319791666666666,2,1835.0,4.0,2.0
76456,0,0,55,51,11,301.7000462962963,17,640.0,2.0,2.0
76463,6,0,15,15,7,266.3519444444444,17,5436.0,8.0,5.0
76505,14,0,91,63,15,25.767291666666665,40,760.0,8.0,5.0
76594,0,0,6,6,4,375.9196064814815,5,1834.0,5.0,3.0
76605,7,0,21,21,8,328.7702662037037,9,671.0,2.0,2.0
76617,0,0,91,63,14,118.96672453703704,51,646.0,14.0,4.0
76621,144,15,276,191,30,6588.7390625,57,1148.0,6.0,4.0
76694,0,0,120,80,16,41.239525462962966,35,1141.0,9.0,2.0
76722,0,0,190,163,20,88.15552083333333,92,213.0,5.0,2.0
76730,0,0,21,10,7,27.112418981481483,12,474.0,5.0,2.0
76746,0,0,55,42,11,399.96447916666665,18,569.0,4.0,4.0
76771,0,0,15,13,6,34.98625,28,2878.0,20.0,5.0
76794,96,6,276,218,28,6554.111643518519,61,,0.0,2.0
76892,33,3,55,37,14,87.0054050925926,73,2879.0,19.0,2.0
76921,0,0,55,27,11,207.8414930555556,14,301.0,27.0,2.0
76932,0,0,15,15,6,26.81636574074074,24,2886.0,12.0,4.0
76979,0,0,3,2,3,277.4483564814815,2,1668.0,4.0,2.0
76983,0,0,6,6,4,277.4349305555556,9,1664.0,8.0,5.0
77032,0,0,6,6,4,307.2019560185185,8,1139.0,6.0,4.0
77069,0,0,15,14,6,460.78003472222224,10,668.0,5.0,2.0
77081,0,0,3,3,3,12.618668981481482,3,1667.0,5.0,2.0
77110,5,0,10,10,6,53.92640046296296,13,5435.0,9.0,2.0
77176,6,0,15,15,7,0.9811921296296297,31,990.0,2.0,6.0
77206,0,0,28,28,8,74.12900462962963,7,645.0,7.0,5.0
77221,7,0,21,9,8,512.2823148148149,24,56.0,1.0,4.0
77224,0,0,1,1,2,24.406400462962964,1,1839.0,0.0,4.0
77231,0,0,78,60,13,265.8428125,31,631.0,29.0,2.0
77234,5,0,10,9,6,57.99854166666667,16,2889.0,9.0,5.0
77256,0,0,28,27,8,102.05160879629628,31,459.0,20.0,5.0
77302,2,0,1,1,3,5460.313888888889,3,2896.0,2.0,5.0
77319,0,0,15,11,6,36.48605324074074,21,2887.0,11.0,5.0
77362,0,0,21,20,7,59.19071759259259,9,649.0,3.0,2.0
77467,0,0,15,12,6,21.840115740740742,9,655.0,5.0,2.0
77484,0,0,1,1,2,27.768391203703704,1,2897.0,1.0,5.0
77563,0,0,15,14,6,2852.057303240741,5,684.0,0.0,2.0
77572,3,0,3,3,4,28.111863425925925,7,,0.0,5.0
77583,7,0,21,16,8,83.26629629629629,19,642.0,0.0,2.0
77595,0,0,10,10,5,29.94957175925926,6,650.0,2.0,2.0
77603,0,0,45,42,10,169.03474537037036,33,2883.0,15.0,5.0
77604,0,0,6,5,4,49.13679398148148,6,1378.0,4.0,2.0
77626,0,0,1,1,2,356.9657060185185,2,919.0,2.0,2.0
77647,0,0,3,2,3,6581.846273148148,3,204.0,2.0,2.0
77648,0,0,28,26,8,6581.83962962963,29,187.0,19.0,2.0
77674,0,0,1,1,2,5.688298611111111,3,1379.0,3.0,2.0
77675,1188,153,2145,1035,84,1592.553738425926,274,642.0,42.0,2.0
77686,0,0,6,3,4,272.1677662037037,4,145.0,2.0,2.0
77774,0,0,15,15,6,47.94244212962963,10,736.0,6.0,2.0
77804,0,0,6,4,4,531.7354861111111,3,474.0,5.0,2.0
77806,84,15,91,48,20,7197.7070254629625,54,419.0,6.0,3.0
77807,0,0,3,3,3,7.916006944444445,3,1669.0,3.0,2.0
77906,5,0,10,10,6,531.0028587962963,19,315.0,5.0,2.0
77909,10,0,45,30,11,152.1181712962963,13,969.0,23.0,2.0
77937,0,0,6,6,4,181.21748842592592,3,1142.0,3.0,2.0
77968,0,0,21,19,7,82.16085648148149,13,1137.0,8.0,2.0
77969,0,0,15,12,6,775.8439583333334,16,,0.0,1.0
77999,56,21,28,17,15,5263.706006944444,60,6.0,25.0,2.0
78009,0,0,21,20,7,5.780671296296297,10,2893.0,5.0,2.0
78013,0,0,36,34,9,818.8112962962963,12,1398.0,8.0,2.0
78014,0,0,15,14,6,19.845358796296296,10,166.0,5.0,2.0
78017,1,0,0,0,2,3.68443287037037,1,642.0,0.0,4.0
78037,340,45,561,368,44,3568.207465277778,114,,0.0,2.0
78060,17,0,136,86,18,6578.930659722222,36,49.0,8.0,2.0
78071,9,0,36,28,10,307.8461921296296,22,667.0,6.0,2.0
78081,15,3,10,5,8,2135.599039351852,19,381.0,11.0,2.0
78116,4,0,6,5,5,7392.597268518519,5,81.0,2.0,2.0
78117,104,78,28,14,21,7836.514108796297,30,,0.0,2.0
78150,0,0,45,35,10,364.6540162037037,26,2855.0,43.0,2.0
78229,0,0,10,7,5,1401.7645486111112,9,331.0,0.0,2.0
78247,7,0,21,12,8,1060.2927546296296,16,920.0,1.0,2.0
78248,0,0,6,2,4,8352.391145833333,3,,0.0,3.0
78256,0,0,10,10,5,6576.961446759259,9,1150.0,4.0,4.0
78269,0,0,36,24,9,6576.929826388889,19,89.0,3.0,5.0
78272,0,0,28,26,8,6576.927129629629,9,2282.0,2.0,5.0
78341,0,0,55,49,11,90.3500462962963,16,1402.0,4.0,5.0
78365,10,0,45,42,11,216.3279050925926,19,163.0,8.0,2.0
78390,11,0,55,36,12,6576.132719907408,46,191.0,15.0,6.0
78396,4,0,6,6,5,6.060671296296296,6,989.0,3.0,2.0
78412,0,0,21,19,7,16.228194444444444,21,982.0,10.0,2.0
78414,14157,10153,4851,1237,242,5794.846064814815,683,453.0,4.0,4.0
78455,7,0,21,16,8,40.85024305555555,10,374.0,4.0,2.0
78474,4,0,6,3,5,715.9344675925926,16,42.0,4.0,1.0
78482,3,0,3,2,4,1.255162037037037,4,1150.0,0.0,4.0
78497,30,3,45,36,13,539.8782407407407,26,169.0,3.0,4.0
78498,5,0,10,10,6,379.4885300925926,13,647.0,13.0,2.0
78505,0,0,10,10,5,393.3184027777778,7,2892.0,6.0,2.0
78510,1518,231,2346,1232,91,1637.2895023148149,225,2350.0,42.0,3.0
78514,0,0,66,61,12,526.0511111111111,24,674.0,10.0,2.0
78555,0,0,0,0,1,2.302511574074074,0,452.0,0.0,5.0
78561,0,0,10,9,5,2.0177199074074075,11,472.0,7.0,6.0
78610,8,0,28,24,9,525.6652777777778,17,984.0,8.0,6.0
78651,0,0,36,30,9,55.44978009259259,11,2895.0,3.0,1.0
78658,0,0,1,1,2,4.7303125,3,449.0,3.0,1.0
78660,0,0,21,15,7,89.46141203703704,7,556.0,1.0,1.0
78661,0,0,10,10,5,182.90701388888888,8,925.0,4.0,1.0
78725,371,21,1378,738,60,8739.157002314814,127,566.0,7.0,6.0
78741,0,0,45,37,10,13.526238425925929,19,2890.0,8.0,6.0
78745,0,0,10,9,5,7.122118055555555,4,654.0,6.0,5.0
78749,0,0,21,15,7,291.36354166666666,13,917.0,4.0,2.0
78751,0,0,78,59,13,194.9841782407408,78,2864.0,34.0,2.0
78755,9,0,36,33,10,1340.0428472222222,9,1671.0,1.0,2.0
78765,140,10,378,256,33,707.2817476851852,70,1151.0,3.0,2.0
78824,0,0,10,6,5,4634.721840277778,8,114.0,13.0,3.0
78846,0,0,15,13,6,1162.4750231481482,6,2891.0,7.0,2.0
79041,0,0,15,9,6,522.8937037037037,11,993.0,7.0,2.0
79056,12,1,15,15,8,16.94667824074074,11,928.0,1.0,2.0
79168,5,0,10,5,6,84.18931712962963,5,652.0,0.0,1.0
79181,0,0,15,13,6,520.9258796296297,9,987.0,5.0,2.0
79195,0,0,3,3,3,9.928159722222222,3,2896.0,2.0,2.0
79311,8,0,28,19,9,29.89900462962963,33,1649.0,23.0,4.0
79322,0,0,1,1,2,107.69559027777778,2,1670.0,2.0,2.0
79324,0,0,1,1,2,0.8177893518518519,1,4.0,3.0,2.0
79381,6,0,15,10,7,83.45673611111111,7,652.0,0.0,2.0
79483,0,0,66,50,12,17.113506944444445,33,1.0,13.0,2.0
79609,0,0,10,10,5,355.80850694444445,6,2896.0,2.0,3.0
79706,4,0,6,6,5,41.58894675925926,10,1839.0,0.0,5.0
79731,0,0,55,33,11,0.7418402777777777,28,466.0,13.0,6.0
79743,0,0,3,3,3,3.424525462962963,2,1758.0,1.0,2.0
79785,0,0,10,6,5,21.213217592592592,5,1758.0,1.0,2.0
79858,5,0,10,5,6,2688.6747685185187,5,0.0,3.0,2.0
79872,0,0,21,21,7,13.119340277777775,19,2888.0,10.0,5.0
80045,2,0,1,1,3,6090.951967592592,6,175.0,4.0,2.0
80051,8,0,28,22,9,368.7354398148148,31,988.0,12.0,2.0
80083,0,0,21,17,7,372.3283796296296,13,1753.0,6.0,2.0
80105,15,0,105,94,16,42.915416666666665,74,1816.0,23.0,5.0
80125,10,0,45,20,11,772.0772916666666,16,1668.0,4.0,2.0
80136,0,0,6,3,4,76.73877314814816,3,684.0,0.0,2.0
80157,27,3,36,21,12,715.4042824074074,60,585.0,21.0,2.0
80183,9,0,36,29,10,215.86407407407407,39,160.0,19.0,6.0
80246,0,0,1,1,2,0.6676504629629629,1,1758.0,1.0,6.0
80250,4,0,6,4,5,33.609907407407405,7,1670.0,2.0,2.0
80280,6,0,15,12,7,7686.862835648149,7,211.0,1.0,3.0
80286,2,0,1,1,3,4.176388888888889,4,1670.0,2.0,2.0
80347,0,0,15,10,6,51.80579861111111,14,550.0,7.0,5.0
80589,0,0,21,20,7,204.2568287037037,12,1402.0,4.0,5.0
80638,0,0,15,13,6,514.5025115740741,9,995.0,5.0,2.0
80784,45,3,105,92,18,195.82288194444445,50,917.0,12.0,2.0
80847,0,0,10,7,5,15.226921296296297,4,924.0,5.0,5.0
80855,0,0,66,38,12,4204.796493055555,96,167.0,49.0,2.0
80902,6,0,15,6,7,21.457256944444445,16,77.0,7.0,6.0
80955,0,0,28,22,8,16.04261574074074,20,2891.0,7.0,2.0
80982,4,0,6,5,5,3.0591319444444443,4,1839.0,0.0,2.0
80993,0,0,3,1,3,22.260810185185186,6,1669.0,3.0,3.0
80996,0,0,10,7,5,14.975636574074072,8,647.0,5.0,5.0
81052,0,0,3,3,3,2.3677314814814814,3,2896.0,2.0,5.0
81061,0,0,45,33,10,273.81283564814817,30,910.0,11.0,2.0
81110,0,0,6,6,4,384.7993865740741,4,1143.0,2.0,5.0
81111,0,0,21,13,7,6.924930555555555,8,2892.0,6.0,2.0
81258,0,0,15,15,6,50.2078125,6,1374.0,8.0,2.0
81263,0,0,21,20,7,6.185300925925926,26,795.0,11.0,4.0
81308,0,0,36,28,9,204.96288194444443,18,916.0,4.0,6.0
81362,0,0,10,10,5,27.60247685185185,15,2891.0,7.0,2.0
81374,0,0,10,10,5,0.648449074074074,7,,0.0,5.0
81398,0,0,15,12,6,237.38079861111112,21,1143.0,11.0,2.0
81565,0,0,10,7,5,3002.6048958333336,10,1181.0,7.0,3.0
81575,0,0,10,10,5,579.0966203703704,7,320.0,8.0,2.0
81597,0,0,6,3,4,14.560775462962964,4,1839.0,0.0,5.0
81613,3,0,3,1,4,32.68971064814815,4,1839.0,0.0,2.0
81653,165,55,105,53,26,3138.226736111111,40,174.0,57.0,2.0
81654,0,0,6,6,4,514.1495833333333,3,1839.0,0.0,2.0
81659,0,0,78,59,13,77.99151620370371,64,116.0,11.0,5.0
81708,0,0,15,8,6,52.97215277777778,10,206.0,3.0,2.0
81727,16,0,120,118,17,326.63837962962964,41,1149.0,5.0,4.0
81796,7,0,21,20,8,508.9073958333333,18,469.0,10.0,2.0
81808,0,0,15,15,6,508.8588657407407,5,469.0,10.0,2.0
81840,0,0,3,1,3,238.31208333333333,2,1669.0,3.0,2.0
81865,2,0,1,1,3,44.321863425925926,3,1757.0,2.0,2.0
81978,0,0,6,6,4,1212.9488078703705,3,1672.0,0.0,2.0
81980,52,1,325,169,28,6558.999953703704,58,,0.0,2.0
81986,0,0,10,10,5,102.07583333333334,5,987.0,5.0,2.0
82090,3,0,3,3,4,0.2218055555555555,3,1839.0,0.0,4.0
82123,0,0,55,45,11,506.0667592592592,17,1149.0,5.0,2.0
82139,12,1,15,15,8,5094.218888888889,11,917.0,3.0,2.0
82141,0,0,325,185,26,183.38539351851853,71,24.0,1.0,5.0
82149,0,0,6,4,4,28.12601851851852,8,1839.0,0.0,4.0
82208,0,0,10,10,5,13.231006944444443,6,123.0,0.0,2.0
82277,0,0,3,3,3,574.268125,3,1380.0,2.0,2.0
82294,0,0,0,0,1,2616.4943865740743,0,1459.0,7.0,2.0
82301,18,3,15,10,9,4338.457581018519,24,0.0,8.0,2.0
82339,6,0,15,7,7,392.3502314814815,14,980.0,12.0,2.0
82368,0,0,15,14,6,7.201516203703704,14,385.0,6.0,5.0
82415,0,0,15,15,6,15.871585648148148,20,,0.0,5.0
82439,7,0,21,16,8,482.14375,12,826.0,4.0,2.0
82444,0,0,6,6,4,174.82660879629628,4,1839.0,0.0,5.0
82445,0,0,10,10,5,174.82383101851852,8,305.0,11.0,5.0
82462,0,0,1,1,2,244.60363425925925,1,1669.0,3.0,2.0
82510,2,0,1,1,3,2615.430127314815,2,1461.0,5.0,2.0
82569,0,0,21,18,7,84.34820601851852,16,677.0,7.0,5.0
82606,0,0,6,5,4,413.1092708333333,7,1839.0,0.0,3.0
82634,6,0,15,10,7,558.1467361111111,14,205.0,3.0,2.0
82663,0,0,15,15,6,24.74848379629629,17,297.0,10.0,2.0
82684,0,0,3,3,3,243.25560185185185,2,1671.0,1.0,5.0
82709,0,0,15,14,6,503.1030671296296,9,988.0,4.0,4.0
82711,280,91,190,101,34,7093.140601851852,97,0.0,10.0,2.0
82724,0,0,1,1,2,75.06984953703704,2,992.0,0.0,6.0
82803,0,0,6,6,4,45.83351851851852,5,265.0,3.0,2.0
82820,0,0,3,3,3,65.8932638888889,2,682.0,2.0,2.0
82980,7,0,21,15,8,170.50224537037036,11,1834.0,5.0,2.0
83004,3,0,3,3,4,788.5004861111111,4,1404.0,2.0,2.0
83041,18,3,15,11,9,273.84215277777776,11,652.0,0.0,2.0
83065,9,0,36,26,10,76.74118055555556,30,1132.0,18.0,4.0
83155,0,0,21,15,7,87.10274305555555,15,2890.0,8.0,5.0
83159,0,0,66,62,12,170.11925925925925,40,2880.0,18.0,2.0
83169,0,0,6,6,4,439.9673726851852,4,2896.0,2.0,2.0
83183,0,0,15,15,6,22.74774305555556,9,2885.0,13.0,4.0
83189,0,0,28,25,8,439.9063194444444,15,1834.0,5.0,2.0
83238,6,0,15,13,7,652.633275462963,7,319.0,1.0,1.0
83336,0,0,10,8,5,497.9172222222222,8,987.0,5.0,4.0
83393,6,0,15,15,7,497.7386342592592,18,403.0,13.0,2.0
83394,0,0,28,22,8,28.07773148148148,15,598.0,6.0,2.0
83417,0,0,15,10,6,19.91490740740741,6,80.0,5.0,2.0
83490,0,0,3,3,3,565.6116319444444,2,1376.0,6.0,2.0
83496,0,0,45,38,10,3001.7785069444444,26,1000.0,0.0,2.0
83556,0,0,10,6,5,62.95984953703704,4,1141.0,4.0,2.0
83566,0,0,28,21,8,158.16554398148148,10,1152.0,2.0,2.0
83568,0,0,6,3,4,321.14270833333336,7,476.0,3.0,2.0
83575,0,0,28,24,8,155.00966435185185,11,1151.0,3.0,4.0
83576,30,3,45,37,13,6463.452858796296,18,672.0,1.0,4.0
83588,0,0,78,59,13,39.05021990740741,24,200.0,6.0,2.0
83632,192,15,496,282,38,1654.9560416666666,58,116.0,7.0,2.0
83699,0,0,6,4,4,804.6411689814814,5,1670.0,2.0,2.0
83703,0,0,1,1,2,12.009108796296296,1,2897.0,1.0,4.0
83754,172,6,903,575,47,2298.6490625,123,,0.0,2.0
83774,0,0,153,79,18,667.7503935185185,85,5393.0,51.0,2.0
83810,14,0,91,55,15,38.26788194444445,21,647.0,5.0,5.0
83811,1,0,0,0,2,7405.806840277778,1,218.0,4.0,2.0
84024,0,0,36,35,9,3.964085648148148,17,988.0,4.0,6.0
84028,8,0,28,21,9,7093.845185185185,14,15.0,3.0,2.0
84034,4,0,6,6,5,492.799675925926,9,986.0,6.0,2.0
84160,0,0,15,15,6,21.956828703703703,20,,0.0,2.0
84239,0,0,3,3,3,94.18576388888889,3,999.0,1.0,2.0
84240,0,0,6,4,4,118.1728587962963,8,994.0,6.0,2.0
84242,7,0,21,15,8,692.8273726851852,47,115.0,23.0,4.0
84332,0,0,36,33,9,13.446828703703703,23,1829.0,10.0,5.0
84472,0,0,36,36,9,223.66986111111112,34,823.0,7.0,2.0
84491,6,0,15,6,7,225.0734837962963,13,216.0,2.0,2.0
84499,0,0,15,15,6,15.006574074074074,10,1145.0,5.0,5.0
84525,0,0,10,9,5,84.1975,10,1140.0,5.0,4.0
84556,0,0,6,6,4,32.84506944444445,5,265.0,3.0,4.0
84568,0,0,36,33,9,430.7582523148148,24,381.0,14.0,4.0
84625,0,0,6,4,4,183.73024305555555,6,1141.0,4.0,4.0
84681,0,0,36,28,9,335.3656365740741,22,2888.0,10.0,4.0
84854,7,0,21,13,8,362.667974537037,14,1140.0,5.0,6.0
84880,0,0,21,19,7,362.4501851851852,13,1138.0,7.0,2.0
85146,0,0,10,10,5,2.552465277777778,4,1839.0,0.0,2.0
85217,6,1,3,3,5,140.2579513888889,11,1150.0,4.0,2.0
85231,0,0,66,48,12,56.02296296296296,27,333.0,7.0,5.0
85271,0,0,21,18,7,6.552453703703704,14,416.0,36.0,2.0
85286,0,0,231,146,22,277.0168287037037,56,671.0,2.0,4.0
85295,0,0,10,10,5,155.83703703703705,4,996.0,4.0,2.0
85334,0,0,105,91,15,27.660520833333333,73,2857.0,41.0,5.0
85364,0,0,1,1,2,0.9951967592592592,2,1380.0,2.0,1.0
85381,8,0,28,22,9,4595.415104166666,14,826.0,4.0,2.0
85486,2,0,1,1,3,484.86488425925927,3,10.0,2.0,2.0
85498,5,0,10,4,6,7977.641597222222,6,211.0,1.0,3.0
85526,0,0,3,3,3,1.8287847222222224,3,1838.0,1.0,2.0
85529,0,0,21,21,7,28.821909722222223,22,1132.0,13.0,5.0
85539,6,0,15,15,7,425.86415509259257,10,,0.0,2.0
85547,0,0,36,33,9,28.77672453703704,18,1139.0,6.0,2.0
85572,0,0,10,8,5,6.777673611111111,7,1669.0,3.0,2.0
85573,0,0,6,5,4,71.72,8,481.0,4.0,2.0
85602,5,0,10,8,6,145.7409722222222,5,1151.0,3.0,2.0
85606,0,0,15,13,6,224.2294328703704,7,1670.0,2.0,2.0
85634,0,0,1,1,2,399.8394328703704,2,1670.0,2.0,2.0
85636,0,0,1,1,2,105.91085648148147,1,1671.0,1.0,2.0
85670,0,0,3,3,3,1.0881828703703704,2,1838.0,1.0,5.0
85686,441,210,210,88,42,8699.191087962963,70,2.0,11.0,3.0
85701,0,0,120,93,16,110.26561342592592,38,756.0,12.0,5.0
85958,30,1,105,33,17,424.0672916666667,46,13.0,10.0,5.0
85968,5,0,10,9,6,14.247939814814815,10,1667.0,5.0,2.0
86032,0,0,21,17,7,182.45976851851853,12,1668.0,4.0,2.0
86193,704,55,2016,879,75,1114.2745949074074,147,544.0,12.0,2.0
86210,7,0,21,14,8,151.30560185185186,10,1837.0,2.0,3.0
86282,0,0,10,9,5,452.7959490740741,5,651.0,1.0,2.0
86358,0,0,3,1,3,94.65092592592592,4,1142.0,3.0,2.0
86400,45,3,105,29,18,6502.82099537037,48,17.0,11.0,1.0
86418,0,0,10,3,5,98.18961805555556,6,1142.0,3.0,2.0
86419,0,0,3,3,3,767.2437847222222,2,1403.0,3.0,2.0
86435,6,0,15,11,7,1700.9450925925926,8,,0.0,2.0
86468,15,0,105,61,16,800.4459490740741,24,652.0,0.0,2.0
86481,2,0,1,0,3,119.23747685185184,3,16.0,2.0,4.0
86526,0,0,21,20,7,732.9954861111111,14,1667.0,5.0,2.0
86568,6,0,15,13,7,2589.397546296296,8,1463.0,3.0,2.0
86572,3,0,3,3,4,478.5044212962963,4,320.0,0.0,2.0
86641,0,0,15,9,6,41.33028935185185,8,652.0,0.0,2.0
86642,0,0,78,69,13,78.36759259259259,41,1828.0,11.0,5.0
86645,0,0,28,23,8,77.95413194444444,29,760.0,8.0,5.0
86716,0,0,0,0,1,35.10112268518518,0,1839.0,0.0,2.0
86745,0,0,1,1,2,1.9472800925925928,1,1153.0,1.0,2.0
86752,0,0,6,6,4,62.08836805555556,6,264.0,4.0,2.0
86755,0,0,15,9,6,765.9965393518519,14,1397.0,9.0,2.0
86771,0,0,3,3,3,418.8623611111111,3,2896.0,2.0,2.0
86774,0,0,21,16,7,2.9246412037037035,13,2892.0,6.0,5.0
86845,520,190,325,141,46,5948.582766203704,103,52.0,10.0,2.0
86947,0,0,36,24,9,127.11505787037036,24,2888.0,51.0,4.0
86952,0,0,10,7,5,7427.669236111111,4,,0.0,4.0
87018,8,1,6,5,6,259.02708333333334,10,1043.0,1.0,2.0
87112,0,0,45,35,10,19.31341435185185,26,2886.0,12.0,5.0
87143,0,0,6,6,4,125.22806712962964,4,266.0,2.0,2.0
87226,0,0,1,1,2,416.7614351851852,1,2896.0,2.0,4.0
87228,3,0,3,3,4,159.8992824074074,3,2896.0,2.0,2.0
87287,0,0,3,3,3,20.9929050925926,2,1839.0,0.0,2.0
87290,0,0,10,10,5,17.327766203703703,16,2888.0,10.0,4.0
87353,0,0,15,13,6,702.6233796296297,12,984.0,8.0,2.0
87386,0,0,6,5,4,2585.651840277778,4,1465.0,1.0,3.0
87394,20,1,45,30,12,2247.094363425926,31,1055.0,11.0,2.0
87397,0,0,36,34,9,15.99462962962963,15,2880.0,18.0,6.0
87466,0,0,6,6,4,12.95482638888889,3,2932.0,7.0,4.0
87469,0,0,15,15,6,15.990416666666668,11,1838.0,1.0,4.0
87490,0,0,10,10,5,6522.720081018519,9,1151.0,3.0,4.0
87677,0,0,36,29,9,722.7667824074074,23,1376.0,6.0,2.0
87787,8,0,28,12,9,7872.386550925926,16,,0.0,3.0
87792,0,0,78,70,13,286.42971064814816,35,1461.0,5.0,2.0
87812,9,0,36,22,10,371.3377314814815,11,208.0,0.0,2.0
87817,24,1,66,40,14,101.03320601851853,45,1787.0,13.0,5.0
87968,10,1,10,6,7,880.0566550925926,11,673.0,0.0,2.0
87969,0,0,21,17,7,1477.986886574074,16,28.0,9.0,2.0
88050,6,0,15,13,7,105.28362268518518,17,363.0,11.0,2.0
88053,0,0,78,71,13,36.17657407407408,50,310.0,18.0,5.0
88155,0,0,153,107,18,104.80800925925926,101,21.0,32.0,2.0
88183,0,0,91,78,14,369.2741319444444,32,541.0,6.0,2.0
88229,64,6,120,115,20,151.32609953703704,104,363.0,28.0,5.0
88239,12,0,66,60,13,4117.532280092592,22,1150.0,4.0,2.0
88284,0,0,6,4,4,286.0298032407408,8,2278.0,6.0,2.0
88350,4,0,6,3,5,68.36155092592593,5,652.0,0.0,2.0
88413,0,0,6,5,4,11.209097222222224,4,599.0,5.0,2.0
88420,0,0,3,3,3,493.9536458333333,2,603.0,1.0,2.0
88430,6,1,3,2,5,333.8529050925926,5,673.0,0.0,2.0
88438,0,0,15,7,6,184.06010416666663,12,1668.0,4.0,1.0
88463,0,0,10,8,5,671.6714351851851,7,919.0,2.0,2.0
88482,0,0,1,1,2,31.92292824074074,3,1142.0,3.0,2.0
88484,4,0,6,5,5,27.863275462962964,4,1254.0,1.0,5.0
88502,6,0,15,6,7,90.94528935185186,7,1671.0,1.0,3.0
88506,6,0,15,7,7,8897.567256944445,14,,0.0,2.0
88575,8,0,28,25,9,82.28965277777777,14,54.0,5.0,2.0
88579,60,10,66,33,17,1200.2812152777778,57,321.0,10.0,2.0
88789,0,0,3,3,3,406.27962962962965,3,1406.0,0.0,4.0
88870,756,351,378,189,55,363.9436805555556,145,406.0,14.0,4.0
88882,0,0,10,6,5,1338.7383333333332,8,331.0,0.0,2.0
88936,0,0,55,50,11,1365.8804745370371,32,2888.0,10.0,6.0
88943,0,0,3,3,3,858.1650347222222,3,1671.0,1.0,2.0
88950,0,0,1,1,2,280.9211921296296,2,919.0,2.0,2.0
88961,0,0,28,27,8,148.07172453703703,22,912.0,8.0,5.0
89076,0,0,10,10,5,134.07288194444445,4,1402.0,4.0,2.0
89093,0,0,3,3,3,532.5617824074075,2,917.0,4.0,2.0
89144,0,0,120,104,16,6512.929305555555,30,45.0,8.0,4.0
89160,0,0,36,27,9,50.64818287037037,12,650.0,10.0,5.0
89182,0,0,1,1,2,36.480868055555554,1,565.0,6.0,2.0
89186,0,0,1,1,2,856.969363425926,4,1672.0,0.0,2.0
89191,0,0,28,27,8,404.6139351851852,34,1795.0,5.0,2.0
89240,0,0,3,3,3,197.4261458333333,2,1671.0,1.0,2.0
89270,14,1,21,17,9,1011.5438310185184,14,,0.0,2.0
89310,0,0,3,1,3,54.76927083333333,2,642.0,0.0,4.0
89344,0,0,10,7,5,25.640555555555554,6,1839.0,0.0,5.0
89397,0,0,15,15,6,5.193668981481482,5,1141.0,4.0,2.0
89407,0,0,10,10,5,14.344780092592591,11,2885.0,13.0,2.0
89431,0,0,10,10,5,53.04474537037037,8,2895.0,3.0,6.0
89446,0,0,21,20,7,750.1383796296296,11,1404.0,2.0,2.0
89493,7,0,21,15,8,1032.131666666667,18,2891.0,7.0,5.0
89529,0,0,10,10,5,3.5613657407407406,8,2893.0,5.0,6.0
89604,1,0,0,0,2,0.0252083333333333,2,1839.0,0.0,2.0
89662,0,0,10,10,5,4.0431944444444445,11,2890.0,8.0,6.0
89669,0,0,1,0,2,88.54579861111111,2,652.0,0.0,2.0
89672,0,0,45,32,10,47.13122685185185,22,1830.0,9.0,5.0
89692,0,0,1,1,2,47.97011574074074,1,481.0,4.0,2.0
89713,0,0,6,5,4,47.879016203703706,3,1656.0,16.0,2.0
89717,0,0,1,1,2,47.87016203703703,1,1671.0,1.0,2.0
89771,2,0,1,1,3,30.68043981481481,2,1839.0,0.0,2.0
89819,0,0,10,6,5,6508.659768518519,4,12.0,1.0,2.0
89872,0,0,15,10,6,527.4108333333334,7,1403.0,3.0,2.0
89911,0,0,0,0,1,61.07320601851852,0,998.0,2.0,2.0
89966,0,0,6,6,4,22.26934027777778,4,468.0,11.0,2.0
90064,36,1,153,79,20,935.377824074074,58,57.0,10.0,4.0
90139,0,0,3,3,3,76.12784722222223,4,478.0,1.0,6.0
90173,0,0,15,15,6,23.027025462962964,11,2892.0,6.0,5.0
90195,0,0,21,19,7,17.117106481481482,8,985.0,7.0,2.0
90198,4836,1891,3003,1113,140,7248.689479166666,236,,0.0,2.0
90224,0,0,6,6,4,215.8714583333333,6,265.0,3.0,2.0
90256,11,0,55,50,12,629.1018055555555,39,,0.0,2.0
90263,33,3,55,16,14,3877.520428240741,21,213.0,3.0,3.0
90268,1887,1275,666,299,88,5168.336944444444,270,59.0,79.0,2.0
90272,4,0,6,6,5,126.53763888888888,6,1838.0,1.0,2.0
90278,0,0,3,2,3,83.48457175925925,3,1670.0,2.0,2.0
90295,0,0,3,3,3,456.3242592592592,2,413.0,3.0,2.0
90348,0,0,3,3,3,397.1210185185185,15,1825.0,14.0,2.0
90363,0,0,78,59,13,6.158819444444444,24,1757.0,2.0,6.0
90369,0,0,3,3,3,75.00019675925925,3,992.0,0.0,5.0
90382,0,0,6,6,4,125.8875,3,336.0,4.0,2.0
90389,0,0,10,10,5,125.87747685185184,8,333.0,7.0,2.0
90392,0,0,55,43,11,96.03063657407408,38,208.0,0.0,4.0
90394,5,0,10,7,6,2561.930150462963,11,448.0,4.0,4.0
90404,5,0,10,10,6,455.7744212962963,11,985.0,7.0,2.0
90405,0,0,28,18,8,19.010289351851853,11,682.0,2.0,5.0
90440,0,0,45,22,10,5972.22181712963,11,21.0,3.0,2.0
90471,30,1,105,49,17,499.0947569444445,23,785.0,2.0,2.0
90512,0,0,6,5,4,344.3009837962963,4,2278.0,6.0,2.0
90526,0,0,15,12,6,102.1486226851852,8,407.0,9.0,2.0
90538,0,0,10,10,5,454.8901736111111,14,469.0,10.0,5.0
90574,0,0,28,24,8,130.9497337962963,29,2879.0,19.0,4.0
90580,0,0,6,3,4,57.17751157407408,3,999.0,1.0,2.0
90614,0,0,45,43,10,454.4020023148148,18,478.0,1.0,2.0
90624,0,0,10,8,5,4.307627314814815,7,2276.0,8.0,2.0
90704,0,0,1,1,2,59.10626157407408,1,1462.0,4.0,2.0
90707,0,0,10,7,5,31.99891203703704,13,1406.0,0.0,5.0
90722,0,0,36,27,9,99.4540625,32,394.0,13.0,2.0
90749,0,0,15,8,6,151.87438657407407,12,472.0,7.0,2.0
90760,0,0,3,3,3,39.949756944444445,5,2894.0,4.0,2.0
90765,0,0,10,6,5,6218.782118055556,8,1755.0,4.0,2.0
90769,0,0,10,9,5,100.8861574074074,7,2896.0,2.0,2.0
90951,12,0,66,50,13,36.25876157407407,22,2886.0,12.0,2.0
90959,0,0,55,46,11,4.345543981481481,75,2870.0,28.0,5.0
90965,0,0,10,10,5,325.1181365740741,13,467.0,12.0,2.0
90972,0,0,1,1,2,739.1652083333333,1,1402.0,4.0,2.0
90981,2,0,1,1,3,0.2830555555555555,5,552.0,5.0,5.0
90983,9,0,36,31,10,2713.987083333333,40,616.0,14.0,3.0
91019,0,0,6,3,4,45.092326388888885,6,1141.0,4.0,2.0
91022,0,0,36,20,9,234.84548611111111,20,912.0,9.0,4.0
91095,14,1,21,20,9,391.2679513888889,31,1827.0,12.0,2.0
91140,0,0,28,26,8,7.161076388888889,30,1818.0,21.0,5.0
91165,0,0,15,11,6,23.35703703703704,23,393.0,14.0,2.0
91184,0,0,21,14,7,135.10182870370372,14,1147.0,7.0,2.0
91197,0,0,6,5,4,63.04703703703704,3,448.0,4.0,5.0
91241,7,0,21,16,8,57.72925925925926,17,1751.0,8.0,2.0
91292,0,0,15,11,6,4559.121967592592,25,1136.0,9.0,2.0
91338,4,0,6,4,5,6823.674432870371,4,,0.0,3.0
91399,3,0,3,2,4,138.05225694444445,8,1670.0,2.0,2.0
91417,84,15,91,50,20,462.5548726851852,31,921.0,0.0,2.0
91516,198,36,231,121,31,1900.2432523148148,85,2364.0,28.0,2.0
91547,0,0,10,9,5,6496.975821759259,4,201.0,5.0,2.0
91571,0,0,28,26,8,3.849733796296296,13,599.0,5.0,5.0
91631,9,0,36,22,10,208.4572453703704,15,679.0,5.0,2.0
91712,0,0,21,20,7,2.9880555555555555,6,1138.0,12.0,5.0
91716,0,0,10,9,5,6495.824560185185,12,2275.0,9.0,2.0
91830,0,0,3,3,3,36.06563657407408,2,,0.0,2.0
91875,10,0,45,39,11,987.0054166666666,13,205.0,3.0,2.0
91921,0,0,10,10,5,9.188738425925926,18,1829.0,10.0,5.0
91970,0,0,21,14,7,748.7005092592592,7,677.0,7.0,2.0
91988,0,0,36,29,9,71.11163194444444,37,2885.0,13.0,5.0
92000,5,0,10,6,6,512.3439120370371,7,1382.0,0.0,2.0
92005,0,0,28,17,8,447.9033101851852,13,1835.0,4.0,2.0
92034,0,0,6,6,4,29.251666666666665,4,993.0,7.0,2.0
92080,0,0,3,3,3,134.95493055555556,5,1668.0,4.0,2.0
92087,0,0,10,9,5,202.7664814814815,10,1669.0,3.0,2.0
92099,21,3,21,13,10,317.2452662037037,39,821.0,9.0,5.0
92132,10,0,45,29,11,169.24288194444443,27,88.0,11.0,2.0
92138,0,0,6,6,4,352.1442939814815,6,1836.0,3.0,2.0
92161,0,0,6,6,4,78.83331018518518,4,1838.0,1.0,5.0
92170,78,15,78,38,19,560.3849537037037,32,1153.0,1.0,2.0
92176,44,6,55,18,15,7152.477627314815,22,47.0,4.0,4.0
92188,0,0,6,6,4,0.8355092592592592,9,2894.0,4.0,2.0
92190,0,0,6,5,4,71.01131944444444,4,1401.0,5.0,2.0
92210,0,0,21,20,7,28.888657407407408,9,1146.0,8.0,2.0
92322,0,0,28,28,8,64.9879050925926,15,414.0,6.0,6.0
92347,0,0,0,0,1,4.96630787037037,0,992.0,0.0,2.0
92403,0,0,6,6,4,28.48318287037037,4,1670.0,2.0,3.0
92443,0,0,45,34,10,4.2034375,18,1838.0,1.0,6.0
92457,0,0,21,16,7,110.9560648148148,18,1832.0,7.0,2.0
92487,0,0,3,3,3,27.13125,2,1142.0,3.0,2.0
92491,0,0,153,126,18,336.04052083333335,98,2257.0,27.0,4.0
92508,0,0,15,15,6,537.153587962963,11,203.0,6.0,2.0
92534,0,0,6,6,4,22.157847222222223,9,985.0,7.0,2.0
92535,0,0,15,12,6,2152.0607175925925,7,105.0,0.0,3.0
92575,0,0,10,10,5,62.31618055555556,8,252.0,11.0,3.0
92613,0,0,6,6,4,200.07606481481483,6,918.0,3.0,2.0
92664,0,0,6,6,4,68.07039351851851,5,265.0,3.0,2.0
92712,4,0,6,6,5,507.34141203703706,4,920.0,1.0,2.0
92737,64,6,120,26,20,5691.55275462963,128,6.0,78.0,3.0
92770,0,0,6,3,4,4.262430555555556,6,1672.0,0.0,2.0
92798,0,0,6,6,4,8.403356481481481,10,470.0,9.0,2.0
92827,0,0,6,6,4,6486.075706018519,3,2281.0,3.0,2.0
92837,0,0,10,9,5,52.75376157407408,11,1139.0,6.0,5.0
92933,0,0,3,3,3,203.20844907407408,7,1669.0,3.0,1.0
92955,0,0,66,34,12,51.16457175925926,28,191.0,13.0,2.0
93015,26,0,325,207,27,651.2479398148148,87,1746.0,13.0,2.0
93056,0,0,15,13,6,34.520752314814814,17,2889.0,9.0,2.0
93141,95,10,171,103,24,8207.849467592592,38,0.0,4.0,3.0
93146,0,0,3,3,3,0.2022222222222222,3,2932.0,7.0,4.0
93186,0,0,10,10,5,194.93034722222225,10,1182.0,6.0,2.0
93188,16,0,120,65,17,1090.8794328703705,28,,0.0,3.0
93203,0,0,6,5,4,2968.835243055556,5,1185.0,3.0,2.0
93233,5,0,10,8,6,195.3112847222222,9,919.0,2.0,2.0
93245,6,0,15,4,7,462.203113425926,10,94.0,3.0,2.0
93274,0,0,66,17,12,1307.7995023148148,21,,0.0,4.0
93351,9,0,36,32,10,192.7164583333333,17,1822.0,17.0,2.0
93426,102,15,136,65,23,1631.0457870370371,53,1199.0,9.0,2.0
93500,0,0,15,15,6,40.16487268518519,13,2892.0,6.0,2.0
93521,0,0,55,52,11,18.054421296296297,25,672.0,12.0,2.0
93772,406,91,406,138,43,7109.919930555556,93,21.0,5.0,2.0
93839,0,0,36,14,9,6479.853425925926,15,117.0,6.0,2.0
93895,20,0,190,156,21,259.4205439814815,40,2886.0,12.0,4.0
93896,0,0,1,1,2,68.23302083333333,1,1759.0,0.0,5.0
93908,4,0,6,3,5,269.6871875,11,188.0,0.0,2.0
93959,75,3,300,149,28,1063.8316898148148,58,112.0,1.0,2.0
94004,0,0,21,19,7,57.81945601851852,13,1792.0,8.0,2.0
94017,0,0,21,13,7,1303.4302314814815,8,153.0,0.0,2.0
94066,0,0,3,3,3,977.5036458333332,2,,0.0,2.0
94175,7,0,21,18,8,1214.1654398148148,19,684.0,0.0,2.0
94199,126,15,210,112,27,6737.112152777778,71,162.0,24.0,2.0
94205,12,0,66,62,13,123.4389699074074,30,388.0,19.0,2.0
94235,0,0,3,3,3,3.19800925925926,2,601.0,3.0,2.0
94238,0,0,6,6,4,6477.790729166667,3,2280.0,4.0,2.0
94245,0,0,6,6,4,6477.77818287037,4,2280.0,4.0,2.0
94249,0,0,1,1,2,6477.752986111111,1,2281.0,3.0,2.0
94263,0,0,1,1,2,6477.68681712963,1,2281.0,3.0,2.0
94282,3,0,3,3,4,62.26060185185185,4,43.0,1.0,2.0
94289,0,0,15,14,6,89.60650462962963,5,999.0,1.0,2.0
94354,0,0,15,11,6,96.90310185185186,14,827.0,3.0,4.0
94366,0,0,10,7,5,51.14734953703704,13,167.0,6.0,2.0
94371,0,0,10,10,5,35.12162037037037,9,2894.0,4.0,2.0
94639,0,0,3,0,3,38.80800925925926,2,652.0,0.0,3.0
94648,0,0,3,3,3,335.92240740740743,2,1838.0,1.0,3.0
94802,0,0,28,23,8,6474.955925925926,14,799.0,5.0,4.0
94834,16,1,28,23,10,535.664525462963,12,319.0,1.0,5.0
94874,0,0,10,10,5,2535.993576388889,4,1465.0,1.0,2.0
94895,24,1,66,52,14,267.1782175925926,28,757.0,11.0,4.0
94922,0,0,10,10,5,32.68996527777778,10,2887.0,11.0,2.0
94979,0,0,15,10,6,298.13596064814817,20,2924.0,15.0,2.0
95044,24,6,15,15,10,7029.689120370371,20,96.0,3.0,4.0
95099,0,0,10,6,5,42.98009259259259,13,985.0,7.0,5.0
95108,0,0,6,5,4,108.07900462962964,3,316.0,6.0,2.0
95212,0,0,36,27,9,6471.571585648148,12,802.0,2.0,4.0
95277,0,0,21,20,7,296.0162037037037,11,137.0,1.0,2.0
95339,0,0,6,3,4,2.467210648148148,6,111.0,2.0,2.0
95530,22,1,55,29,13,4801.747291666667,33,,0.0,2.0
95548,0,0,15,14,6,1717.3680439814814,5,2895.0,3.0,2.0
95549,24,1,66,50,14,1497.677974537037,48,1759.0,0.0,2.0
95584,24,3,28,16,11,95.34380787037036,45,52.0,15.0,5.0
95590,0,0,28,21,8,378.47775462962966,26,1134.0,11.0,2.0
95671,0,0,10,9,5,371.6189814814815,4,1141.0,4.0,2.0
95691,0,0,15,9,6,2530.7604166666665,6,1464.0,2.0,2.0
95762,10,1,10,9,7,194.3945023148148,7,82.0,0.0,5.0
95781,0,0,10,8,5,6.279131944444444,10,1670.0,2.0,5.0
95844,14,0,91,67,15,6468.012245370371,46,79.0,13.0,5.0
95904,0,0,6,3,4,7.849965277777778,3,1758.0,1.0,2.0
95913,0,0,21,18,7,118.02223379629628,9,1669.0,3.0,2.0
95952,12,0,66,59,13,119.83136574074074,33,917.0,12.0,2.0
96103,0,0,10,10,5,356.9905787037037,13,2891.0,7.0,2.0
96129,0,0,3,3,3,367.5415046296296,2,1141.0,4.0,2.0
96151,0,0,6,4,4,418.7395138888889,3,386.0,5.0,2.0
96163,0,0,3,3,3,44.8159375,4,265.0,3.0,2.0
96229,7,0,21,21,8,6464.247025462963,17,2277.0,7.0,2.0
96232,0,0,78,59,13,4.500532407407407,33,913.0,7.0,6.0
96245,0,0,1,1,2,72.58518518518518,5,1834.0,5.0,2.0
96362,8,0,28,26,9,40.97569444444444,18,2890.0,8.0,2.0
96485,0,0,15,14,6,397.08824074074073,5,320.0,0.0,2.0
96528,0,0,15,15,6,354.8815162037037,8,1833.0,6.0,2.0
96529,0,0,3,3,3,49.05972222222222,5,364.0,10.0,2.0
96543,0,0,6,6,4,103.03869212962962,5,651.0,9.0,2.0
96552,1,0,0,0,2,1.940243055555556,1,929.0,0.0,1.0
96563,9,0,36,26,10,14.613969907407409,16,2934.0,5.0,5.0
96567,0,0,1,1,2,0.820462962962963,1,1671.0,1.0,2.0
96579,24,1,66,54,14,4199.382013888889,20,2891.0,7.0,2.0
96624,3,0,3,3,4,354.27040509259257,8,825.0,5.0,2.0
96684,5,0,10,6,6,1970.7795023148149,5,224.0,0.0,2.0
96710,0,0,6,6,4,14.294918981481482,4,255.0,8.0,3.0
96753,2,0,1,1,3,172.87049768518517,6,916.0,5.0,2.0
96761,0,0,15,10,6,287.1174884259259,10,830.0,0.0,2.0
96832,0,0,153,102,18,231.1764699074074,38,2383.0,9.0,5.0
96968,374,136,231,100,39,8279.672291666666,73,0.0,6.0,2.0
96976,152,28,171,68,27,4795.153032407407,38,3.0,3.0,2.0
97014,0,0,10,10,5,1195.749074074074,4,684.0,0.0,3.0
97324,0,0,15,15,6,549.0133449074074,7,959.0,17.0,2.0
97362,34,1,136,84,19,159.99703703703705,62,745.0,23.0,5.0
97387,0,0,15,14,6,142.89709490740742,18,358.0,12.0,2.0
97470,15,0,105,92,16,479.5467013888889,45,1368.0,14.0,4.0
97488,0,0,3,3,3,348.0627314814815,3,1835.0,4.0,2.0
97514,0,0,6,5,4,9.046006944444445,3,386.0,5.0,2.0
97656,0,0,10,8,5,17.88662037037037,7,2894.0,4.0,4.0
97664,0,0,78,54,13,5449.427314814815,21,920.0,9.0,5.0
97754,4,0,6,6,5,594.4741550925926,16,823.0,7.0,4.0
97775,0,0,6,6,4,693.3561921296297,11,1399.0,7.0,2.0
97851,0,0,28,25,8,44.82251157407408,9,989.0,11.0,4.0
97881,0,0,6,6,4,5.688194444444444,5,1253.0,2.0,2.0
97944,8,0,28,22,9,133.01180555555555,11,1659.0,13.0,2.0
97945,0,0,15,8,6,133.01038194444445,11,1658.0,14.0,2.0
98144,28,1,91,60,16,6113.1367129629625,46,211.0,13.0,2.0
98153,0,0,0,0,1,0.9417476851851851,0,600.0,4.0,2.0
98158,28,1,91,50,16,701.2670138888889,84,1406.0,0.0,5.0
98160,108,15,153,81,24,3727.246875,54,394.0,13.0,2.0
98213,0,0,6,6,4,70.765625,8,593.0,11.0,2.0
98233,0,0,10,10,5,1.0614467592592594,9,371.0,3.0,2.0
98244,0,0,3,1,3,90.15572916666666,2,1671.0,1.0,2.0
98251,28,6,21,17,11,871.8288888888889,31,1050.0,16.0,2.0
98270,6,0,15,15,7,29.89269675925926,14,920.0,9.0,2.0
98285,0,0,21,21,7,26.989872685185187,18,1829.0,10.0,2.0
98304,220,190,55,39,31,7514.4302777777775,127,175.0,18.0,2.0
98382,0,0,3,3,3,341.07094907407406,3,416.0,4.0,2.0
98506,5,0,10,10,6,299.40510416666666,9,670.0,3.0,2.0
98598,0,0,6,6,4,6448.026689814815,6,197.0,9.0,2.0
98603,0,0,6,6,4,17.77832175925926,5,992.0,8.0,2.0
98652,8,0,28,27,9,173.86689814814815,15,765.0,3.0,2.0
98658,0,0,78,68,13,2166.8771180555555,51,95.0,17.0,6.0
98669,6,1,3,3,5,422.6932291666666,5,451.0,1.0,5.0
98705,0,0,15,10,6,339.2237847222222,8,2895.0,3.0,2.0
98721,0,0,3,3,3,0.1321064814814815,6,987.0,5.0,6.0
98729,0,0,45,42,10,47.14355324074074,22,2886.0,12.0,5.0
98764,0,0,6,3,4,3.0904050925925928,3,999.0,1.0,2.0
98776,0,0,1,1,2,157.97484953703704,2,919.0,2.0,2.0
98781,0,0,6,6,4,6446.996597222223,11,2275.0,9.0,2.0
98782,0,0,6,6,4,466.393113425926,7,916.0,5.0,2.0
98993,0,0,1,0,2,908.6051504629628,1,14.0,0.0,2.0
98995,2,0,1,0,3,2330.696504629629,3,14.0,0.0,2.0
99063,0,0,66,45,12,23.204814814814814,21,2893.0,5.0,2.0
99080,10,0,45,42,11,157.33180555555555,18,762.0,6.0,2.0
99114,0,0,6,3,4,44.14042824074074,3,163.0,7.0,2.0
99118,0,0,3,3,3,0.2346643518518518,2,997.0,3.0,2.0
99130,0,0,6,5,4,1.885266203703704,10,168.0,5.0,6.0
99181,0,0,10,10,5,31.064965277777777,13,984.0,8.0,2.0
99192,0,0,6,6,4,57.184560185185184,3,1149.0,5.0,2.0
99233,26,1,78,48,15,24.522141203703704,40,812.0,18.0,5.0
99236,30,1,105,56,17,2072.5950462962965,28,51.0,6.0,2.0
99243,6,0,15,9,7,209.6539583333333,11,918.0,3.0,2.0
99324,0,0,21,11,7,334.6490509259259,8,1837.0,2.0,2.0
99356,0,0,36,16,9,140.14399305555557,19,642.0,0.0,5.0
99569,0,0,45,27,10,18.60386574074074,27,2890.0,8.0,4.0
99586,0,0,6,3,4,91.61126157407408,5,1671.0,1.0,3.0
99592,3,0,3,2,4,2026.6976273148148,6,115.0,4.0,2.0
99601,0,0,3,3,3,47.40570601851852,6,1653.0,19.0,2.0
99611,0,0,10,9,5,277.40085648148147,14,332.0,8.0,2.0
99612,0,0,3,2,3,80.37486111111112,5,1670.0,2.0,2.0
99613,5,0,10,10,6,95.27890046296297,11,654.0,6.0,2.0
99614,8,0,28,19,9,248.2347685185185,15,824.0,6.0,2.0
99615,0,0,45,40,10,1167.1840162037038,34,1793.0,7.0,2.0
99617,0,0,28,24,8,277.3933912037037,10,389.0,2.0,2.0
99618,0,0,28,28,8,233.2888888888889,11,387.0,4.0,2.0
99619,0,0,45,42,10,306.433125,27,635.0,7.0,2.0
99622,0,0,15,14,6,80.3092361111111,10,205.0,4.0,2.0
99623,0,0,10,9,5,277.39479166666666,8,739.0,3.0,2.0
99624,0,0,6,6,4,1566.130162037037,4,266.0,2.0,2.0
99627,0,0,45,34,10,397.3332291666667,26,393.0,14.0,2.0
99639,0,0,45,45,10,1167.1057060185185,75,1763.0,37.0,2.0
99680,0,0,55,39,11,894.1249537037037,28,71.0,8.0,6.0
99846,0,0,10,10,5,164.81118055555555,5,1838.0,1.0,2.0
99855,0,0,3,2,3,143.49370370370372,4,920.0,1.0,2.0
99920,40,1,190,146,22,37.96510416666667,76,624.0,18.0,4.0
99929,3,0,3,2,4,4733.241215277778,4,,0.0,2.0
99997,57,3,171,73,22,6320.672546296296,53,13.0,4.0,2.0
100000,60,3,190,91,23,7458.3190625,40,,0.0,4.0
100032,0,0,6,4,4,54.75623842592593,4,1150.0,0.0,4.0
100058,0,0,6,3,4,490.7841203703704,5,652.0,0.0,5.0
100116,0,0,15,15,6,35.30456018518519,8,1373.0,9.0,2.0
100132,0,0,15,15,6,676.1428703703704,15,190.0,8.0,2.0
100159,0,0,3,2,3,77.14755787037036,3,1670.0,2.0,2.0
100180,828,253,630,314,59,5817.465289351851,142,7.0,10.0,5.0
100270,0,0,3,3,3,0.8965046296296296,3,1754.0,5.0,2.0
100476,0,0,1,1,2,10.094328703703704,7,596.0,8.0,2.0
100498,0,0,10,10,5,6435.532523148148,8,2274.0,10.0,2.0
100522,0,0,36,26,9,7481.462905092592,16,,0.0,3.0
100533,68,6,136,81,21,1910.2206712962964,54,5428.0,16.0,2.0
100677,0,0,6,4,4,231.84449074074075,8,1666.0,6.0,2.0
100679,0,0,6,5,4,119.97484953703704,8,1666.0,6.0,2.0
100704,0,0,3,3,3,74.71579861111111,7,479.0,6.0,2.0
100764,0,0,1,1,2,4.760902777777778,4,600.0,4.0,2.0
100773,0,0,15,13,6,6434.185486111112,19,139.0,8.0,5.0
100816,0,0,78,56,13,184.88686342592592,28,821.0,9.0,2.0
100846,16,0,120,103,17,437.17576388888887,50,278.0,24.0,3.0
100847,0,0,0,0,1,0.2312731481481481,0,1756.0,3.0,2.0
100888,0,0,10,10,5,10.83275462962963,6,2891.0,7.0,2.0
100921,9,0,36,32,10,46.70190972222223,12,1151.0,3.0,2.0
100923,6,0,15,15,7,34.38261574074074,7,1152.0,2.0,5.0
100943,0,0,1,0,2,2.557662037037037,1,1671.0,1.0,2.0
100951,280,45,378,162,38,7335.273020833333,68,,0.0,2.0
100967,14,1,21,14,9,152.14405092592594,17,638.0,4.0,2.0
100970,0,0,1,1,2,556.2430555555555,5,5439.0,5.0,2.0
100993,0,0,10,9,5,140.28248842592592,7,265.0,3.0,2.0
101002,5,0,10,10,6,2208.133645833333,8,,0.0,2.0
101027,14,1,21,19,9,1789.7071643518518,27,818.0,12.0,4.0
101128,0,0,21,21,7,23.867048611111112,12,818.0,12.0,5.0
101190,385,55,595,251,46,5712.133784722222,79,,0.0,4.0
101245,7,0,21,20,8,322.87892361111113,7,767.0,1.0,3.0
101274,0,0,3,1,3,2.6497106481481483,3,642.0,0.0,5.0
101370,0,0,36,22,9,31.01083333333333,33,159.0,8.0,6.0
101542,65,10,78,27,18,7196.850243055555,28,,0.0,3.0
101558,0,0,6,6,4,17.094155092592594,7,987.0,5.0,4.0
101669,6,0,15,10,7,105.82680555555557,20,197.0,11.0,2.0
101746,20,1,45,40,12,20.231319444444445,27,569.0,4.0,4.0
101769,9,0,36,30,10,155.03125,20,152.0,21.0,2.0
101860,0,0,15,12,6,56.07960648148149,5,1758.0,1.0,2.0
101868,14,0,91,59,15,160.70922453703704,27,1836.0,3.0,5.0
101942,0,0,3,3,3,67.37171296296296,3,1670.0,2.0,2.0
101954,0,0,3,1,3,515.3602083333334,2,,0.0,2.0
101974,24,3,28,27,11,173.2290162037037,15,762.0,6.0,2.0
102021,0,0,6,6,4,6427.028912037037,6,2280.0,4.0,2.0
102037,0,0,3,3,3,666.0148611111111,3,795.0,9.0,2.0
102043,0,0,120,89,16,60.45548611111112,61,1358.0,24.0,2.0
102186,0,0,15,13,6,109.7757175925926,17,1670.0,2.0,2.0
102279,1,0,0,0,2,11.0071875,1,1671.0,1.0,2.0
102300,0,0,3,3,3,251.8768055555556,3,828.0,2.0,2.0
102330,150,15,300,179,31,1446.4166666666667,66,211.0,6.0,4.0
102377,0,0,1,1,2,65.14443287037037,2,1670.0,2.0,2.0
102407,115,10,253,121,28,260.6535416666667,84,61.0,13.0,4.0
102494,0,0,3,3,3,6423.552743055556,4,203.0,3.0,2.0
102523,0,0,10,3,5,42.32703703703704,12,597.0,7.0,2.0
102534,0,0,6,6,4,662.2260648148148,5,194.0,4.0,2.0
102578,528,231,276,118,46,867.3842013888889,134,1148.0,6.0,2.0
102588,6,0,15,12,7,1.0861921296296295,9,1668.0,4.0,2.0
102614,0,0,3,2,3,113.59565972222222,2,1671.0,1.0,2.0
102629,3,0,3,3,4,306.2549652777778,4,919.0,2.0,2.0
102634,0,0,3,3,3,189.9358564814815,3,919.0,2.0,2.0
102639,0,0,6,6,4,189.92520833333333,4,919.0,2.0,2.0
102650,0,0,1,1,2,0.9007986111111111,3,1669.0,3.0,2.0
102652,0,0,10,6,5,19.847372685185185,11,765.0,3.0,6.0
102663,0,0,28,16,8,4950.791747685185,12,405.0,2.0,2.0
102679,11,0,55,34,12,549.1625694444444,22,2280.0,4.0,2.0
102699,153,36,136,51,26,3774.052453703704,44,223.0,4.0,2.0
102727,0,0,55,51,11,185.0699189814815,18,2890.0,8.0,2.0
102740,0,0,36,26,9,148.06306712962962,13,767.0,1.0,5.0
102756,0,0,3,3,3,7.308333333333334,2,2936.0,3.0,2.0
102769,0,0,1,1,2,49.78230324074074,1,1839.0,0.0,4.0
102774,0,0,36,32,9,16.88828703703704,15,401.0,6.0,2.0
102785,0,0,15,13,6,112.58461805555557,10,1667.0,5.0,2.0
102882,0,0,10,9,5,111.90189814814816,4,1671.0,1.0,2.0
102956,0,0,45,38,10,19.144270833333334,17,205.0,4.0,5.0
103050,0,0,6,6,4,56.8432175925926,6,264.0,4.0,2.0
103063,0,0,10,8,5,286.54822916666666,4,1661.0,11.0,2.0
103095,0,0,28,22,8,397.3410879629629,15,211.0,7.0,3.0
103104,2,0,1,0,3,939.2291087962964,5,1668.0,4.0,2.0
103235,0,0,36,20,9,1772.838113425926,25,341.0,24.0,2.0
103284,0,0,15,15,6,158.40121527777777,15,2279.0,5.0,2.0
103330,0,0,6,6,4,3.106145833333333,10,258.0,5.0,2.0
103342,0,0,1,0,2,89.21465277777777,2,602.0,2.0,2.0
103378,5,0,10,6,6,682.0287847222222,14,479.0,6.0,2.0
103386,8,0,28,19,9,69.14046296296296,10,1661.0,11.0,2.0
103393,0,0,10,10,5,206.10232638888888,6,2888.0,10.0,5.0
103419,0,0,1,1,2,110.4544212962963,2,1670.0,2.0,4.0
103423,0,0,3,3,3,109.4787037037037,2,1671.0,1.0,2.0
103425,0,0,3,3,3,285.22739583333333,4,1669.0,3.0,2.0
103431,0,0,28,26,8,17.826840277777777,8,413.0,7.0,2.0
103514,0,0,10,10,5,284.01399305555555,9,567.0,4.0,4.0
103530,7,0,21,17,8,368.3932060185185,8,319.0,1.0,2.0
103598,0,0,1,1,2,57.006875,7,1665.0,7.0,2.0
103638,100,10,190,147,25,1361.5955208333332,63,1743.0,16.0,2.0
103662,0,0,6,6,4,48.54626157407407,6,600.0,4.0,2.0
103686,10,1,10,5,7,7462.1225,7,,0.0,2.0
103726,5,0,10,9,6,280.13903935185186,19,820.0,10.0,2.0
103804,0,0,6,6,4,98.78369212962964,3,1668.0,4.0,2.0
103831,0,0,6,2,4,0.4568171296296296,8,1669.0,3.0,2.0
103848,3,0,3,2,4,136.34635416666666,3,82.0,0.0,2.0
103898,2,0,1,1,3,281.51988425925924,5,1668.0,4.0,2.0
103903,0,0,10,5,5,7.920740740740741,6,2281.0,3.0,5.0
103912,0,0,28,25,8,198.2501736111111,12,568.0,5.0,2.0
103925,0,0,10,10,5,48.10027777777778,7,524.0,12.0,2.0
103940,0,0,15,14,6,79.9715625,19,,0.0,2.0
103942,4,0,6,6,5,22.69641203703704,8,0.0,4.0,2.0
103978,338,78,325,183,39,8371.597465277779,103,249.0,19.0,4.0
103980,0,0,3,3,3,28.80670138888889,3,1152.0,2.0,2.0
104031,0,0,10,9,5,5.617083333333333,22,1750.0,9.0,2.0
104079,0,0,36,20,9,2.0801967592592594,14,74.0,8.0,5.0
104114,0,0,3,1,3,54.1144212962963,3,1670.0,2.0,2.0
104118,0,0,3,2,3,1.9548148148148148,2,1376.0,6.0,2.0
104127,0,0,91,82,14,149.2873958333333,25,374.0,8.0,4.0
104159,0,0,15,13,6,3713.484699074074,15,5420.0,24.0,2.0
104231,2,0,1,1,3,124.13984953703704,4,920.0,1.0,2.0
104236,9,0,36,27,10,146.04554398148147,29,,0.0,5.0
104298,0,0,28,28,8,367.9111226851852,33,1819.0,20.0,2.0
104318,0,0,3,3,3,570.8819560185185,3,1670.0,2.0,2.0
104332,14,1,21,5,9,871.938587962963,18,1668.0,4.0,2.0
104337,0,0,1,1,2,0.0546180555555555,1,601.0,3.0,2.0
104371,24,1,66,63,14,398.03596064814815,39,1150.0,4.0,2.0
104383,36,1,153,109,20,8587.236828703704,97,20.0,15.0,2.0
104396,4,1,1,1,4,389.1149537037037,3,1759.0,0.0,2.0
104417,18,1,36,21,11,160.0960300925926,12,672.0,1.0,2.0
104461,0,0,6,4,4,15.335844907407408,3,10.0,3.0,2.0
104477,0,0,91,55,14,6412.010787037037,36,17.0,9.0,4.0
104480,0,0,3,3,3,95.24143518518518,4,5439.0,5.0,2.0
104511,0,0,1,1,2,11.144525462962964,1,10.0,3.0,2.0
104527,0,0,3,2,3,237.79989583333327,2,10.0,3.0,2.0
104540,2,0,1,1,3,768.9671643518518,4,0.0,2.0,2.0
104651,0,0,6,6,4,24.308645833333333,5,2922.0,17.0,2.0
104663,0,0,6,6,4,54.89165509259259,6,2921.0,18.0,2.0
104763,0,0,1,1,2,2132.3757175925925,4,2933.0,6.0,2.0
104859,0,0,15,14,6,130.17960648148147,11,2892.0,6.0,1.0
104866,5,0,10,8,6,23.262256944444445,8,1835.0,4.0,4.0
104934,0,0,91,55,14,401.09760416666666,57,122.0,31.0,2.0
104940,0,0,6,6,4,300.90832175925925,4,1833.0,6.0,2.0
104973,0,0,36,16,9,7240.827962962963,10,210.0,2.0,2.0
104977,0,0,3,3,3,22.904814814814817,6,1149.0,5.0,2.0
104993,0,0,15,15,6,6408.765543981482,9,122.0,1.0,5.0
105061,11,0,55,37,12,65.34423611111112,21,680.0,4.0,5.0
105072,0,0,6,6,4,300.14395833333333,3,1139.0,6.0,2.0
105075,0,0,10,10,5,20.15836805555556,8,1837.0,2.0,5.0
105208,0,0,10,6,5,555.1921759259259,5,993.0,7.0,2.0
105224,0,0,10,10,5,82.53572916666667,5,1153.0,1.0,2.0
105274,112,91,28,26,22,368.9372453703704,43,202.0,6.0,2.0
105289,0,0,15,10,6,470.4036805555556,12,126.0,5.0,4.0
105292,128,6,496,301,36,1440.8177546296297,161,0.0,14.0,2.0
105330,5,0,10,3,6,512.0511574074075,14,94.0,3.0,2.0
105334,33,3,55,33,14,179.59782407407408,38,756.0,12.0,2.0
105343,0,0,3,1,3,46.9625,4,1669.0,3.0,2.0
105417,8,0,28,27,9,167.21158564814814,29,2879.0,19.0,4.0
105444,0,0,10,9,5,211.3261226851852,10,1755.0,4.0,2.0
105445,0,0,15,12,6,210.38377314814807,15,642.0,18.0,2.0
105462,0,0,15,13,6,4.185960648148148,7,988.0,4.0,2.0
105604,0,0,1,1,2,45.7422337962963,1,1671.0,1.0,2.0
105640,0,0,15,14,6,21.87974537037037,7,113.0,6.0,2.0
105691,0,0,6,6,4,47.1071875,6,482.0,3.0,2.0
105742,9,0,36,32,10,6404.974050925926,13,532.0,4.0,4.0
105797,6,0,15,15,7,5133.62568287037,22,5431.0,13.0,2.0
105815,0,0,1,1,2,423.66760416666665,1,919.0,2.0,2.0
105881,0,0,10,8,5,43.728738425925926,5,1670.0,2.0,2.0
105882,0,0,1,1,2,43.72361111111111,3,1669.0,3.0,2.0
105894,51,3,136,100,20,2891.330509259259,50,444.0,13.0,3.0
105904,0,0,3,3,3,4.649780092592593,7,598.0,6.0,2.0
105935,6,0,15,14,7,25.281666666666663,21,168.0,5.0,5.0
105952,6,0,15,11,7,382.0388541666667,7,672.0,1.0,4.0
105971,0,0,10,4,5,25.799675925925925,10,597.0,7.0,5.0
106022,90,10,153,113,23,28.25435185185185,44,489.0,12.0,6.0
106028,66,3,231,145,25,8596.551747685186,73,146.0,7.0,3.0
106069,0,0,15,14,6,448.16572916666667,11,1793.0,7.0,2.0
106070,4,0,6,5,5,28.1954050925926,21,2889.0,9.0,6.0
106082,0,0,10,10,5,137.2242824074074,8,205.0,4.0,2.0
106108,0,0,3,3,3,8.208194444444445,2,2935.0,4.0,2.0
106114,0,0,10,7,5,310.0214699074074,7,827.0,3.0,3.0
106123,12,0,66,60,13,233.9985648148148,21,1141.0,13.0,2.0
106172,0,0,10,9,5,84.86751157407407,4,15.0,2.0,2.0
106253,28,1,91,86,16,293.20032407407405,48,399.0,8.0,2.0
106327,104,6,325,173,30,5961.996423611111,87,200.0,23.0,1.0
106349,0,0,1,1,2,41.098194444444445,2,1670.0,2.0,2.0
106411,36,1,153,96,20,231.6116435185185,54,1826.0,13.0,2.0
106435,0,0,15,14,6,45.69112268518519,18,1833.0,6.0,2.0
106443,12,1,15,14,8,419.7673263888889,12,1402.0,4.0,2.0
106532,0,0,3,3,3,1.3912962962962965,2,1758.0,1.0,5.0
106542,10,0,45,18,11,845.9259837962964,13,1671.0,1.0,2.0
106554,0,0,15,14,6,375.9063310185185,15,985.0,7.0,4.0
106565,0,0,6,6,4,376.8049652777778,4,5436.0,8.0,2.0
106684,4,0,6,2,5,80.97454861111112,4,921.0,0.0,2.0
106710,0,0,6,6,4,6399.229467592592,5,2277.0,7.0,4.0
106782,0,0,15,12,6,2.300358796296296,7,652.0,0.0,3.0
106806,18,1,36,18,11,290.8988773148148,31,86.0,11.0,4.0
106876,0,0,36,29,9,1054.2494675925925,22,1142.0,3.0,4.0
106988,14,1,21,8,9,809.113761574074,31,269.0,14.0,2.0
107021,0,0,15,10,6,4871.868506944445,6,,0.0,2.0
107133,0,0,10,6,5,636.2549305555556,15,188.0,10.0,2.0
107148,0,0,6,6,4,445.66703703703706,5,41.0,4.0,2.0
107219,0,0,3,3,3,89.11789351851851,3,363.0,2.0,5.0
107245,0,0,15,15,6,1148.7174189814814,7,1064.0,2.0,2.0
107264,60,6,105,58,19,5959.483773148148,46,126.0,3.0,4.0
107300,15,3,10,6,8,1414.5765972222223,12,1670.0,2.0,2.0
107315,0,0,6,5,4,1774.1647916666666,8,1667.0,5.0,2.0
107355,0,0,36,29,9,221.28028935185185,11,826.0,4.0,2.0
107484,12,1,15,12,8,6402.766157407407,24,140.0,9.0,2.0
107485,0,0,21,17,7,1304.692627314815,8,1464.0,2.0,2.0
107552,0,0,55,41,11,4455.094398148148,31,815.0,15.0,2.0
107575,0,0,45,41,10,142.3525925925926,26,1343.0,39.0,2.0
107578,0,0,3,3,3,111.06956018518518,4,650.0,2.0,5.0
107627,0,0,66,51,12,7.37167824074074,28,1755.0,4.0,6.0
107682,1,0,0,0,2,25.15179398148148,2,84.0,0.0,2.0
107836,0,0,1,1,2,24.282858796296296,2,919.0,2.0,2.0
107858,0,0,6,5,4,7.138680555555555,3,2280.0,4.0,2.0
107911,16,1,28,11,10,1303.3216319444443,16,217.0,1.0,1.0
107949,23,0,253,190,24,905.2635416666668,50,551.0,5.0,2.0
108061,0,0,3,2,3,32.13302083333333,3,1670.0,2.0,3.0
108087,10,1,10,8,7,1048.8191898148148,6,1672.0,0.0,2.0
108120,7,0,21,9,8,6079.96587962963,10,,0.0,2.0
108134,12,3,6,6,7,619.6734143518519,25,1.0,6.0,2.0
108153,0,0,21,11,7,8497.84224537037,9,736.0,16.0,2.0
108174,0,0,21,18,7,45.21224537037037,10,670.0,3.0,6.0
108223,0,0,3,3,3,283.03353009259257,2,339.0,1.0,2.0
108246,20,1,45,32,12,282.93936342592593,43,1823.0,16.0,2.0
108268,0,0,10,10,5,19.099340277777777,6,989.0,3.0,2.0
108293,0,0,15,14,6,7368.173113425926,6,50.0,2.0,4.0
108302,0,0,1,1,2,410.1561226851852,1,917.0,4.0,2.0
108310,0,0,10,7,5,1427.307337962963,23,44.0,10.0,2.0
108347,13,0,78,49,14,76.44266203703704,37,759.0,9.0,5.0
108363,24,3,28,13,11,114.08436342592591,21,,0.0,2.0
108533,0,0,15,6,6,789.2091550925926,6,1671.0,1.0,2.0
108629,0,0,10,9,5,6387.718958333333,8,2275.0,9.0,2.0
108640,0,0,6,6,4,18.14918981481481,5,1379.0,3.0,2.0
108655,0,0,6,2,4,38.57440972222222,5,1669.0,3.0,2.0
108657,4,1,1,1,4,32.21655092592592,5,652.0,0.0,3.0
108722,0,0,6,6,4,22.18872685185185,7,738.0,4.0,4.0
108726,0,0,10,9,5,125.05197916666668,8,785.0,2.0,5.0
108734,0,0,3,3,3,0.3868634259259259,4,451.0,1.0,5.0
108736,0,0,6,6,4,625.9851504629629,3,1402.0,4.0,1.0
108757,0,0,3,3,3,7.395972222222222,2,118.0,5.0,2.0
108759,0,0,0,0,1,0.0018171296296296,0,652.0,0.0,2.0
108787,20,1,45,38,12,61.75427083333334,24,1145.0,9.0,4.0
108816,88,6,231,166,26,6274.592800925926,52,320.0,8.0,2.0
108835,0,0,28,22,8,33.61349537037037,18,738.0,4.0,2.0
108882,0,0,6,6,4,2417.060509259259,3,,0.0,3.0
108957,0,0,28,16,8,33.83902777777778,19,2891.0,7.0,4.0
108962,0,0,10,10,5,78.03613425925926,11,1366.0,16.0,2.0
108966,0,0,15,15,6,67.77959490740741,27,2882.0,16.0,5.0
108973,1175,300,1081,531,72,1212.785659722222,173,596.0,8.0,2.0
108988,0,0,55,36,11,272.7561689814815,28,1374.0,8.0,2.0
108998,0,0,6,6,4,27.849907407407407,3,478.0,1.0,2.0
108999,0,0,6,6,4,21.9463425925926,7,987.0,5.0,2.0
109039,8,0,28,27,9,85.20050925925926,20,2891.0,7.0,4.0
109041,0,0,15,15,6,67.18822916666667,7,1837.0,2.0,2.0
109122,0,0,28,21,8,62.06034722222222,11,205.0,3.0,5.0
109153,0,0,6,6,4,6384.972164351852,3,2281.0,3.0,2.0
109164,0,0,6,6,4,6384.937777777778,4,2279.0,5.0,2.0
109172,0,0,6,6,4,404.3251504629629,9,2932.0,7.0,2.0
109187,0,0,21,16,7,6384.877280092593,6,2280.0,4.0,2.0
109213,0,0,6,6,4,6384.801365740741,3,2281.0,3.0,2.0
109217,0,0,28,19,8,6384.792453703703,26,202.0,4.0,2.0
109221,0,0,6,6,4,6384.784224537037,3,2278.0,6.0,2.0
109223,0,0,6,6,4,6384.781111111111,7,201.0,5.0,2.0
109227,0,0,6,6,4,6384.775185185185,5,203.0,3.0,2.0
109374,0,0,3,3,3,403.4744907407408,2,920.0,1.0,2.0
109457,0,0,1,1,2,25.774479166666666,2,1670.0,2.0,2.0
109485,14,1,21,20,9,90.54950231481482,19,260.0,8.0,2.0
109520,7,0,21,21,8,4.159212962962963,13,5437.0,7.0,2.0
109560,5,0,10,6,6,83.2625,6,919.0,2.0,2.0
109566,8,0,28,26,9,6382.880972222222,11,638.0,4.0,4.0
109600,0,0,10,5,5,98.73253472222224,13,823.0,7.0,4.0
109652,0,0,36,33,9,170.95142361111112,53,1637.0,35.0,2.0
109694,4,1,1,1,4,23.675763888888888,6,1668.0,4.0,2.0
109739,27,0,351,267,28,574.0339814814815,105,752.0,16.0,2.0
109772,0,0,36,21,9,809.0322800925926,44,2369.0,23.0,2.0
109790,7,0,21,13,8,1203.110949074074,23,277.0,9.0,2.0
109814,2,0,1,1,3,781.814212962963,2,1672.0,0.0,2.0
109824,0,0,45,36,10,195.70114583333333,19,449.0,7.0,1.0
109831,0,0,6,6,4,0.0781944444444444,4,571.0,2.0,6.0
109851,0,0,15,15,6,6380.48130787037,8,2275.0,9.0,4.0
109921,0,0,10,10,5,6380.111701388889,6,681.0,3.0,2.0
109973,0,0,1,1,2,271.864375,1,1836.0,3.0,2.0
109977,0,0,6,6,4,6379.91619212963,3,2280.0,4.0,2.0
109993,0,0,28,19,8,1831.5726273148148,11,1063.0,3.0,3.0
110006,3,0,3,2,4,754.9387152777778,4,1670.0,2.0,3.0
110031,0,0,10,10,5,271.4394675925926,4,1838.0,1.0,4.0
110094,8,0,28,26,9,62.60917824074074,17,1833.0,6.0,2.0
110135,0,0,36,32,9,132.30228009259258,20,968.0,24.0,2.0
110161,60,6,105,33,19,7158.058530092592,84,241.0,42.0,2.0
110179,0,0,6,6,4,331.2003472222222,3,403.0,4.0,2.0
110190,0,0,36,23,9,97.91392361111112,23,2889.0,9.0,6.0
110241,16,1,28,19,10,204.71747685185184,34,815.0,15.0,2.0
110290,0,0,105,56,15,14.273171296296296,22,1380.0,2.0,6.0
110308,0,0,1,1,2,32.01284722222222,3,1379.0,3.0,2.0
110312,0,0,6,3,4,175.11387731481483,11,1665.0,7.0,2.0
110335,0,0,6,4,4,1260.399664351852,4,604.0,0.0,4.0
110387,0,0,10,5,5,97.92594907407408,13,1663.0,9.0,5.0
110398,0,0,3,3,3,111.7161574074074,3,1670.0,2.0,2.0
110403,0,0,1,1,2,66.84305555555555,1,1671.0,1.0,2.0
110613,0,0,120,69,16,100.19376157407407,33,663.0,10.0,4.0
110620,0,0,10,6,5,10.983715277777778,7,2282.0,2.0,5.0
110650,44,1,231,131,24,2641.8275578703706,53,,0.0,5.0
110689,0,0,66,48,12,6174.562175925926,41,1204.0,4.0,2.0
110718,114,15,171,101,25,1054.4699421296295,80,2268.0,16.0,2.0
110726,9,0,36,29,10,241.7273726851852,56,346.0,28.0,2.0
110760,0,0,28,26,8,93.20368055555556,21,817.0,13.0,2.0
110781,0,0,6,6,4,266.14070601851853,4,2893.0,5.0,2.0
110800,0,0,55,49,11,261.1006018518519,27,664.0,9.0,4.0
110851,0,0,10,10,5,324.75251157407405,10,732.0,10.0,2.0
110880,7,0,21,15,8,1205.813275462963,13,,0.0,4.0
110890,0,0,15,13,6,265.8265162037037,10,1835.0,4.0,4.0
110894,522,406,153,43,47,6883.420451388889,163,0.0,34.0,2.0
110916,0,0,28,24,8,55.61666666666667,15,2893.0,5.0,2.0
111081,0,0,15,15,6,349.71150462962964,5,1758.0,1.0,4.0
111117,4,0,6,6,5,253.32578703703703,10,825.0,5.0,3.0
111152,108,36,66,17,21,809.524050925926,61,6.0,15.0,2.0
111207,12,0,66,46,13,4770.016643518518,26,645.0,4.0,2.0
111213,0,0,15,13,6,5.728055555555556,8,1755.0,4.0,6.0
111284,0,0,6,6,4,6372.039293981482,4,2282.0,2.0,2.0
111335,13,0,78,47,14,547.5586226851852,17,683.0,1.0,5.0
111352,0,0,28,13,8,2826.8013425925924,26,1011.0,10.0,2.0
111383,5,0,10,8,6,18.97925925925926,8,1835.0,4.0,5.0
111429,6,3,1,1,5,48.28679398148148,5,1839.0,0.0,2.0
111475,14,1,21,8,9,5646.662569444445,15,1061.0,5.0,2.0
111524,2,0,1,1,3,85.04008101851852,9,384.0,7.0,2.0
111546,0,0,0,0,1,10.777002314814816,0,1669.0,3.0,2.0
111565,0,0,1,1,2,10.633888888888889,1,1669.0,3.0,2.0
111576,15,0,105,81,16,159.3896990740741,82,187.0,31.0,4.0
111627,0,0,6,6,4,320.9664236111111,3,989.0,3.0,2.0
111688,0,0,15,12,6,374.84092592592594,8,207.0,1.0,2.0
111730,0,0,3,1,3,2821.066828703704,3,1186.0,2.0,5.0
111757,0,0,1,1,2,16.054641203703703,2,1185.0,3.0,2.0
111809,0,0,10,6,5,2811.5164351851854,9,177.0,2.0,2.0
111831,0,0,3,2,3,79.12616898148148,5,1184.0,4.0,5.0
111930,4,0,6,5,5,461.6942824074074,5,1839.0,0.0,2.0
111963,0,0,15,12,6,44.24630787037037,10,668.0,5.0,2.0
111987,18,3,15,9,9,664.0258217592593,29,1174.0,14.0,5.0
112049,0,0,3,3,3,125.15442129629628,8,1181.0,7.0,4.0
112058,0,0,6,6,4,2.063344907407408,3,1376.0,6.0,2.0
112073,4,0,6,6,5,50.0546412037037,5,652.0,0.0,5.0
112089,0,0,45,14,10,790.8447569444445,12,4.0,3.0,2.0
112105,0,0,21,20,7,232.87059027777772,47,1020.0,24.0,2.0
112209,0,0,10,10,5,58.22880787037037,10,1364.0,18.0,2.0
112250,10,0,45,31,11,337.0963310185185,22,820.0,10.0,4.0
112255,11,0,55,51,12,429.0018518518518,22,,0.0,2.0
112308,18,0,153,137,19,270.8340625,70,912.0,9.0,4.0
112349,3,0,3,0,4,41.645266203703706,8,652.0,0.0,2.0
112367,8,0,28,17,9,2268.503009259259,12,919.0,2.0,2.0
112435,0,0,15,11,6,791.7296527777778,11,1669.0,3.0,3.0
112467,0,0,10,9,5,256.9877199074074,6,767.0,1.0,2.0
112483,0,0,36,27,9,5.502511574074074,29,2929.0,10.0,2.0
112494,0,0,3,3,3,1.4177314814814814,4,2284.0,0.0,2.0
112496,0,0,15,14,6,10.09244212962963,10,2934.0,5.0,2.0
112508,12,0,66,46,13,25.179027777777776,23,1833.0,6.0,2.0
112541,0,0,15,15,6,893.9532523148148,8,2936.0,3.0,2.0
112550,21,3,21,9,10,6986.75318287037,13,151.0,2.0,2.0
112579,0,0,10,6,5,256.360787037037,7,764.0,4.0,2.0
112606,0,0,10,3,5,6.480625,10,1668.0,4.0,2.0
112713,0,0,55,40,11,7732.997858796296,18,1135.0,19.0,2.0
112720,0,0,3,3,3,2813.7181944444446,2,1182.0,6.0,2.0
112731,0,0,6,6,4,6363.867800925926,3,202.0,4.0,2.0
112732,0,0,120,89,16,384.09430555555554,30,138.0,13.0,2.0
112911,0,0,28,13,8,35.007534722222225,18,100.0,5.0,2.0
112920,0,0,3,3,3,64.31938657407407,3,1671.0,1.0,2.0
112955,0,0,0,0,1,0.0449305555555555,0,1185.0,3.0,2.0
112973,14,1,21,21,9,4815.158935185185,44,152.0,19.0,4.0
112978,0,0,36,31,9,6362.8888541666665,28,2271.0,13.0,6.0
113008,0,0,3,3,3,0.1268287037037037,2,1757.0,2.0,2.0
113010,0,0,3,3,3,4.913171296296296,5,1755.0,4.0,2.0
113016,0,0,6,6,4,3.485034722222222,4,418.0,2.0,2.0
113025,0,0,3,0,3,399.1928703703704,2,921.0,0.0,2.0
113101,0,0,1,0,2,12.896064814814816,1,1671.0,1.0,2.0
113112,0,0,10,10,5,540.9206828703703,9,673.0,0.0,2.0
113121,0,0,28,20,8,4.549270833333333,11,925.0,4.0,5.0
113128,7,0,21,17,8,136.05296296296297,10,18.0,3.0,2.0
113181,2,0,1,1,3,37.859965277777775,2,208.0,0.0,4.0
113188,0,0,3,3,3,5.879444444444444,2,2933.0,6.0,2.0
113227,20,1,45,25,12,333.7976967592593,18,1669.0,3.0,2.0
113228,0,0,15,15,6,43.526875,7,592.0,12.0,2.0
113229,0,0,1,1,2,961.406550925926,1,602.0,2.0,2.0
113243,0,0,1,1,2,964.9814004629628,3,973.0,3.0,2.0
113261,0,0,15,9,6,111.19743055555556,6,1671.0,1.0,2.0
113264,0,0,10,9,5,7.187939814814815,21,1830.0,9.0,2.0
113282,1,0,0,0,2,1.1278587962962965,2,452.0,0.0,2.0
113287,0,0,10,9,5,379.53802083333335,8,1039.0,5.0,2.0
113321,3,0,3,3,4,1.3240625,4,82.0,0.0,2.0
113354,0,0,15,15,6,379.2919907407408,15,1036.0,8.0,2.0
113357,0,0,1,0,2,0.0316666666666666,1,1671.0,1.0,3.0
113367,0,0,10,10,5,6359.845856481482,5,2282.0,2.0,2.0
113391,0,0,3,1,3,1.8198726851851847,6,1668.0,4.0,2.0
113464,12,0,66,55,13,146.11488425925927,53,,0.0,2.0
113562,0,0,21,21,7,5.79931712962963,12,120.0,3.0,2.0
113564,0,0,6,6,4,38.83077546296296,3,5439.0,5.0,2.0
113578,0,0,3,2,3,9.589097222222222,2,1671.0,1.0,2.0
113580,28,1,91,37,16,3954.582002314815,35,23.0,4.0,2.0
113591,34,1,136,95,19,1009.126238425926,43,988.0,4.0,2.0
113614,0,0,36,18,9,1105.928275462963,19,1672.0,0.0,2.0
113663,0,0,6,6,4,2.0557291666666666,5,166.0,5.0,2.0
113683,0,0,3,3,3,41.610532407407405,6,1667.0,5.0,2.0
113733,0,0,15,13,6,583.2571180555556,19,599.0,5.0,2.0
113838,0,0,6,6,4,596.1764351851851,3,191.0,7.0,5.0
113856,5,0,10,6,6,57.26518518518518,12,1755.0,4.0,5.0
113921,0,0,3,2,3,5.221226851851852,2,1671.0,1.0,2.0
114063,6,0,15,15,7,182.1795601851852,22,126.0,12.0,2.0
114104,0,0,3,2,3,561.0900578703704,5,1670.0,2.0,2.0
114106,0,0,28,21,8,81.52706018518519,15,667.0,6.0,2.0
114109,0,0,6,6,4,6355.946539351852,3,2279.0,5.0,2.0
114118,0,0,36,30,9,277.9629976851852,15,825.0,5.0,2.0
114127,0,0,10,10,5,2815.400324074074,4,,0.0,2.0
114129,0,0,3,3,3,375.2664583333333,2,785.0,0.0,2.0
114142,11,0,55,36,12,110.79552083333331,31,319.0,9.0,2.0
114155,0,0,1,1,2,4650.907800925926,1,,0.0,2.0
114156,3,0,3,1,4,5599.503495370371,3,,0.0,2.0
114158,0,0,1,1,2,4700.481134259259,1,,0.0,2.0
114274,0,0,3,3,3,1.1423495370370371,2,1754.0,5.0,2.0
114322,0,0,10,6,5,1373.0192592592591,6,285.0,1.0,2.0
114356,0,0,15,10,6,78.13189814814815,6,671.0,2.0,2.0
114365,56,21,28,13,15,4531.363101851852,112,0.0,39.0,2.0
114366,0,0,28,27,8,135.73747685185185,13,649.0,3.0,2.0
114427,0,0,36,30,9,31.280266203703704,14,987.0,5.0,2.0
114438,0,0,3,3,3,3.1594560185185183,2,2936.0,3.0,2.0
114450,0,0,6,6,4,45.15649305555556,10,1372.0,10.0,2.0
114480,0,0,6,6,4,92.98059027777778,3,1153.0,1.0,2.0
114541,4,0,6,1,5,7149.64,6,89.0,3.0,2.0
114627,0,0,21,21,7,244.17371527777777,19,763.0,5.0,2.0
114687,0,0,6,6,4,6352.102418981482,3,2281.0,3.0,4.0
114716,0,0,15,15,6,0.8574537037037037,11,2892.0,6.0,6.0
114742,0,0,10,9,5,1474.993888888889,8,282.0,4.0,2.0
114744,6,0,15,12,7,767.935,8,1670.0,2.0,2.0
114782,0,0,10,10,5,239.2578703703704,8,552.0,4.0,2.0
114808,4,0,6,5,5,1.422650462962963,7,,0.0,6.0
114827,0,0,136,94,17,125.62476851851852,22,208.0,0.0,5.0
114882,0,0,10,10,5,590.2017129629629,11,1398.0,8.0,4.0
114921,0,0,21,19,7,32.84322916666667,22,1827.0,12.0,5.0
114927,2,0,1,1,3,76.99480324074074,2,1839.0,0.0,5.0
114930,20,0,190,106,21,109.23762731481482,34,1152.0,2.0,4.0
114973,0,0,6,6,4,1.0975810185185184,5,,0.0,2.0
115005,0,0,1,1,2,1.666550925925926,1,43.0,2.0,2.0
115030,0,0,1,0,2,781.1087152777778,2,1672.0,0.0,2.0
115065,0,0,3,3,3,6.054097222222223,6,566.0,5.0,3.0
115119,0,0,21,20,7,31.838229166666668,11,,0.0,5.0
115150,0,0,15,10,6,3407.418865740741,7,1463.0,3.0,2.0
115153,0,0,6,6,4,452.982662037037,6,2936.0,3.0,2.0
115176,630,105,861,410,57,6503.163240740741,154,324.0,4.0,4.0
115186,4,0,6,4,5,1006.5720138888888,5,1671.0,1.0,2.0
115199,612,136,630,319,53,4109.101053240741,145,4.0,22.0,2.0
115214,0,0,3,2,3,612.6209722222222,7,27.0,3.0,2.0
115253,18,3,15,10,9,7457.649189814815,32,5430.0,14.0,4.0
115274,0,0,3,1,3,0.2431712962962963,4,1671.0,1.0,3.0
115289,0,0,21,19,7,53.09519675925926,13,5435.0,9.0,2.0
115295,0,0,0,0,1,146.21898148148148,0,1668.0,4.0,2.0
115305,0,0,3,3,3,60.19273148148148,7,1670.0,2.0,3.0
115308,24,1,66,61,14,241.0612847222222,71,748.0,20.0,5.0
115330,0,0,10,10,5,6349.034803240741,6,2281.0,3.0,2.0
115334,0,0,45,22,10,2706.227175925926,30,262.0,3.0,2.0
115337,9,0,36,36,10,30.854317129629628,17,,0.0,2.0
115342,0,0,21,20,7,588.0326504629629,17,188.0,10.0,2.0
115349,45,10,36,22,14,1146.8599074074075,23,1039.0,5.0,2.0
115429,9,0,36,20,10,6451.822986111111,23,,0.0,2.0
115461,0,0,6,6,4,71.80747685185185,3,,0.0,1.0
115519,0,0,45,27,10,1232.244479166667,25,363.0,11.0,2.0
115561,3,0,3,2,4,321.6291782407407,4,451.0,1.0,5.0
115636,0,0,15,13,6,43.156875,7,920.0,1.0,2.0
115638,0,0,3,1,3,71.18091435185185,7,1182.0,6.0,2.0
115642,0,0,21,20,7,2795.4206365740743,21,821.0,9.0,2.0
115658,9,0,36,32,10,6660.238831018519,11,17.0,2.0,2.0
115659,0,0,10,10,5,6346.058935185185,5,204.0,2.0,2.0
115680,0,0,6,3,4,746.9971527777777,4,1672.0,0.0,2.0
115695,0,0,1,1,2,25.069884259259258,1,1668.0,4.0,2.0
115724,0,0,6,6,4,237.81858796296297,5,1835.0,4.0,2.0
115880,0,0,10,10,5,6345.065150462963,6,2281.0,3.0,2.0
115891,13,0,78,74,14,100.98229166666668,66,746.0,22.0,5.0
115926,0,0,15,13,6,80.08707175925926,15,1397.0,9.0,2.0
116013,0,0,21,13,7,607.2532291666666,9,1670.0,2.0,2.0
116020,0,0,6,2,4,2405.9503472222223,7,1.0,4.0,2.0
116040,0,0,3,1,3,698.9288425925926,2,1671.0,1.0,3.0
116083,525,300,210,77,46,6022.912303240741,80,399.0,8.0,2.0
116093,0,0,21,20,7,25.805173611111112,8,1827.0,12.0,5.0
116097,0,0,1,1,2,502.0064583333333,1,1671.0,1.0,2.0
116098,0,0,3,3,3,132.86913194444443,3,1670.0,2.0,2.0
116099,0,0,1,1,2,210.36890046296296,2,1670.0,2.0,2.0
116102,0,0,1,1,2,210.36532407407407,2,1670.0,2.0,2.0
116108,0,0,15,15,6,25.77872685185185,11,1831.0,8.0,5.0
116170,0,0,36,35,9,169.73483796296296,61,70.0,29.0,5.0
116210,72,3,276,207,27,104.3622800925926,97,164.0,7.0,2.0
116286,0,0,1,1,2,209.4673726851852,2,1670.0,2.0,2.0
116357,0,0,28,25,8,105.55202546296296,25,1826.0,13.0,4.0
116365,0,0,36,32,9,104.59369212962964,13,1784.0,16.0,2.0
116392,0,0,10,9,5,75.13196759259259,22,1836.0,3.0,4.0
116418,0,0,45,45,10,34.283611111111114,19,2936.0,3.0,4.0
116427,0,0,6,4,4,234.01358796296296,3,60.0,7.0,2.0
116541,2,0,1,0,3,742.3311574074074,4,1672.0,0.0,2.0
116542,4,0,6,4,5,230.42984953703703,6,673.0,0.0,2.0
116544,0,0,3,1,3,39.5302662037037,3,1671.0,1.0,2.0
116551,0,0,15,15,6,12.273055555555556,13,1750.0,9.0,2.0
116562,176,55,120,76,27,129.3007638888889,66,53.0,6.0,2.0
116588,6,1,3,3,5,396.1170601851852,4,1672.0,0.0,2.0
116606,0,0,1,1,2,105.67292824074076,1,1672.0,0.0,2.0
116653,39,3,78,57,16,472.600775462963,26,455.0,6.0,2.0
116692,840,595,276,76,59,5155.037430555555,217,,0.0,2.0
116803,3,0,3,3,4,739.9319791666667,5,1672.0,0.0,2.0
116829,0,0,6,6,4,414.48090277777777,7,671.0,2.0,4.0
116924,0,0,36,30,9,124.26587962962962,15,767.0,1.0,2.0
116957,0,0,1,1,2,0.0132754629629629,1,600.0,4.0,2.0
117061,66,3,231,147,25,532.0872916666667,86,311.0,9.0,4.0
117153,0,0,28,27,8,19.565092592592592,18,2928.0,11.0,5.0
117160,0,0,10,6,5,13.534421296296296,9,991.0,9.0,2.0
117224,2,0,1,1,3,103.92561342592592,3,1839.0,0.0,4.0
117233,22,1,55,22,13,6729.685243055556,29,1.0,3.0,
117285,0,0,1,1,2,0.2948842592592592,2,1670.0,2.0,3.0
117292,0,0,1,1,2,32.97925925925926,2,1670.0,2.0,2.0
117363,36,3,66,52,15,102.0785300925926,53,1775.0,25.0,5.0
117388,0,0,6,6,4,310.76622685185185,3,1758.0,1.0,2.0
117566,0,0,15,12,6,13.780729166666667,8,1830.0,9.0,2.0
117625,0,0,3,3,3,41.84469907407407,6,1183.0,5.0,4.0
117683,0,0,3,1,3,863.4291550925926,3,95.0,2.0,2.0
117754,0,0,21,17,7,1154.8145486111111,13,330.0,1.0,2.0
117848,0,0,15,9,6,592.8566782407407,5,1671.0,1.0,2.0
117851,0,0,1,1,2,1082.4074074074074,2,1064.0,2.0,2.0
117907,3,0,3,3,4,9.27261574074074,4,1670.0,2.0,2.0
118003,0,0,36,32,9,116.0124537037037,31,410.0,10.0,2.0
118014,56,1,378,242,30,154.13636574074073,151,652.0,0.0,5.0
118018,0,0,10,8,5,6328.901990740741,15,2273.0,11.0,2.0
118023,0,0,6,4,4,279.71527777777777,7,100.0,5.0,2.0
118025,8,0,28,25,9,2555.1253125,20,211.0,6.0,2.0
118050,40,6,45,27,14,7565.003958333334,20,18.0,2.0,3.0
118117,0,0,28,22,8,860.5694097222222,18,2388.0,4.0,5.0
118212,0,0,10,8,5,567.0955902777778,11,375.0,7.0,2.0
118238,5,0,10,6,6,654.0749421296297,6,,0.0,2.0
118308,0,0,3,3,3,2361.137974537037,4,185.0,3.0,2.0
118501,0,0,21,14,7,6470.452002314815,17,2928.0,11.0,2.0
118503,0,0,6,6,4,318.7852546296296,3,652.0,0.0,5.0
118572,2,0,1,1,3,41.37319444444445,3,919.0,2.0,2.0
118629,0,0,10,5,5,1509.7831828703704,10,45.0,6.0,2.0
118639,0,0,15,15,6,151.18847222222223,8,88.0,11.0,2.0
118644,0,0,6,6,4,65.06085648148148,5,918.0,3.0,2.0
118649,0,0,6,6,4,216.9233449074074,6,414.0,6.0,2.0
118656,0,0,6,6,4,471.63439814814814,3,1837.0,2.0,2.0
118673,0,0,0,0,1,21.277858796296297,0,652.0,0.0,2.0
118680,0,0,6,6,4,563.7755555555556,8,193.0,5.0,2.0
118685,24,1,66,46,14,761.8605902777778,53,628.0,21.0,5.0
118721,0,0,21,16,7,76.82392361111111,25,,0.0,2.0
118759,0,0,6,6,4,6324.186585648148,3,2281.0,3.0,2.0
118761,0,0,6,6,4,6324.181493055556,3,2281.0,3.0,2.0
118784,0,0,10,6,5,14.740960648148148,10,1670.0,2.0,2.0
118789,0,0,36,34,9,16.252418981481483,28,,0.0,5.0
118801,0,0,10,10,5,5.91744212962963,10,1834.0,5.0,2.0
118828,0,0,10,7,5,3669.975891203704,6,137.0,1.0,2.0
118852,0,0,6,6,4,2.9225925925925926,3,475.0,4.0,2.0
118858,0,0,10,10,5,6323.948773148149,5,2282.0,2.0,2.0
118865,0,0,15,15,6,562.9583796296296,23,1393.0,13.0,2.0
118877,14,1,21,20,9,278.8359953703704,29,,0.0,4.0
118899,18,1,36,17,11,591.5260532407408,30,70.0,14.0,2.0
118923,0,0,3,2,3,15.192141203703704,4,1670.0,2.0,2.0
118933,132,6,528,367,37,7225.068888888889,129,,0.0,4.0
119034,88,6,231,177,26,1367.186064814815,65,24.0,8.0,2.0
119045,80,6,190,136,24,806.9980439814815,48,,0.0,2.0
119061,11,0,55,29,12,8318.374814814815,36,87.0,14.0,2.0
119063,0,0,15,15,6,214.8942476851852,6,1832.0,7.0,2.0
119071,5,0,10,10,6,15.94587962962963,35,117.0,21.0,2.0
119091,0,0,6,2,4,295.8122453703704,6,43.0,8.0,2.0
119094,8,0,28,26,9,214.7259606481481,31,5431.0,13.0,4.0
119109,13,0,78,44,14,1.6114930555555556,28,601.0,3.0,6.0
119165,7,0,21,16,8,7776.717847222222,12,422.0,3.0,3.0
119167,2,0,1,1,3,243.5193402777778,4,1758.0,1.0,2.0
119194,3,0,3,1,4,4617.456342592593,3,,0.0,2.0
119199,35,10,21,18,12,7062.814224537037,16,0.0,5.0,2.0
119251,0,0,6,6,4,6322.117754629629,4,2280.0,4.0,2.0
119252,0,0,6,6,4,6322.115891203704,4,2280.0,4.0,2.0
119294,0,0,6,5,4,20.294560185185187,3,1671.0,1.0,2.0
119312,0,0,10,10,5,6322.021828703703,5,2280.0,4.0,2.0
119326,0,0,6,3,4,159.17532407407407,7,89.0,8.0,2.0
119346,0,0,10,8,5,560.9532986111111,5,168.0,5.0,2.0
119384,0,0,36,22,9,7196.78806712963,17,421.0,4.0,2.0
119441,7,0,21,16,8,71.5449537037037,31,12.0,14.0,2.0
119494,60,6,105,93,19,213.14822916666665,64,751.0,17.0,5.0
119621,0,0,55,44,11,107.68921296296296,40,1820.0,19.0,6.0
119625,0,0,36,36,9,18.531296296296297,17,1797.0,3.0,4.0
119631,0,0,6,6,4,50.89690972222222,6,160.0,13.0,4.0
119659,7,0,21,9,8,7435.66337962963,18,68.0,6.0,5.0
119696,19,0,171,145,20,310.9462731481481,53,669.0,4.0,2.0
119746,14,1,21,10,9,495.6407986111111,22,1663.0,9.0,2.0
119796,0,0,78,40,13,437.0658912037037,24,2.0,4.0,2.0
119827,0,0,3,3,3,115.81972222222224,6,1667.0,5.0,2.0
119847,0,0,6,6,4,581.6352314814815,3,1671.0,1.0,1.0
119862,0,0,1,1,2,115.65181712962963,1,1671.0,1.0,2.0
119865,0,0,10,10,5,107.43726851851852,10,1667.0,5.0,5.0
119867,0,0,3,3,3,107.43241898148148,3,1670.0,2.0,1.0
119927,0,0,21,10,7,190.0008449074074,12,146.0,7.0,5.0
119938,0,0,3,3,3,1.6632638888888889,2,1666.0,6.0,2.0
119966,0,0,28,28,8,209.90328703703705,33,,0.0,5.0
119968,0,0,3,3,3,0.1276504629629629,2,1671.0,1.0,2.0
119977,108,36,66,37,21,7134.6434375,62,7.0,5.0,
119979,3,0,3,3,4,209.9080787037037,4,766.0,2.0,2.0
120009,0,0,1,1,2,0.0057638888888888,1,1671.0,1.0,6.0
120023,0,0,6,6,4,56.82365740740741,17,2278.0,6.0,2.0
120026,0,0,6,6,4,29.79293981481481,3,656.0,4.0,2.0
120030,442,78,561,238,47,1927.261516203704,159,592.0,14.0,5.0
120049,9,0,36,26,10,556.556886574074,13,1406.0,0.0,6.0
120055,0,0,3,3,3,23.150335648148147,8,1752.0,7.0,2.0
120104,0,0,10,9,5,268.01231481481483,4,989.0,3.0,2.0
120153,2,0,1,1,3,35.37583333333333,6,1670.0,2.0,2.0
120168,0,0,66,57,12,112.88746527777778,34,,0.0,2.0
120176,0,0,10,10,5,6316.942002314815,4,2280.0,4.0,2.0
120198,495,528,105,16,48,3463.87175925926,97,77.0,3.0,2.0
120200,0,0,1,1,2,5.7031481481481485,2,1670.0,2.0,2.0
120209,0,0,55,46,11,105.57502314814816,12,1146.0,8.0,2.0
120244,0,0,3,1,3,195.3171412037037,2,1670.0,2.0,2.0
120272,0,0,3,3,3,105.4499074074074,2,1671.0,1.0,2.0
120300,0,0,6,6,4,14.256284722222222,3,2935.0,4.0,2.0
120411,0,0,36,36,9,90.80502314814817,25,765.0,3.0,4.0
120463,4,0,6,6,5,33.60263888888889,7,1838.0,1.0,5.0
120473,0,0,3,3,3,141.99895833333332,5,826.0,4.0,4.0
120659,0,0,6,6,4,21.68462962962963,9,492.0,9.0,2.0
120670,3,0,3,3,4,13.845266203703703,7,66.0,4.0,1.0
120682,0,0,66,59,12,40.94739583333333,30,643.0,30.0,2.0
120689,4,0,6,6,5,40.884050925925926,4,208.0,0.0,2.0
120738,0,0,45,44,10,6280.648414351852,34,,0.0,2.0
120813,0,0,10,10,5,6314.118414351852,7,2280.0,4.0,6.0
120821,0,0,21,21,7,206.0364467592593,20,,0.0,6.0
120845,0,0,15,13,6,101.05498842592591,9,1837.0,2.0,2.0
120855,0,0,36,28,9,293.95100694444443,19,477.0,2.0,4.0
120875,0,0,136,121,17,186.65059027777772,46,,0.0,4.0
120956,0,0,6,5,4,22.913483796296298,9,987.0,5.0,2.0
120983,0,0,78,69,13,2772.0521875,16,1207.0,1.0,1.0
120984,0,0,3,3,3,12.827083333333333,2,920.0,1.0,1.0
120988,0,0,1,1,2,101.3342824074074,1,1669.0,3.0,2.0
121003,0,0,15,14,6,3.1987615740740742,6,992.0,0.0,5.0
121033,0,0,15,13,6,266.97616898148146,11,,0.0,2.0
121039,0,0,10,10,5,100.83579861111112,5,1667.0,5.0,2.0
121072,0,0,10,10,5,28.313969907407408,8,1834.0,5.0,2.0
121084,1134,351,861,408,69,1043.4270717592592,225,87.0,10.0,4.0
121114,0,0,28,28,8,6311.163020833334,11,2270.0,14.0,4.0
121152,0,0,1,1,2,573.9546643518519,1,1671.0,1.0,2.0
121171,0,0,3,3,3,7.898344907407408,3,1666.0,6.0,2.0
121178,0,0,15,13,6,99.61244212962964,6,1660.0,12.0,2.0
121192,0,0,6,6,4,99.52712962962964,4,1661.0,11.0,2.0
121235,0,0,10,7,5,286.31039351851854,7,655.0,5.0,2.0
121255,0,0,1,1,2,110.15944444444445,1,997.0,3.0,2.0
121314,0,0,45,29,10,4648.843136574074,24,489.0,12.0,4.0
121318,0,0,6,6,4,98.86239583333334,7,1664.0,8.0,2.0
121409,0,0,1,1,2,175.68688657407407,3,1669.0,3.0,3.0
121414,36,1,153,93,20,2330.399548611111,96,982.0,39.0,2.0
121501,0,0,0,0,1,175.42270833333333,0,1669.0,3.0,2.0
121505,0,0,1,1,2,34.81239583333333,1,1664.0,8.0,2.0
121540,528,120,528,218,49,6278.940983796297,233,,0.0,2.0
121615,15,3,10,8,8,263.2350231481482,35,35.0,21.0,2.0
121704,20,1,45,34,12,1554.7427546296296,30,2385.0,7.0,2.0
121712,0,0,15,10,6,22.18443287037037,7,1404.0,2.0,4.0
121729,24,15,6,5,10,199.86962962962963,20,787.0,0.0,5.0
121730,0,0,3,3,3,936.8869791666668,3,1464.0,2.0,2.0
121833,0,0,6,6,4,0.2814236111111111,7,1402.0,4.0,2.0
121925,0,0,1,1,2,32.80171296296297,1,1666.0,6.0,2.0
121946,9,0,36,19,10,8207.786701388888,13,,0.0,3.0
121947,126,15,210,128,27,8153.927951388889,35,,0.0,3.0
122021,0,0,3,2,3,14.170625,5,1668.0,4.0,2.0
122031,0,0,6,6,4,114.01641203703704,4,568.0,5.0,2.0
122083,18,1,36,16,11,5.369583333333333,15,601.0,3.0,5.0
122092,80,10,120,58,21,1656.344224537037,24,171.0,1.0,2.0
122238,20,1,45,25,12,794.0822106481481,33,5429.0,15.0,2.0
122307,0,0,10,10,5,504.8121875,8,827.0,3.0,2.0
122314,0,0,3,1,3,0.7566087962962963,7,63.0,4.0,2.0
122347,0,0,3,3,3,20.44662037037037,3,1671.0,1.0,2.0
122367,0,0,10,10,5,542.3309837962963,9,1402.0,4.0,6.0
122393,0,0,1,1,2,6.939490740740741,1,390.0,1.0,1.0
122482,0,0,6,6,4,105.68105324074074,3,651.0,1.0,2.0
122488,0,0,3,2,3,561.8071180555555,4,,0.0,2.0
122501,0,0,21,21,7,194.84050925925925,19,,0.0,4.0
122522,0,0,6,6,4,253.60060185185185,3,568.0,5.0,2.0
122548,0,0,15,13,6,128.87908564814813,10,824.0,6.0,2.0
122727,0,0,6,6,4,18.978703703703705,8,2935.0,4.0,2.0
122782,7,0,21,8,8,372.236863425926,10,1669.0,3.0,2.0
122847,0,0,21,19,7,70.94211805555555,6,118.0,5.0,2.0
122850,0,0,6,3,4,16.111296296296295,11,1667.0,5.0,6.0
122910,0,0,6,5,4,0.908773148148148,8,1671.0,1.0,5.0
122913,8,0,28,24,9,126.96378472222224,14,825.0,5.0,2.0
123005,0,0,21,21,7,17.01736111111111,12,,0.0,4.0
123054,0,0,10,10,5,250.81618055555555,4,475.0,4.0,2.0
123059,0,0,15,10,6,5148.934814814815,11,2893.0,5.0,6.0
123063,256,120,120,40,32,1553.7492939814815,92,1016.0,28.0,4.0
123124,10,1,10,8,7,158.3748611111111,13,1839.0,0.0,2.0
123253,5,0,10,8,6,82.07993055555555,9,669.0,4.0,2.0
123258,0,0,21,5,7,1593.794699074074,9,285.0,1.0,2.0
123285,0,0,1,0,2,2.305798611111112,1,918.0,3.0,2.0
123317,0,0,15,10,6,25.348425925925927,14,672.0,1.0,6.0
123347,0,0,3,2,3,2.024027777777778,2,168.0,3.0,2.0
123354,0,0,6,6,4,1.99125,4,168.0,3.0,2.0
123388,0,0,36,33,9,261.140625,34,68.0,11.0,3.0
123409,0,0,21,19,7,42.310833333333335,8,990.0,2.0,2.0
123444,0,0,1,1,2,3.927719907407408,1,48.0,5.0,2.0
123520,0,0,28,16,8,3353.858287037037,7,51.0,0.0,2.0
123570,0,0,6,6,4,8.452372685185185,3,473.0,6.0,2.0
123604,0,0,6,1,4,75.05149305555555,4,1671.0,1.0,2.0
123664,6,0,15,5,7,696.9959953703703,8,1672.0,0.0,2.0
123692,0,0,10,10,5,2753.192164351852,10,1168.0,20.0,2.0
123708,0,0,6,6,4,2781.117314814815,4,1184.0,4.0,3.0
123713,0,0,3,3,3,2783.0384375,2,1181.0,7.0,2.0
123791,10,1,10,10,7,19.46348379629629,21,763.0,5.0,6.0
123858,104,28,78,52,21,397.7380555555556,58,1031.0,13.0,4.0
123887,0,0,3,1,3,839.717511574074,2,1671.0,1.0,2.0
123890,0,0,1,1,2,453.1757407407408,1,1671.0,1.0,2.0
123918,0,0,21,11,7,1.2174652777777777,22,979.0,13.0,6.0
123956,0,0,1,1,2,2746.787453703704,1,1184.0,4.0,2.0
123970,0,0,6,5,4,1755.9272800925926,11,281.0,5.0,2.0
123974,0,0,21,21,7,186.89815972222223,13,762.0,6.0,5.0
123981,0,0,6,6,4,245.73378472222225,5,472.0,7.0,2.0
124076,0,0,15,14,6,4.9357291666666665,11,1667.0,5.0,2.0
124090,7,0,21,9,8,78.59949074074073,21,668.0,5.0,2.0
124158,2,0,1,1,3,2.38125,4,1669.0,3.0,2.0
124190,0,0,10,10,5,186.1414814814815,4,1463.0,3.0,2.0
124234,0,0,36,35,9,6294.048194444445,17,2276.0,8.0,6.0
124304,0,0,78,68,13,84.94296296296297,25,1146.0,8.0,4.0
124307,90,10,153,99,23,1077.2275694444445,82,966.0,10.0,4.0
124412,0,0,78,51,13,415.7514930555556,26,1747.0,12.0,2.0
124431,0,0,28,27,8,420.0150578703704,11,670.0,3.0,4.0
124448,0,0,21,15,7,6293.070983796296,23,191.0,15.0,6.0
124450,0,0,15,15,6,6293.067754629629,12,2275.0,9.0,2.0
124452,8,0,28,26,9,6293.062337962963,18,2275.0,9.0,2.0
124457,3,0,3,3,4,225.0416203703704,5,1671.0,1.0,1.0
124468,0,0,6,6,4,5.432326388888889,6,1669.0,3.0,2.0
124474,4,0,6,6,5,6.034722222222222,6,1663.0,9.0,2.0
124488,0,0,3,3,3,5.638148148148148,4,1670.0,2.0,2.0
124497,0,0,66,57,12,135.90417824074075,32,1371.0,11.0,2.0
124554,0,0,6,6,4,37.8905787037037,4,2385.0,7.0,2.0
124561,99,3,528,312,36,1314.0350347222222,99,41.0,3.0,2.0
124563,0,0,36,29,9,47.59597222222222,16,,0.0,2.0
124621,0,0,6,5,4,2734.9928472222223,4,1180.0,8.0,2.0
124638,0,0,36,29,9,381.1923958333333,20,1666.0,6.0,2.0
124641,288,120,153,62,34,6037.478217592593,108,43.0,7.0,4.0
124661,0,0,1,1,2,16.94957175925926,1,1184.0,4.0,4.0
124662,0,0,6,6,4,2749.1980902777777,11,1173.0,15.0,4.0
124665,0,0,3,3,3,3.693043981481481,4,918.0,3.0,3.0
124683,0,0,15,15,6,200.8325231481481,16,928.0,1.0,2.0
124685,7,0,21,20,8,166.1209027777778,19,2382.0,10.0,2.0
124717,0,0,3,1,3,5.801145833333333,2,1671.0,1.0,3.0
124743,0,0,6,6,4,530.116087962963,4,377.0,5.0,2.0
124748,0,0,1,1,2,599.8064583333334,2,1186.0,2.0,2.0
124769,0,0,28,28,8,218.70413194444444,14,5437.0,7.0,4.0
124789,0,0,55,38,11,6290.700520833333,34,1145.0,9.0,2.0
124929,0,0,91,88,14,456.79041666666666,25,1150.0,4.0,4.0
124936,0,0,10,10,5,181.8874074074074,5,1832.0,7.0,2.0
124946,0,0,36,35,9,56.75383101851852,26,239.0,5.0,4.0
124990,0,0,78,64,13,1040.6122453703704,24,1147.0,7.0,2.0
125093,0,0,6,6,4,2.1480208333333333,3,1379.0,3.0,2.0
125124,5,0,10,9,6,12.832152777777775,12,666.0,7.0,2.0
125146,0,0,36,34,9,154.9279050925926,21,93.0,12.0,2.0
125151,4,0,6,6,5,8577.597488425927,8,637.0,5.0,2.0
125197,6,0,15,9,7,7764.491365740741,15,20.0,5.0,2.0
125282,203,21,406,270,36,3303.700277777778,144,403.0,54.0,2.0
125291,0,0,10,10,5,28.93576388888889,11,985.0,7.0,4.0
125295,0,0,15,15,6,6288.12494212963,8,2280.0,4.0,2.0
125332,3,0,3,3,4,0.0572916666666666,5,379.0,3.0,2.0
125351,0,0,6,6,4,1.8978819444444444,7,670.0,3.0,6.0
125356,0,0,6,6,4,6.180439814814815,3,989.0,3.0,2.0
125389,0,0,45,43,10,168.751875,29,1140.0,5.0,2.0
125394,0,0,1,1,2,154.2567476851852,3,1669.0,3.0,2.0
125434,3,0,3,3,4,7.440787037037037,3,768.0,0.0,5.0
125622,3,0,3,2,4,25.732164351851853,5,1839.0,0.0,2.0
125746,6,0,15,15,7,263.0159375,20,5430.0,14.0,2.0
125747,4,0,6,4,5,2743.421782407408,7,64.0,3.0,3.0
125755,0,0,1,1,2,6908.496782407407,1,,0.0,2.0
125768,4,0,6,3,5,730.9857870370371,6,319.0,1.0,2.0
125776,0,0,3,3,3,0.8345370370370371,2,2936.0,3.0,2.0
125801,0,0,10,6,5,524.9897685185185,4,379.0,3.0,2.0
125872,0,0,1,1,2,10.71806712962963,2,1186.0,2.0,2.0
125884,0,0,3,1,3,95.00572916666668,2,1759.0,0.0,2.0
125888,30,1,105,61,17,6251.485289351852,36,,0.0,2.0
125950,0,0,21,16,7,12.799594907407409,10,669.0,4.0,2.0
125956,0,0,3,3,3,24.604328703703704,2,1666.0,6.0,2.0
125998,40,1,190,133,22,8584.84537037037,39,124.0,5.0,2.0
126003,0,0,15,11,6,20.933703703703703,10,5439.0,5.0,2.0
126063,0,0,3,2,3,16.960520833333334,4,1185.0,3.0,2.0
126069,0,0,15,15,6,253.25368055555555,6,738.0,4.0,2.0
126094,0,0,6,6,4,3.0546527777777777,4,1671.0,1.0,2.0
126109,0,0,3,3,3,4.148020833333334,4,1669.0,3.0,5.0
126116,0,0,3,1,3,546.727175925926,2,1671.0,1.0,2.0
126212,26,1,78,39,15,3480.390960648148,42,,0.0,2.0
126237,0,0,21,16,7,12.160636574074074,17,475.0,4.0,2.0
126266,518,91,666,288,51,2050.8364814814813,259,98.0,21.0,4.0
126268,0,0,21,18,7,2.04037037037037,12,670.0,3.0,5.0
126312,0,0,21,18,7,233.6666898148148,9,760.0,10.0,2.0
126320,0,0,6,6,4,2064.415023148148,6,914.0,7.0,2.0
126365,0,0,3,3,3,1.0122800925925926,2,1667.0,5.0,2.0
126379,899,406,465,224,60,8051.534340277778,177,,0.0,3.0
126418,0,0,6,6,4,1.6870023148148148,4,1671.0,1.0,1.0
126421,7,0,21,18,8,174.20767361111112,9,1839.0,0.0,5.0
126439,0,0,36,30,9,22.32056712962963,17,447.0,9.0,2.0
126453,84,6,210,109,25,7545.709421296297,153,281.0,50.0,2.0
126468,6,0,15,12,7,111.05756944444444,10,500.0,1.0,5.0
126492,4,0,6,6,5,174.00144675925927,5,990.0,2.0,2.0
126592,28,1,91,57,16,1767.9502893518518,40,918.0,2.0,2.0
126612,0,0,10,8,5,2735.253263888889,5,1182.0,6.0,2.0
126686,4,0,6,1,5,4576.708530092593,9,,0.0,2.0
126704,0,0,10,5,5,16.06050925925926,6,327.0,1.0,6.0
126740,36,15,15,10,12,7812.851377314815,14,,0.0,4.0
126742,42,1,210,121,23,6235.970636574074,54,531.0,5.0,5.0
126765,0,0,15,14,6,616.7706712962963,23,357.0,8.0,2.0
126779,6,3,1,1,5,159.77936342592594,8,1667.0,5.0,2.0
126829,48,1,276,248,26,4996.701111111112,74,651.0,22.0,4.0
126869,0,0,28,28,8,231.87241898148147,11,475.0,4.0,2.0
126919,962,325,666,171,63,7348.0597685185185,319,898.0,102.0,2.0
126941,0,0,10,10,5,147.48738425925927,7,667.0,6.0,2.0
126947,2,0,1,1,3,131.59762731481482,3,208.0,0.0,2.0
126978,0,0,10,9,5,108.29591435185183,5,642.0,0.0,2.0
127003,15,0,105,77,16,109.2973148148148,49,812.0,18.0,5.0
127099,0,0,1,1,2,146.3890162037037,3,1669.0,3.0,2.0
127102,0,0,1,1,2,146.38724537037038,2,1670.0,2.0,2.0
127118,0,0,10,10,5,1013.4382638888889,11,2279.0,5.0,3.0
127142,2,0,1,1,3,52.97991898148148,9,672.0,1.0,3.0
127159,0,0,3,1,3,47.824756944444445,2,207.0,1.0,2.0
127211,0,0,15,15,6,8.445162037037036,9,366.0,4.0,4.0
127259,10,0,45,35,11,28.14693287037037,58,,0.0,4.0
127277,0,0,15,15,6,6279.122731481481,6,2282.0,2.0,2.0
127291,0,0,15,15,6,4339.942615740741,8,495.0,6.0,2.0
127457,0,0,10,10,5,229.1777199074074,5,642.0,0.0,2.0
127506,0,0,15,15,6,12.85775462962963,5,917.0,4.0,2.0
127514,0,0,10,8,5,51.524351851851854,8,670.0,3.0,2.0
127539,380,171,190,78,39,6786.988113425926,76,,0.0,2.0
127662,0,0,1,1,2,844.4707638888889,2,1672.0,0.0,2.0
127703,0,0,10,10,5,1.1709953703703704,4,739.0,3.0,5.0
127724,0,0,28,28,8,6276.038599537037,15,2279.0,5.0,2.0
127727,0,0,1,1,2,142.45677083333334,1,1671.0,1.0,2.0
127731,0,0,1,1,2,958.0013078703704,1,1672.0,0.0,2.0
127732,0,0,1,1,2,142.45180555555555,1,1671.0,1.0,2.0
127733,0,0,1,1,2,142.45002314814815,2,1670.0,2.0,2.0
127734,0,0,1,1,2,154.79979166666666,1,1671.0,1.0,2.0
127736,0,0,1,1,2,142.44752314814815,1,1671.0,1.0,2.0
127737,0,0,1,1,2,142.44539351851853,2,1670.0,2.0,2.0
127741,3,0,3,3,4,233.0684375,3,683.0,1.0,6.0
127750,0,0,1,1,2,142.4130787037037,2,1670.0,2.0,2.0
127751,0,0,3,3,3,142.4058449074074,3,1670.0,2.0,2.0
127752,0,0,1,1,2,142.40400462962964,3,1669.0,3.0,2.0
127792,2,0,1,1,3,48.61710648148148,4,670.0,3.0,2.0
127806,0,0,3,3,3,14.849328703703703,2,672.0,1.0,2.0
127873,2,0,1,0,3,0.676875,3,673.0,0.0,4.0
127903,17,0,136,74,18,3226.2782291666667,69,5420.0,24.0,2.0
127905,0,0,6,4,4,4335.892905092593,4,825.0,5.0,4.0
127907,0,0,10,10,5,6.159166666666667,8,1375.0,7.0,2.0
127915,0,0,10,9,5,57.81894675925926,4,1153.0,1.0,4.0
127928,0,0,15,15,6,8.783425925925926,8,764.0,4.0,2.0
127997,0,0,10,10,5,23.64097222222222,6,827.0,3.0,4.0
127998,5,0,10,10,6,21.50552083333333,10,6.0,3.0,4.0
128010,0,0,6,4,4,2731.854513888889,6,1184.0,4.0,2.0
128025,22,0,231,133,23,834.508287037037,33,2268.0,16.0,2.0
128070,9,3,3,3,6,47.080104166666665,8,671.0,2.0,4.0
128119,0,0,10,9,5,782.445925925926,5,1798.0,2.0,2.0
128127,0,0,6,6,4,1208.667986111111,3,567.0,4.0,2.0
128223,0,0,6,6,4,0.8060995370370371,5,1462.0,4.0,2.0
128249,6,1,3,3,5,108.84640046296296,4,672.0,1.0,1.0
128304,0,0,10,5,5,674.1212962962964,5,1671.0,1.0,2.0
128311,0,0,21,18,7,259.8541898148148,18,1667.0,5.0,3.0
128322,270,36,435,289,39,740.0126157407408,84,916.0,5.0,4.0
128398,12,0,66,43,13,1062.2842939814814,32,25.0,1.0,2.0
128478,0,0,6,6,4,24.84832175925926,6,2388.0,4.0,3.0
128556,0,0,15,14,6,9.784502314814814,7,155.0,0.0,2.0
128604,0,0,6,4,4,137.62131944444445,16,1658.0,14.0,5.0
128647,0,0,45,23,10,2717.304641203704,29,441.0,16.0,4.0
128659,12,0,66,47,13,2.713159722222222,36,303.0,19.0,6.0
128676,0,0,120,89,16,47.461921296296296,32,647.0,5.0,5.0
128741,0,0,6,6,4,9.015625,4,2282.0,2.0,2.0
128833,1,0,0,0,2,7.209444444444444,1,1839.0,0.0,4.0
128863,0,0,15,15,6,220.1371412037037,6,738.0,4.0,2.0
128900,0,0,3,3,3,27.65105324074074,3,990.0,2.0,2.0
128905,0,0,45,44,10,219.94688657407409,10,1460.0,6.0,2.0
128924,0,0,36,30,9,226.09365740740745,13,734.0,8.0,4.0
128927,0,0,55,49,11,50.74778935185185,30,816.0,14.0,4.0
128970,3,0,3,2,4,311.1427777777778,4,1671.0,1.0,3.0
128996,240,105,120,56,31,8182.326354166666,67,1035.0,9.0,2.0
129078,0,0,1,1,2,72.92190972222222,1,1839.0,0.0,2.0
129119,0,0,3,1,3,70.80429398148148,2,1839.0,0.0,6.0
129129,0,0,6,6,4,218.8746412037037,4,657.0,3.0,2.0
129181,3,0,3,3,4,159.83493055555556,3,1839.0,0.0,5.0
129268,35,10,21,10,12,2514.411273148148,11,2284.0,0.0,2.0
129288,0,0,21,21,7,2.29462962962963,7,651.0,9.0,5.0
129306,17,0,136,100,18,434.1070023148148,34,,0.0,2.0
129333,0,0,36,31,9,87.27638888888889,15,668.0,5.0,2.0
129492,0,0,15,15,6,70.43347222222222,8,731.0,11.0,5.0
129531,0,0,10,10,5,216.88310185185185,8,655.0,5.0,2.0
129602,0,0,55,37,11,991.1469907407408,21,68.0,10.0,2.0
129605,0,0,10,10,5,6265.823055555556,4,2281.0,3.0,2.0
129606,0,0,10,10,5,6265.821087962963,4,2281.0,3.0,2.0
129628,0,0,45,43,10,6265.704745370371,11,2274.0,10.0,5.0
129692,0,0,3,3,3,131.86748842592593,3,1670.0,2.0,1.0
129737,0,0,21,21,7,74.29824074074074,8,735.0,7.0,4.0
129794,0,0,21,20,7,10.588888888888889,14,375.0,7.0,2.0
129795,0,0,21,16,7,228.64342592592592,14,402.0,5.0,4.0
129801,2,0,1,1,3,209.82111111111112,2,673.0,0.0,2.0
129808,0,0,45,34,10,220.7011805555556,38,37.0,21.0,2.0
129811,0,0,28,28,8,181.63282407407408,15,816.0,14.0,2.0
129875,120,45,66,9,22,7069.816747685185,36,3.0,2.0,2.0
129916,0,0,15,14,6,135.53091435185186,7,2278.0,6.0,2.0
129921,22,1,55,20,13,1951.4059953703704,21,0.0,2.0,2.0
129941,693,210,528,174,54,6263.265231481481,156,5429.0,15.0,4.0
129953,0,0,406,293,29,1471.8919097222222,77,312.0,8.0,4.0
130050,0,0,1,1,2,128.99449074074073,1,1669.0,3.0,2.0
130078,272,28,561,184,42,3122.5636458333333,161,2337.0,55.0,2.0
130080,0,0,66,65,12,408.8983333333333,33,759.0,9.0,2.0
130152,0,0,21,20,7,153.87930555555556,13,,0.0,5.0
130202,0,0,1,1,2,156.4925115740741,3,1669.0,3.0,2.0
130206,0,0,15,15,6,8.803275462962963,10,445.0,11.0,5.0
130234,39,3,78,62,16,28.50122685185185,31,327.0,1.0,5.0
130239,2,0,1,1,3,1.5988888888888888,2,2284.0,0.0,2.0
130299,7,0,21,21,8,342.1350347222222,21,820.0,10.0,2.0
130327,297,36,528,225,42,8036.214259259259,76,0.0,6.0,
130336,0,0,0,0,1,8.794629629629629,0,1839.0,0.0,2.0
130337,0,0,21,18,7,184.01538194444444,10,765.0,5.0,2.0
130359,84,15,91,54,20,1985.784039351852,68,557.0,0.0,6.0
130384,3,0,3,3,4,112.09369212962964,4,208.0,0.0,2.0
130398,0,0,6,5,4,127.36962962962964,4,1670.0,2.0,2.0
130404,0,0,1,1,2,190.992488425926,2,2282.0,2.0,3.0
130418,4,0,6,5,5,26.559872685185184,6,684.0,0.0,2.0
130532,0,0,3,3,3,2739.781111111111,2,1184.0,4.0,2.0
130536,5,0,10,10,6,182.4282638888889,12,1141.0,4.0,3.0
130605,6,0,15,13,7,34.18913194444445,15,47.0,8.0,2.0
130644,14,0,91,43,15,6260.173020833333,31,52.0,6.0,2.0
130665,0,0,21,19,7,33.41423611111111,9,449.0,3.0,2.0
130719,20,0,190,164,21,2117.921759259259,40,384.0,7.0,4.0
130849,0,0,6,4,4,2479.720150462963,5,31.0,3.0,3.0
130853,6,0,15,10,7,210.2062037037037,11,1462.0,4.0,2.0
130894,0,0,6,6,4,4.343831018518519,9,1665.0,7.0,5.0
130944,0,0,15,15,6,5.094027777777778,6,389.0,2.0,2.0
130969,0,0,36,34,9,6259.110462962963,19,2275.0,9.0,2.0
131000,0,0,10,7,5,11.172245370370373,10,1670.0,2.0,4.0
131007,0,0,45,39,10,425.99984953703705,30,,0.0,2.0
131016,56,1,378,213,30,12.07324074074074,64,127.0,4.0,2.0
131020,9,0,36,31,10,33.8359837962963,28,528.0,8.0,4.0
131068,10,1,10,7,7,139.24045138888889,6,921.0,0.0,2.0
131153,11,0,55,37,12,150.36528935185186,68,746.0,22.0,4.0
131175,0,0,10,10,5,95.15185185185184,5,470.0,9.0,2.0
131182,4,0,6,5,5,674.13625,9,921.0,0.0,2.0
131230,0,0,55,53,11,17.440555555555555,15,2893.0,5.0,2.0
131238,0,0,15,15,6,21.163368055555555,9,2280.0,4.0,2.0
131293,0,0,10,10,5,431.98936342592594,8,2931.0,8.0,2.0
131320,0,0,3,2,3,2707.6602662037035,2,1183.0,5.0,1.0
131321,0,0,10,7,5,2700.709537037037,9,590.0,4.0,2.0
131323,0,0,6,5,4,2700.687048611111,5,1183.0,5.0,3.0
131324,0,0,1,1,2,2723.906736111111,1,1185.0,3.0,2.0
131390,0,0,6,4,4,3939.7852199074073,3,,0.0,2.0
131405,5,0,10,10,6,397.3905208333333,11,825.0,5.0,3.0
131443,0,0,3,2,3,415.2323958333333,3,555.0,1.0,2.0
131456,2576,1540,1035,344,102,7529.476770833333,223,2929.0,10.0,4.0
131470,24,1,66,47,14,660.9511574074074,36,97.0,7.0,5.0
131477,22,1,55,35,13,826.6840162037037,54,210.0,25.0,2.0
131480,11,0,55,26,12,1003.771273148148,20,98.0,6.0,4.0
131483,4,1,1,1,4,5345.741493055555,6,1184.0,4.0,2.0
131487,5,0,10,10,6,9.604618055555555,7,2389.0,3.0,4.0
131498,2,0,1,1,3,139.04484953703704,10,1668.0,4.0,2.0
131536,17,0,136,87,18,431.61635416666667,24,803.0,1.0,2.0
131604,6,0,15,11,7,1420.102523148148,11,1062.0,4.0,2.0
131626,0,0,45,44,10,18.81859953703704,23,2888.0,10.0,5.0
131633,0,0,3,3,3,310.3200347222222,10,1058.0,8.0,2.0
131651,0,0,55,46,11,631.1090856481482,14,1146.0,8.0,4.0
131696,5,0,10,9,6,231.4146990740741,8,988.0,4.0,4.0
131775,0,0,3,3,3,577.0383796296296,6,5432.0,12.0,2.0
131869,0,0,1,1,2,0.9669212962962964,2,650.0,2.0,2.0
131899,0,0,21,18,7,5.021087962962963,8,2931.0,8.0,2.0
131918,0,0,15,15,6,7.698229166666667,6,2282.0,2.0,5.0
132023,0,0,28,22,8,125.38481481481482,11,670.0,3.0,5.0
132154,0,0,21,21,7,6253.94712962963,7,2282.0,2.0,2.0
132175,8,0,28,24,9,204.6986689814815,13,1367.0,15.0,2.0
132255,6,0,15,11,7,2436.597824074074,17,,0.0,2.0
132262,0,0,15,15,6,8.36730324074074,6,2896.0,2.0,2.0
132264,0,0,3,2,3,2703.171203703704,4,1185.0,3.0,2.0
132300,6,0,15,14,7,140.22653935185184,19,628.0,2.0,2.0
132340,140,21,190,111,27,5216.501909722222,60,80.0,13.0,2.0
132395,0,0,6,3,4,2696.057094907407,4,1186.0,2.0,2.0
132430,0,0,66,62,12,144.88363425925925,56,1808.0,31.0,5.0
132431,0,0,78,68,13,6252.932222222223,21,668.0,5.0,4.0
132489,8,0,28,28,9,6252.720729166666,13,2268.0,16.0,2.0
132563,7,0,21,14,8,7256.108136574074,8,391.0,4.0,5.0
132583,0,0,36,32,9,58.14907407407407,20,599.0,5.0,5.0
132600,0,0,6,6,4,54.89063657407407,3,787.0,0.0,4.0
132610,0,0,1,1,2,42.13074074074074,4,1668.0,4.0,2.0
132621,0,0,3,2,3,0.2037847222222222,3,12.0,3.0,2.0
132653,0,0,6,6,4,4.766666666666667,4,987.0,5.0,2.0
132759,261,36,406,254,38,5397.614849537037,204,1805.0,34.0,5.0
132817,0,0,6,4,4,187.2869212962963,7,1671.0,1.0,2.0
133000,0,0,6,5,4,25.88734953703704,3,652.0,0.0,5.0
133008,0,0,10,8,5,222.40913194444445,4,989.0,3.0,4.0
133011,0,0,10,10,5,513.2178240740741,11,1667.0,5.0,2.0
133014,0,0,1,1,2,378.3035300925926,1,1672.0,0.0,2.0
133023,0,0,1,1,2,0.1874421296296296,1,176.0,3.0,2.0
133046,0,0,6,6,4,2692.802083333333,7,1184.0,4.0,2.0
133062,0,0,3,3,3,2692.645601851852,2,1184.0,4.0,2.0
133067,0,0,0,0,1,545.7594328703703,0,1186.0,2.0,2.0
133134,0,0,0,0,1,506.0033101851852,0,1186.0,2.0,3.0
133140,0,0,1,1,2,7.405254629629629,1,1185.0,3.0,2.0
133148,0,0,1,1,2,2743.019212962963,1,1185.0,3.0,4.0
133155,0,0,28,18,8,4309.85912037037,12,604.0,2.0,2.0
133179,0,0,1,1,2,2706.1710416666665,1,1183.0,5.0,5.0
133184,0,0,6,6,4,649.8551273148148,4,1671.0,1.0,2.0
133217,16,0,120,92,17,99.68454861111113,23,316.0,4.0,4.0
133233,0,0,10,10,5,30.88574074074074,6,1759.0,0.0,4.0
133241,0,0,15,13,6,2477.6828356481483,6,1462.0,4.0,4.0
133282,20,0,190,143,21,492.6537847222222,42,,0.0,2.0
133286,0,0,105,94,15,121.1379050925926,67,1791.0,9.0,2.0
133453,9,0,36,28,10,114.5261574074074,21,201.0,7.0,4.0
133472,0,0,15,7,6,128.44979166666667,8,1669.0,3.0,2.0
133506,13,0,78,73,14,6247.313587962963,23,207.0,7.0,2.0
133509,0,0,0,0,1,5.542013888888889,0,1182.0,6.0,4.0
133561,0,0,3,3,3,303.52122685185185,4,1669.0,3.0,2.0
133564,6,0,15,13,7,203.24435185185183,12,2283.0,1.0,2.0
133566,0,0,3,3,3,6870.117881944445,5,1378.0,4.0,2.0
133582,0,0,3,3,3,211.0285300925926,3,2282.0,2.0,2.0
133585,0,0,21,10,7,915.1445717592592,7,1671.0,1.0,2.0
133590,0,0,55,35,11,1102.7571064814815,26,144.0,12.0,2.0
133642,0,0,21,13,7,1831.037476851852,6,103.0,2.0,2.0
133651,0,0,15,15,6,9.707337962962963,6,1832.0,7.0,2.0
133662,0,0,1,1,2,201.6649884259259,1,1835.0,4.0,2.0
133713,0,0,10,10,5,138.36385416666667,8,763.0,5.0,2.0
133718,10,0,45,22,11,7495.79775462963,11,604.0,0.0,2.0
133751,4,0,6,6,5,56.18895833333333,15,,0.0,4.0
133787,108,36,66,40,21,7404.83619212963,31,,0.0,2.0
133863,19,0,171,133,20,22.664548611111112,51,16.0,9.0,4.0
133864,0,0,45,40,10,97.59873842592592,28,2888.0,10.0,4.0
133874,14,1,21,19,9,1589.572523148148,15,6.0,5.0,3.0
133965,0,0,0,0,1,669.3906712962963,0,1185.0,3.0,2.0
133974,0,0,0,0,1,3.6543171296296295,0,1183.0,5.0,6.0
133984,6,0,15,9,7,7295.189004629629,12,150.0,6.0,1.0
134017,1,0,0,0,2,0.1872685185185185,2,787.0,0.0,5.0
134066,0,0,36,36,9,711.9541550925926,10,2274.0,10.0,2.0
134123,2,0,1,1,3,17.707881944444445,3,786.0,1.0,5.0
134130,0,0,6,5,4,6.558194444444444,3,208.0,3.0,2.0
134317,44,1,231,158,24,260.4522685185185,34,389.0,2.0,4.0
134323,0,0,1,1,2,115.72755787037038,1,668.0,5.0,1.0
134342,0,0,3,3,3,2687.554317129629,2,1184.0,4.0,2.0
134370,0,0,21,21,7,127.49547453703704,16,822.0,8.0,4.0
134401,0,0,78,56,13,393.0943171296296,41,670.0,3.0,2.0
134436,7,0,21,10,8,7005.029976851852,22,0.0,9.0,2.0
134445,12,0,66,50,13,119.08671296296296,30,,0.0,2.0
134503,0,0,78,72,13,40.04152777777778,37,489.0,12.0,4.0
134523,0,0,153,102,18,212.3073611111111,68,1366.0,16.0,5.0
134599,0,0,0,0,1,573.1958680555556,0,1186.0,2.0,2.0
134600,0,0,1,1,2,2724.404004629629,1,1186.0,2.0,2.0
134606,0,0,3,3,3,2720.6163194444443,2,1187.0,1.0,4.0
134614,10,1,10,10,7,171.50751157407407,8,1074.0,7.0,2.0
134617,0,0,1,1,2,550.179212962963,2,1186.0,2.0,5.0
134667,0,0,3,1,3,67.74699074074074,3,828.0,2.0,2.0
134690,0,0,28,24,8,52.13136574074074,7,364.0,6.0,2.0
134693,0,0,6,6,4,14.281701388888887,5,787.0,0.0,2.0
134708,36,6,36,13,13,1297.7351736111111,18,4.0,5.0,2.0
134774,0,0,1,1,2,333.86429398148147,2,1670.0,2.0,2.0
134785,2,0,1,1,3,8.778888888888888,2,207.0,1.0,4.0
134787,0,0,6,6,4,6240.745532407407,3,2279.0,5.0,4.0
134814,8,0,28,21,9,1301.5841203703703,25,281.0,5.0,2.0
134875,0,0,6,4,4,168.12024305555556,3,2283.0,1.0,2.0
134901,11,0,55,52,12,66.7541087962963,16,826.0,4.0,2.0
134976,0,0,10,8,5,2689.094085648148,4,593.0,1.0,2.0
135142,0,0,55,47,11,6239.295451388889,14,24.0,1.0,2.0
135196,0,0,21,21,7,5.420324074074074,14,2277.0,7.0,5.0
135211,0,0,55,47,11,196.2309490740741,25,728.0,14.0,5.0
135249,0,0,3,3,3,2681.864872685185,2,1186.0,2.0,2.0
135263,0,0,21,17,7,2478.0317939814813,7,,0.0,2.0
135268,493,136,406,205,46,5057.649236111111,90,0.0,11.0,2.0
135278,0,0,6,6,4,36.82148148148149,7,1756.0,3.0,2.0
135292,0,0,21,20,7,193.8958217592593,20,87.0,11.0,2.0
135300,495,105,528,305,48,1105.788298611111,128,4.0,16.0,2.0
135547,0,0,45,31,10,46.97763888888889,12,1795.0,5.0,4.0
135636,1431,1378,351,154,80,7718.330474537037,250,251.0,32.0,2.0
135663,0,0,6,5,4,81.6106712962963,4,42.0,5.0,2.0
135711,0,0,15,15,6,188.1840625,5,473.0,6.0,2.0
135737,0,0,91,70,14,62.125972222222224,44,,0.0,4.0
135794,2,0,1,1,3,2457.3,5,31.0,3.0,2.0
135926,6,0,15,8,7,1712.2639814814816,8,283.0,3.0,2.0
135937,5,0,10,6,6,103.59814814814816,8,1671.0,1.0,1.0
135963,0,0,10,8,5,191.0236226851852,7,766.0,2.0,2.0
135998,0,0,15,14,6,140.36359953703703,7,548.0,8.0,2.0
136002,7,0,21,17,8,3323.5871759259257,14,,0.0,3.0
136063,0,0,55,50,11,141.32708333333332,26,332.0,8.0,5.0
136072,5,0,10,8,6,514.096400462963,8,673.0,0.0,3.0
136087,0,0,6,4,4,115.95300925925926,7,1670.0,2.0,2.0
136216,0,0,55,54,11,18.057488425925925,37,1787.0,13.0,5.0
136235,0,0,15,14,6,27.11429398148148,6,1380.0,2.0,3.0
136275,0,0,15,15,6,26.980833333333333,5,387.0,4.0,2.0
136292,10,0,45,34,11,2729.7278009259257,23,1465.0,1.0,2.0
136294,2,0,1,1,3,685.1231828703703,2,1671.0,1.0,2.0
136456,0,0,36,35,9,16.955844907407407,22,,0.0,2.0
136467,7,0,21,16,8,131.44269675925926,16,2278.0,6.0,2.0
136495,0,0,66,53,12,83.9187037037037,26,1142.0,12.0,2.0
136528,0,0,3,1,3,495.7484259259259,2,1671.0,1.0,2.0
136574,0,0,0,0,1,541.4886805555556,0,1186.0,2.0,2.0
136580,0,0,105,86,15,295.5532407407408,35,664.0,9.0,2.0
136606,0,0,36,35,9,6232.338877314814,17,668.0,5.0,5.0
136670,3,0,3,3,4,68.23563657407408,19,5433.0,11.0,2.0
136678,0,0,10,10,5,25.22473379629629,5,1797.0,3.0,5.0
136696,0,0,21,21,7,6232.136145833333,7,2278.0,6.0,2.0
136756,7,0,21,20,8,45.96787037037037,20,1128.0,17.0,6.0
136871,114,15,171,80,25,7511.742094907408,44,48.0,4.0,4.0
136877,5,0,10,8,6,6853.36443287037,9,,0.0,3.0
136897,72,36,28,19,17,6638.808958333333,22,,0.0,
136915,140,10,378,290,33,164.91114583333334,85,1075.0,6.0,2.0
136922,0,0,28,28,8,41.059953703703705,10,736.0,6.0,2.0
136959,4,0,6,5,5,7117.35525462963,6,,0.0,4.0
136978,6,0,15,11,7,585.0642013888889,12,2390.0,2.0,3.0
136980,0,0,6,6,4,760.9408449074074,6,604.0,0.0,5.0
136985,0,0,15,14,6,112.55763888888887,5,568.0,5.0,2.0
137189,837,351,465,248,58,6059.166597222223,140,56.0,12.0,2.0
137213,0,0,36,32,9,33.77726851851852,15,986.0,6.0,2.0
137223,14,0,91,58,15,112.55215277777778,32,104.0,9.0,4.0
137231,0,0,66,62,12,160.6331365740741,28,,0.0,2.0
137306,10,1,10,10,7,16.123645833333335,7,,0.0,6.0
137450,627,171,528,256,52,3685.084375,139,1.0,25.0,2.0
137523,0,0,120,97,16,1031.3822916666666,31,209.0,8.0,4.0
137535,0,0,10,10,5,232.1205671296296,9,,0.0,2.0
137556,0,0,3,3,3,4.815520833333333,4,2936.0,3.0,2.0
137685,0,0,66,60,12,177.69873842592594,30,167.0,5.0,4.0
137688,48,6,66,29,16,7170.135428240741,34,105.0,6.0,2.0
137853,0,0,45,28,10,100.0200462962963,42,906.0,23.0,2.0
137892,0,0,3,3,3,139.8499074074074,6,1667.0,5.0,2.0
138012,0,0,15,12,6,8.191759259259259,8,1756.0,3.0,5.0
138015,0,0,10,6,5,20.062858796296297,6,1153.0,1.0,2.0
138191,18,1,36,33,11,154.16658564814816,30,43.0,15.0,2.0
138215,6,0,15,14,7,6849.902152777778,8,331.0,0.0,2.0
138242,0,0,10,8,5,25.42754629629629,7,1670.0,2.0,2.0
138500,8,0,28,27,9,19.311481481481483,27,,0.0,5.0
138540,0,0,10,7,5,0.3090625,7,1755.0,4.0,2.0
138676,0,0,3,3,3,6.940185185185185,2,1759.0,0.0,4.0
138692,6,0,15,15,7,173.84927083333332,9,988.0,4.0,2.0
138852,0,0,6,5,4,3.0447685185185187,3,167.0,4.0,2.0
138900,0,0,21,15,7,244.02027777777772,22,1752.0,7.0,2.0
138957,12,0,66,48,13,292.3630439814815,71,173.0,35.0,4.0
139057,3,0,3,3,4,239.0288657407408,15,1667.0,5.0,2.0
139159,10,1,10,5,7,479.9792013888889,6,1671.0,1.0,2.0
139202,0,0,36,30,9,124.86591435185186,19,494.0,7.0,4.0
139240,0,0,36,25,9,112.10383101851852,24,19.0,5.0,2.0
139334,1,0,0,0,2,32.02916666666667,2,1670.0,2.0,2.0
139354,0,0,6,5,4,2250.683275462963,4,,0.0,3.0
139362,27,3,36,31,12,42.98511574074074,26,602.0,2.0,5.0
139418,0,0,6,3,4,8.611655092592592,4,1671.0,1.0,3.0
139529,0,0,28,28,8,111.10738425925926,13,,0.0,5.0
139557,0,0,3,1,3,85.49239583333333,2,1671.0,1.0,3.0
139565,0,0,1,1,2,85.46902777777778,2,1670.0,2.0,1.0
139572,0,0,66,64,12,110.98162037037036,17,757.0,11.0,4.0
139633,0,0,28,26,8,28.665150462962963,23,1373.0,9.0,2.0
139646,1,0,0,0,2,550.3516435185185,2,1186.0,2.0,2.0
139649,0,0,15,15,6,35.561400462962965,25,591.0,13.0,2.0
139798,0,0,55,51,11,13.296377314814816,25,661.0,12.0,2.0
139802,21,0,210,113,22,83.02574074074074,89,898.0,22.0,6.0
139883,0,0,6,6,4,11.072662037037038,3,1669.0,3.0,2.0
139923,0,0,3,2,3,2674.223738425926,5,1184.0,4.0,2.0
139956,3,0,3,3,4,109.63157407407408,3,767.0,1.0,5.0
140087,0,0,6,6,4,89.9726388888889,3,765.0,3.0,2.0
140136,0,0,28,25,8,187.3390162037037,7,1377.0,5.0,2.0
140467,30,1,105,66,17,530.5657060185185,38,198.0,14.0,3.0
140550,1,0,0,0,2,18.6315625,1,1672.0,0.0,2.0
140562,108,15,153,40,24,5413.026724537037,84,0.0,19.0,2.0
140612,0,0,66,61,12,151.9234375,33,757.0,13.0,2.0
140616,0,0,6,4,4,629.8591203703704,4,921.0,0.0,3.0
140637,2,0,1,1,3,66.12770833333333,3,208.0,0.0,2.0
140644,0,0,1,1,2,1585.917523148148,1,2284.0,0.0,3.0
140655,0,0,6,6,4,145.0144097222222,4,2282.0,2.0,3.0
140718,75,10,105,33,20,6738.455266203704,36,103.0,8.0,2.0
140767,17,0,136,110,18,62.32010416666667,35,995.0,5.0,5.0
140789,17,0,136,100,18,7142.999548611111,132,,0.0,2.0
140870,3,0,3,3,4,310.79025462962966,6,1672.0,0.0,2.0
140910,0,0,6,5,4,155.38886574074073,5,1670.0,2.0,2.0
140931,18,0,153,122,19,380.2519328703704,57,,0.0,5.0
140944,11,0,55,36,12,17.365983796296295,22,1752.0,7.0,2.0
140949,4,1,1,0,4,26.15587962962963,10,0.0,7.0,4.0
140990,0,0,3,1,3,1.7511689814814817,3,602.0,2.0,2.0
140994,0,0,3,2,3,2866.0427777777777,4,1063.0,3.0,2.0
141038,6,0,15,11,7,496.64314814814816,16,1798.0,2.0,2.0
141061,0,0,325,250,26,9.70746527777778,60,1790.0,10.0,5.0
141198,0,0,28,19,8,6018.208414351852,8,995.0,5.0,2.0
141210,2,0,1,1,3,195.42996527777777,2,672.0,1.0,2.0
141295,0,0,66,65,12,129.98381944444444,27,1146.0,8.0,5.0
141317,0,0,28,26,8,281.821875,10,272.0,11.0,2.0
141346,1,0,0,0,2,543.5416319444445,2,1186.0,2.0,2.0
141455,16,0,120,78,17,7.567719907407407,27,601.0,3.0,5.0
141641,112,21,120,98,23,7449.118645833333,59,1789.0,11.0,2.0
141734,0,0,15,14,6,28.28388888888889,17,5434.0,10.0,2.0
141784,0,0,28,22,8,145.13283564814816,14,75.0,4.0,2.0
141815,0,0,15,3,6,6592.810543981482,5,,0.0,2.0
141866,0,0,15,15,6,14.021261574074074,11,600.0,4.0,4.0
142004,18,1,36,17,11,4270.240092592592,15,652.0,0.0,2.0
142371,2,0,1,1,3,629.4296064814815,4,1185.0,3.0,2.0
142376,0,0,10,5,5,2692.579328703704,8,30.0,4.0,4.0
142377,0,0,3,3,3,2692.576076388889,3,1186.0,2.0,2.0
142461,4,0,6,6,5,29.077175925925925,7,2388.0,4.0,4.0
142549,0,0,15,10,6,135.21725694444444,6,2282.0,2.0,2.0
142568,0,0,10,7,5,3.055671296296296,6,1379.0,3.0,2.0
142822,0,0,6,6,4,37.12636574074074,6,1379.0,3.0,2.0
142853,0,0,45,35,10,181.9474421296296,15,1461.0,5.0,5.0
142918,0,0,36,30,9,14.913298611111111,9,388.0,3.0,6.0
143033,0,0,10,10,5,20.37576388888889,4,986.0,6.0,2.0
143038,425,136,300,97,42,6989.550162037037,129,425.0,32.0,2.0
143065,54,3,153,85,21,2825.2169907407406,77,1181.0,27.0,4.0
143089,0,0,15,8,6,5732.893287037037,5,639.0,3.0,2.0
143130,0,0,45,34,10,183.97972222222225,33,444.0,12.0,2.0
143174,0,0,36,34,9,105.89621527777778,25,916.0,13.0,2.0
143178,0,0,28,25,8,47.86931712962963,15,1824.0,15.0,4.0
143248,6,0,15,15,7,5754.062685185185,8,635.0,7.0,2.0
143273,0,0,10,10,5,265.30265046296296,8,478.0,1.0,2.0
143316,0,0,36,36,9,370.0108796296296,20,,0.0,6.0
143326,3,0,3,3,4,30.871678240740746,7,987.0,5.0,2.0
143398,72,28,36,16,17,2008.305636574074,26,670.0,3.0,2.0
143503,0,0,15,13,6,17.511770833333333,8,1669.0,3.0,2.0
143524,0,0,0,0,1,325.1373032407407,0,413.0,3.0,2.0
143587,0,0,15,12,6,177.87009259259258,9,410.0,6.0,2.0
143665,0,0,3,0,3,5751.678923611111,5,148.0,0.0,2.0
143682,0,0,3,3,3,67.71354166666667,3,1670.0,2.0,3.0
143770,5,0,10,10,6,166.9252199074074,6,1143.0,2.0,2.0
143771,5,0,10,10,6,295.7537962962963,11,986.0,6.0,4.0
143782,12,1,15,15,8,39.93796296296296,13,1753.0,6.0,5.0
143826,8,0,28,23,9,151.4648611111111,35,123.0,33.0,2.0
143887,0,0,10,10,5,36.22815972222222,9,1379.0,3.0,2.0
143917,0,0,36,34,9,172.421875,11,669.0,4.0,6.0
143963,0,0,6,2,4,1267.3146875,10,1062.0,4.0,2.0
143996,18,3,15,11,9,963.141898148148,17,129.0,4.0,2.0
144018,0,0,6,5,4,712.3999421296296,21,552.0,19.0,2.0
144037,4,0,6,6,5,1281.3747569444445,20,277.0,9.0,1.0
144040,6,0,15,15,7,64.84233796296296,10,27.0,3.0,2.0
144053,0,0,1,1,2,462.6521759259259,1,1671.0,1.0,2.0
144114,4,0,6,4,5,5724.690358796296,12,96.0,5.0,2.0
144158,0,0,6,5,4,512.0426736111111,4,1206.0,2.0,1.0
144193,0,0,1,1,2,80.28108796296296,3,1672.0,0.0,2.0
144462,0,0,6,5,4,41.07075231481482,6,,0.0,2.0
144496,18,1,36,22,11,1323.144675925926,16,1459.0,7.0,2.0
144533,17,0,136,100,18,5778.146122685185,87,586.0,18.0,2.0
144795,36,6,36,20,13,6275.3690625,15,404.0,3.0,2.0
144868,4,0,6,3,5,4257.866736111111,4,683.0,1.0,2.0
144877,0,0,28,21,8,88.9817361111111,17,764.0,4.0,5.0
144896,0,0,45,45,10,67.88875,24,2886.0,12.0,4.0
145054,12,1,15,15,8,105.16524305555556,51,744.0,24.0,2.0
145075,12,1,15,7,8,6970.915821759259,12,646.0,3.0,2.0
145142,8,1,6,6,6,271.74716435185184,18,666.0,7.0,2.0
145313,15,0,105,28,16,3239.163460648148,36,30.0,1.0,3.0
145333,0,0,6,4,4,31.17613425925926,13,24.0,8.0,2.0
145338,0,0,10,8,5,145.87465277777778,6,405.0,11.0,2.0
145347,0,0,15,14,6,154.0684375,7,410.0,6.0,2.0
145369,0,0,3,2,3,2637.7809027777776,3,1186.0,2.0,2.0
145377,0,0,28,28,8,16.982800925925925,25,756.0,12.0,5.0
145384,0,0,21,19,7,2644.205740740741,10,592.0,2.0,4.0
145388,0,0,36,34,9,6194.892280092593,15,636.0,6.0,2.0
145466,0,0,10,7,5,2.5296296296296297,6,1669.0,3.0,4.0
145506,0,0,1,1,2,59.97214120370371,1,1671.0,1.0,2.0
145523,22,1,55,30,13,1213.8417476851853,33,68.0,4.0,1.0
145532,0,0,28,11,8,3.132511574074074,18,236.0,8.0,2.0
145577,0,0,45,19,10,347.83385416666664,20,72.0,7.0,4.0
145589,0,0,6,6,4,21.31386574074074,3,1460.0,6.0,5.0
145696,0,0,1,1,2,59.67667824074074,2,1672.0,0.0,2.0
145741,6,0,15,8,7,4.137453703703704,15,1753.0,6.0,2.0
145845,0,0,6,5,4,27.94638888888889,4,26.0,6.0,2.0
145858,0,0,45,30,10,304.73359953703704,46,28.0,30.0,4.0
145994,13,0,78,74,14,653.9683101851851,23,474.0,5.0,5.0
146034,0,0,1,1,2,1.1474537037037038,1,1751.0,8.0,2.0
146058,0,0,1,1,2,131.3182060185185,2,1672.0,0.0,2.0
146075,36,1,153,123,20,6190.469652777778,105,228.0,56.0,2.0
146076,6,0,15,15,7,420.7465393518519,15,133.0,5.0,2.0
146166,4,0,6,6,5,103.38458333333334,10,1143.0,2.0,2.0
146328,0,0,36,36,9,57.80267361111111,8,761.0,7.0,2.0
146398,0,0,1,1,2,609.1294907407407,2,1672.0,0.0,2.0
146432,3,0,3,3,4,448.8282523148148,4,1671.0,1.0,2.0
146438,3,0,3,3,4,857.3782638888889,4,1671.0,1.0,2.0
146458,368,120,253,152,39,6637.723206018519,90,550.0,6.0,4.0
146466,0,0,153,101,18,166.49324074074073,31,377.0,5.0,5.0
146472,0,0,6,3,4,20.91394675925926,3,920.0,1.0,4.0
146509,0,0,6,6,4,56.41706018518519,5,1671.0,1.0,2.0
146537,0,0,6,6,4,111.07741898148149,6,169.0,4.0,2.0
146538,13,0,78,76,14,119.78159722222222,26,,0.0,5.0
146748,0,0,21,21,7,143.29011574074073,18,761.0,7.0,2.0
146785,6,0,15,11,7,123.13871527777778,7,1153.0,1.0,3.0
146797,0,0,28,28,8,61.321527777777774,8,1399.0,7.0,5.0
147256,0,0,21,21,7,91.95875,13,759.0,9.0,4.0
147419,494,325,171,51,45,4770.433148148149,92,57.0,11.0,2.0
147420,1,0,0,0,2,36.24788194444445,2,208.0,0.0,3.0
147452,0,0,1,1,2,842.5209953703703,3,1672.0,0.0,2.0
147496,0,0,10,10,5,106.7466087962963,4,1143.0,2.0,2.0
147741,0,0,28,25,8,29.13800925925926,9,401.0,6.0,2.0
147777,2014,703,1378,600,91,7306.702662037037,202,2837.0,102.0,2.0
147878,8,0,28,23,9,259.21293981481483,18,202.0,6.0,5.0
147883,36,3,66,50,15,105.99269675925926,26,644.0,5.0,2.0
147904,3,0,3,3,4,91.14453703703704,8,669.0,4.0,2.0
147934,0,0,3,3,3,6183.102488425926,4,2281.0,3.0,2.0
147938,0,0,15,11,6,32.94398148148148,6,99.0,4.0,2.0
147961,5,0,10,10,6,91.35936342592592,9,1143.0,2.0,2.0
147999,0,0,3,3,3,4.892048611111111,6,,0.0,4.0
148233,0,0,36,36,9,26.02883101851852,15,,0.0,2.0
148458,9,0,36,35,10,1670.1060648148148,22,,0.0,5.0
148466,0,0,6,5,4,31.96231481481481,3,669.0,4.0,2.0
148613,4,0,6,6,5,155.32769675925925,9,987.0,5.0,4.0
148624,345,105,253,59,38,7870.940636574074,61,0.0,5.0,3.0
148794,40,1,190,73,22,8143.840370370371,66,,0.0,2.0
148810,18,1,36,31,11,2694.9332291666665,29,5433.0,11.0,2.0
148881,3,0,3,3,4,118.9628587962963,6,1142.0,3.0,3.0
148889,15,0,105,98,16,45.853171296296296,81,1815.0,24.0,5.0
149121,0,0,3,3,3,7.774872685185185,2,1379.0,3.0,2.0
149126,21,3,21,9,10,350.18983796296294,32,994.0,6.0,4.0
149134,0,0,3,3,3,816.6755208333333,2,557.0,0.0,2.0
149208,0,0,28,27,8,133.81862268518518,15,1141.0,4.0,2.0
149230,80,6,190,118,24,7.642013888888889,40,1377.0,5.0,5.0
149336,26,0,325,214,27,56.33311342592592,117,743.0,25.0,5.0
149588,0,0,6,3,4,239.2098148148148,6,1670.0,2.0,2.0
149685,0,0,15,15,6,6.122349537037037,6,670.0,3.0,4.0
149949,0,0,6,5,4,45.090625,4,787.0,0.0,5.0
149962,5,0,10,10,6,5.257962962962963,9,668.0,5.0,2.0
150087,0,0,55,54,11,378.24878472222224,20,1834.0,5.0,2.0
150099,13,0,78,47,14,28.4779050925926,18,591.0,13.0,2.0
150140,0,0,15,9,6,917.7176967592592,9,1671.0,1.0,2.0
150147,3,0,3,1,4,2.721273148148148,5,787.0,0.0,5.0
150232,55,10,55,35,16,140.97931712962964,40,661.0,12.0,4.0
150311,0,0,10,8,5,44.52782407407408,5,1670.0,2.0,5.0
150351,0,0,45,28,10,2068.8335185185183,13,,0.0,2.0
150388,2,0,1,1,3,0.2165972222222222,3,320.0,0.0,4.0
150481,0,0,1,0,2,38.445405092592594,3,1669.0,3.0,4.0
150590,28,1,91,73,16,127.63526620370372,51,229.0,15.0,2.0
150759,0,0,10,10,5,99.85888888888888,5,671.0,2.0,2.0
150761,0,0,36,33,9,43.830613425925925,21,1831.0,8.0,5.0
150925,27,3,36,10,12,7186.645625,34,181.0,7.0,2.0
150994,0,0,10,10,5,215.92603009259253,10,240.0,4.0,4.0
151002,5,0,10,9,6,540.9406944444445,69,334.0,31.0,2.0
151074,8,0,28,25,9,26.506527777777777,20,,0.0,5.0
151501,8,1,6,6,6,748.4507638888889,9,165.0,5.0,4.0
151686,14,0,91,64,15,6214.951666666667,25,,0.0,2.0
151734,3,0,3,3,4,59.59229166666667,4,786.0,1.0,2.0
151803,0,0,6,4,4,7.456435185185185,4,1668.0,4.0,2.0
151826,36,3,66,52,15,2433.5939699074074,22,1154.0,0.0,5.0
151909,0,0,15,11,6,663.6677662037036,7,997.0,3.0,2.0
151916,0,0,1,1,2,394.3936458333333,5,599.0,5.0,2.0
151920,0,0,10,10,5,58.55711805555556,8,1835.0,4.0,2.0
151983,0,0,6,5,4,80.64258101851851,5,320.0,0.0,2.0
152182,0,0,6,6,4,32.45015046296297,4,1671.0,1.0,3.0
152275,18,3,15,14,9,573.8616203703704,23,5432.0,12.0,2.0
152334,0,0,36,36,9,37.133472222222224,21,,0.0,2.0
152370,0,0,10,10,5,6164.111087962963,9,2280.0,4.0,2.0
152373,6,0,15,12,7,83.80935185185186,19,2383.0,9.0,4.0
152406,0,0,10,5,5,6082.384016203704,4,63.0,4.0,2.0
152429,11,0,55,46,12,55.97184027777778,23,765.0,3.0,5.0
152521,0,0,28,11,8,6606.977638888889,9,6.0,13.0,2.0
152588,0,0,15,9,6,6936.389826388889,8,648.0,1.0,1.0
152668,3,0,3,3,4,0.8202777777777778,3,500.0,1.0,4.0
152853,0,0,6,4,4,152.22270833333334,4,990.0,2.0,2.0
152863,0,0,3,3,3,0.0793171296296296,2,652.0,0.0,5.0
152910,6,0,15,15,7,7.310648148148148,15,914.0,7.0,2.0
152927,0,0,36,36,9,117.0416550925926,25,,0.0,2.0
152946,0,0,1,0,2,28.41788194444445,3,1669.0,3.0,4.0
152978,0,0,45,42,10,67.92300925925926,16,,0.0,2.0
152994,0,0,15,12,6,77.70725694444444,15,141.0,26.0,2.0
153043,0,0,3,1,3,2616.957766203704,3,1186.0,2.0,2.0
153066,0,0,1,1,2,27.912523148148143,2,1670.0,2.0,1.0
153207,23,0,253,154,24,33.670659722222226,36,1254.0,1.0,2.0
153381,0,0,1,1,2,26.655266203703704,2,1670.0,2.0,3.0
153454,0,0,36,17,9,115.8241087962963,19,764.0,4.0,2.0
153480,20,0,190,120,21,33.09950231481481,38,188.0,10.0,5.0
153519,4,0,6,6,5,16.896145833333332,12,5438.0,6.0,2.0
153547,16,0,120,81,17,32.4359837962963,35,762.0,6.0,5.0
153667,4,0,6,3,5,3531.7685069444447,4,,0.0,5.0
153679,0,0,6,6,4,106.88817129629628,8,2387.0,5.0,2.0
153681,0,0,15,11,6,116.39012731481482,12,1152.0,2.0,4.0
153767,0,0,15,15,6,49.99584490740741,8,1837.0,2.0,2.0
153783,0,0,10,8,5,1341.1668287037037,9,13.0,2.0,2.0
153865,6,0,15,12,7,37.33770833333333,9,768.0,0.0,2.0
153907,0,0,15,15,6,86.11969907407408,15,2384.0,8.0,2.0
154018,0,0,21,17,7,109.20625,14,670.0,3.0,4.0
154086,0,0,3,3,3,0.4943634259259259,5,1669.0,3.0,2.0
154132,0,0,3,3,3,137.2034837962963,9,550.0,6.0,2.0
154133,0,0,1,1,2,92.33668981481482,1,1671.0,1.0,2.0
154161,0,0,10,7,5,62.246875,6,565.0,6.0,2.0
154206,10,0,45,40,11,263.15127314814816,13,287.0,15.0,2.0
154272,0,0,21,20,7,28.889409722222226,13,,0.0,5.0
154337,0,0,3,3,3,2640.793310185185,3,1186.0,2.0,2.0
154426,0,0,10,9,5,258.27375,37,975.0,17.0,2.0
154680,0,0,10,9,5,60.15630787037037,4,1406.0,0.0,2.0
154704,0,0,10,10,5,6153.945729166667,9,2275.0,9.0,2.0
154801,0,0,6,6,4,392.33814814814815,3,1463.0,3.0,1.0
154826,0,0,6,4,4,2606.9865740740743,4,1186.0,2.0,2.0
154878,0,0,10,10,5,17.951469907407407,6,985.0,7.0,2.0
154892,3536,1326,2278,1040,120,6388.439212962963,277,26.0,18.0,5.0
154914,0,0,6,4,4,4.414351851851852,8,238.0,6.0,2.0
154926,0,0,21,13,7,1307.9402662037037,13,2391.0,1.0,2.0
155066,0,0,21,19,7,102.26077546296295,9,984.0,8.0,2.0
155186,0,0,6,4,4,278.43402777777777,4,1672.0,0.0,2.0
155192,0,0,10,10,5,436.4648148148148,11,1458.0,8.0,5.0
155256,6,0,15,15,7,134.8746875,18,121.0,10.0,2.0
155325,672,91,1128,590,62,6441.753379629629,140,,0.0,2.0
155328,0,0,78,67,13,30.62056712962963,24,1653.0,19.0,2.0
155393,3,0,3,1,4,6235.617349537037,3,,0.0,4.0
155681,0,0,21,14,7,449.4120023148148,9,1463.0,3.0,5.0
155696,0,0,55,48,11,114.78806712962962,23,1463.0,3.0,2.0
155708,14,1,21,20,9,34.786400462962966,33,,0.0,4.0
155789,0,0,10,5,5,6184.5988425925925,4,221.0,6.0,2.0
155838,0,0,10,10,5,304.96208333333334,12,1665.0,7.0,4.0
155928,7,0,21,15,8,915.1373263888888,26,93.0,11.0,1.0
156052,0,0,28,25,8,3.7853703703703694,8,1149.0,5.0,2.0
156082,352,55,496,221,43,1806.002349537037,88,124.0,5.0,2.0
156102,1,0,0,0,2,19.150439814814813,1,673.0,0.0,2.0
156111,0,0,1,1,2,10.086226851851851,2,146.0,5.0,2.0
156301,0,0,6,6,4,6143.131400462963,3,2281.0,3.0,2.0
156388,7,0,21,20,8,2986.109641203704,10,,0.0,2.0
156397,0,0,1,1,2,128.6370486111111,3,1759.0,0.0,2.0
156424,8,0,28,21,9,4203.320763888889,19,20.0,9.0,2.0
156493,344,28,903,512,51,3911.183449074074,96,,0.0,4.0
156605,5,0,10,6,6,1307.5599768518518,13,1.0,8.0,2.0
156769,1,0,0,0,2,7.453506944444444,4,1668.0,4.0,4.0
156776,0,0,1,1,2,7.438819444444444,2,1670.0,2.0,2.0
156928,12,3,6,6,7,495.0233101851852,7,1671.0,1.0,3.0
156936,0,0,45,45,10,8.112071759259258,17,764.0,4.0,6.0
156953,0,0,10,10,5,32.13200231481481,5,568.0,3.0,2.0
156979,294,21,861,566,49,6721.024814814815,147,136.0,17.0,2.0
157057,0,0,15,15,6,60.71974537037037,7,1150.0,4.0,6.0
157061,0,0,21,16,7,94.58438657407407,12,763.0,5.0,2.0
157131,0,0,36,33,9,111.45409722222222,32,1781.0,19.0,4.0
157133,0,0,28,27,8,164.34293981481483,37,1775.0,25.0,4.0
157135,0,0,21,19,7,111.48304398148149,14,1792.0,8.0,4.0
157136,0,0,55,52,11,130.53707175925925,19,1126.0,19.0,2.0
157144,0,0,136,114,17,179.12668981481482,97,885.0,44.0,2.0
157210,8,0,28,27,9,243.51378472222223,21,5434.0,10.0,4.0
157334,39,3,78,43,16,3106.17337962963,80,,0.0,2.0
157348,0,0,28,18,8,36.0937962962963,24,47.0,11.0,4.0
157354,32,1,120,88,18,801.9746990740741,53,531.0,16.0,2.0
157374,2,0,1,1,3,94.56881944444444,4,207.0,1.0,2.0
157401,0,0,36,34,9,16.82296296296296,12,1406.0,0.0,4.0
157445,5,0,10,8,6,223.24269675925925,21,2384.0,8.0,4.0
157511,0,0,10,4,5,6136.413125,4,14.0,1.0,2.0
157554,0,0,3,3,3,3676.312233796296,3,4.0,2.0,2.0
157572,0,0,10,10,5,10.253287037037037,4,1376.0,6.0,2.0
157638,0,0,3,3,3,3.110358796296296,3,1668.0,4.0,2.0
157669,0,0,28,17,8,122.63171296296296,20,2275.0,9.0,2.0
157681,0,0,153,89,18,3695.666435185185,116,363.0,44.0,4.0
157792,4,0,6,6,5,90.02958333333333,7,765.0,3.0,2.0
157796,7,0,21,21,8,27.775277777777777,14,1835.0,4.0,2.0
157846,459,136,351,150,44,6771.005173611111,153,0.0,17.0,2.0
158038,0,0,10,10,5,731.6473032407407,6,639.0,3.0,3.0
158080,0,0,45,37,10,105.99684027777778,14,34.0,17.0,2.0
158181,0,0,3,3,3,0.1337152777777777,2,1668.0,4.0,2.0
158217,0,0,28,14,8,123.93818287037035,14,1040.0,4.0,2.0
158218,0,0,1,0,2,5795.330740740741,1,223.0,1.0,2.0
158353,0,0,55,36,11,120.09762731481482,25,187.0,1.0,2.0
158481,3,0,3,3,4,23.179108796296298,3,786.0,1.0,2.0
158608,0,0,10,10,5,102.28087962962962,6,4.0,3.0,2.0
158629,0,0,15,13,6,124.51030092592592,7,97.0,1.0,5.0
158743,0,0,3,3,3,105.99692129629628,2,2281.0,3.0,2.0
158754,0,0,6,6,4,63.65174768518519,5,2278.0,6.0,2.0
158756,0,0,10,10,5,63.79137731481482,7,2277.0,7.0,2.0
158765,3,0,3,1,4,44.60483796296296,4,207.0,1.0,2.0
158917,0,0,10,9,5,36.078715277777775,4,663.0,10.0,2.0
158927,0,0,66,65,12,34.141168981481485,28,907.0,13.0,4.0
158968,150,45,105,54,25,7314.706226851852,38,566.0,5.0,2.0
159107,448,120,378,172,44,2636.854097222222,75,231.0,0.0,2.0
159236,0,0,6,6,4,274.8620138888889,5,1752.0,7.0,2.0
159328,10,0,45,33,11,31.882141203703704,40,1372.0,10.0,4.0
159445,0,0,15,15,6,306.066400462963,13,2890.0,8.0,2.0
159494,690,105,1035,525,61,5621.462858796296,137,24.0,8.0,2.0
159511,16,6,6,2,8,201.61697916666665,8,208.0,0.0,2.0
159554,10,0,45,25,11,216.4845949074074,16,,0.0,2.0
159567,0,0,1,1,2,434.8022337962963,1,1187.0,1.0,2.0
159569,0,0,3,3,3,2574.9991319444443,2,1187.0,1.0,3.0
159587,4,0,6,4,5,591.8500694444444,8,2389.0,3.0,2.0
159646,0,0,3,3,3,79.93599537037036,2,1836.0,3.0,2.0
159786,0,0,15,15,6,11.625717592592592,10,203.0,5.0,2.0
159894,0,0,6,3,4,38.263587962962966,3,2391.0,1.0,2.0
159898,0,0,3,2,3,6628.847326388889,2,593.0,1.0,1.0
159947,9,0,36,35,10,162.95924768518518,22,234.0,10.0,4.0
159967,8,0,28,19,9,7175.615636574074,11,51.0,1.0,2.0
160000,0,0,28,25,8,72.82542824074073,17,1373.0,9.0,4.0
160003,0,0,3,3,3,294.7721759259259,2,1669.0,3.0,2.0
160019,0,0,21,6,7,261.58002314814814,8,70.0,10.0,2.0
160030,4,1,1,0,4,6595.724097222223,4,218.0,4.0,2.0
160161,0,0,3,1,3,7404.726122685185,2,,0.0,3.0
160212,7,0,21,21,8,78.81850694444445,16,653.0,7.0,6.0
160268,0,0,36,34,9,51.66119212962963,17,2931.0,8.0,5.0
160295,24,6,15,12,10,1990.1938078703704,13,1671.0,1.0,4.0
160344,0,0,6,6,4,55.094722222222224,3,2281.0,3.0,2.0
160397,0,0,6,4,4,359.0161689814815,4,82.0,3.0,2.0
160454,52,1,325,186,28,7784.423935185185,106,0.0,38.0,2.0
160462,0,0,3,1,3,383.32269675925926,2,1669.0,3.0,2.0
160500,12,1,15,9,8,130.38344907407406,15,672.0,1.0,2.0
160623,2,1,0,0,3,6.627083333333333,9,1666.0,6.0,4.0
160771,70,21,45,21,17,6967.359930555555,40,738.0,4.0,2.0
160845,0,0,6,2,4,326.10010416666665,6,652.0,0.0,2.0
160917,0,0,3,3,3,289.6623726851852,2,1669.0,3.0,2.0
161138,6,0,15,9,7,577.1908101851852,8,92.0,2.0,2.0
161205,0,0,3,3,3,1397.5397106481482,3,1672.0,0.0,2.0
161206,0,0,6,6,4,951.7567013888888,3,1671.0,1.0,2.0
161243,0,0,3,3,3,0.6372685185185185,2,5441.0,3.0,2.0
161338,7,0,21,12,8,2610.9979050925926,15,,0.0,2.0
161365,480,120,435,232,46,118.30851851851853,143,733.0,9.0,5.0
161410,0,0,3,3,3,91.0147337962963,4,2281.0,3.0,2.0
161449,0,0,6,5,4,53.243043981481485,13,237.0,7.0,2.0
161466,0,0,91,54,14,1289.0909490740742,54,69.0,14.0,2.0
161546,0,0,28,27,8,232.0026273148148,24,321.0,13.0,3.0
161597,4,0,6,5,5,513.878912037037,7,1672.0,0.0,2.0
161623,4,0,6,6,5,312.4152314814815,22,643.0,17.0,2.0
161716,0,0,3,3,3,1.3321875,2,1379.0,3.0,2.0
161751,0,0,15,9,6,935.5555671296296,10,1203.0,5.0,4.0
161757,0,0,1,1,2,0.0775925925925925,1,1668.0,4.0,2.0
162020,38,1,171,117,21,1581.538275462963,45,535.0,12.0,4.0
162024,0,0,10,5,5,3174.079236111111,4,391.0,4.0,2.0
162039,1,0,0,0,2,345.6208101851852,1,1406.0,0.0,4.0
162090,20,1,45,37,12,6110.130266203703,39,2267.0,17.0,2.0
162144,0,0,3,3,3,624.1577199074075,3,1671.0,1.0,2.0
162251,4,0,6,4,5,233.7400231481481,7,1670.0,2.0,2.0
162283,216,28,351,205,35,2242.438113425926,88,640.0,9.0,5.0
162285,0,0,6,6,4,73.73599537037038,5,1670.0,2.0,2.0
162326,0,0,28,22,8,43.18116898148149,17,1134.0,11.0,2.0
162350,0,0,10,10,5,31.317291666666662,6,,0.0,2.0
162394,0,0,1,1,2,265.94118055555555,1,1671.0,1.0,2.0
162534,3,0,3,3,4,0.0422916666666666,6,787.0,0.0,5.0
162572,0,0,36,31,9,43.49369212962963,38,653.0,20.0,2.0
162648,19,0,171,96,20,47.84387731481481,32,671.0,2.0,6.0
162655,0,0,3,2,3,365.9793287037037,2,1671.0,1.0,2.0
162700,3,0,3,3,4,6749.028692129629,6,122.0,5.0,2.0
162754,0,0,1,0,2,0.6341319444444444,1,1672.0,0.0,5.0
162882,6,0,15,12,7,183.31758101851847,17,783.0,4.0,5.0
162990,8,0,28,28,9,70.12230324074073,36,140.0,16.0,2.0
162992,0,0,3,0,3,235.7509259259259,4,1672.0,0.0,2.0
163176,0,0,1,0,2,6645.1651157407405,1,763.0,5.0,2.0
163188,225,36,300,86,34,134.5872337962963,83,409.0,11.0,2.0
163228,0,0,28,28,8,10.165567129629627,19,758.0,10.0,6.0
163344,3,0,3,3,4,57.24480324074074,3,786.0,1.0,2.0
163371,0,0,28,20,8,144.43547453703704,8,1671.0,1.0,2.0
163528,0,0,45,22,10,129.96199074074073,16,912.0,17.0,2.0
163551,90,45,36,26,19,7114.515601851852,26,606.0,0.0,2.0
163562,12,1,15,5,8,836.9932407407407,12,2281.0,3.0,1.0
163568,0,0,28,27,8,63.45568287037037,12,,0.0,2.0
163577,56,21,28,12,15,215.86890046296296,23,673.0,0.0,4.0
163630,0,0,6,3,4,16.22883101851852,4,786.0,1.0,5.0
163738,0,0,15,13,6,54.98226851851852,8,94.0,4.0,3.0
163739,0,0,6,4,4,859.7711342592593,4,93.0,5.0,2.0
163789,0,0,10,5,5,6425.342615740741,4,,0.0,2.0
163812,0,0,6,6,4,6099.568229166666,3,2281.0,3.0,2.0
163918,48,1,276,157,26,68.85542824074074,44,381.0,10.0,5.0
163923,4,0,6,6,5,20.23689814814815,8,5439.0,5.0,4.0
163924,0,0,10,10,5,6565.646689814815,6,,0.0,2.0
163964,10,0,45,28,11,7039.558761574074,76,22.0,25.0,3.0
164021,16,1,28,13,10,455.561412037037,35,1.0,5.0,5.0
164043,0,0,10,9,5,53.19752314814815,20,754.0,14.0,5.0
164066,0,0,21,13,7,0.2075694444444444,6,1838.0,1.0,6.0
164138,0,0,15,12,6,3155.446631944445,6,1464.0,2.0,2.0
164140,0,0,21,14,7,89.03091435185185,8,89.0,5.0,2.0
164197,0,0,6,5,4,1.7310185185185183,4,825.0,5.0,2.0
164385,0,0,6,3,4,120.85263888888888,5,921.0,0.0,2.0
164453,0,0,28,15,8,124.93304398148148,8,652.0,0.0,5.0
164625,7,0,21,16,8,171.51363425925925,19,2379.0,13.0,4.0
164648,0,0,15,8,6,6512.094849537037,6,389.0,6.0,2.0
164657,0,0,10,10,5,28.35349537037037,4,1378.0,4.0,2.0
164718,0,0,6,4,4,0.1750578703703703,5,148.0,0.0,2.0
164759,0,0,78,55,13,6719.351134259259,30,313.0,18.0,2.0
164842,16,1,28,15,10,3885.865277777778,14,,0.0,2.0
164925,0,0,55,42,11,24.068402777777777,32,325.0,15.0,3.0
164927,16,1,28,17,10,14.24695601851852,16,418.0,2.0,5.0
164931,0,0,28,22,8,24.03342592592593,9,910.0,19.0,2.0
165039,0,0,36,15,9,188.1150810185185,12,911.0,18.0,2.0
165070,2,0,1,1,3,250.89386574074075,5,1670.0,2.0,2.0
165094,0,0,21,17,7,47.68215277777778,26,755.0,13.0,2.0
165169,0,0,91,64,14,20.225069444444443,21,102.0,3.0,4.0
165179,5,0,10,8,6,250.4108796296296,11,1668.0,4.0,5.0
165287,0,0,36,28,9,13.132592592592593,14,764.0,4.0,3.0
165332,0,0,3,3,3,567.5846064814815,4,1063.0,3.0,2.0
165400,9,0,36,33,10,46.52291666666667,11,96.0,2.0,2.0
165519,0,0,1,1,2,249.2043287037037,1,1671.0,1.0,2.0
165558,35,10,21,13,12,1014.2507175925924,21,,0.0,3.0
165591,0,0,21,10,7,27.99325231481481,7,40.0,13.0,5.0
165691,4,0,6,4,5,52.30586805555556,9,787.0,0.0,5.0
165868,0,0,1,1,2,3.713738425925926,1,1671.0,1.0,2.0
165875,0,0,3,3,3,3.626828703703704,2,1671.0,1.0,2.0
165877,0,0,10,10,5,94.95900462962965,8,126.0,9.0,2.0
165901,0,0,15,12,6,3.432916666666667,7,1671.0,1.0,4.0
165943,5,0,10,4,6,7087.774155092593,19,663.0,10.0,2.0
165955,5,0,10,10,6,7745.465104166667,10,119.0,4.0,2.0
165998,0,0,15,12,6,6088.617106481482,13,2277.0,7.0,2.0
166004,0,0,3,3,3,6088.576516203703,4,2281.0,3.0,2.0
166138,0,0,3,3,3,42.68236111111111,2,996.0,4.0,2.0
166187,12,1,15,12,8,129.711875,17,1670.0,2.0,2.0
166202,0,0,10,8,5,42.27376157407407,4,997.0,3.0,2.0
166240,20,1,45,12,12,6254.028148148148,35,438.0,19.0,2.0
166254,672,210,496,218,53,3499.7556481481483,273,995.0,49.0,2.0
166417,0,0,1,1,2,25.28185185185185,1,1836.0,3.0,2.0
166419,0,0,6,5,4,2151.9203125,9,110.0,1.0,2.0
166502,9,0,36,23,10,1359.3299305555556,9,2.0,1.0,2.0
166529,0,0,28,27,8,7.6227430555555555,14,1141.0,4.0,2.0
166541,128,120,28,19,24,6893.331678240741,77,7.0,2.0,2.0
166591,7,0,21,15,8,6965.1075925925925,15,295.0,6.0,2.0
166593,0,0,1,1,2,0.1418287037037037,1,1671.0,1.0,2.0
166595,18,1,36,29,11,2.156712962962963,19,1143.0,2.0,4.0
166608,0,0,21,18,7,16.01615740740741,8,984.0,8.0,5.0
166613,6,0,15,15,7,1896.1082407407407,22,757.0,11.0,2.0
166673,0,0,6,6,4,6.380868055555555,6,989.0,3.0,6.0
166681,0,0,10,9,5,1.0735069444444445,4,1378.0,4.0,2.0
166713,0,0,10,10,5,11.997592592592593,9,762.0,6.0,5.0
166815,0,0,10,8,5,8.077777777777778,12,1833.0,6.0,2.0
166861,0,0,3,3,3,7.474849537037037,2,,0.0,2.0
166929,0,0,10,6,5,1652.0640625,11,279.0,7.0,2.0
166935,0,0,1,1,2,242.0739236111111,2,1670.0,2.0,2.0
166948,0,0,10,10,5,63.769814814814815,5,91.0,7.0,2.0
166967,0,0,3,3,3,0.3111226851851852,2,1668.0,4.0,2.0
166996,0,0,10,10,5,298.6435416666667,12,5430.0,14.0,2.0
167038,11,0,55,39,12,115.72680555555556,19,5441.0,3.0,5.0
167041,0,0,15,11,6,6778.89244212963,5,2281.0,3.0,2.0
167082,4,0,6,6,5,4.111770833333333,4,672.0,1.0,2.0
167091,4,0,6,6,5,6807.775752314815,6,41.0,3.0,2.0
167141,1,0,0,0,2,241.1987962962963,3,1669.0,3.0,2.0
167150,0,0,3,2,3,26.07258101851852,4,568.0,3.0,2.0
167170,0,0,1,1,2,38.03618055555555,1,1836.0,3.0,2.0
167225,0,0,28,24,8,907.4728125,12,331.0,0.0,2.0
167475,96,6,276,122,28,6006.62300925926,75,0.0,14.0,2.0
167569,0,0,3,3,3,35.03734953703704,3,766.0,2.0,2.0
167572,12,1,15,5,8,945.614988425926,16,74.0,7.0,2.0
167601,0,0,15,8,6,6705.319988425926,9,,0.0,2.0
167644,2,0,1,1,3,36.99201388888889,3,652.0,0.0,2.0
167662,0,0,6,6,4,0.8057523148148148,9,5437.0,7.0,2.0
167676,0,0,1,0,2,175.03119212962963,1,652.0,0.0,3.0
167902,6,1,3,1,5,6776.112523148148,4,684.0,0.0,2.0
167912,0,0,6,6,4,6078.597268518519,3,16.0,0.0,4.0
167951,69,3,253,90,26,2833.307488425926,35,184.0,2.0,2.0
167961,2,0,1,1,3,0.3005324074074074,3,2390.0,2.0,2.0
168098,30,10,15,10,11,342.79935185185184,36,1035.0,9.0,4.0
168185,6,1,3,3,5,32.33849537037037,4,786.0,1.0,5.0
168206,3,0,3,3,4,5.154502314814815,7,783.0,4.0,2.0
168255,0,0,10,10,5,49.70766203703704,7,471.0,8.0,2.0
168350,0,0,15,12,6,1.0192939814814814,10,102.0,3.0,5.0
168371,0,0,1,1,2,6.030428240740741,3,1752.0,7.0,2.0
168416,4,0,6,4,5,6604.084409722223,4,74.0,6.0,2.0
168454,0,0,45,39,10,32.49774305555555,16,1150.0,4.0,5.0
168490,0,0,21,21,7,31.251585648148147,17,1831.0,8.0,2.0
168658,2,0,1,1,3,441.08278935185183,3,,0.0,2.0
168893,0,0,28,28,8,28.612719907407406,12,763.0,5.0,2.0
168910,0,0,21,19,7,98.60739583333331,6,991.0,1.0,2.0
169093,14,1,21,12,9,275.7854282407407,23,,0.0,2.0
169214,0,0,28,20,8,76.18215277777777,22,1136.0,9.0,5.0
169297,0,0,10,6,5,897.2951157407407,6,130.0,3.0,2.0
169436,2,0,1,1,3,7.147534722222222,2,673.0,0.0,2.0
169476,0,0,15,5,6,3056.222800925926,5,,0.0,2.0
169483,0,0,15,12,6,30.303148148148143,9,386.0,9.0,2.0
169513,0,0,45,44,10,47.92059027777778,16,,0.0,2.0
169521,20,6,10,8,9,5948.993032407408,29,0.0,11.0,2.0
169557,0,0,6,6,4,1578.788576388889,14,291.0,11.0,2.0
169563,0,0,1,1,2,8.83724537037037,3,1142.0,3.0,2.0
169589,0,0,15,15,6,1235.142025462963,8,2283.0,1.0,2.0
169620,440,55,780,372,51,54.35811342592593,173,527.0,9.0,4.0
169638,185,10,666,318,42,1177.7833912037038,128,,0.0,2.0
169753,0,0,6,6,4,0.1396296296296296,5,,0.0,5.0
169756,0,0,6,5,4,1.0483912037037038,7,765.0,5.0,2.0
169767,0,0,10,9,5,111.9360648148148,12,2275.0,9.0,6.0
169771,0,0,1,1,2,170.75394675925926,2,1672.0,0.0,2.0
169774,0,0,1,1,2,170.7509375,3,1672.0,0.0,2.0
169777,1081,253,1081,442,70,7654.311608796296,249,370.0,36.0,5.0
169804,0,0,6,6,4,194.98108796296296,4,1671.0,1.0,1.0
169882,1,0,0,0,2,378.42905092592594,2,1186.0,2.0,2.0
169943,15,0,105,79,16,16.98578703703704,41,272.0,11.0,6.0
169949,0,0,3,1,3,81.02592592592593,2,2284.0,0.0,2.0
169951,24,1,66,60,14,217.09545138888888,47,,0.0,5.0
169991,80,6,190,130,24,111.95260416666666,69,,0.0,4.0
169992,0,0,3,3,3,893.5615046296297,4,331.0,0.0,2.0
170021,0,0,120,81,16,2289.047951388889,33,980.0,12.0,4.0
170024,0,0,6,5,4,1207.9160069444445,4,,0.0,2.0
170070,9,0,36,22,10,11.003819444444444,13,1143.0,2.0,2.0
170182,0,0,15,11,6,22.207175925925927,8,783.0,4.0,2.0
170194,0,0,3,3,3,44.86978009259259,3,2935.0,4.0,2.0
170201,0,0,3,3,3,1.2847685185185185,2,2936.0,3.0,4.0
170228,0,0,1,1,2,38.10712962962963,1,54.0,3.0,2.0
170264,4,0,6,6,5,21.5790625,4,786.0,1.0,4.0
170272,22,0,231,143,23,155.38680555555555,71,112.0,1.0,4.0
170365,5,0,10,6,6,142.1290162037037,11,208.0,0.0,4.0
170416,0,0,15,13,6,521.0237731481482,15,,0.0,2.0
170429,0,0,21,21,7,2.693344907407408,11,921.0,0.0,2.0
170434,0,0,1,1,2,274.5514699074074,1,1142.0,3.0,2.0
170445,0,0,1,1,2,446.9407986111111,1,105.0,0.0,2.0
170588,2,0,1,1,3,602.2123495370371,11,5435.0,9.0,2.0
170609,112,28,91,34,22,630.8747916666666,37,1150.0,4.0,2.0
170621,0,0,6,5,4,89.88701388888889,12,25.0,7.0,2.0
170693,14,0,91,54,15,334.64434027777776,28,386.0,5.0,5.0
170727,13,0,78,50,14,6623.424456018519,21,17.0,5.0,2.0
170782,0,0,3,3,3,0.4399652777777778,2,554.0,2.0,2.0
170799,10,1,10,6,7,3998.983587962963,16,3.0,0.0,2.0
170811,0,0,15,14,6,6064.059421296296,11,1147.0,7.0,2.0
170864,5,0,10,4,6,488.5635300925926,6,478.0,1.0,6.0
170876,0,0,3,3,3,5.673657407407408,2,,0.0,2.0
170928,0,0,78,43,13,252.2956597222222,26,920.0,9.0,4.0
170948,1,0,0,0,2,221.44415509259252,2,1670.0,2.0,2.0
171003,0,0,15,15,6,6063.134456018519,17,760.0,10.0,4.0
171025,0,0,6,6,4,377.3680787037037,10,5436.0,8.0,2.0
171053,0,0,15,14,6,67.05881944444444,7,404.0,3.0,2.0
171180,0,0,1,1,2,3.356736111111111,5,566.0,5.0,2.0
171210,9,0,36,36,10,6062.233773148148,15,1149.0,5.0,2.0
171228,0,0,15,13,6,91.1024074074074,10,147.0,6.0,2.0
171314,0,0,1,1,2,9.896238425925926,2,1404.0,2.0,2.0
171329,0,0,6,6,4,149.69868055555557,11,236.0,8.0,2.0
171366,28,1,91,79,16,6061.391400462963,32,2271.0,13.0,4.0
171369,2,0,1,1,3,145.18347222222224,5,95.0,2.0,2.0
171451,3,0,3,3,4,5947.679537037037,4,79.0,1.0,2.0
171549,9,0,36,16,10,6660.208472222223,19,1.0,2.0,1.0
171561,125,10,300,154,30,768.2194444444444,85,320.0,8.0,1.0
171721,5,0,10,8,6,6947.2303125,5,151.0,0.0,2.0
171802,0,0,36,30,9,1.0236921296296295,17,673.0,0.0,6.0
171920,5,0,10,3,6,6873.036412037037,8,,0.0,2.0
171924,6,0,15,12,7,134.4358449074074,19,5431.0,13.0,2.0
172001,0,0,28,16,8,338.98233796296296,15,795.0,9.0,2.0
172077,0,0,36,28,9,790.6505902777777,18,986.0,6.0,2.0
172094,4,0,6,5,5,813.4808680555556,14,1672.0,0.0,2.0
172104,36,6,36,29,13,3343.620451388889,24,8.0,3.0,4.0
172180,4,0,6,6,5,2518.478692129629,4,137.0,1.0,2.0
172194,0,0,10,10,5,1.8308101851851848,5,2282.0,2.0,2.0
172203,0,0,36,27,9,869.3698148148148,16,995.0,5.0,2.0
172227,0,0,21,15,7,92.03744212962962,17,2386.0,6.0,4.0
172249,3,0,3,3,4,18.726458333333333,3,207.0,1.0,2.0
172300,0,0,3,3,3,299.3323032407407,2,1153.0,1.0,2.0
172434,8,0,28,15,9,6949.734652777778,13,601.0,5.0,2.0
172530,165,55,105,33,26,342.28461805555554,59,308.0,8.0,2.0
172580,0,0,1,1,2,12.39179398148148,1,1153.0,1.0,2.0
172633,0,0,3,3,3,73.940625,2,786.0,1.0,2.0
172690,0,0,6,5,4,11.920127314814817,9,238.0,6.0,2.0
172691,18,1,36,20,11,618.4284259259259,22,2281.0,3.0,3.0
172700,0,0,15,12,6,23.94422453703704,13,68.0,6.0,5.0
172706,0,0,10,7,5,297.644375,8,1151.0,3.0,2.0
172808,9,0,36,15,10,41.574930555555554,23,312.0,10.0,6.0
172817,363,55,528,308,44,1636.385949074074,155,33.0,41.0,2.0
172903,0,0,10,10,5,400.10471064814817,6,573.0,0.0,6.0
172956,6,0,15,15,7,9.167939814814815,12,2280.0,4.0,2.0
173069,0,0,10,9,5,95.25782407407408,15,,0.0,2.0
173166,0,0,3,3,3,8.78326388888889,3,97.0,1.0,2.0
173206,0,0,15,15,6,3.639699074074074,17,1832.0,7.0,2.0
173280,0,0,21,19,7,17.260069444444444,9,1142.0,3.0,4.0
173293,0,0,1,1,2,209.24157407407407,2,1670.0,2.0,2.0
173309,0,0,6,5,4,92.10952546296296,3,2284.0,0.0,2.0
173384,3,0,3,1,4,41.74896990740741,4,2284.0,0.0,4.0
173569,64,6,120,83,20,712.2871643518519,48,442.0,14.0,2.0
173634,9,0,36,33,10,832.3390740740741,22,1457.0,9.0,2.0
173695,0,0,10,8,5,13.519189814814816,4,319.0,1.0,5.0
173754,0,0,3,3,3,3.921458333333333,2,1671.0,1.0,2.0
173789,0,0,1,1,2,329.69721064814814,1,1151.0,3.0,2.0
173838,4,1,1,1,4,101.83166666666666,3,2391.0,1.0,2.0
173903,1,0,0,0,2,16.48068287037037,1,1672.0,0.0,2.0
173938,11,0,55,36,12,49.18965277777778,28,,0.0,5.0
173956,0,0,10,10,5,76.29893518518519,4,924.0,5.0,2.0
174022,0,0,15,12,6,24.996666666666663,5,786.0,1.0,2.0
174049,192,28,276,121,32,213.971875,85,2355.0,37.0,2.0
174072,7,0,21,18,8,54.76409722222222,25,230.0,5.0,4.0
174087,5,0,10,6,6,704.6185995370371,21,1672.0,0.0,2.0
174103,5,0,10,7,6,7816.004837962963,9,188.0,0.0,2.0
174113,0,0,15,15,6,3.413275462962963,7,2929.0,10.0,2.0
174257,14,1,21,6,9,4571.49625,8,,0.0,2.0
174320,36,3,66,38,15,935.9249537037036,30,1200.0,8.0,5.0
174397,102,15,136,112,23,1806.9216666666664,93,2349.0,43.0,2.0
174441,0,0,15,13,6,2079.8028587962963,9,54.0,13.0,2.0
174566,2,0,1,1,3,56.500277777777775,5,652.0,0.0,5.0
174578,0,0,36,27,9,5732.23443287037,20,,0.0,2.0
174583,0,0,15,15,6,283.22975694444443,8,1462.0,4.0,2.0
174651,121,55,55,28,22,6997.696828703703,58,30.0,2.0,4.0
174693,0,0,1,1,2,303.82796296296294,2,1670.0,2.0,2.0
174910,0,0,6,6,4,6042.682824074074,4,2275.0,9.0,2.0
175000,7,0,21,13,8,4336.573483796296,10,,0.0,2.0
175106,0,0,10,9,5,265.0155555555556,7,786.0,1.0,2.0
175197,0,0,6,6,4,38.694340277777776,3,548.0,8.0,2.0
175217,3,0,3,2,4,0.3291782407407407,3,787.0,0.0,2.0
175220,5,0,10,10,6,507.4777893518519,12,671.0,2.0,4.0
175368,14,1,21,18,9,212.8300462962963,14,787.0,0.0,5.0
175380,0,0,0,0,1,768.0343402777778,0,2935.0,4.0,2.0
175531,0,0,0,0,1,0.6675462962962962,0,1672.0,0.0,2.0
175568,15,0,105,75,16,6039.829965277778,53,2266.0,18.0,2.0
175649,0,0,10,8,5,4.140069444444444,8,787.0,0.0,5.0
175696,0,0,15,12,6,7259.139803240741,6,1150.0,4.0,2.0
175787,735,210,595,221,56,6562.872696759259,126,0.0,9.0,1.0
175797,4,0,6,6,5,200.51480324074075,8,2388.0,4.0,1.0
175888,0,0,6,5,4,121.92471064814816,8,273.0,10.0,4.0
175916,4,0,6,6,5,10.005266203703703,7,1142.0,3.0,2.0
176079,140,6,595,352,39,1113.323275462963,94,1750.0,9.0,2.0
176100,0,0,36,36,9,6036.995439814815,27,2275.0,9.0,2.0
176148,2,0,1,1,3,33.81641203703704,2,652.0,0.0,4.0
176182,10,0,45,38,11,1546.768009259259,48,3.0,25.0,2.0
176191,0,0,15,15,6,13.726793981481482,8,988.0,4.0,2.0
176228,0,0,3,2,3,6.705347222222223,3,787.0,0.0,5.0
176229,3,0,3,3,4,16.11315972222222,4,97.0,1.0,2.0
176331,0,0,1,0,2,8.946631944444444,1,1671.0,1.0,4.0
176506,4,0,6,3,5,438.7981134259259,4,1672.0,0.0,2.0
176564,54,15,36,21,15,723.2077199074074,27,327.0,1.0,2.0
176604,0,0,3,3,3,207.72413194444445,2,1668.0,4.0,2.0
176754,1,0,0,0,2,47.98614583333333,2,573.0,0.0,2.0
176782,0,0,28,20,8,24.997523148148147,21,1832.0,7.0,2.0
176868,4,0,6,6,5,40.61748842592593,5,208.0,0.0,3.0
176919,12,0,66,44,13,143.07700231481482,28,1772.0,28.0,2.0
176971,0,0,10,7,5,292.12210648148147,4,1671.0,1.0,2.0
177059,0,0,15,14,6,7217.061828703704,10,655.0,5.0,2.0
177097,24,3,28,8,11,5910.256863425926,17,,0.0,2.0
177173,0,0,6,6,4,1.697673611111111,5,1141.0,4.0,6.0
177175,4095,5460,741,117,144,7351.242372685185,423,13.0,5.0,3.0
177405,4,0,6,3,5,7173.170474537037,5,995.0,5.0,2.0
177528,0,0,6,6,4,4323.445347222222,3,,0.0,2.0
177610,0,0,10,7,5,271.5879282407407,5,1152.0,2.0,6.0
177620,0,0,10,10,5,19.70145833333333,4,5436.0,8.0,2.0
177722,0,0,10,9,5,270.9991087962963,4,1153.0,1.0,2.0
177964,0,0,45,38,10,188.2093287037037,22,73.0,6.0,4.0
177972,10,0,45,41,11,250.66783564814816,25,103.0,2.0,2.0
177977,0,0,3,3,3,307.52858796296294,2,1153.0,1.0,2.0
178138,6,1,3,3,5,15.29806712962963,9,164.0,6.0,2.0
178313,0,0,10,9,5,149.21627314814816,10,1669.0,3.0,2.0
178324,195,10,741,436,44,3622.8413310185183,199,133.0,53.0,2.0
178452,0,0,1,1,2,140.56737268518518,1,1672.0,0.0,2.0
178555,0,0,10,8,5,12.8403125,4,476.0,3.0,2.0
178559,0,0,15,14,6,12.964131944444444,5,475.0,4.0,2.0
178584,2,0,1,1,3,34.027314814814815,7,1672.0,0.0,2.0
178611,7,0,21,11,8,98.55953703703705,7,207.0,1.0,2.0
178614,0,0,3,3,3,0.4667013888888889,2,319.0,1.0,1.0
178701,0,0,1,1,2,0.0724305555555555,1,600.0,4.0,2.0
178909,4,0,6,2,5,7214.93550925926,5,,0.0,2.0
178988,0,0,15,13,6,111.79697916666667,13,984.0,8.0,2.0
178992,0,0,3,3,3,2236.660277777778,2,917.0,3.0,2.0
179117,7,0,21,13,8,7289.92943287037,15,123.0,0.0,2.0
179129,0,0,10,9,5,382.0625115740741,9,986.0,6.0,2.0
179316,0,0,3,3,3,2.0067708333333334,2,915.0,6.0,2.0
179373,2,0,1,0,3,377.0312615740741,3,95.0,2.0,3.0
179498,0,0,21,10,7,160.8007638888889,20,70.0,9.0,4.0
179533,13,0,78,53,14,1758.7603472222222,20,552.0,5.0,2.0
179548,9,0,36,19,10,3.1506944444444445,14,652.0,0.0,5.0
179567,54,3,153,97,21,3801.363680555556,35,2276.0,8.0,2.0
179573,0,0,15,14,6,27.9432175925926,34,973.0,19.0,2.0
179624,2,0,1,1,3,0.7648958333333333,3,206.0,2.0,2.0
179784,0,0,10,10,5,28.03096064814815,18,761.0,9.0,2.0
179790,0,0,6,2,4,69.97670138888888,5,1669.0,3.0,4.0
179816,0,0,21,13,7,1338.7906481481482,22,2278.0,6.0,2.0
179822,0,0,300,196,25,22.88508101851852,98,121.0,32.0,5.0
179845,28,1,91,70,16,943.5852777777778,37,22.0,13.0,2.0
179857,0,0,6,4,4,13.729930555555557,8,5438.0,6.0,2.0
179863,0,0,28,20,8,2242.0551041666668,13,14.0,1.0,2.0
179971,2,0,1,1,3,47.25368055555556,2,652.0,0.0,1.0
180078,13,0,78,51,14,78.49438657407407,20,1151.0,3.0,4.0
180102,4,0,6,4,5,1.434189814814815,5,785.0,2.0,5.0
180169,0,0,3,3,3,190.1376273148148,3,1460.0,6.0,2.0
180185,0,0,0,0,1,0.2656018518518518,0,553.0,3.0,2.0
180199,3,0,3,3,4,2371.779988425926,5,137.0,1.0,2.0
180241,297,36,528,251,42,6696.611030092593,81,2928.0,11.0,4.0
180341,10,1,10,10,7,56.096689814814816,13,201.0,7.0,2.0
180357,0,0,15,15,6,4.177719907407408,11,2281.0,3.0,4.0
180366,8,0,28,28,9,41.146203703703705,19,,0.0,5.0
180415,0,0,1,1,2,6012.812986111111,1,2282.0,2.0,2.0
180423,0,0,3,3,3,251.78094907407407,3,377.0,5.0,2.0
180455,0,0,15,15,6,5.531423611111111,6,,0.0,2.0
180502,6,1,3,3,5,98.0174074074074,12,2383.0,9.0,2.0
180518,0,0,3,1,3,271.36375,2,1671.0,1.0,1.0
180552,10,0,45,39,11,67.00195601851851,25,1754.0,5.0,4.0
180568,15,0,105,49,16,2689.5485648148147,25,0.0,5.0,3.0
180574,3,0,3,3,4,927.8669907407408,6,1672.0,0.0,2.0
180576,0,0,6,6,4,1.3046412037037036,5,785.0,2.0,2.0
180577,0,0,10,6,5,651.4763541666666,13,1672.0,0.0,2.0
180578,0,0,1,1,2,2.59625,1,320.0,0.0,2.0
180620,28,1,91,54,16,473.1889351851852,36,2931.0,8.0,4.0
180727,0,0,28,24,8,1285.0341782407406,8,1464.0,2.0,5.0
180739,6,0,15,12,7,7031.794849537037,6,1759.0,0.0,2.0
180816,0,0,3,2,3,2.4170717592592594,2,1755.0,4.0,2.0
180861,0,0,1,1,2,1085.7671064814815,1,5443.0,1.0,2.0
180873,0,0,6,4,4,272.612974537037,4,1670.0,2.0,2.0
180921,3,0,3,3,4,95.1909375,6,2388.0,4.0,2.0
180931,0,0,15,13,6,461.96770833333335,10,2389.0,3.0,2.0
180950,7,0,21,20,8,166.94162037037037,16,794.0,10.0,2.0
181033,45,10,36,24,14,1376.3242592592592,21,79.0,1.0,2.0
181039,0,0,1,1,2,648.8419444444445,1,1672.0,0.0,3.0
181137,6,0,15,9,7,5899.796168981481,26,437.0,20.0,2.0
181351,0,0,0,0,1,0.0693981481481481,0,1754.0,5.0,2.0
181364,0,0,66,47,12,706.6438657407407,20,1751.0,8.0,2.0
181383,0,0,10,10,5,92.69152777777778,13,2930.0,9.0,2.0
181415,0,0,3,3,3,18.59409722222222,2,552.0,4.0,2.0
181454,40,6,45,36,14,102.47736111111112,42,916.0,4.0,5.0
181559,0,0,15,9,6,12.993715277777778,13,144.0,9.0,2.0
181576,0,0,10,8,5,2.615034722222222,6,320.0,2.0,2.0
181585,0,0,6,5,4,244.7367592592593,3,553.0,3.0,2.0
181600,0,0,1,1,2,2.516747685185185,1,553.0,3.0,2.0
181692,0,0,1,1,2,1.803692129629629,3,5437.0,7.0,5.0
181808,0,0,3,3,3,0.3391087962962963,3,626.0,4.0,2.0
181823,0,0,3,3,3,0.7657638888888889,3,917.0,3.0,2.0
181850,4,0,6,6,5,583.0732986111111,8,921.0,0.0,2.0
181859,0,0,1,1,2,6771.413020833334,1,,0.0,2.0
181860,132,15,231,168,28,1702.1277777777775,52,617.0,13.0,5.0
181967,0,0,1,1,2,100.2948148148148,4,365.0,0.0,2.0
181975,0,0,36,27,9,2664.3775578703703,18,550.0,6.0,3.0
182051,3,0,3,2,4,249.1043981481481,10,787.0,0.0,5.0
182084,0,0,1,1,2,0.5691435185185185,1,553.0,3.0,2.0
182107,16,1,28,16,10,1130.9155787037037,20,2384.0,8.0,5.0
182117,0,0,28,23,8,98.73927083333334,14,,0.0,2.0
182124,0,0,10,10,5,240.87309027777772,12,5428.0,16.0,2.0
182130,0,0,0,0,1,12.650335648148149,0,996.0,4.0,2.0
182323,0,0,45,23,10,8345.777916666666,15,353.0,25.0,2.0
182451,0,0,28,22,8,39.16699074074074,23,2272.0,12.0,3.0
182554,0,0,21,21,7,2108.7428819444444,13,646.0,3.0,3.0
182627,108,66,36,28,21,6052.772523148148,51,48.0,1.0,2.0
182771,6,0,15,12,7,7438.420648148148,7,1143.0,2.0,6.0
182914,4,1,1,1,4,1.758900462962963,3,684.0,0.0,4.0
182954,11,0,55,40,12,2698.368078703704,40,73.0,15.0,3.0
183037,5,0,10,9,6,6618.232650462963,7,331.0,0.0,2.0
183059,0,0,6,5,4,413.6184606481481,4,71.0,2.0,3.0
183120,0,0,6,3,4,761.7175231481482,3,1672.0,0.0,2.0
183156,0,0,28,28,8,1158.2417939814816,18,311.0,20.0,2.0
183230,2,1,0,0,3,6396.878217592593,2,,0.0,2.0
183289,2,0,1,1,3,6.076666666666667,3,990.0,2.0,2.0
183302,0,0,3,3,3,17.04722222222222,5,567.0,4.0,2.0
183364,4,0,6,2,5,7253.6127893518515,6,,0.0,4.0
183373,0,0,15,15,6,414.0155439814815,10,1753.0,6.0,2.0
183586,18,0,153,108,19,1889.7263425925928,30,138.0,0.0,5.0
183639,0,0,21,14,7,232.82664351851847,12,1461.0,5.0,5.0
183683,14,1,21,20,9,705.9846296296296,30,633.0,16.0,2.0
183733,5,0,10,10,6,5.193356481481482,7,1.0,0.0,1.0
183841,9,0,36,18,10,7497.255173611111,20,24.0,5.0,2.0
183890,6,0,15,15,7,68.6441550925926,20,672.0,1.0,2.0
183905,0,0,6,5,4,95.54217592592592,8,684.0,0.0,2.0
183999,0,0,28,26,8,6.006516203703704,13,358.0,7.0,2.0
184013,6,0,15,7,7,3435.9296875,13,400.0,7.0,2.0
184182,7,0,21,19,8,396.8310763888889,16,1154.0,0.0,6.0
184207,0,0,10,10,5,66.46481481481482,5,668.0,5.0,5.0
184228,0,0,10,6,5,195.3771296296296,9,1670.0,2.0,1.0
184244,0,0,3,3,3,44.693333333333335,4,1670.0,2.0,2.0
184294,0,0,3,3,3,66.06408564814815,2,670.0,3.0,2.0
184346,0,0,3,3,3,228.75300925925927,2,5438.0,6.0,2.0
184463,3,0,3,3,4,7.230891203703703,3,2284.0,0.0,3.0
184539,0,0,1,0,2,6668.788344907407,2,,0.0,2.0
184549,0,0,66,60,12,175.9633912037037,19,495.0,6.0,4.0
184613,4,0,6,5,5,2796.940439814815,11,0.0,4.0,2.0
184646,8,1,6,1,6,1228.2647916666667,7,1064.0,2.0,2.0
184681,0,0,3,3,3,0.884525462962963,3,1464.0,2.0,6.0
184883,1,0,0,0,2,246.6010648148148,1,1671.0,1.0,2.0
184931,0,0,21,16,7,4.780196759259259,22,671.0,2.0,5.0
184956,0,0,1,1,2,2.7321180555555555,2,54.0,2.0,5.0
185000,42,3,91,75,17,3365.606203703704,43,78.0,71.0,4.0
185073,18,1,36,26,11,2252.592314814815,12,1758.0,1.0,5.0
185202,0,0,6,6,4,90.07912037037038,3,,0.0,2.0
185270,17,0,136,98,18,1490.773900462963,34,2267.0,17.0,2.0
185272,0,0,1,1,2,115.98152777777776,1,1672.0,0.0,3.0
185346,0,0,6,5,4,30.561666666666667,4,990.0,2.0,2.0
185493,0,0,15,13,6,471.5916550925926,12,551.0,5.0,4.0
185627,0,0,10,10,5,43.41138888888889,8,324.0,4.0,1.0
185669,0,0,28,23,8,1143.7793518518515,17,1462.0,4.0,2.0
185719,0,0,3,3,3,0.8801736111111111,2,1668.0,4.0,2.0
185729,0,0,0,0,1,638.6761574074075,0,1672.0,0.0,2.0
185776,3,0,3,3,4,98.60210648148148,10,,0.0,2.0
185819,0,0,15,15,6,21.1115625,7,830.0,3.0,2.0
185846,0,0,10,7,5,5981.080810185185,8,2270.0,14.0,2.0
185847,0,0,6,5,4,5981.077581018519,3,2280.0,4.0,2.0
185852,0,0,3,3,3,5981.055358796296,2,2279.0,5.0,2.0
185965,0,0,153,108,18,49.94914351851852,31,667.0,6.0,4.0
186103,5,0,10,5,6,30.64609953703704,28,85.0,18.0,2.0
186163,0,0,21,17,7,123.0275925925926,7,,0.0,2.0
186252,2,0,1,1,3,310.0646990740741,2,1672.0,0.0,2.0
186383,84,66,21,15,19,6315.763356481481,25,140.0,16.0,6.0
186516,0,0,10,8,5,573.7328587962963,11,5439.0,5.0,2.0
186549,7,0,21,15,8,6299.700439814815,24,444.0,13.0,2.0
186621,0,0,3,3,3,14.67392361111111,2,52.0,4.0,2.0
186683,0,0,1,1,2,15.111458333333331,1,1463.0,3.0,2.0
186723,3,0,3,3,4,20.853530092592592,5,0.0,3.0,2.0
186745,5,0,10,6,6,64.54103009259259,13,217.0,5.0,5.0
186754,7,0,21,19,8,59.38028935185185,21,2387.0,5.0,2.0
186789,288,36,496,222,41,975.5597453703704,88,88.0,6.0,2.0
186873,0,0,6,6,4,14.754212962962963,3,2280.0,4.0,2.0
186999,16,1,28,24,10,475.1192361111111,18,804.0,0.0,3.0
187066,0,0,10,6,5,121.1499074074074,5,,0.0,2.0
187117,0,0,6,6,4,17.007881944444446,9,5435.0,9.0,2.0
187301,0,0,15,15,6,40.98013888888889,12,2276.0,8.0,2.0
187303,0,0,1,1,2,8.792175925925926,3,770.0,0.0,4.0
187435,589,171,465,271,50,2823.2738425925927,136,4.0,2.0,2.0
187485,0,0,3,1,3,207.7803356481481,2,1153.0,1.0,2.0
187503,8,0,28,21,9,14.010717592592592,13,2389.0,3.0,4.0
187508,95,10,171,127,24,2495.688125,92,174.0,43.0,2.0
187529,0,0,0,0,1,1.807835648148148,0,1463.0,3.0,2.0
187631,20,1,45,32,12,29.13898148148148,16,2281.0,3.0,2.0
187699,0,0,3,3,3,18.78928240740741,5,1669.0,3.0,3.0
187755,0,0,3,3,3,180.06524305555556,3,1152.0,2.0,6.0
187768,60,6,105,63,19,2210.4775810185183,42,40.0,10.0,2.0
188020,0,0,1,1,2,307.5224189814815,1,1154.0,0.0,2.0
188075,4,0,6,1,5,10.208240740740742,5,1671.0,1.0,3.0
188090,4,0,6,5,5,202.7765625,5,1152.0,2.0,2.0
188217,4,0,6,6,5,2460.2069444444446,6,64.0,3.0,2.0
188374,9,3,3,3,6,7748.7323726851855,11,921.0,0.0,2.0
188500,0,0,1,1,2,9.297685185185186,1,361.0,4.0,2.0
188533,0,0,6,5,4,4.160752314814815,10,1138.0,7.0,2.0
188557,18,0,153,91,19,957.6168518518518,33,59.0,13.0,1.0
188586,0,0,3,3,3,6.030023148148148,2,970.0,6.0,3.0
188598,30,3,45,40,13,7972.3425,19,19.0,1.0,4.0
188640,0,0,1,1,2,0.5262268518518518,1,992.0,0.0,2.0
188807,0,0,1,1,2,8.995925925925926,1,1671.0,1.0,2.0
188828,0,0,3,3,3,381.0830555555556,4,2929.0,10.0,2.0
188836,0,0,3,3,3,5938.733425925926,2,,0.0,2.0
188938,16,1,28,19,10,2637.3061689814813,18,1754.0,5.0,2.0
188959,6,0,15,14,7,97.70788194444444,13,2891.0,7.0,2.0
188967,0,0,3,3,3,1.0017361111111112,7,2280.0,4.0,5.0
189097,0,0,15,14,6,832.94375,8,283.0,3.0,2.0
189102,0,0,1,1,2,111.07943287037035,1,1671.0,1.0,4.0
189172,0,0,1,1,2,0.951238425925926,3,973.0,3.0,1.0
189225,0,0,6,5,4,161.8636574074074,7,106.0,5.0,2.0
189229,0,0,36,22,9,1556.5786342592592,29,989.0,11.0,2.0
189289,1081,253,1081,445,70,803.9823726851852,163,1032.0,12.0,2.0
189295,0,0,10,10,5,109.66659722222222,4,388.0,7.0,5.0
189296,0,0,15,13,6,91.16443287037038,8,82.0,7.0,2.0
189308,130,10,325,249,31,1181.5570138888888,86,2372.0,20.0,4.0
189312,2,0,1,1,3,25.390046296296298,4,57.0,4.0,1.0
189315,0,0,3,2,3,25.37410879629629,2,57.0,4.0,1.0
189316,0,0,3,3,3,25.36579861111111,2,58.0,3.0,1.0
189378,0,0,55,29,11,2566.9983796296297,14,265.0,5.0,2.0
189461,319,55,406,192,40,417.2970601851852,87,2895.0,3.0,5.0
189485,24,3,28,15,11,1700.9330671296295,17,0.0,3.0,5.0
189492,0,0,1,1,2,24.25667824074074,1,58.0,3.0,1.0
189495,0,0,1,1,2,24.255416666666665,1,58.0,3.0,1.0
189496,0,0,10,6,5,96.89957175925926,11,54.0,7.0,1.0
189558,0,0,6,5,4,167.27184027777778,3,1154.0,0.0,6.0
189563,0,0,6,6,4,4.137546296296296,4,1671.0,1.0,2.0
189604,0,0,3,3,3,1535.0520601851852,2,2938.0,1.0,2.0
189682,0,0,6,5,4,76.37385416666666,5,1669.0,3.0,2.0
189719,0,0,91,67,14,106.85377314814816,29,210.0,21.0,2.0
189743,0,0,10,10,5,46.22096064814815,4,1462.0,4.0,2.0
189839,0,0,1,1,2,0.1299768518518518,4,1141.0,4.0,2.0
189853,0,0,10,8,5,31.940613425925925,10,2277.0,7.0,3.0
189982,10,0,45,39,11,938.2871296296296,22,125.0,4.0,2.0
190020,0,0,15,15,6,40.80766203703703,40,957.0,19.0,2.0
190150,0,0,1,0,2,0.0269560185185185,3,1669.0,3.0,6.0
190173,0,0,6,4,4,7816.384189814815,5,801.0,3.0,4.0
190203,0,0,6,5,4,6567.310532407408,3,1378.0,4.0,2.0
190210,0,0,3,3,3,13.648738425925924,3,1062.0,4.0,2.0
190256,0,0,36,35,9,0.6685532407407407,13,1378.0,4.0,6.0
190281,0,0,21,21,7,110.4353125,10,2283.0,1.0,2.0
190395,0,0,3,3,3,458.4071412037037,4,147.0,9.0,4.0
190425,0,0,15,12,6,19.66570601851852,11,5437.0,7.0,4.0
190532,0,0,6,6,4,542.5707986111111,7,1669.0,3.0,2.0
190541,0,0,10,7,5,82.74174768518519,6,2897.0,1.0,2.0
190557,0,0,1,1,2,1622.299907407407,1,684.0,0.0,2.0
190561,0,0,10,8,5,6062.552372685185,17,5433.0,11.0,2.0
190568,0,0,3,3,3,31.935416666666665,4,1670.0,2.0,2.0
190627,2,0,1,1,3,7722.810069444445,2,148.0,0.0,5.0
190710,4,0,6,4,5,2212.848645833333,5,,0.0,2.0
190728,3,0,3,3,4,37.7446412037037,6,1672.0,0.0,2.0
190747,3,0,3,3,4,68.81616898148148,6,1671.0,1.0,2.0
190749,0,0,3,2,3,407.9839814814815,11,1058.0,8.0,2.0
190764,2,0,1,1,3,35.208449074074075,7,382.0,0.0,5.0
190774,21,3,21,13,10,2399.5707175925927,12,,0.0,4.0
190777,0,0,10,6,5,3.740439814814815,7,1670.0,2.0,1.0
190899,4,1,1,1,4,294.559050925926,4,1671.0,1.0,2.0
190907,6,0,15,13,7,25.63278935185185,11,999.0,1.0,5.0
191021,0,0,28,21,8,78.7546412037037,20,1457.0,9.0,2.0
191046,60,6,105,59,19,2392.3688078703703,73,0.0,7.0,2.0
191150,0,0,15,12,6,13.104108796296297,11,2281.0,3.0,2.0
191154,0,0,6,3,4,2.43125,5,1154.0,0.0,2.0
191160,0,0,10,8,5,26.042291666666667,4,59.0,2.0,2.0
191169,0,0,15,15,6,26.02068287037037,5,59.0,2.0,3.0
191206,0,0,21,12,7,15.837210648148147,6,2279.0,5.0,2.0
191220,0,0,21,15,7,4.725266203703704,19,1790.0,10.0,4.0
191236,0,0,28,23,8,26.664212962962964,13,1150.0,4.0,2.0
191248,0,0,28,23,8,13.89119212962963,30,88.0,11.0,4.0
191408,0,0,6,6,4,230.4003935185185,6,1461.0,5.0,2.0
191470,3,0,3,3,4,841.1418171296297,10,11.0,3.0,2.0
191488,0,0,15,14,6,312.9385185185185,6,2283.0,1.0,2.0
191500,0,0,1,1,2,25.11577546296296,2,1670.0,2.0,2.0
191506,3,0,3,3,4,14.076064814814815,4,2898.0,0.0,2.0
191529,0,0,3,3,3,2.9124189814814816,5,302.0,8.0,2.0
191541,0,0,21,19,7,52.12087962962963,12,604.0,0.0,2.0
191749,5,0,10,10,6,17.30934027777778,8,602.0,2.0,1.0
191758,0,0,15,13,6,18.09434027777778,6,986.0,6.0,2.0
191773,0,0,15,11,6,639.5861574074074,5,1664.0,8.0,2.0
191821,0,0,6,6,4,72.61637731481481,6,912.0,8.0,2.0
191830,18,1,36,29,11,1102.7890625,29,2380.0,12.0,2.0
191835,0,0,36,27,9,49.64054398148148,34,1784.0,16.0,4.0
191910,0,0,15,13,6,22.029872685185182,11,1665.0,7.0,1.0
191992,96,15,120,73,22,1299.058287037037,36,324.0,4.0,3.0
192009,0,0,10,10,5,70.95096064814815,7,2895.0,3.0,2.0
192170,8,0,28,26,9,273.6733796296296,24,664.0,9.0,2.0
192204,0,0,21,21,7,957.6489467592592,16,,0.0,2.0
192211,0,0,10,10,5,5929.592361111111,4,2278.0,6.0,2.0
192213,0,0,6,3,4,5929.582777777778,3,2280.0,4.0,2.0
192237,3,0,3,2,4,67.70737268518519,11,93.0,4.0,4.0
192255,9,0,36,27,10,1296.8485532407408,17,921.0,0.0,2.0
192292,0,0,1,1,2,67.30185185185185,2,2390.0,2.0,2.0
192312,3,0,3,2,4,542.5017013888889,6,,0.0,2.0
192336,0,0,3,3,3,3.843506944444445,3,2934.0,5.0,2.0
192346,0,0,6,5,4,33.78268518518519,3,239.0,5.0,2.0
192366,0,0,15,12,6,71.65317129629629,32,,0.0,2.0
192420,6,3,1,1,5,5980.070613425926,6,1042.0,2.0,4.0
192445,0,0,3,3,3,66.61917824074074,2,1463.0,3.0,5.0
192457,20,1,45,35,12,179.43295138888888,29,2389.0,3.0,5.0
192469,9,0,36,29,10,78.21857638888889,21,2387.0,5.0,5.0
192718,0,0,6,6,4,2.9402314814814816,3,992.0,8.0,2.0
192729,11,0,55,21,12,5925.264780092592,22,2275.0,9.0,2.0
192791,6,1,3,1,5,1254.247835648148,5,11.0,1.0,2.0
192891,10,1,10,10,7,952.4690393518518,9,2895.0,3.0,2.0
192914,90,15,105,61,21,700.1331018518518,40,2891.0,7.0,5.0
193011,12,0,66,64,13,404.9477199074074,40,242.0,21.0,2.0
193017,0,0,28,21,8,6.256342592592593,23,1789.0,11.0,4.0
193062,0,0,6,6,4,62.77070601851852,3,,0.0,6.0
193068,0,0,36,26,9,18.796550925925924,18,20.0,7.0,2.0
193223,0,0,28,17,8,358.7051736111111,20,71.0,8.0,2.0
193246,0,0,6,4,4,340.8035185185185,7,1669.0,3.0,2.0
193271,0,0,3,3,3,17.804849537037036,2,23.0,4.0,2.0
193316,8,0,28,22,9,5922.453993055556,17,2278.0,6.0,4.0
193391,4,0,6,5,5,60.29297453703704,4,2391.0,1.0,1.0
193479,0,0,3,2,3,20.091875,3,475.0,4.0,2.0
193519,0,0,6,3,4,93.6133912037037,4,1670.0,2.0,5.0
193526,0,0,3,3,3,161.98219907407406,2,2391.0,1.0,2.0
193586,0,0,6,6,4,0.9093055555555556,7,1758.0,1.0,5.0
193623,9,0,36,21,10,514.9275347222223,20,1464.0,2.0,2.0
193625,126,21,153,95,25,2068.80962962963,83,801.0,3.0,2.0
193629,0,0,6,6,4,10.701828703703704,3,238.0,6.0,2.0
193782,0,0,10,10,5,17.306400462962962,5,983.0,9.0,2.0
193797,0,0,6,6,4,5918.772453703704,3,2280.0,4.0,2.0
193799,0,0,15,12,6,9.806342592592593,10,669.0,4.0,4.0
193802,0,0,10,10,5,5918.744456018519,9,2266.0,18.0,2.0
193803,0,0,6,6,4,5918.74212962963,5,2280.0,4.0,2.0
193863,0,0,6,5,4,65.93581018518519,11,,0.0,2.0
193933,0,0,3,1,3,56.83953703703704,3,2896.0,2.0,2.0
193966,0,0,36,30,9,22.77144675925926,22,2277.0,7.0,4.0
193977,0,0,10,10,5,844.3805671296296,9,1463.0,3.0,2.0
194042,0,0,1,1,2,5917.272789351852,1,2282.0,2.0,2.0
194095,14,1,21,14,9,6587.093229166667,10,16.0,2.0,2.0
194102,0,0,15,13,6,412.8765740740741,6,,0.0,2.0
194184,0,0,21,18,7,55.04927083333333,11,1669.0,3.0,4.0
194185,0,0,1,1,2,92.6558101851852,1,1671.0,1.0,5.0
194227,0,0,15,14,6,1.1293402777777777,6,985.0,7.0,2.0
194234,0,0,3,3,3,88.93631944444445,2,1669.0,3.0,2.0
194241,0,0,6,6,4,179.78069444444444,3,1667.0,5.0,2.0
194266,0,0,6,5,4,1.9214583333333333,3,188.0,7.0,3.0
194281,5,0,10,10,6,26.82355324074074,7,982.0,10.0,2.0
194287,0,0,6,6,4,46.90021990740741,5,1670.0,2.0,2.0
194334,0,0,1,0,2,4.852488425925926,2,20.0,7.0,2.0
194340,0,0,1,1,2,262.53989583333333,1,76.0,4.0,1.0
194383,0,0,1,1,2,316.2619560185185,1,1672.0,0.0,2.0
194402,0,0,45,32,10,48.08928240740741,20,1790.0,10.0,5.0
194412,0,0,6,4,4,20.08960648148148,5,2284.0,0.0,2.0
194473,3,0,3,3,4,768.4025462962964,4,1154.0,0.0,3.0
194493,16,1,28,25,10,2.742534722222222,16,668.0,5.0,5.0
194528,0,0,6,6,4,2.0932060185185186,5,56.0,5.0,2.0
194554,0,0,0,0,1,0.1493055555555555,0,1151.0,3.0,2.0
194721,2,0,1,1,3,88.18758101851851,2,148.0,0.0,2.0
194773,0,0,15,14,6,37.133414351851854,11,51.0,10.0,2.0
194780,0,0,10,10,5,37.11260416666666,5,58.0,3.0,2.0
194804,3,0,3,3,4,354.8626736111111,7,,0.0,2.0
194821,0,0,15,9,6,7.965578703703704,21,2284.0,0.0,2.0
194834,0,0,36,33,9,6084.930821759259,27,,0.0,2.0
194913,6,0,15,8,7,1759.913298611111,11,1062.0,4.0,2.0
194954,0,0,10,10,5,1.9787152777777777,8,987.0,5.0,2.0
194968,0,0,15,14,6,5911.005798611112,11,2274.0,10.0,2.0
194977,0,0,6,6,4,5910.975856481481,4,2279.0,5.0,2.0
194980,0,0,6,6,4,5910.967337962963,5,241.0,3.0,2.0
195000,1,0,0,0,2,47.95270833333333,1,2898.0,0.0,4.0
195030,8,1,6,4,6,3362.7378125,5,5.0,1.0,2.0
195108,0,0,15,14,6,5.1496759259259255,8,57.0,4.0,2.0
195153,0,0,6,6,4,16.254953703703702,5,1756.0,3.0,2.0
195172,0,0,0,0,1,67.73709490740741,0,1667.0,5.0,2.0
195388,0,0,10,6,5,319.5150578703704,6,313.0,3.0,2.0
195481,0,0,10,10,5,52.81975694444444,18,221.0,10.0,2.0
195502,0,0,10,10,5,55.56993055555556,5,,0.0,3.0
195512,0,0,6,6,4,48.71912037037037,6,988.0,4.0,2.0
195555,0,0,6,6,4,71.63914351851852,5,989.0,3.0,2.0
195598,162,15,351,116,33,184.49228009259252,65,2387.0,5.0,2.0
195716,63,21,36,17,16,7178.078865740741,33,421.0,4.0,2.0
195905,6,0,15,10,7,219.4561574074074,17,5434.0,10.0,2.0
195926,1,0,0,0,2,0.1484953703703703,2,,0.0,4.0
195955,0,0,0,0,1,0.6474074074074074,0,191.0,4.0,3.0
195956,12,1,15,11,8,65.18028935185185,22,1140.0,5.0,4.0
195992,7,0,21,15,8,34.73550925925926,13,388.0,3.0,2.0
196008,4,0,6,5,5,1.0131828703703705,8,997.0,3.0,5.0
196072,0,0,3,3,3,0.2038888888888889,5,97.0,0.0,3.0
196078,120,28,105,63,23,8188.523738425926,35,0.0,5.0,3.0
196080,0,0,3,1,3,1.3916087962962962,2,1153.0,1.0,2.0
196094,0,0,21,21,7,15.01068287037037,13,5440.0,4.0,5.0
196130,0,0,6,5,4,0.8926620370370371,4,316.0,4.0,2.0
196175,234,78,153,85,31,5436.900833333333,51,43.0,8.0,2.0
196265,0,0,3,1,3,26.96383101851852,4,1671.0,1.0,2.0
196286,0,0,6,4,4,318.61418981481484,8,1140.0,5.0,2.0
196287,0,0,10,6,5,30.75614583333333,4,390.0,5.0,3.0
196317,0,0,6,5,4,11.991828703703703,8,982.0,10.0,2.0
196380,0,0,10,10,5,459.0616087962963,22,963.0,13.0,2.0
196388,0,0,10,10,5,6.963275462962963,6,242.0,2.0,5.0
196506,0,0,36,32,9,10.62670138888889,14,604.0,0.0,2.0
196515,0,0,6,4,4,395.4546759259259,5,,0.0,4.0
196584,80,28,45,18,18,7155.636018518519,31,421.0,4.0,4.0
196650,3,0,3,1,4,8107.263449074074,3,920.0,0.0,2.0
196653,6,3,1,0,5,3073.3858912037035,6,,0.0,3.0
196662,0,0,3,2,3,0.9903125,2,76.0,3.0,2.0
196716,0,0,1,0,2,35.21277777777778,1,2898.0,0.0,2.0
196735,0,0,6,5,4,35.14828703703704,13,50.0,20.0,3.0
196791,0,0,1,0,2,3.7775,1,1154.0,0.0,2.0
196915,5,0,10,5,6,97.83363425925926,6,658.0,2.0,2.0
197024,0,0,6,3,4,21.57640046296296,5,1670.0,2.0,2.0
197065,6,0,15,14,7,24.17931712962963,14,2385.0,7.0,2.0
197084,0,0,6,6,4,14.726875,4,983.0,9.0,2.0
197106,0,0,6,6,4,68.81916666666666,3,1668.0,4.0,2.0
197108,0,0,6,6,4,159.67730324074074,3,1668.0,4.0,2.0
197120,0,0,6,5,4,6518.421412037037,3,1381.0,1.0,2.0
197127,0,0,6,6,4,14.902916666666666,5,323.0,11.0,2.0
197263,11,0,55,43,12,1246.7958333333331,20,124.0,5.0,2.0
197341,51,3,136,110,20,1158.4929050925923,42,,0.0,2.0
197446,0,0,3,2,3,19.085671296296297,5,992.0,0.0,2.0
197474,0,0,66,35,12,6880.687870370371,58,166.0,29.0,2.0
197581,0,0,36,32,9,1764.9603356481482,24,2935.0,4.0,2.0
197649,60,15,45,18,16,5889.8779513888885,25,47.0,4.0,2.0
197667,0,0,10,8,5,328.421875,8,1206.0,2.0,2.0
197781,0,0,21,21,7,729.102800925926,21,45.0,2.0,1.0
197853,0,0,3,3,3,0.9514930555555556,2,1187.0,1.0,2.0
197855,0,0,45,39,10,9.967476851851853,19,2891.0,7.0,5.0
197975,0,0,1,1,2,6.934490740740741,1,2897.0,1.0,4.0
198062,33,3,55,49,14,1045.1872800925926,20,2389.0,3.0,2.0
198090,8,0,28,16,9,8136.890578703704,12,0.0,4.0,3.0
198154,0,0,3,2,3,5602.354236111111,2,500.0,1.0,3.0
198276,0,0,10,10,5,5.377060185185186,17,387.0,8.0,2.0
198346,5,0,10,4,6,532.9661342592592,14,5435.0,9.0,2.0
198408,9,0,36,27,10,5854.699583333333,18,,0.0,2.0
198435,0,0,21,17,7,603.600625,7,5438.0,6.0,2.0
198479,0,0,3,3,3,41.65192129629629,3,2390.0,2.0,4.0
198490,0,0,3,3,3,14.819942129629627,4,973.0,3.0,2.0
198515,8,0,28,23,9,173.89873842592593,45,366.0,29.0,2.0
198533,0,0,91,82,14,5726.8125,79,170.0,20.0,2.0
198538,0,0,3,3,3,92.78344907407408,3,1670.0,2.0,2.0
198546,0,0,15,10,6,52.451400462962965,8,593.0,11.0,2.0
198548,0,0,6,6,4,379.10922453703705,3,1671.0,1.0,2.0
198598,5,0,10,7,6,8296.50693287037,18,304.0,27.0,2.0
198614,1,0,0,0,2,45.29196759259259,1,1671.0,1.0,4.0
198626,20,1,45,17,12,5002.180011574074,17,4.0,1.0,2.0
198660,10,0,45,36,11,58.801689814814814,31,1014.0,7.0,4.0
198676,0,0,1,1,2,0.6220949074074074,1,2936.0,3.0,2.0
198802,6,0,15,10,7,1345.019849537037,14,0.0,3.0,2.0
198823,0,0,15,13,6,303.50458333333336,9,1668.0,4.0,2.0
198829,11,0,55,14,12,4.326828703703704,24,36.0,8.0,6.0
198843,4,0,6,1,5,13.53326388888889,7,1670.0,2.0,1.0
198859,0,0,15,3,6,8274.500243055556,9,13.0,2.0,4.0
198895,0,0,10,10,5,17.634131944444444,4,2935.0,4.0,2.0
198936,42,3,91,32,17,1683.766412037037,38,26.0,11.0,2.0
198964,115,10,253,74,28,3348.925104166666,48,11.0,14.0,2.0
198995,0,0,1,1,2,1.2940162037037035,3,,0.0,2.0
199033,0,0,3,3,3,0.0785648148148148,2,,0.0,2.0
199060,0,0,10,10,5,5883.872662037037,6,2271.0,13.0,2.0
199067,0,0,21,19,7,50.246770833333336,12,1670.0,2.0,2.0
199068,0,0,21,17,7,89.99876157407408,13,1670.0,2.0,2.0
199101,0,0,6,4,4,6910.640277777778,3,,0.0,3.0
199107,0,0,10,9,5,13.8334375,5,2391.0,1.0,4.0
199159,72,3,276,149,27,159.16340277777778,81,2373.0,19.0,6.0
199163,0,0,6,6,4,7.681226851851852,3,987.0,5.0,2.0
199171,0,0,6,6,4,15.895358796296296,4,2898.0,0.0,2.0
199201,0,0,21,10,7,88.12326388888889,9,1670.0,2.0,4.0
199234,0,0,6,4,4,13.822164351851852,6,1671.0,1.0,2.0
199289,14,1,21,5,9,36.90636574074074,12,2389.0,3.0,2.0
199310,0,0,6,6,4,0.2678472222222222,3,2934.0,5.0,2.0
199399,0,0,3,3,3,26.773171296296297,3,,0.0,2.0
199425,0,0,10,9,5,5.728530092592592,7,1798.0,2.0,2.0
199430,24,6,15,12,10,5911.877627314815,19,,0.0,4.0
199507,4,0,6,2,5,331.84341435185183,10,564.0,7.0,2.0
199567,0,0,10,10,5,13.688472222222222,6,128.0,3.0,2.0
199607,0,0,21,16,7,15.259756944444444,15,2386.0,6.0,5.0
199692,30,1,105,80,17,1922.0423148148147,64,1.0,14.0,2.0
199704,0,0,3,3,3,4.2589351851851855,2,304.0,6.0,2.0
199705,0,0,6,6,4,18.724710648148147,5,386.0,5.0,2.0
199737,0,0,28,24,8,5879.850694444444,19,1150.0,4.0,2.0
199756,0,0,36,16,9,2.474606481481481,14,73.0,6.0,5.0
199791,0,0,6,3,4,138.7373611111111,4,1670.0,2.0,3.0
199819,112,28,91,41,22,393.9362615740741,60,324.0,4.0,2.0
199830,0,0,1,1,2,9.700185185185186,1,1671.0,1.0,2.0
199897,14,1,21,20,9,48.64643518518518,19,2385.0,7.0,2.0
199927,0,0,6,6,4,5877.457106481482,4,1145.0,9.0,2.0
200094,0,0,1,1,2,0.6906365740740741,2,1145.0,0.0,2.0
200097,0,0,3,3,3,81.56364583333334,3,1670.0,2.0,3.0
200142,3,0,3,1,4,851.7213310185185,11,5.0,8.0,2.0
200188,0,0,3,3,3,81.09239583333333,4,1670.0,2.0,2.0
200278,0,0,6,4,4,48.17203703703704,4,1670.0,2.0,2.0
200373,4,0,6,5,5,438.8059259259259,11,563.0,8.0,5.0
200413,0,0,3,3,3,137.84925925925927,2,1671.0,1.0,2.0
200479,0,0,1,1,2,69.46133101851852,1,2392.0,0.0,2.0
200498,68,6,136,91,21,692.065,43,224.0,7.0,5.0
200568,0,0,3,3,3,6.61380787037037,2,2894.0,4.0,2.0
200591,0,0,3,3,3,19.69774305555556,6,1667.0,5.0,2.0
200680,0,0,3,3,3,6.830798611111111,4,983.0,9.0,2.0
200689,4,1,1,1,4,5.231215277777777,11,,0.0,2.0
200735,0,0,3,3,3,37.9021875,4,1149.0,5.0,2.0
200745,0,0,28,19,8,19.69984953703704,9,912.0,8.0,2.0
200881,0,0,1,1,2,0.097824074074074,1,207.0,4.0,2.0
200976,2,0,1,1,3,18.78547453703704,4,2895.0,3.0,2.0
201147,0,0,0,0,1,14.625902777777778,0,2392.0,0.0,2.0
201198,117,36,78,31,22,726.3177662037037,69,2388.0,4.0,2.0
201207,8,1,6,6,6,6.161655092592593,10,924.0,5.0,2.0
201250,0,0,10,10,5,6.087326388888889,8,1463.0,3.0,5.0
201257,0,0,6,5,4,1.8918171296296296,4,499.0,2.0,2.0
201288,7,0,21,14,8,20.612650462962964,36,5424.0,20.0,4.0
201307,1363,406,1081,342,76,6958.382627314815,161,,0.0,2.0
201323,0,0,15,13,6,13.34199074074074,7,2936.0,3.0,5.0
201324,0,0,3,3,3,73.55222222222223,3,1670.0,2.0,1.0
201355,0,0,10,6,5,9.201481481481482,6,4.0,3.0,1.0
201400,0,0,3,3,3,2.2241435185185185,4,498.0,3.0,2.0
201442,9,0,36,30,10,45.473391203703706,16,2385.0,7.0,2.0
201493,0,0,6,3,4,25.358043981481483,5,11.0,2.0,2.0
201504,0,0,1,1,2,130.26675925925926,1,1671.0,1.0,3.0
201560,0,0,3,3,3,4.935694444444445,8,497.0,4.0,2.0
201581,266,171,91,55,33,5817.521932870371,83,420.0,5.0,2.0
201596,0,0,1,1,2,5.7744328703703705,2,1461.0,5.0,1.0
201624,0,0,3,3,3,31.04113425925926,3,1151.0,3.0,2.0
201663,21,3,21,13,10,16.950648148148147,17,1796.0,4.0,6.0
201743,10,1,10,7,7,201.6095138888889,13,77.0,6.0,2.0
201777,0,0,1,1,2,9.26636574074074,1,5439.0,5.0,2.0
201801,0,0,15,11,6,201.06890046296297,7,804.0,0.0,4.0
201822,24,1,66,42,14,3.660162037037037,26,1150.0,4.0,5.0
201996,0,0,28,28,8,28.118472222222223,17,1147.0,7.0,2.0
202142,0,0,6,3,4,0.0571643518518518,3,,0.0,6.0
202157,27,3,36,30,12,1217.9199421296296,17,46.0,5.0,2.0
202180,0,0,3,3,3,26.954814814814814,2,1154.0,0.0,2.0
202206,0,0,21,11,7,2.6197916666666665,14,1671.0,1.0,4.0
202251,496,120,465,196,47,6245.307210648148,133,13.0,4.0,2.0
202346,0,0,10,10,5,31.983113425925925,9,5439.0,5.0,5.0
202391,0,0,3,3,3,5.922256944444444,6,227.0,4.0,1.0
202393,0,0,10,9,5,92.1687037037037,4,223.0,8.0,2.0
202506,3,0,3,3,4,3.790648148148148,21,5428.0,16.0,2.0
202636,0,0,3,3,3,296.1187268518519,8,30.0,8.0,2.0
202644,0,0,3,3,3,63.32875,4,1669.0,3.0,3.0
202717,0,0,1,1,2,0.3753935185185185,2,5441.0,3.0,2.0
202868,0,0,10,4,5,72.99902777777778,5,301.0,1.0,2.0
202906,0,0,10,6,5,679.5178472222223,8,5436.0,8.0,2.0
203077,54,3,153,67,21,410.7323032407408,45,326.0,2.0,1.0
203086,20,1,45,31,12,379.2781597222222,20,2389.0,3.0,2.0
203114,0,0,1,1,2,0.1137731481481481,1,1669.0,3.0,2.0
203137,0,0,45,26,10,144.1849537037037,34,295.0,7.0,2.0
203170,0,0,10,9,5,7.470231481481481,4,1149.0,5.0,2.0
203254,0,0,0,0,1,29.12553240740741,0,1672.0,0.0,2.0
203264,0,0,15,5,6,1593.4191435185185,15,1058.0,8.0,2.0
203303,0,0,3,2,3,6178.12488425926,2,,0.0,2.0
203365,0,0,3,3,3,13.975590277777778,7,496.0,5.0,2.0
203439,20,1,45,34,12,582.8159606481481,20,2389.0,3.0,2.0
203482,0,0,6,6,4,33.44884259259259,4,2390.0,2.0,2.0
203848,0,0,3,3,3,111.6528125,2,1668.0,4.0,2.0
203927,1683,1275,528,225,84,2182.869560185185,203,1027.0,17.0,2.0
203992,11,0,55,24,12,34.938472222222224,26,224.0,7.0,2.0
204028,0,0,3,3,3,19.39998842592593,2,1669.0,3.0,2.0
204072,0,0,6,6,4,1.2597222222222222,6,969.0,7.0,3.0
204186,0,0,21,21,7,5845.351319444444,11,2276.0,8.0,2.0
204285,308,91,231,83,36,6116.739699074074,70,26.0,1.0,2.0
204341,0,0,1,1,2,28.190266203703704,3,1669.0,3.0,2.0
204347,0,0,1,0,2,103.44473379629628,2,1670.0,2.0,4.0
204348,0,0,10,7,5,261.7567708333333,5,1670.0,2.0,2.0
204386,0,0,1,1,2,74.47173611111111,2,971.0,5.0,2.0
204389,0,0,0,0,1,19.282141203703706,0,1463.0,3.0,2.0
204405,0,0,0,0,1,19.12618055555556,0,1463.0,3.0,1.0
204411,0,0,10,8,5,759.6255208333333,8,1672.0,0.0,2.0
204475,2,0,1,1,3,105.2556712962963,4,1670.0,2.0,2.0
204532,0,0,3,3,3,21.244027777777777,5,4.0,3.0,1.0
204572,0,0,6,5,4,105.2984375,3,1669.0,3.0,2.0
204647,0,0,3,3,3,1.4854166666666666,2,919.0,1.0,2.0
204680,0,0,3,2,3,55.92699074074074,2,151.0,2.0,2.0
204740,0,0,21,18,7,7.008229166666666,15,653.0,7.0,6.0
204777,0,0,21,21,7,37.07884259259259,25,2269.0,15.0,2.0
204839,7,0,21,13,8,705.1806712962963,20,73.0,8.0,2.0
204882,0,0,45,24,10,4.098333333333334,26,23.0,2.0,6.0
204942,4,0,6,6,5,508.9586111111111,5,1672.0,0.0,2.0
204944,22,1,55,32,13,5838.972256944445,24,300.0,7.0,2.0
205055,0,0,10,9,5,18.093923611111112,5,23.0,2.0,2.0
205150,1,0,0,0,2,96.97125,1,1671.0,1.0,3.0
205202,28,1,91,35,16,5875.426134259259,64,625.0,24.0,2.0
205358,0,0,3,3,3,216.30262731481483,2,1463.0,3.0,1.0
205363,0,0,1,1,2,11.173055555555557,1,1463.0,3.0,1.0
205366,0,0,1,1,2,11.167847222222225,1,1463.0,3.0,1.0
205564,6,0,15,13,7,5724.504791666666,6,226.0,1.0,4.0
205575,0,0,1,1,2,0.952164351851852,1,2934.0,5.0,2.0
205647,30,3,45,15,13,272.5285763888889,16,1154.0,0.0,2.0
205668,8,1,6,6,6,14.483310185185186,17,986.0,6.0,5.0
205690,0,0,3,1,3,246.24163194444444,3,921.0,0.0,2.0
205716,0,0,0,0,1,19.952650462962964,0,,0.0,2.0
205717,4,0,6,2,5,6928.803043981481,6,2.0,3.0,2.0
205792,2,0,1,1,3,37.53738425925926,11,1667.0,5.0,2.0
205817,0,0,15,15,6,0.363136574074074,15,2889.0,9.0,6.0
205845,10,1,10,9,7,1208.4038078703704,11,920.0,0.0,2.0
205865,0,0,55,36,11,21.82577546296296,11,87.0,5.0,2.0
205946,8,0,28,5,9,8074.607604166666,11,,0.0,3.0
205974,22,1,55,46,13,541.4974768518518,21,1152.0,2.0,1.0
206000,14,1,21,8,9,2481.1511921296296,20,,0.0,2.0
206003,0,0,1,1,2,93.96322916666666,1,1671.0,1.0,2.0
206029,132,15,231,108,28,298.14122685185185,66,1150.0,4.0,4.0
206066,0,0,1,1,2,24.53159722222222,2,1670.0,2.0,2.0
206080,0,0,6,5,4,185.19957175925927,5,1063.0,3.0,2.0
206177,0,0,1,1,2,92.2489351851852,1,1671.0,1.0,3.0
206178,0,0,3,3,3,92.24461805555556,2,1671.0,1.0,1.0
206257,0,0,15,7,6,62.02092592592592,8,,0.0,2.0
206353,0,0,21,21,7,868.1529050925926,13,1757.0,2.0,2.0
206376,4,0,6,4,5,397.9736574074074,15,2279.0,5.0,2.0
206408,1430,1485,325,89,81,2429.468333333333,274,986.0,58.0,4.0
206448,0,0,10,7,5,2310.510798611111,7,31.0,3.0,3.0
206530,0,0,10,8,5,2.738402777777778,13,2895.0,3.0,5.0
206561,11,0,55,54,12,2092.9999421296297,23,2387.0,5.0,5.0
206639,0,0,3,3,3,89.78001157407408,2,1669.0,3.0,2.0
206659,24,6,15,11,10,3851.979583333333,24,0.0,4.0,3.0
206682,0,0,15,15,6,20.19876157407408,11,2914.0,25.0,2.0
206762,0,0,10,10,5,7.271111111111111,4,987.0,5.0,2.0
206775,0,0,10,7,5,23.52055555555556,6,921.0,0.0,4.0
206803,0,0,55,29,11,663.1827314814815,25,552.0,5.0,2.0
206853,0,0,21,14,7,4165.482800925926,10,305.0,2.0,3.0
206859,0,0,55,50,11,425.9924768518519,20,672.0,1.0,4.0
206901,0,0,3,3,3,20.851134259259258,7,978.0,14.0,2.0
206905,0,0,6,6,4,322.3894560185185,4,1670.0,2.0,2.0
206915,0,0,3,3,3,29.230138888888888,3,1670.0,2.0,3.0
206917,0,0,21,21,7,5.975023148148148,8,1152.0,2.0,4.0
206937,16,1,28,14,10,405.01601851851854,24,5437.0,7.0,5.0
206990,4,0,6,3,5,236.91179398148148,8,1800.0,0.0,2.0
207156,208,78,120,49,29,4144.185543981482,168,3.0,42.0,5.0
207182,0,0,1,1,2,138.94730324074075,4,1668.0,4.0,2.0
207195,4,0,6,6,5,1173.3853703703703,14,1056.0,10.0,2.0
207266,1,0,0,0,2,45.16237268518518,1,684.0,0.0,2.0
207298,0,0,15,15,6,233.6557523148148,24,1143.0,2.0,2.0
207306,0,0,10,9,5,705.0219328703704,8,23.0,3.0,3.0
207309,0,0,1,1,2,538.805775462963,1,1462.0,4.0,1.0
207327,0,0,6,6,4,1007.3941666666668,7,1203.0,5.0,2.0
207349,0,0,1,1,2,82.40725694444444,1,1671.0,1.0,1.0
207436,0,0,3,3,3,238.5665162037037,4,1672.0,0.0,2.0
207477,5,0,10,10,6,59.559016203703706,17,2386.0,6.0,2.0
207486,0,0,28,22,8,5818.358958333333,8,2280.0,4.0,2.0
207487,0,0,15,13,6,5818.3554745370375,8,2275.0,9.0,2.0
207558,0,0,15,10,6,12.105636574074074,5,2892.0,6.0,2.0
207822,0,0,0,0,1,0.7330787037037036,0,2936.0,3.0,2.0
207834,6,1,3,1,5,581.8728356481481,4,1672.0,0.0,4.0
207949,8,0,28,17,9,188.15715277777772,34,1044.0,22.0,2.0
208004,0,0,1,1,2,17.220775462962962,5,2930.0,9.0,2.0
208172,0,0,10,7,5,1032.266886574074,32,351.0,14.0,2.0
208190,0,0,6,6,4,2463.0591550925924,8,2925.0,14.0,2.0
208309,0,0,45,26,10,3282.631805555556,57,46.0,34.0,2.0
208318,0,0,10,8,5,0.9748611111111112,4,987.0,5.0,2.0
208376,2,0,1,1,3,74.63907407407407,3,1671.0,1.0,3.0
208386,25,10,10,7,10,2461.6333796296294,14,,0.0,2.0
208427,72,15,66,18,18,8255.226886574073,31,10.0,1.0,3.0
208555,45,3,105,35,18,1417.9385879629629,32,0.0,1.0,5.0
208683,6,0,15,14,7,304.9061226851852,8,305.0,2.0,3.0
208781,0,0,10,10,5,5807.336863425926,5,2280.0,4.0,2.0
208789,20,1,45,18,12,7227.471770833334,16,47.0,4.0,4.0
208842,0,0,3,3,3,7.827997685185185,3,985.0,7.0,2.0
208843,0,0,153,100,18,1004.2623263888888,42,910.0,10.0,5.0
208870,0,0,3,3,3,0.8563194444444444,6,2934.0,5.0,2.0
208923,1932,861,1035,362,88,6143.318726851852,140,17.0,1.0,2.0
208927,2,0,1,1,3,96.10089120370372,2,2392.0,0.0,2.0
209033,11,0,55,45,12,46.58241898148148,30,2891.0,7.0,4.0
209087,0,0,3,3,3,2.441550925925926,3,550.0,6.0,2.0
209093,0,0,1,1,2,6427.070231481482,1,153.0,0.0,2.0
209097,22,1,55,34,13,564.0459606481481,34,116.0,13.0,1.0
209104,0,0,3,3,3,22.405532407407406,6,1149.0,5.0,2.0
209107,0,0,0,0,1,159.66612268518517,0,1672.0,0.0,2.0
209189,55,10,55,44,16,4477.361273148148,74,160.0,30.0,5.0
209242,30,3,45,24,13,398.7814699074074,21,5438.0,6.0,2.0
209352,0,0,15,9,6,273.1197222222222,6,2391.0,1.0,4.0
209494,0,0,1,1,2,0.0238541666666666,1,553.0,3.0,2.0
209503,10,0,45,22,11,1168.4202430555556,16,921.0,0.0,2.0
209524,0,0,3,3,3,5.566782407407407,3,1670.0,2.0,2.0
209607,0,0,3,3,3,5168.619270833334,3,,0.0,2.0
209679,0,0,10,10,5,264.9460648148148,5,1374.0,8.0,2.0
209717,0,0,6,6,4,40.91061342592592,4,378.0,0.0,2.0
209753,0,0,6,5,4,6181.152372685186,3,80.0,2.0,4.0
209807,4,0,6,6,5,246.3245486111111,9,5439.0,5.0,2.0
209866,0,0,6,6,4,23.87734953703704,4,553.0,3.0,3.0
209884,0,0,6,6,4,8.82048611111111,4,,0.0,2.0
209972,0,0,28,28,8,31.94785879629629,12,1128.0,17.0,2.0
210001,3,0,3,1,4,202.90569444444444,12,5434.0,10.0,2.0
210117,1,0,0,0,2,0.1161689814814814,1,2897.0,1.0,2.0
210132,0,0,6,2,4,472.8028125,6,2392.0,0.0,3.0
210141,0,0,1,1,2,4.086111111111111,3,1756.0,3.0,2.0
210148,65,10,78,45,18,6487.274409722222,50,43.0,9.0,2.0
210160,0,0,1,1,2,17.43537037037037,1,601.0,3.0,2.0
210164,11,0,55,36,12,5717.292384259259,21,,0.0,3.0
210222,2,0,1,1,3,307.3882291666667,5,1062.0,4.0,3.0
210247,0,0,3,3,3,310.0642013888889,3,1463.0,3.0,4.0
210269,36,1,153,131,20,1666.8663310185186,82,2365.0,27.0,5.0
210284,1,0,0,0,2,151.8632638888889,2,1672.0,0.0,2.0
210286,0,0,1,1,2,224.9215162037037,3,1672.0,0.0,2.0
210443,0,0,3,3,3,0.1718055555555555,2,1755.0,4.0,2.0
210658,63,21,36,14,16,7039.705763888889,22,12.0,3.0,4.0
210744,5,0,10,10,6,71.56311342592592,16,1657.0,15.0,2.0
211030,0,0,10,10,5,8.59039351851852,20,,0.0,2.0
211116,0,0,1,1,2,1.1814467592592592,1,1463.0,3.0,2.0
211120,0,0,3,3,3,232.0749305555556,2,920.0,1.0,2.0
211195,0,0,3,3,3,2.8534375,3,5440.0,4.0,2.0
211270,0,0,3,3,3,24.08818287037037,2,1463.0,3.0,3.0
211271,0,0,1,1,2,2.405914351851852,1,1463.0,3.0,3.0
211272,0,0,3,3,3,1934.923067129629,6,281.0,5.0,3.0
211281,0,0,1,1,2,0.108599537037037,1,1463.0,3.0,1.0
211360,0,0,15,15,6,0.804224537037037,5,496.0,5.0,2.0
211461,5,0,10,6,6,514.8494907407407,10,1671.0,1.0,2.0
211518,0,0,1,1,2,46.87877314814815,1,1671.0,1.0,2.0
211587,5,0,10,4,6,191.0288888888889,13,2895.0,3.0,4.0
211729,0,0,15,10,6,19.91400462962963,11,1141.0,4.0,6.0
211748,0,0,1,1,2,114.96346064814814,1,1672.0,0.0,2.0
211846,0,0,15,14,6,2.6425578703703705,13,2277.0,7.0,2.0
211852,0,0,1,1,2,17.706134259259258,10,2274.0,10.0,4.0
211992,0,0,6,3,4,0.8410416666666667,4,569.0,2.0,2.0
212000,30,10,15,8,11,1146.523113425926,18,921.0,0.0,2.0
212005,6,1,3,1,5,2652.1687384259258,5,,0.0,2.0
212090,0,0,10,10,5,3.295335648148148,4,227.0,4.0,2.0
212272,0,0,3,3,3,3.937650462962963,2,598.0,6.0,2.0
212273,24,1,66,32,14,7040.414675925926,19,,0.0,3.0
212316,22,1,55,48,13,2119.911261574074,47,173.0,22.0,5.0
212366,0,0,91,77,14,292.39400462962965,43,2351.0,41.0,2.0
212376,6,0,15,15,7,334.25690972222225,9,2391.0,1.0,2.0
212439,0,0,10,9,5,5.983993055555556,8,1140.0,5.0,2.0
212478,12,3,6,6,7,6727.2475231481485,23,,0.0,2.0
212509,8,0,28,20,9,17.0959375,28,1154.0,0.0,6.0
212532,0,0,1,1,2,0.0178703703703703,2,556.0,0.0,2.0
212556,60,6,105,65,19,99.8804976851852,27,1151.0,3.0,2.0
212626,0,0,3,3,3,10.121203703703705,3,2282.0,2.0,4.0
212641,0,0,28,22,8,231.750625,8,2279.0,5.0,2.0
212682,0,0,0,0,1,0.0467361111111111,0,553.0,4.0,2.0
212710,0,0,1,0,2,0.4118981481481481,2,921.0,0.0,6.0
212747,8,0,28,19,9,344.37820601851854,12,1670.0,2.0,2.0
212779,176,28,231,67,30,795.9256944444444,60,40.0,4.0,3.0
212798,6,0,15,13,7,333.0233680555556,6,2897.0,1.0,2.0
212831,51,3,136,93,20,7701.281944444445,52,,0.0,3.0
212892,0,0,0,0,1,19.656550925925927,0,226.0,2.0,2.0
213004,12,0,66,51,13,3405.661261574074,34,10.0,18.0,3.0
213037,1,0,0,0,2,31.76517361111112,2,1670.0,2.0,3.0
213097,0,0,3,1,3,31.812372685185185,3,1672.0,0.0,2.0
213101,0,0,1,1,2,2.7625462962962963,1,493.0,8.0,2.0
213103,3,0,3,3,4,24.866863425925924,8,2387.0,5.0,2.0
213117,32,1,120,90,18,2641.0928703703703,58,587.0,19.0,2.0
213163,56,6,91,54,18,1673.1022453703704,45,0.0,6.0,2.0
213186,72,15,66,44,18,1134.692199074074,53,301.0,15.0,1.0
213228,7,0,21,13,8,761.7362037037037,10,74.0,6.0,2.0
213333,0,0,1,1,2,0.2443171296296296,2,2935.0,4.0,2.0
213344,1,0,0,0,2,5.788738425925926,1,2898.0,0.0,4.0
213394,24,3,28,12,11,251.9696296296296,14,3.0,0.0,2.0
213415,20,1,45,10,12,5503.883182870371,11,2.0,1.0,2.0
213494,2,0,1,1,3,2580.4500578703705,4,1672.0,0.0,3.0
213512,4,0,6,6,5,50.17053240740741,10,192.0,6.0,2.0
213611,0,0,3,3,3,0.4709722222222222,3,34.0,2.0,2.0
213620,0,0,1,1,2,0.0924537037037037,1,2391.0,1.0,2.0
213628,0,0,21,7,7,1221.759837962963,7,,0.0,5.0
213782,3,0,3,1,4,80.00384259259259,4,1670.0,2.0,2.0
213881,4,0,6,6,5,7.172858796296296,7,381.0,1.0,2.0
213915,9,0,36,9,10,4056.418587962963,17,23.0,6.0,2.0
213922,0,0,15,10,6,288.9315277777778,9,,0.0,2.0
213945,2788,2278,820,280,109,7159.55755787037,224,26.0,11.0,3.0
213946,0,0,28,17,8,7115.754085648148,30,,0.0,3.0
214256,4,0,6,6,5,679.0720717592593,6,1672.0,0.0,2.0
214306,55,10,55,48,16,587.1807523148149,35,1150.0,4.0,2.0
214373,9,0,36,31,10,5756.881180555555,17,1149.0,5.0,4.0
214405,27,3,36,25,12,2250.510787037037,29,13.0,7.0,2.0
214548,60,10,66,41,17,4846.781087962963,49,0.0,8.0,2.0
214591,0,0,1,0,2,21.983506944444443,1,1671.0,1.0,1.0
214719,0,0,10,6,5,59.63598379629629,5,1154.0,0.0,3.0
214843,0,0,21,19,7,455.7312037037037,22,61.0,10.0,3.0
214874,20,1,45,26,12,5993.792407407407,22,5439.0,5.0,4.0
214985,0,0,15,15,6,1333.7347685185184,16,320.0,8.0,2.0
215042,8,1,6,6,6,40.80754629629629,14,5438.0,6.0,2.0
215055,595,136,595,265,52,2741.5832060185185,154,2384.0,8.0,5.0
215072,0,0,3,1,3,7414.10568287037,3,592.0,2.0,2.0
215083,189,21,351,140,34,5480.303553240741,109,86.0,25.0,2.0
215159,0,0,3,3,3,9.025590277777775,4,2389.0,3.0,2.0
215405,1560,780,741,436,79,7003.670729166667,170,6.0,9.0,4.0
215567,0,0,6,4,4,207.3723726851852,13,2385.0,7.0,2.0
215590,0,0,6,4,4,161.72708333333333,9,149.0,7.0,3.0
215598,1,0,0,0,2,2.7380439814814816,4,,0.0,2.0
215730,0,0,3,3,3,8.076319444444444,2,1671.0,1.0,3.0
215771,0,0,45,23,10,22.408993055555555,15,1150.0,4.0,2.0
215797,0,0,28,21,8,225.2062962962963,19,319.0,12.0,2.0
215814,0,0,1,1,2,7.927939814814815,1,1672.0,0.0,2.0
215817,2,0,1,1,3,33.95471064814815,2,,0.0,2.0
215848,0,0,3,3,3,2197.897835648148,4,1185.0,3.0,2.0
215981,0,0,36,35,9,54.07513888888889,20,1746.0,13.0,2.0
215985,0,0,6,6,4,2.041238425925926,3,551.0,5.0,2.0
215995,9,3,3,3,6,476.29017361111113,9,1154.0,0.0,3.0
215997,21,3,21,10,10,7595.890243055555,27,270.0,13.0,1.0
216018,0,0,1,1,2,5.62587962962963,2,1670.0,2.0,2.0
216022,8,1,6,4,6,221.6886458333333,14,1152.0,2.0,5.0
216025,0,0,3,3,3,23.12144675925926,2,1151.0,3.0,2.0
216101,6,0,15,9,7,472.8500231481481,10,103.0,5.0,2.0
216112,0,0,6,6,4,0.943599537037037,4,1668.0,4.0,2.0
216120,0,0,1,1,2,4.844085648148148,2,1670.0,2.0,2.0
216202,0,0,1,1,2,4.024085648148148,1,1671.0,1.0,2.0
216218,16,1,28,21,10,259.9016550925926,21,1749.0,10.0,2.0
216308,102,136,15,8,23,7559.47537037037,75,33.0,14.0,2.0
216335,0,0,6,6,4,626.3121875,6,2934.0,5.0,2.0
216396,0,0,0,0,1,1473.0487962962964,0,992.0,0.0,2.0
216430,32,1,120,68,18,88.90938657407408,33,1792.0,8.0,4.0
216452,0,0,3,3,3,5.8375,2,1669.0,3.0,2.0
216466,46,1,253,164,25,750.0258101851852,45,310.0,6.0,2.0
216512,0,0,0,0,1,31.92303240740741,0,2936.0,3.0,2.0
216613,48,28,15,13,14,2354.1613773148147,33,45.0,4.0,2.0
216714,0,0,91,69,14,1181.015462962963,24,1759.0,0.0,5.0
216736,0,0,6,6,4,27.789074074074072,7,1795.0,5.0,2.0
216773,1,0,0,0,2,6.243680555555556,2,1154.0,0.0,4.0
216778,0,0,1,1,2,392.8458680555556,2,1672.0,0.0,2.0
216827,24,0,276,113,25,5734.828402777778,54,,0.0,2.0
216848,2,0,1,1,3,15.203032407407408,5,567.0,4.0,3.0
216895,7,0,21,10,8,8044.200486111111,8,0.0,1.0,3.0
216902,6,0,15,11,7,1272.2138310185185,14,2.0,4.0,2.0
216952,5,0,10,5,6,7610.471921296296,6,,0.0,3.0
216977,14,1,21,17,9,48.54855324074074,22,168.0,4.0,2.0
217000,0,0,10,8,5,28.74761574074074,9,1755.0,4.0,2.0
217069,0,0,6,5,4,25.369675925925925,4,1671.0,1.0,3.0
217120,570,171,435,219,49,1055.95,117,2370.0,22.0,2.0
217269,0,0,3,3,3,130.94130787037037,4,1670.0,2.0,2.0
217275,0,0,1,1,2,28.97864583333333,1,1669.0,3.0,2.0
217276,0,0,3,3,3,1161.545729166667,2,1670.0,2.0,2.0
217287,2,0,1,1,3,98.84380787037036,4,1063.0,3.0,2.0
217327,0,0,3,3,3,84.26221064814816,2,1671.0,1.0,2.0
217358,0,0,3,3,3,47.15638888888889,6,1063.0,3.0,2.0
217434,6,0,15,15,7,6260.341319444445,11,0.0,1.0,2.0
217444,0,0,3,3,3,2.138692129629629,3,165.0,5.0,2.0
217474,0,0,3,2,3,129.23087962962964,3,1672.0,0.0,1.0
217529,3,0,3,1,4,8.417280092592593,4,1154.0,0.0,2.0
217560,0,0,36,30,9,335.6241898148148,21,186.0,9.0,2.0
217604,5,0,10,9,6,49.13581018518519,29,2378.0,14.0,3.0
217607,2,0,1,1,3,82.08400462962963,2,1671.0,1.0,5.0
217620,0,0,3,3,3,160.3428935185185,4,194.0,4.0,3.0
217750,0,0,6,6,4,148.1647685185185,4,1671.0,1.0,2.0
217776,0,0,10,9,5,6.78775462962963,7,1671.0,1.0,2.0
217863,0,0,3,1,3,175.4620023148148,2,1672.0,0.0,2.0
217886,9,0,36,29,10,3.523113425925926,16,311.0,5.0,4.0
218021,0,0,3,3,3,15.707673611111112,4,989.0,3.0,2.0
218070,0,0,15,10,6,295.04751157407406,16,1061.0,5.0,4.0
218093,85,10,136,73,22,5242.068935185185,49,5434.0,10.0,2.0
218223,594,153,528,374,51,5548.415983796296,85,266.0,4.0,2.0
218248,0,0,3,1,3,1.4395833333333334,2,1153.0,1.0,2.0
218277,208,28,325,148,34,2720.1273032407407,86,2930.0,9.0,5.0
218415,126,21,153,72,25,5781.824583333333,95,188.0,39.0,2.0
218421,0,0,1,0,2,120.2941087962963,1,1672.0,0.0,2.0
218433,4,1,1,0,4,58.13719907407408,24,1022.0,22.0,5.0
218574,6,3,1,1,5,2367.388680555556,10,,0.0,4.0
218654,0,0,10,8,5,5539.068796296297,4,2934.0,5.0,2.0
218685,0,0,1,1,2,71.89221064814815,5,83.0,3.0,2.0
218832,0,0,1,1,2,0.5296412037037037,1,1461.0,5.0,2.0
218837,0,0,36,29,9,102.83583333333333,22,59.0,20.0,2.0
218840,18,1,36,29,11,6293.153692129629,17,804.0,0.0,4.0
218917,435,105,406,198,44,7340.218368055555,162,572.0,34.0,2.0
218961,0,0,1,1,2,99.76563657407408,1,204.0,7.0,2.0
219021,120,15,190,113,26,4068.0798263888887,53,169.0,24.0,2.0
219180,12,1,15,11,8,3898.795810185185,12,547.0,0.0,2.0
219444,6,1,3,3,5,495.675787037037,11,2388.0,4.0,2.0
219505,0,0,3,3,3,53.91523148148149,2,1154.0,0.0,2.0
219572,0,0,0,0,1,2763.7616435185187,0,1464.0,2.0,2.0
219625,120,105,28,3,23,251.72060185185185,42,2898.0,0.0,2.0
219705,38,1,171,60,21,89.17703703703704,60,20.0,19.0,5.0
219896,2,1,0,0,3,373.0288078703704,5,1672.0,0.0,4.0
219908,0,0,1,1,2,0.974988425925926,1,1463.0,3.0,1.0
219983,0,0,3,3,3,121.96074074074076,3,1672.0,0.0,3.0
220174,0,0,0,0,1,2.104699074074074,0,5441.0,3.0,2.0
220187,8,0,28,21,9,676.6323148148148,11,69.0,2.0,2.0
220195,4,0,6,4,5,0.6428356481481482,13,2930.0,9.0,4.0
220266,28,6,21,18,11,10.03417824074074,24,2927.0,12.0,2.0
220325,0,0,1,1,2,118.67091435185183,4,1062.0,4.0,2.0
220390,4,0,6,6,5,262.2752662037037,17,63.0,8.0,3.0
220433,15,3,10,7,8,44.493541666666665,11,1150.0,4.0,4.0
220450,0,0,21,8,7,0.3797569444444444,6,1153.0,1.0,6.0
220464,0,0,78,59,13,17.455833333333334,30,1759.0,0.0,5.0
220496,0,0,0,0,1,279.01122685185186,0,2284.0,0.0,2.0
220497,0,0,3,3,3,125.9806712962963,3,1670.0,2.0,2.0
220626,11,0,55,47,12,5695.540347222222,32,297.0,10.0,2.0
220640,0,0,3,1,3,14.196412037037035,2,1672.0,0.0,2.0
220698,0,0,1,0,2,42.234722222222224,2,2392.0,0.0,2.0
220700,0,0,3,3,3,44.35545138888889,4,1671.0,1.0,2.0
220741,0,0,1,1,2,9.923912037037036,1,5439.0,5.0,2.0
220811,0,0,3,0,3,0.8131828703703704,2,1672.0,0.0,5.0
220839,0,0,1,1,2,12.020960648148147,3,1669.0,3.0,2.0
221068,0,0,1,1,2,9.985289351851852,2,1670.0,2.0,1.0
221154,64,6,120,71,20,7417.127314814815,35,106.0,5.0,3.0
221217,33,3,55,21,14,13.898622685185185,36,1142.0,12.0,5.0
221289,0,0,10,9,5,1.2535648148148149,8,,0.0,2.0
221490,5,0,10,9,6,628.7140046296296,14,544.0,3.0,2.0
221597,0,0,10,6,5,38.42327546296296,11,74.0,6.0,2.0
221598,0,0,6,5,4,7.45761574074074,7,,0.0,2.0
221599,0,0,6,4,4,33.03074074074074,4,77.0,3.0,2.0
221602,0,0,10,6,5,2144.1505555555555,8,212.0,2.0,2.0
221619,0,0,78,74,13,1503.2811805555557,24,211.0,20.0,2.0
221706,32,6,28,15,12,5327.7515625,17,22.0,4.0,2.0
221797,9,0,36,30,10,1870.987141203704,28,1033.0,11.0,4.0
221825,2,0,1,0,3,340.9651273148148,3,1672.0,0.0,2.0
221826,0,0,1,1,2,11.319340277777778,1,1461.0,5.0,2.0
221975,24,3,28,22,11,49.46917824074074,28,97.0,0.0,5.0
222129,0,0,0,0,1,2.148622685185185,0,1186.0,2.0,2.0
222134,0,0,28,28,8,202.6536226851852,16,1141.0,13.0,2.0
222220,0,0,28,26,8,1887.732974537037,17,1204.0,4.0,2.0
222297,6,0,15,5,7,264.3873611111111,25,2279.0,5.0,2.0
222300,6,0,15,15,7,125.78868055555556,10,2391.0,1.0,3.0
222494,0,0,1,1,2,24.957523148148148,1,76.0,4.0,2.0
222509,8,1,6,6,6,1447.675277777778,27,68.0,15.0,2.0
222730,0,0,1,1,2,0.7789814814814815,1,5437.0,7.0,2.0
222901,0,0,1,1,2,325.8935648148148,1,1145.0,9.0,2.0
223147,0,0,3,3,3,5608.98875,2,,0.0,2.0
223192,0,0,1,1,2,7.84542824074074,2,551.0,5.0,2.0
223238,24,3,28,26,11,453.3197916666667,23,152.0,11.0,4.0
223247,16,1,28,13,10,7.085578703703704,19,1665.0,7.0,5.0
223255,0,0,66,62,12,2435.0298842592592,35,,0.0,2.0
223373,0,0,3,3,3,6.691273148148148,2,551.0,5.0,2.0
223578,0,0,3,2,3,53.55346064814815,5,1666.0,6.0,2.0
223607,0,0,6,6,4,23.87712962962963,10,2392.0,0.0,2.0
223693,0,0,0,0,1,69.94645833333334,0,1672.0,0.0,3.0
223744,0,0,15,8,6,27.16028935185185,16,2898.0,0.0,5.0
223764,4,0,6,4,5,2838.4766203703703,14,0.0,3.0,2.0
223905,3,0,3,3,4,2152.014548611111,5,1186.0,2.0,2.0
223909,51,3,136,91,20,5247.815,39,517.0,40.0,2.0
223943,0,0,21,16,7,1859.9554976851853,18,4.0,9.0,2.0
223988,13,0,78,74,14,2744.7897685185185,51,,0.0,2.0
223997,0,0,3,3,3,10.779143518518518,2,972.0,4.0,2.0
224058,0,0,6,6,4,8.601840277777777,6,387.0,4.0,2.0
224128,39,3,78,52,16,1727.4049189814814,62,29.0,15.0,2.0
224134,0,0,3,3,3,49.95206018518518,5,2392.0,0.0,2.0
224209,24,1,66,39,14,4019.554826388889,46,0.0,12.0,2.0
224227,11,0,55,26,12,766.9605902777778,19,20.0,3.0,4.0
224231,0,0,6,6,4,3.948888888888889,5,356.0,9.0,2.0
224331,0,0,21,17,7,9.198993055555556,24,1146.0,8.0,2.0
224503,2,0,1,1,3,826.8590625,18,274.0,12.0,2.0
224514,0,0,1,1,2,7.522175925925926,1,554.0,3.0,2.0
224598,0,0,3,3,3,3.4184953703703704,17,640.0,9.0,2.0
224607,0,0,6,6,4,7.178275462962963,15,2388.0,4.0,3.0
224628,0,0,15,11,6,14.73570601851852,10,,0.0,2.0
224638,5,0,10,9,6,97.66179398148148,7,1063.0,3.0,2.0
224692,560,378,190,143,48,3894.3302777777776,118,0.0,14.0,4.0
224732,0,0,3,3,3,257.7979861111112,4,1671.0,1.0,3.0
224818,0,0,36,11,9,132.1149537037037,14,1150.0,4.0,2.0
224819,0,0,1,0,2,34.45974537037037,2,41.0,3.0,3.0
224820,16,6,6,6,8,640.8267939814815,43,304.0,27.0,5.0
224856,0,0,1,1,2,1.418287037037037,1,,0.0,2.0
224959,0,0,1,1,2,0.938738425925926,1,1671.0,1.0,2.0
224999,0,0,15,14,6,135.3856712962963,10,1152.0,2.0,2.0
225060,0,0,6,6,4,6.944282407407408,4,1149.0,5.0,2.0
225120,0,0,6,4,4,29.400844907407407,3,9.0,3.0,1.0
225174,12,1,15,5,8,7505.097361111111,7,,0.0,3.0
225290,0,0,1,1,2,93.42019675925926,1,1154.0,0.0,2.0
225345,2,0,1,1,3,252.25980324074075,4,1672.0,0.0,5.0
225563,0,0,21,19,7,549.5517708333333,16,386.0,6.0,2.0
225565,0,0,6,4,4,1.6038194444444445,8,5439.0,5.0,2.0
225680,495,105,528,289,48,2436.9319907407407,142,203.0,14.0,2.0
225805,0,0,3,2,3,0.2220717592592592,2,1154.0,0.0,6.0
225811,11,0,55,43,12,74.27753472222223,34,2387.0,5.0,2.0
225825,0,0,3,3,3,0.0173032407407407,2,1151.0,3.0,2.0
225832,3,0,3,3,4,3.1964004629629628,18,5430.0,14.0,2.0
225837,0,0,10,10,5,25.04055555555556,11,1746.0,13.0,2.0
225887,0,0,6,6,4,4.244872685185185,6,74.0,9.0,3.0
225910,6,0,15,10,7,4520.012233796297,18,2.0,10.0,2.0
225920,4,1,1,0,4,535.878912037037,6,,0.0,6.0
225941,0,0,6,6,4,492.7255092592592,5,5434.0,10.0,2.0
225952,0,0,21,17,7,430.9403935185185,6,1198.0,10.0,2.0
225953,0,0,15,2,6,1424.1478472222225,6,,0.0,2.0
226071,0,0,105,67,15,1654.0149305555556,26,1785.0,15.0,2.0
226204,0,0,0,0,1,0.7294212962962963,0,2898.0,0.0,5.0
226223,1,0,0,0,2,301.08736111111114,8,1672.0,0.0,2.0
226305,3,0,3,1,4,301.0095949074074,4,1672.0,0.0,2.0
226375,4,0,6,5,5,1230.715162037037,11,546.0,10.0,2.0
226408,3,0,3,3,4,154.91590277777777,12,1058.0,8.0,2.0
226439,0,0,45,36,10,333.902349537037,49,2317.0,75.0,2.0
226462,0,0,10,10,5,76.03548611111111,4,1755.0,4.0,2.0
226522,0,0,3,3,3,52.14431712962963,3,1750.0,9.0,2.0
226534,0,0,6,5,4,44.197291666666665,11,5436.0,8.0,2.0
226597,0,0,3,2,3,30.74943287037037,8,1462.0,4.0,1.0
226612,0,0,6,4,4,57.56578703703704,9,1796.0,4.0,2.0
226933,114,15,171,101,25,1191.3985532407407,32,2390.0,2.0,2.0
227009,0,0,3,2,3,235.0200578703704,2,,0.0,2.0
227011,0,0,10,10,5,102.15861111111111,8,1039.0,5.0,2.0
227053,0,0,10,10,5,47.2609375,13,1201.0,7.0,2.0
227087,6,0,15,13,7,1246.8016666666667,11,,0.0,3.0
227093,6,0,15,14,7,508.7389351851852,10,1672.0,0.0,2.0
227139,0,0,1,1,2,1.4806134259259258,1,1672.0,0.0,2.0
227144,0,0,0,0,1,33.76732638888889,0,1672.0,0.0,2.0
227159,0,0,15,10,6,150.2417824074074,7,,0.0,2.0
227234,5,0,10,5,6,4.944930555555556,6,1154.0,0.0,5.0
227240,0,0,21,21,7,85.26434027777778,13,1787.0,13.0,2.0
227267,0,0,120,98,16,98.81622685185184,34,1792.0,8.0,4.0
227305,525,300,210,125,46,5251.933275462963,157,0.0,21.0,2.0
227307,5,0,10,7,6,46.88898148148148,8,194.0,4.0,3.0
227313,0,0,10,10,5,198.6374074074074,9,53.0,5.0,2.0
227334,0,0,1,1,2,1.4897916666666666,1,1669.0,3.0,2.0
227353,0,0,15,12,6,4.384108796296296,16,1154.0,0.0,6.0
227366,4,0,6,3,5,1106.2468402777777,6,283.0,3.0,2.0
227402,0,0,1,0,2,31.035416666666663,2,1672.0,0.0,2.0
227458,0,0,36,18,9,66.20266203703704,29,2383.0,9.0,4.0
227489,0,0,6,3,4,839.1034143518518,5,5436.0,8.0,2.0
227491,0,0,3,3,3,32.321793981481484,4,5436.0,8.0,2.0
227567,5,0,10,10,6,29.33678240740741,25,640.0,9.0,2.0
227611,16,0,120,73,17,5573.105034722223,42,,0.0,2.0
227690,0,0,10,10,5,32.410127314814815,7,1147.0,7.0,2.0
227707,0,0,0,0,1,31.39703703703704,0,210.0,4.0,2.0
227963,0,0,6,6,4,6.807094907407407,6,994.0,6.0,5.0
227993,0,0,6,3,4,3.032118055555556,7,75.0,5.0,2.0
228020,0,0,3,2,3,24.37613425925926,4,,0.0,5.0
228441,8,0,28,27,9,426.27452546296297,22,2385.0,7.0,4.0
228448,0,0,66,39,12,5589.811377314815,18,253.0,31.0,1.0
228567,0,0,3,3,3,1.134085648148148,3,1671.0,1.0,2.0
228603,0,0,3,3,3,266.64414351851855,3,968.0,8.0,2.0
228799,0,0,10,7,5,1.3645601851851852,7,1671.0,1.0,2.0
228829,17,0,136,92,18,588.7701736111111,40,5429.0,15.0,5.0
228861,0,0,1,1,2,63.54864583333333,1,2387.0,5.0,2.0
228923,3,0,3,2,4,304.1402083333333,3,2898.0,0.0,2.0
228962,0,0,10,4,5,701.2697222222222,6,1671.0,1.0,2.0
229024,54,15,36,19,15,305.72123842592595,39,1789.0,11.0,4.0
229047,5,0,10,7,6,719.9146296296296,10,283.0,3.0,2.0
229072,0,0,3,3,3,73.92829861111112,3,207.0,5.0,3.0
229076,0,0,1,1,2,60.74534722222222,3,1139.0,6.0,2.0
229081,0,0,1,1,2,3.6572916666666666,1,1151.0,3.0,2.0
229090,0,0,3,2,3,2.421111111111111,4,328.0,0.0,6.0
229168,14,0,91,49,15,1209.9836805555556,35,20.0,9.0,2.0
229182,0,0,1,1,2,0.1397685185185185,1,77.0,2.0,2.0
229183,0,0,1,1,2,0.1325,1,76.0,3.0,2.0
229224,0,0,66,55,12,5144.283344907408,56,203.0,20.0,2.0
229362,0,0,10,8,5,23.65195601851852,7,,0.0,2.0
229371,0,0,21,18,7,220.0593981481481,21,1126.0,28.0,2.0
229437,0,0,21,20,7,9.263125,10,95.0,13.0,2.0
229438,0,0,28,21,8,847.3389814814815,24,237.0,7.0,2.0
229455,4,1,1,1,4,1330.105,4,2898.0,0.0,2.0
229471,3,0,3,3,4,14.4315625,3,1.0,0.0,2.0
229473,152,28,171,118,27,1455.4350347222223,56,10.0,6.0,2.0
229545,0,0,3,2,3,6.866099537037037,2,1671.0,1.0,2.0
229575,0,0,6,5,4,210.29597222222225,5,75.0,4.0,2.0
229583,0,0,3,2,3,13.27744212962963,3,2390.0,2.0,2.0
229594,0,0,1,1,2,371.9515856481481,2,1672.0,0.0,3.0
229722,0,0,28,23,8,103.54842592592593,14,83.0,5.0,2.0
229807,0,0,10,5,5,438.5871180555556,6,1670.0,2.0,2.0
229814,0,0,1,0,2,206.999375,2,165.0,2.0,1.0
229824,0,0,6,3,4,7438.711446759259,3,,0.0,3.0
229925,45,3,105,79,18,5471.524421296296,35,80.0,4.0,2.0
229972,0,0,1,1,2,6.125659722222222,4,2935.0,4.0,5.0
229993,0,0,1,1,2,1.0583680555555557,2,1670.0,2.0,3.0
230038,3,0,3,0,4,366.0680787037037,3,921.0,0.0,2.0
230051,0,0,1,1,2,29.97372685185185,2,1672.0,0.0,3.0
230077,4,1,1,1,4,97.9593287037037,3,2391.0,1.0,2.0
230081,0,0,15,15,6,2046.5272453703703,7,184.0,2.0,2.0
230099,3,0,3,3,4,9.56193287037037,8,193.0,5.0,2.0
230104,0,0,10,5,5,13.953622685185184,19,,0.0,2.0
230183,2,0,1,1,3,2.213275462962963,3,54.0,3.0,6.0
230270,0,0,0,0,1,0.8157291666666666,0,2934.0,5.0,4.0
230281,14,1,21,14,9,426.4798263888889,16,1758.0,1.0,2.0
230328,0,0,1,1,2,337.2816319444444,1,1672.0,0.0,2.0
230339,0,0,0,0,1,0.0060416666666666,0,2934.0,5.0,2.0
230349,0,0,10,10,5,12.81119212962963,11,140.0,16.0,2.0
230357,0,0,6,6,4,3.4825925925925927,5,147.0,9.0,2.0
230373,0,0,1,0,2,0.1140625,1,1154.0,0.0,6.0
230397,0,0,10,8,5,97.30765046296295,6,2389.0,3.0,1.0
230401,160,28,190,112,28,616.3724884259259,61,298.0,3.0,3.0
230439,0,0,1,1,2,64.04379629629629,2,361.0,4.0,2.0
230584,0,0,3,3,3,656.831886574074,6,1672.0,0.0,2.0
230603,0,0,6,6,4,150.01891203703704,11,,0.0,2.0
230606,140,10,378,259,33,3606.4569328703706,88,537.0,10.0,2.0
230610,0,0,1,1,2,851.6734837962963,1,,0.0,2.0
230611,0,0,1,1,2,1190.7478587962962,1,,0.0,2.0
230616,5,0,10,9,6,6.060671296296296,8,5440.0,4.0,2.0
230703,0,0,3,2,3,2761.924386574074,6,20.0,5.0,2.0
230729,0,0,1,1,2,0.0359259259259259,1,1153.0,1.0,2.0
230833,0,0,3,1,3,8.812152777777778,4,1671.0,1.0,1.0
230840,0,0,28,23,8,51.07600694444445,13,1749.0,10.0,2.0
230849,0,0,1,1,2,0.6442361111111111,1,1756.0,3.0,2.0
230899,18,1,36,22,11,7697.753541666667,16,18.0,2.0,3.0
230909,66,3,231,137,25,1007.7667939814814,73,1.0,6.0,2.0
230915,0,0,1,1,2,2.183402777777778,1,741.0,1.0,2.0
230938,0,0,1,1,2,0.1472916666666666,1,2934.0,5.0,2.0
230947,0,0,3,3,3,7.849780092592592,5,5440.0,4.0,2.0
230959,24,1,66,25,14,5219.603136574074,33,10.0,8.0,2.0
230973,0,0,0,0,1,0.4915393518518518,0,553.0,3.0,3.0
231120,2,0,1,1,3,2036.0400462962964,3,1186.0,2.0,2.0
231137,0,0,1,1,2,46.61974537037037,1,52.0,1.0,2.0
231150,0,0,3,3,3,243.6530439814815,5,1671.0,1.0,1.0
231157,0,0,1,1,2,5.144861111111111,1,1151.0,3.0,2.0
231199,0,0,1,1,2,17.785891203703702,1,627.0,3.0,2.0
231200,0,0,21,17,7,6.29130787037037,9,208.0,6.0,4.0
231211,3,0,3,2,4,406.7259722222222,6,1672.0,0.0,2.0
231226,0,0,6,4,4,1066.489050925926,7,2392.0,0.0,2.0
231278,0,0,6,6,4,3.2844328703703702,4,2934.0,5.0,2.0
231363,2,0,1,1,3,651.4769791666666,5,1672.0,0.0,4.0
231367,0,0,6,5,4,22.03695601851852,4,1153.0,1.0,1.0
231372,0,0,6,6,4,3.870127314814815,6,973.0,3.0,2.0
231534,0,0,3,3,3,97.38347222222222,4,1671.0,1.0,3.0
231541,510,105,561,254,49,2311.600578703704,116,1036.0,8.0,5.0
231548,10,1,10,10,7,943.7126851851853,20,0.0,5.0,5.0
231585,3,0,3,3,4,77.50166666666667,8,2386.0,6.0,2.0
231621,0,0,1,1,2,96.71851851851852,3,152.0,4.0,2.0
231758,3,0,3,3,4,0.2151157407407407,4,,0.0,2.0
231770,0,0,6,6,4,2.9522916666666665,6,1061.0,5.0,2.0
231839,1,0,0,0,2,45.67391203703704,4,567.0,4.0,2.0
231870,0,0,3,3,3,0.8895486111111112,3,363.0,2.0,4.0
231965,24,6,15,7,10,658.7697569444445,19,122.0,10.0,2.0
231978,0,0,6,5,4,1010.8727314814817,3,1671.0,1.0,3.0
231995,0,0,66,56,12,524.2402546296296,24,1773.0,27.0,2.0
232002,0,0,21,20,7,366.2770833333333,13,1154.0,0.0,2.0
232015,1,0,0,0,2,0.0983564814814814,1,1672.0,0.0,4.0
232016,0,0,6,6,4,31.890486111111112,3,624.0,6.0,2.0
232053,3,0,3,3,4,701.0836921296296,6,285.0,1.0,2.0
232064,2,0,1,1,3,551.0957291666666,3,592.0,2.0,2.0
232156,0,0,3,3,3,2026.093587962963,2,591.0,3.0,2.0
232227,55,10,55,32,16,4262.646574074074,47,0.0,21.0,2.0
232247,0,0,3,3,3,28.149016203703702,3,1150.0,4.0,2.0
232327,0,0,3,3,3,0.1120486111111111,7,547.0,9.0,3.0
232339,0,0,6,6,4,6.976840277777778,4,2935.0,4.0,2.0
232351,0,0,15,15,6,1.2163194444444445,6,2932.0,7.0,2.0
232368,9,0,36,22,10,132.57211805555556,28,644.0,5.0,5.0
232393,0,0,1,1,2,0.6906828703703703,1,2933.0,6.0,2.0
232405,10,1,10,8,7,5574.520289351852,8,406.0,1.0,2.0
232417,0,0,1,1,2,6.374409722222223,3,34.0,4.0,2.0
232427,1,0,0,0,2,0.173287037037037,2,1154.0,0.0,2.0
232469,0,0,36,32,9,266.5542476851852,29,2379.0,13.0,2.0
232480,0,0,6,6,4,21.971435185185182,7,620.0,10.0,2.0
232503,0,0,3,3,3,0.921400462962963,2,1755.0,4.0,2.0
232512,4,0,6,6,5,2.817800925925926,12,148.0,8.0,1.0
232544,0,0,1,1,2,1.908275462962963,4,1062.0,4.0,3.0
232567,18,0,153,104,19,151.01957175925926,71,1771.0,29.0,4.0
232583,0,0,0,0,1,0.0,0,,0.0,2.0
232598,20,1,45,19,12,7382.539340277778,25,109.0,2.0,3.0
232623,5,0,10,8,6,759.6833564814815,7,0.0,2.0,2.0
232695,12,1,15,12,8,437.5838657407408,12,76.0,5.0,2.0
232706,0,0,10,10,5,360.0465972222222,7,616.0,14.0,2.0
232766,44,6,55,33,15,3866.383587962963,21,,0.0,2.0
232780,0,0,1,1,2,18.98239583333333,1,2387.0,5.0,2.0
232798,12,1,15,14,8,16.52988425925926,29,5430.0,14.0,5.0
232801,0,0,3,1,3,306.3428587962963,4,1063.0,3.0,2.0
232809,0,0,1,1,2,227.0640162037037,1,1059.0,7.0,2.0
232817,0,0,10,8,5,1072.0700578703704,14,277.0,9.0,2.0
232951,14,1,21,19,9,16.799907407407407,17,2390.0,2.0,2.0
232985,0,0,3,3,3,841.1409606481482,4,1063.0,3.0,2.0
233077,0,0,3,2,3,1481.097824074074,3,2390.0,2.0,2.0
233085,0,0,1,1,2,5.345034722222223,2,1670.0,2.0,2.0
233164,0,0,3,2,3,436.3686805555556,6,2935.0,4.0,2.0
233292,0,0,3,3,3,10.784166666666666,3,2935.0,4.0,2.0
233307,0,0,15,12,6,2847.859004629629,5,1753.0,6.0,2.0
233317,78,15,78,29,19,5164.730543981482,41,1000.0,0.0,4.0
233352,0,0,3,1,3,359.17060185185187,4,1063.0,3.0,3.0
233374,0,0,1,1,2,135.2865277777778,1,2938.0,1.0,3.0
233453,24,6,15,9,10,845.7925347222222,11,11.0,0.0,6.0
233457,0,0,3,3,3,0.6870833333333334,3,972.0,4.0,2.0
233460,6,1,3,1,5,5376.438865740741,4,,0.0,2.0
233461,0,0,45,24,10,397.3904861111111,57,50.0,28.0,2.0
233462,0,0,6,2,4,6685.524988425926,3,,0.0,2.0
233463,0,0,45,33,10,2049.9993402777777,64,605.0,44.0,2.0
233587,0,0,1,1,2,0.6890509259259259,1,972.0,4.0,2.0
233643,0,0,10,10,5,1174.3993287037038,11,264.0,6.0,2.0
233720,3,0,3,3,4,73.90833333333333,7,2392.0,0.0,2.0
233831,0,0,3,3,3,355.20574074074074,8,1059.0,7.0,3.0
233901,0,0,6,6,4,3.0176967592592594,4,1672.0,0.0,4.0
233968,0,0,10,10,5,6.55337962962963,9,1463.0,3.0,2.0
233972,0,0,10,10,5,217.28765046296297,11,1143.0,11.0,2.0
233973,5,0,10,5,6,249.3988310185185,14,1670.0,2.0,2.0
234238,0,0,1,0,2,797.8888888888889,2,1672.0,0.0,2.0
234291,7,0,21,12,8,6626.468032407407,19,,0.0,2.0
234331,0,0,3,3,3,5.291469907407407,3,5442.0,2.0,5.0
234392,0,0,10,8,5,23.387835648148148,10,388.0,4.0,2.0
234435,0,0,3,2,3,127.42373842592592,3,2937.0,2.0,5.0
234465,2,0,1,1,3,212.6715509259259,5,1672.0,0.0,2.0
234470,8,0,28,17,9,217.64636574074075,81,368.0,27.0,2.0
234485,20,1,45,23,12,3391.388298611111,54,2923.0,16.0,2.0
234613,0,0,1,1,2,2.6473032407407406,1,5441.0,3.0,2.0
234615,0,0,1,1,2,3.4150578703703705,1,627.0,3.0,2.0
234673,5,0,10,7,6,379.9241898148149,7,2390.0,2.0,2.0
234675,6,0,15,12,7,7.146608796296296,15,5435.0,9.0,4.0
234686,0,0,6,6,4,1437.162800925926,4,2925.0,14.0,2.0
234695,6,0,15,15,7,353.99278935185185,41,13.0,20.0,1.0
234737,3,0,3,1,4,3579.2903009259257,3,392.0,0.0,2.0
234740,8,0,28,17,9,211.168738425926,20,,0.0,2.0
234742,0,0,6,6,4,1996.4375,4,592.0,2.0,2.0
234851,7,0,21,20,8,1906.520462962963,49,2369.0,23.0,5.0
234864,0,0,1,1,2,0.9107638888888888,1,1790.0,10.0,2.0
234908,0,0,15,12,6,18.29491898148148,19,1789.0,11.0,5.0
234916,16,1,28,22,10,5.874386574074074,33,1785.0,15.0,6.0
234940,0,0,1,0,2,2.393854166666667,2,1154.0,0.0,6.0
234960,0,0,1,1,2,0.8490046296296296,1,2936.0,3.0,2.0
234973,44,6,55,23,15,4908.5809375,42,0.0,16.0,2.0
235041,0,0,3,3,3,4.036134259259259,4,1753.0,6.0,2.0
235053,0,0,6,5,4,3.263541666666667,6,5440.0,4.0,4.0
235168,0,0,3,3,3,130.97965277777777,3,1154.0,0.0,2.0
235169,2,0,1,1,3,1029.4058912037035,5,283.0,3.0,2.0
235203,16,1,28,6,10,5549.339756944444,11,328.0,0.0,2.0
235207,0,0,6,6,4,0.8045833333333333,8,388.0,7.0,6.0
235213,0,0,3,2,3,233.44986111111112,2,1671.0,1.0,3.0
235260,0,0,3,3,3,15.732766203703704,2,1464.0,2.0,2.0
235261,0,0,3,3,3,15.73011574074074,2,1464.0,2.0,2.0
235262,0,0,3,3,3,51.86965277777778,2,1463.0,3.0,2.0
235272,6,0,15,13,7,9.939317129629629,10,1797.0,3.0,5.0
235273,0,0,3,3,3,0.3946064814814815,4,393.0,2.0,6.0
235317,3,0,3,3,4,7.375983796296296,8,390.0,2.0,4.0
235335,0,0,6,6,4,17.279386574074074,12,2382.0,10.0,2.0
235355,0,0,3,2,3,1.1521180555555557,7,1794.0,6.0,5.0
235395,0,0,3,1,3,0.9981944444444444,4,1150.0,4.0,2.0
235499,0,0,36,32,9,344.95409722222223,16,1775.0,25.0,2.0
235504,0,0,1,1,2,50.82914351851852,1,970.0,6.0,2.0
235512,10,0,45,32,11,1447.1455208333334,40,1.0,26.0,2.0
235648,0,0,1,1,2,12.925162037037037,1,1063.0,3.0,2.0
235650,0,0,0,0,1,202.68211805555555,0,1672.0,0.0,3.0
235712,0,0,0,0,1,5.149409722222222,0,1672.0,0.0,2.0
235735,0,0,1,1,2,2.133414351851852,2,2936.0,3.0,2.0
235740,0,0,10,6,5,303.09194444444444,7,235.0,6.0,1.0
235768,3,0,3,3,4,0.914675925925926,9,5438.0,6.0,2.0
235830,2,0,1,1,3,7.314641203703704,3,604.0,2.0,2.0
235897,0,0,6,6,4,39.58601851851852,9,2386.0,6.0,3.0
235923,0,0,153,121,18,2019.743888888889,56,1746.0,13.0,5.0
235978,12,3,6,4,7,7753.88488425926,13,,0.0,3.0
236071,0,0,6,4,4,481.9780555555556,6,638.0,11.0,2.0
236134,0,0,3,3,3,8.007488425925926,2,388.0,4.0,2.0
236155,2,0,1,1,3,495.60969907407406,10,1059.0,7.0,2.0
236157,0,0,1,1,2,7.875393518518519,2,1670.0,2.0,2.0
236208,0,0,3,3,3,2.3005555555555555,2,1202.0,6.0,2.0
236365,24,3,28,21,11,642.1388888888889,19,1145.0,0.0,2.0
236408,0,0,28,28,8,123.6700925925926,43,342.0,23.0,2.0
236472,0,0,0,0,1,0.0084953703703703,0,627.0,3.0,2.0
236476,0,0,6,6,4,326.2746412037037,6,621.0,9.0,2.0
236479,0,0,3,2,3,41.4627662037037,5,23.0,4.0,2.0
236514,16,1,28,23,10,835.7250925925925,19,94.0,2.0,2.0
236541,594,231,351,138,49,5955.025879629629,109,5426.0,18.0,2.0
236595,0,0,1,1,2,3.246747685185185,3,1755.0,4.0,2.0
236599,24,1,66,43,14,1341.8609143518518,40,0.0,32.0,2.0
236602,1,0,0,0,2,5.292893518518518,2,,0.0,2.0
236612,0,0,1,1,2,0.071261574074074,1,626.0,4.0,2.0
236620,0,0,1,1,2,0.0202546296296296,1,627.0,3.0,2.0
236639,0,0,0,0,1,4.031539351851852,0,1061.0,5.0,3.0
236700,0,0,1,1,2,0.1178009259259259,3,241.0,3.0,4.0
236721,247,78,171,85,32,5252.4734375,70,42.0,2.0,3.0
236839,52,6,78,41,17,5707.331643518519,31,,0.0,2.0
236873,0,0,21,21,7,805.0809375,10,361.0,4.0,2.0
236910,0,0,6,6,4,48.79988425925926,5,2389.0,3.0,2.0
236920,2,0,1,1,3,184.2159375,9,223.0,5.0,2.0
236940,6,0,15,11,7,2172.839606481481,14,1672.0,0.0,3.0
236946,0,0,6,6,4,13.965613425925929,5,552.0,4.0,3.0
236947,0,0,45,30,10,6.189259259259259,29,5434.0,10.0,5.0
236989,42,21,15,10,13,4225.649768518519,50,0.0,12.0,2.0
237027,984,820,276,112,65,5457.217372685185,162,261.0,25.0,2.0
237071,0,0,6,5,4,963.1395717592592,3,626.0,4.0,2.0
237091,0,0,1,1,2,33.55386574074074,1,2386.0,6.0,2.0
237104,0,0,1,0,2,4.763680555555555,1,1154.0,0.0,2.0
237202,0,0,28,7,8,6180.959537037037,13,444.0,0.0,2.0
237233,0,0,1,1,2,129.49939814814817,1,1671.0,1.0,2.0
237283,0,0,36,24,9,69.1174537037037,12,990.0,10.0,2.0
237343,0,0,6,5,4,3.008912037037037,10,2385.0,7.0,2.0
237357,0,0,15,14,6,2.3889930555555554,18,12.0,11.0,5.0
237426,0,0,15,10,6,10.04039351851852,12,2388.0,4.0,4.0
237473,0,0,10,8,5,617.9621990740741,12,1064.0,2.0,2.0
237538,0,0,3,3,3,1078.1279050925923,9,278.0,8.0,2.0
237556,0,0,3,3,3,0.1563657407407407,2,,0.0,2.0
237566,0,0,3,3,3,28.12752314814815,3,626.0,4.0,2.0
237572,0,0,3,3,3,52.130266203703705,2,1154.0,0.0,2.0
237592,140,10,378,197,33,2081.524212962963,122,3.0,22.0,2.0
237596,0,0,6,5,4,1.3051157407407408,5,322.0,6.0,2.0
237623,2714,1035,1711,394,105,4898.338298611111,373,0.0,56.0,5.0
237682,0,0,3,3,3,6.0578819444444445,3,91.0,3.0,2.0
237686,0,0,15,15,6,59.98594907407407,5,1793.0,7.0,2.0
237955,0,0,15,12,6,22.867881944444445,13,5434.0,10.0,2.0
237964,259,21,666,344,44,3698.4925347222224,84,349.0,16.0,2.0
237977,30,3,45,28,13,556.3427083333333,42,1744.0,15.0,5.0
237995,12,1,15,8,8,7374.563032407407,10,,0.0,3.0
238005,4,0,6,6,5,11.955034722222225,7,5440.0,4.0,5.0
238032,0,0,0,0,1,21.38689814814815,0,1154.0,0.0,2.0
238050,9,3,3,3,6,616.8864699074074,6,1064.0,2.0,3.0
238058,0,0,3,3,3,3.1711458333333336,3,1462.0,4.0,5.0
238088,0,0,15,10,6,12.797824074074072,13,1791.0,9.0,2.0
238109,0,0,28,17,8,5666.458668981481,13,,0.0,2.0
238210,0,0,3,3,3,2.825532407407408,3,1150.0,4.0,2.0
238290,4,0,6,5,5,4.149710648148148,6,553.0,3.0,2.0
238305,0,0,1,1,2,2.127118055555556,1,1463.0,3.0,2.0
238328,1,0,0,0,2,0.2561921296296296,1,1154.0,0.0,6.0
238364,0,0,1,1,2,1.4914467592592593,1,390.0,5.0,6.0
238381,0,0,10,9,5,384.87203703703705,7,78.0,3.0,2.0
238393,0,0,3,3,3,2.964664351851852,2,1463.0,3.0,2.0
238492,0,0,3,3,3,117.69140046296296,2,,0.0,2.0
238493,32,1,120,88,18,652.1431712962963,30,2385.0,7.0,2.0
238498,0,0,10,10,5,5518.362395833334,6,1204.0,4.0,2.0
238509,0,0,10,5,5,2851.3219212962963,4,,0.0,2.0
238551,0,0,0,0,1,80.4818287037037,0,1672.0,0.0,2.0
238612,0,0,3,1,3,355.1396990740741,3,1064.0,2.0,2.0
238632,24,6,15,1,10,2782.799236111111,13,,0.0,2.0
238696,0,0,28,25,8,59.74556712962963,21,489.0,12.0,2.0
238704,0,0,15,11,6,28.30348379629629,8,388.0,7.0,2.0
238820,0,0,10,8,5,2573.531238425926,4,,0.0,2.0
238847,0,0,10,10,5,19.66787037037037,9,1794.0,6.0,2.0
238848,0,0,1,1,2,24.216782407407408,3,1797.0,3.0,3.0
238960,0,0,66,47,12,5903.752696759259,21,,0.0,2.0
239123,0,0,3,3,3,12.885462962962963,2,1792.0,8.0,2.0
239201,8,0,28,25,9,481.1539351851852,32,2377.0,15.0,4.0
239254,176,28,231,103,30,3247.217175925926,84,1.0,7.0,2.0
239303,0,0,21,19,7,6.233472222222222,9,1787.0,13.0,2.0
239369,0,0,6,6,4,161.22019675925927,6,218.0,10.0,2.0
239373,0,0,55,39,11,1969.2350925925923,20,40.0,4.0,3.0
239405,0,0,6,6,4,1.5045833333333334,3,1794.0,6.0,4.0
239439,0,0,21,14,7,6.137233796296297,6,1153.0,1.0,2.0
239441,0,0,10,10,5,1.1276157407407408,11,1794.0,6.0,5.0
239461,0,0,21,14,7,3803.2578125,8,,0.0,2.0
239499,5,0,10,8,6,1836.1124421296297,11,626.0,4.0,2.0
239505,0,0,3,3,3,812.1236805555556,9,1058.0,8.0,3.0
239672,0,0,6,6,4,0.3666898148148148,3,160.0,3.0,4.0
239701,160,28,190,129,28,540.1680208333333,63,97.0,0.0,2.0
239716,0,0,6,5,4,14.263738425925926,8,66.0,12.0,2.0
239753,0,0,3,2,3,20.44028935185185,3,1671.0,1.0,2.0
239806,4,0,6,0,5,5191.292905092592,5,,0.0,2.0
239873,0,0,3,3,3,194.2246296296296,2,,0.0,2.0
239953,0,0,3,3,3,5.1746875,2,1755.0,4.0,2.0
239976,6,3,1,1,5,888.9927083333333,23,0.0,6.0,2.0
240053,18,1,36,28,11,6094.588773148148,44,1781.0,19.0,4.0
240083,0,0,3,3,3,583.8417708333334,3,1462.0,4.0,1.0
240106,0,0,36,34,9,69.28564814814816,21,958.0,18.0,2.0
240108,0,0,1,1,2,2.1619907407407406,3,1151.0,3.0,2.0
240111,8,1,6,6,6,376.9306481481481,9,1669.0,3.0,2.0
240114,0,0,3,3,3,265.0759722222222,10,1672.0,0.0,2.0
240129,0,0,3,3,3,331.2141550925926,14,1462.0,4.0,2.0
240131,0,0,3,3,3,2961.4856712962965,5,134.0,4.0,2.0
240169,108,36,66,38,21,7326.007094907407,72,0.0,8.0,3.0
240174,0,0,15,12,6,437.0808796296296,7,1152.0,2.0,2.0
240186,0,0,10,6,5,234.6175925925926,8,5434.0,10.0,2.0
240238,0,0,1,1,2,4.062858796296296,1,999.0,1.0,5.0
240240,0,0,0,0,1,2.517326388888889,0,5439.0,5.0,5.0
240245,0,0,1,1,2,1918.070162037037,5,206.0,5.0,4.0
240254,1,0,0,0,2,156.95346064814814,2,1672.0,0.0,1.0
240267,4,0,6,0,5,1405.9929976851852,9,49.0,4.0,2.0
240273,0,0,10,10,5,6.7578356481481485,7,168.0,4.0,2.0
240275,0,0,3,3,3,14.870775462962962,6,2390.0,2.0,2.0
240340,0,0,1,1,2,3.9207060185185183,1,1754.0,5.0,2.0
240357,15,3,10,5,8,5359.507013888889,7,,0.0,2.0
240358,0,0,1,1,2,56.54229166666666,1,5438.0,6.0,2.0
240408,0,0,28,21,8,211.142488425926,11,166.0,6.0,2.0
240420,0,0,1,1,2,148.98299768518518,5,2934.0,5.0,2.0
240457,0,0,0,0,1,0.0496064814814814,0,2388.0,4.0,3.0
240463,39,3,78,23,16,1591.9596064814814,37,27.0,5.0,1.0
240504,0,0,10,10,5,5497.265347222222,7,1152.0,2.0,2.0
240521,0,0,6,5,4,396.34583333333336,5,1459.0,7.0,5.0
240542,0,0,3,3,3,36.4604050925926,15,1200.0,8.0,5.0
240543,0,0,15,14,6,15.987939814814816,14,1749.0,10.0,2.0
240552,279,36,465,298,40,278.3694097222222,104,528.0,19.0,2.0
240562,0,0,3,3,3,4.883009259259259,2,280.0,4.0,1.0
240627,0,0,15,13,6,561.9675,27,1195.0,13.0,2.0
240633,0,0,1,1,2,22.38141203703704,1,5437.0,7.0,2.0
240665,0,0,6,5,4,10.317662037037037,4,129.0,4.0,2.0
240745,0,0,1,1,2,1.247291666666667,1,1150.0,4.0,2.0
240773,0,0,1,1,2,8.456770833333334,3,161.0,2.0,1.0
240859,22,1,55,40,13,2314.8582060185186,39,166.0,22.0,2.0
240872,6,0,15,12,7,16.994930555555555,12,228.0,3.0,5.0
240884,0,0,6,6,4,673.2957986111111,14,618.0,12.0,2.0
240934,0,0,3,3,3,13.637314814814816,7,5435.0,9.0,2.0
240962,7,0,21,14,8,16.397118055555556,15,1063.0,3.0,4.0
240977,36,6,36,14,13,5241.106678240741,14,,0.0,5.0
240992,0,0,3,3,3,149.0489814814815,5,1672.0,0.0,2.0
240997,0,0,21,17,7,213.1523263888889,7,1799.0,1.0,5.0
241015,0,0,55,45,11,5492.016180555555,33,12.0,17.0,4.0
241047,18,1,36,29,11,3468.2247569444444,26,0.0,6.0,2.0
241151,0,0,3,3,3,3.8965625,2,1204.0,4.0,3.0
241203,150,45,105,56,25,4149.1240625,63,1029.0,15.0,4.0
241272,0,0,3,3,3,8.901631944444444,4,627.0,3.0,4.0
241304,5,0,10,8,6,13.260081018518518,17,2391.0,1.0,4.0
241316,0,0,10,8,5,13.945127314814815,6,,0.0,3.0
241440,9,0,36,30,10,460.8140162037037,20,555.0,1.0,2.0
241442,7,0,21,11,8,570.1420949074075,18,1671.0,1.0,2.0
241469,0,0,36,26,9,5488.249502314815,36,86.0,8.0,4.0
241497,0,0,1,1,2,5488.065462962963,1,2282.0,2.0,2.0
241528,16,1,28,18,10,882.0071759259259,18,1153.0,1.0,2.0
241592,0,0,15,14,6,9.092523148148148,12,1753.0,6.0,2.0
241621,0,0,6,6,4,15.38380787037037,4,2283.0,1.0,3.0
241694,0,0,10,9,5,5.228472222222222,12,5435.0,9.0,4.0
241758,0,0,15,14,6,584.913449074074,12,385.0,7.0,2.0
241774,27,3,36,26,12,4713.741087962963,18,267.0,3.0,2.0
241796,0,0,6,4,4,878.2000810185185,26,2371.0,21.0,2.0
241861,0,0,1,1,2,306.4536458333333,1,1463.0,3.0,2.0
241942,0,0,15,8,6,25.16525462962963,11,1149.0,5.0,2.0
241948,0,0,3,3,3,58.17395833333333,2,1463.0,3.0,2.0
241991,0,0,6,6,4,5483.1473726851855,4,2279.0,5.0,2.0
242036,0,0,66,65,12,158.61296296296297,30,1194.0,14.0,2.0
242037,10,0,45,43,11,595.7130439814815,17,311.0,1.0,2.0
242044,0,0,3,2,3,38.52949074074074,7,,0.0,2.0
242068,10,1,10,6,7,1384.0096412037035,11,282.0,4.0,4.0
242095,1,0,0,0,2,225.441863425926,6,1672.0,0.0,2.0
242111,0,0,6,6,4,398.18988425925926,4,1149.0,5.0,2.0
242122,36,3,66,51,15,555.3809375,29,2389.0,3.0,4.0
242123,7,0,21,21,8,427.3095949074074,11,996.0,4.0,4.0
242149,0,0,3,3,3,0.0647685185185185,2,1756.0,3.0,2.0
242150,0,0,3,2,3,122.4040162037037,4,1.0,2.0,2.0
242189,0,0,1,1,2,4.987210648148148,1,566.0,5.0,2.0
242218,4,1,1,0,4,205.47288194444445,4,921.0,0.0,5.0
242300,6,0,15,8,7,7926.671365740741,17,34.0,3.0,3.0
242313,27,3,36,25,12,7640.455636574074,15,0.0,3.0,3.0
242381,0,0,10,10,5,111.8015162037037,4,1065.0,1.0,2.0
242382,4,0,6,5,5,21.193715277777777,29,381.0,14.0,6.0
242418,90,45,36,23,19,7297.809965277777,34,51.0,1.0,2.0
242425,3,0,3,3,4,5478.311886574074,5,2278.0,6.0,4.0
242594,0,0,15,12,6,5477.061273148148,5,2269.0,15.0,2.0
242610,3,0,3,3,4,987.4526157407408,12,74.0,7.0,2.0
242621,216,36,276,177,33,5975.393564814814,92,109.0,20.0,2.0
242693,70,21,45,29,17,5132.867800925926,37,3.0,8.0,2.0
242704,0,0,6,6,4,0.2008101851851851,6,86.0,8.0,2.0
242734,0,0,3,3,3,159.87084490740742,2,1755.0,4.0,2.0
242790,0,0,3,3,3,5475.320011574074,2,1154.0,0.0,5.0
242799,30,3,45,26,13,274.8817476851852,38,2273.0,11.0,4.0
242823,0,0,10,7,5,34.826770833333335,7,2388.0,4.0,4.0
242829,42,3,91,57,17,7668.685451388889,47,108.0,3.0,2.0
242833,10,0,45,37,11,185.89111111111112,26,2380.0,12.0,2.0
242845,13,0,78,32,14,294.38011574074073,53,49.0,14.0,2.0
242881,14,1,21,21,9,197.9879976851852,15,1153.0,1.0,2.0
242979,0,0,6,6,4,5473.949606481481,3,1203.0,5.0,1.0
242999,0,0,45,35,10,545.4692708333333,23,1459.0,7.0,5.0
243028,0,0,21,21,7,13.304317129629627,15,2275.0,9.0,4.0
243034,0,0,6,6,4,12.005138888888888,5,,0.0,2.0
243091,0,0,28,23,8,27.728171296296296,8,323.0,5.0,2.0
243109,0,0,1,1,2,425.0108912037037,2,390.0,2.0,5.0
243181,0,0,6,3,4,223.9320717592593,4,1672.0,0.0,2.0
243258,492,820,66,37,53,7343.477372685185,104,29.0,8.0,3.0
243313,0,0,10,8,5,5470.216631944444,7,2268.0,16.0,2.0
243315,36,6,36,12,13,21.01383101851852,21,1154.0,0.0,5.0
243324,736,253,496,208,55,6412.834930555556,101,29.0,6.0,2.0
243362,0,0,6,6,4,68.7685300925926,7,1063.0,3.0,3.0
243379,14,1,21,17,9,48.54222222222222,15,,0.0,5.0
243424,2,0,1,1,3,334.78246527777776,4,78.0,3.0,2.0
243471,0,0,1,1,2,0.1522453703703703,1,5441.0,3.0,2.0
243484,0,0,10,10,5,1.014837962962963,11,1749.0,10.0,2.0
243486,0,0,6,6,4,468.5297800925926,10,,0.0,2.0
243487,0,0,1,1,2,0.6115972222222222,1,5440.0,4.0,2.0
243488,0,0,3,3,3,87.55545138888888,4,5432.0,12.0,2.0
243504,128,28,120,80,24,5699.911550925926,66,543.0,14.0,4.0
243629,0,0,3,1,3,72.14347222222223,5,1060.0,6.0,2.0
243649,2,0,1,1,3,534.3713310185185,3,1672.0,0.0,2.0
243726,0,0,45,27,10,186.4690162037037,41,2362.0,30.0,2.0
243757,8,0,28,26,9,6212.967789351852,27,2379.0,13.0,5.0
243797,9,0,36,18,10,7259.309594907408,14,0.0,1.0,3.0
243882,0,0,1,1,2,4.581516203703703,2,5437.0,7.0,2.0
243902,18,1,36,35,11,1192.8426967592593,19,31.0,7.0,1.0
244017,20,1,45,33,12,1878.5388888888888,29,2382.0,10.0,2.0
244060,8,0,28,24,9,123.1495949074074,11,997.0,3.0,2.0
244062,0,0,1,0,2,2.0925,2,1000.0,0.0,2.0
244078,18,0,153,73,19,829.785150462963,67,93.0,25.0,2.0
244128,0,0,21,19,7,432.4767939814815,17,644.0,5.0,5.0
244135,234,78,153,75,31,3625.4861921296297,72,0.0,14.0,2.0
244179,0,0,10,3,5,74.04385416666666,14,67.0,4.0,2.0
244193,0,0,10,9,5,5461.159965277778,5,2278.0,6.0,4.0
244235,0,0,1,1,2,7.521909722222222,1,5440.0,4.0,2.0
244238,0,0,3,3,3,144.44822916666666,2,,0.0,2.0
244273,96,6,276,139,28,2106.5119791666666,65,58.0,26.0,2.0
244288,0,0,6,5,4,5460.2579282407405,3,2280.0,4.0,2.0
244290,0,0,1,1,2,181.2605324074074,8,5421.0,23.0,2.0
244334,0,0,21,17,7,44.44633101851852,26,187.0,8.0,2.0
244347,840,378,435,245,58,6353.461782407408,185,0.0,3.0,2.0
244366,0,0,15,12,6,278.3081134259259,6,5430.0,14.0,2.0
244455,105,21,105,46,22,1939.447118055556,88,0.0,22.0,2.0
244485,0,0,28,21,8,1217.2225347222222,7,,0.0,2.0
244554,0,0,15,14,6,8.071608796296296,8,5440.0,4.0,5.0
244624,0,0,36,33,9,5456.322118055556,16,2273.0,11.0,2.0
244677,0,0,3,3,3,5456.062222222222,2,2280.0,4.0,2.0
244753,0,0,10,9,5,5455.283055555556,5,2278.0,6.0,2.0
244859,0,0,0,0,1,63.60832175925926,0,,0.0,2.0
245009,0,0,15,13,6,7.580092592592592,12,,0.0,3.0
245096,2,0,1,1,3,2.123113425925926,5,,0.0,2.0
245098,0,0,15,9,6,281.3628703703704,12,1038.0,6.0,5.0
245131,0,0,6,5,4,71.03491898148148,8,5435.0,9.0,2.0
245274,0,0,21,21,7,371.9653240740741,15,622.0,8.0,2.0
245349,0,0,6,6,4,5448.264606481482,4,2273.0,11.0,4.0
245365,0,0,6,6,4,5448.173622685185,3,2281.0,3.0,2.0
245367,4,0,6,6,5,5448.159953703704,6,2274.0,10.0,2.0
245370,0,0,6,6,4,5448.1575578703705,6,2274.0,10.0,6.0
245394,0,0,6,6,4,5448.0481712962965,4,2279.0,5.0,2.0
245418,888,276,666,453,61,5828.499872685185,151,3.0,6.0,2.0
245424,6,1,3,2,5,1890.58875,8,1184.0,4.0,2.0
245505,0,0,1,0,2,134.26922453703705,1,1154.0,0.0,2.0
245615,0,0,0,0,1,18.07028935185185,0,1756.0,3.0,2.0
245619,0,0,3,3,3,6.69181712962963,7,1754.0,5.0,2.0
245653,0,0,10,6,5,101.2699537037037,6,1152.0,2.0,6.0
245673,0,0,1,1,2,5.789259259259259,2,972.0,4.0,2.0
245689,0,0,1,1,2,5.613773148148148,1,973.0,3.0,2.0
245770,0,0,45,32,10,829.5865625,55,304.0,27.0,2.0
245783,0,0,1,1,2,100.2200925925926,8,1058.0,8.0,2.0
245819,0,0,1,1,2,5443.099849537037,1,2281.0,3.0,2.0
245878,0,0,1,1,2,5442.289409722222,1,2281.0,3.0,5.0
245883,0,0,1,1,2,5442.276828703703,1,2281.0,3.0,2.0
245930,0,0,10,10,5,9.045891203703704,4,1754.0,5.0,2.0
245931,0,0,6,6,4,5441.991678240741,3,2279.0,5.0,4.0
246012,9,0,36,34,10,64.01300925925926,23,5435.0,9.0,5.0
246061,0,0,6,6,4,22.30195601851852,3,2391.0,1.0,2.0
246062,0,0,10,9,5,5441.1584953703705,6,2278.0,6.0,2.0
246063,0,0,10,10,5,5441.15625,12,2268.0,16.0,2.0
246115,0,0,3,1,3,243.83744212962964,3,1000.0,0.0,2.0
246138,0,0,36,28,9,293.5316319444444,11,2392.0,0.0,4.0
246190,5,0,10,7,6,5440.43625,7,11.0,1.0,6.0
246236,9,0,36,28,10,5440.207164351852,15,2263.0,21.0,4.0
246273,0,0,3,2,3,1940.9296064814807,4,284.0,2.0,2.0
246275,0,0,1,1,2,97.46775462962962,2,1672.0,0.0,2.0
246283,14,1,21,4,9,131.96366898148148,11,1149.0,5.0,2.0
246400,60,10,66,24,17,5604.94994212963,25,,0.0,2.0
246424,0,0,1,1,2,95.809375,4,1062.0,4.0,1.0
246558,0,0,0,0,1,94.1684375,0,1063.0,3.0,2.0
246560,44,1,231,146,24,447.5277546296296,53,2384.0,8.0,4.0
246717,0,0,1,0,2,0.0547453703703703,1,1672.0,0.0,3.0
247147,0,0,10,6,5,181.86229166666664,6,1152.0,2.0,2.0
247225,0,0,10,9,5,484.63626157407407,6,,0.0,4.0
247323,14,1,21,18,9,5433.307222222223,22,2269.0,15.0,4.0
247486,324,351,66,8,39,4732.356481481482,119,9.0,28.0,4.0
247507,72,15,66,27,18,528.4942708333333,47,1049.0,17.0,2.0
247583,0,0,0,0,1,6.117893518518518,0,1154.0,0.0,2.0
247609,0,0,1,1,2,644.762962962963,2,1064.0,2.0,2.0
247764,28,6,21,10,11,1656.5333564814814,20,,0.0,2.0
247833,128,28,120,79,24,1971.451099537037,33,736.0,16.0,4.0
247963,0,0,15,9,6,86.10049768518519,6,1672.0,0.0,3.0
247996,18,1,36,27,11,4650.782870370371,47,41.0,17.0,2.0
248017,0,0,3,3,3,5428.9989351851855,2,2281.0,3.0,2.0
248054,36,15,15,10,12,890.2811226851852,15,,0.0,2.0
248071,0,0,36,30,9,80.74229166666667,19,328.0,0.0,5.0
248201,0,0,1,1,2,4.66318287037037,1,973.0,3.0,2.0
248226,0,0,0,0,1,2.871122685185185,0,2936.0,3.0,2.0
248277,3,0,3,1,4,39.656226851851855,3,1154.0,0.0,5.0
248342,24,6,15,13,10,1440.5852430555556,20,0.0,6.0,2.0
248343,3,0,3,3,4,1.2274652777777777,6,2936.0,3.0,5.0
248378,0,0,1,1,2,5427.074861111111,1,2278.0,6.0,6.0
248407,0,0,45,33,10,440.8333912037037,22,,0.0,5.0
248448,0,0,1,1,2,644.5894444444444,1,1187.0,1.0,2.0
248450,0,0,6,5,4,1883.871666666667,7,4.0,2.0,2.0
248566,4,0,6,6,5,12.0740625,11,1204.0,4.0,4.0
248590,0,0,0,0,1,1087.6188078703703,0,,0.0,2.0
248606,0,0,15,14,6,1.3986458333333334,10,2935.0,4.0,2.0
248687,0,0,0,0,1,0.7063657407407408,0,973.0,3.0,2.0
248695,0,0,0,0,1,23.891145833333333,0,1797.0,3.0,2.0
248705,0,0,1,1,2,97.86747685185183,2,1798.0,2.0,2.0
248746,0,0,1,1,2,94.16378472222222,3,1672.0,0.0,2.0
248825,11,0,55,42,12,106.23854166666666,34,2383.0,9.0,5.0
248952,0,0,10,10,5,268.0796296296296,8,1669.0,3.0,2.0
248970,754,78,1653,893,71,2496.019189814815,535,159.0,248.0,2.0
249086,0,0,6,6,4,21.04020833333333,3,567.0,4.0,2.0
249136,115,10,253,177,28,5420.947152777778,91,2234.0,50.0,3.0
249168,0,0,3,3,3,15.069189814814814,2,2934.0,5.0,2.0
249187,0,0,3,0,3,77.4346875,3,1672.0,0.0,2.0
249322,0,0,36,36,9,115.32,15,541.0,6.0,2.0
249462,0,0,1,1,2,115.09797453703705,1,1060.0,6.0,2.0
249572,0,0,3,3,3,12.25664351851852,5,1755.0,4.0,2.0
249593,33,3,55,28,14,59.46803240740741,34,27.0,7.0,6.0
249616,0,0,1,0,2,5.280844907407407,2,1672.0,0.0,2.0
249686,1,0,0,0,2,74.13449074074074,2,1672.0,0.0,2.0
249710,4,0,6,6,5,282.6240046296296,5,70.0,11.0,2.0
249782,168,15,378,231,34,1086.7525347222222,115,,0.0,6.0
249801,270,105,153,44,33,6377.778958333333,69,0.0,10.0,2.0
249810,0,0,3,1,3,11.548391203703703,5,2388.0,4.0,2.0
249923,0,0,1,1,2,0.1286574074074074,1,2391.0,1.0,2.0
249978,0,0,3,1,3,103.93725694444444,2,2392.0,0.0,2.0
249996,0,0,1,1,2,0.8218171296296296,1,1205.0,3.0,1.0
249998,0,0,6,6,4,5414.352881944445,4,2273.0,11.0,4.0
250004,8,1,6,5,6,5167.684120370371,11,1038.0,6.0,6.0
250005,11,0,55,41,12,319.31547453703706,19,86.0,8.0,2.0
250006,0,0,21,21,7,5414.330474537037,10,2275.0,9.0,2.0
250064,0,0,0,0,1,0.0471527777777777,0,1151.0,3.0,2.0
250072,0,0,10,6,5,508.0305439814815,14,11.0,3.0,2.0
250091,0,0,28,15,8,3970.113449074074,16,182.0,4.0,3.0
250105,0,0,6,4,4,4275.618831018519,3,43.0,6.0,2.0
250187,120,66,45,19,22,5656.626203703704,44,414.0,11.0,2.0
250214,4,0,6,5,5,155.4694675925926,9,1672.0,0.0,2.0
250216,0,0,28,22,8,7575.2472685185185,7,19.0,1.0,3.0
250269,3,0,3,3,4,126.71476851851853,12,2277.0,7.0,2.0
250342,0,0,1,1,2,58.45329861111111,3,969.0,7.0,2.0
250371,0,0,10,9,5,167.95358796296296,15,124.0,9.0,2.0
250392,0,0,66,49,12,5631.600358796296,64,406.0,51.0,2.0
250406,0,0,3,3,3,21.51489583333333,2,1671.0,1.0,3.0
250438,0,0,6,4,4,5412.015300925926,3,2283.0,1.0,2.0
250442,0,0,6,6,4,5412.008634259259,4,2283.0,1.0,2.0
250446,5,0,10,9,6,5411.999826388889,5,269.0,1.0,2.0
250474,0,0,6,6,4,224.2576388888889,7,1463.0,3.0,2.0
250583,4,0,6,3,5,100.7214236111111,5,2392.0,0.0,2.0
250666,5,0,10,10,6,173.31300925925925,6,1755.0,4.0,2.0
250858,0,0,21,20,7,19.082141203703703,20,2274.0,10.0,1.0
250864,0,0,10,9,5,6.394039351851852,8,213.0,4.0,2.0
250900,26,1,78,74,15,47.20936342592593,53,1780.0,20.0,5.0
250983,34,1,136,74,19,5652.217743055556,24,35.0,2.0,2.0
251162,0,0,36,22,9,5948.427650462963,21,2354.0,38.0,2.0
251267,0,0,0,0,1,1.9080671296296297,0,90.0,4.0,2.0
251300,0,0,1,1,2,1.340451388888889,2,1757.0,2.0,2.0
251327,0,0,6,4,4,2.5026041666666665,5,390.0,2.0,2.0
251354,0,0,36,29,9,276.5434490740741,30,5426.0,18.0,4.0
251382,0,0,6,4,4,5406.284479166667,5,2274.0,10.0,2.0
251513,7,0,21,21,8,5405.626678240741,15,2278.0,6.0,4.0
251530,0,0,15,15,6,204.45047453703705,5,2936.0,3.0,2.0
251614,0,0,10,10,5,18.16611111111111,13,2277.0,7.0,4.0
251615,3,0,3,3,4,126.26961805555555,5,2281.0,3.0,4.0
251669,12,1,15,15,8,404.268912037037,22,100.0,19.0,2.0
251703,0,0,10,5,5,3.250451388888889,8,1151.0,3.0,2.0
251707,5,0,10,8,6,7786.820578703704,11,16.0,4.0,
251824,0,0,0,0,1,0.001099537037037,0,99.0,2.0,3.0
251939,4,0,6,3,5,45.74928240740741,7,,0.0,6.0
251958,0,0,3,3,3,67.44059027777777,3,2282.0,2.0,2.0
251986,0,0,36,34,9,5402.317766203703,13,638.0,11.0,2.0
252033,20,1,45,15,12,2734.9773148148147,42,,0.0,2.0
252049,0,0,1,1,2,0.093912037037037,1,1154.0,0.0,2.0
252063,0,0,28,25,8,2.520960648148148,21,390.0,2.0,6.0
252085,1,0,0,0,2,0.3024768518518518,1,1758.0,1.0,6.0
252104,0,0,6,5,4,553.1593981481482,5,1672.0,0.0,1.0
252207,0,0,3,0,3,47.07114583333333,5,1151.0,3.0,6.0
252214,0,0,10,8,5,345.3559375,14,1.0,4.0,3.0
252241,0,0,36,23,9,2015.4688078703705,15,2391.0,1.0,2.0
252288,32,6,28,10,12,6392.622546296297,20,111.0,7.0,2.0
252344,0,0,3,3,3,18.93912037037037,4,969.0,7.0,2.0
252372,0,0,3,3,3,281.98976851851853,2,2391.0,1.0,2.0
252435,0,0,1,1,2,7.346099537037037,1,973.0,3.0,2.0
252529,0,0,0,0,1,0.8738425925925926,0,90.0,4.0,2.0
252536,0,0,1,1,2,68.92594907407407,2,740.0,2.0,3.0
252541,0,0,0,0,1,3.545497685185185,0,973.0,3.0,2.0
252554,7,0,21,20,8,7882.900127314815,7,,0.0,4.0
252732,0,0,10,9,5,0.3864814814814815,5,97.0,4.0,2.0
252750,34,1,136,75,19,26.963564814814816,62,186.0,28.0,4.0
252941,0,0,28,20,8,90.74243055555556,15,383.0,9.0,2.0
252950,0,0,1,1,2,625.9222222222222,2,,0.0,2.0
252955,0,0,3,3,3,5395.800162037037,2,2278.0,6.0,2.0
252984,0,0,15,14,6,22.674016203703705,20,2274.0,10.0,4.0
253001,4,0,6,6,5,17.11681712962963,13,5437.0,7.0,2.0
253032,0,0,1,1,2,51.78856481481481,2,1672.0,0.0,2.0
253076,0,0,78,45,13,723.2933449074075,26,48.0,6.0,2.0
253141,0,0,1,1,2,0.0869791666666666,1,1151.0,3.0,2.0
253143,27,3,36,15,12,4999.958993055556,21,47.0,4.0,2.0
253150,7,0,21,17,8,6282.395335648148,13,1011.0,10.0,2.0
253288,20,1,45,34,12,14.722268518518518,23,207.0,7.0,2.0
253299,2,0,1,1,3,7.383541666666667,9,5438.0,6.0,3.0
253374,0,0,10,6,5,5392.516689814815,6,2282.0,2.0,4.0
253391,0,0,3,3,3,5392.354155092593,2,2281.0,3.0,2.0
253394,0,0,21,10,7,134.51546296296297,16,1144.0,1.0,2.0
253470,0,0,6,6,4,30.135567129629628,6,1150.0,4.0,2.0
253472,0,0,3,3,3,5391.940729166667,5,2280.0,4.0,4.0
253489,0,0,1,1,2,11.87212962962963,1,5439.0,5.0,2.0
253501,0,0,1,1,2,48.52678240740741,2,1672.0,0.0,2.0
253570,0,0,1,1,2,0.5111921296296297,1,1755.0,4.0,2.0
253655,0,0,6,3,4,272.859375,3,2391.0,1.0,2.0
253818,0,0,10,7,5,81.13399305555555,5,2391.0,1.0,2.0
253830,77,21,55,34,18,4877.260891203704,137,0.0,43.0,2.0
253870,336,276,91,44,38,5987.9534837962965,48,102.0,9.0,2.0
253888,0,0,21,21,7,576.0068634259259,14,1143.0,11.0,2.0
253889,24,1,66,42,14,5387.372430555555,67,453.0,4.0,2.0
253936,0,0,1,1,2,146.93855324074073,4,327.0,4.0,1.0
254011,0,0,1,1,2,0.9470601851851852,1,2281.0,3.0,2.0
254019,1,0,0,0,2,33.10974537037037,1,1187.0,1.0,5.0
254031,92,6,253,130,27,5046.579340277778,56,128.0,4.0,2.0
254056,0,0,55,36,11,5387.045798611111,15,1147.0,7.0,2.0
254139,475,171,300,108,44,4939.137569444444,86,10.0,11.0,2.0
254175,0,0,21,19,7,23.292743055555555,8,386.0,6.0,2.0
254238,0,0,21,20,7,160.0112962962963,13,,0.0,2.0
254316,0,0,10,8,5,1.811203703703704,6,35.0,3.0,3.0
254332,0,0,1,1,2,5.103599537037037,1,,0.0,4.0
254337,20,1,45,41,12,1515.7296412037035,14,,0.0,2.0
254373,0,0,1,1,2,2.662326388888889,1,5440.0,4.0,2.0
254378,0,0,1,1,2,5.7744328703703705,1,5437.0,7.0,2.0
254519,725,300,406,239,54,2721.677986111112,187,1.0,14.0,2.0
254755,6,0,15,11,7,491.9299189814815,34,,0.0,3.0
254790,0,0,1,1,2,0.1361111111111111,4,5440.0,4.0,2.0
254966,0,0,10,10,5,5379.919895833334,19,2267.0,17.0,2.0
254978,0,0,3,0,3,1399.677303240741,2,,0.0,2.0
255022,0,0,1,1,2,0.3734375,1,362.0,3.0,5.0
255073,3,0,3,3,4,5379.064398148148,4,2282.0,2.0,2.0
255077,0,0,3,3,3,182.83403935185183,4,363.0,2.0,2.0
255081,0,0,1,1,2,35.93565972222222,1,1062.0,4.0,2.0
255086,0,0,6,4,4,5379.018414351852,6,133.0,0.0,2.0
255088,0,0,6,5,4,5379.015925925926,7,2280.0,4.0,2.0
255107,60,10,66,48,17,5054.687997685185,43,,0.0,2.0
255119,0,0,55,41,11,2645.778043981481,21,41.0,5.0,2.0
255123,144,15,276,226,30,389.7045717592592,70,327.0,1.0,2.0
255137,0,0,1,1,2,35.583009259259256,1,1672.0,0.0,3.0
255187,0,0,10,10,5,5378.371145833334,7,212.0,2.0,2.0
255205,2,0,1,1,3,180.27392361111112,8,565.0,6.0,2.0
255337,2,0,1,1,3,60.42096064814815,2,5439.0,5.0,2.0
255366,7,0,21,16,8,55.78866898148148,19,554.0,2.0,6.0
255400,0,0,36,20,9,2.319976851851852,12,1206.0,2.0,6.0
255408,0,0,55,37,11,956.6091782407408,44,260.0,23.0,2.0
255432,0,0,15,11,6,18.479305555555555,10,973.0,3.0,2.0
255449,0,0,0,0,1,29.879050925925927,0,1672.0,0.0,2.0
255494,12,3,6,3,7,72.4096412037037,18,1670.0,2.0,5.0
255569,0,0,21,21,7,25.933425925925928,15,2276.0,8.0,2.0
255705,0,0,3,3,3,211.9540509259259,5,1063.0,3.0,3.0
255863,0,0,28,26,8,226.4372453703704,26,2383.0,9.0,4.0
255872,0,0,10,7,5,10.32523148148148,5,1154.0,0.0,2.0
255881,0,0,6,6,4,5372.251550925926,3,2277.0,7.0,5.0
255958,0,0,15,13,6,233.6749537037037,9,1152.0,2.0,2.0
256003,0,0,10,10,5,162.17150462962962,14,2275.0,9.0,2.0
256006,0,0,0,0,1,43.11818287037037,0,,0.0,2.0
256084,16,1,28,20,10,1050.741990740741,23,259.0,6.0,2.0
256126,7,0,21,16,8,406.1477199074074,9,,0.0,5.0
256135,3,0,3,3,4,385.4875925925926,23,229.0,13.0,2.0
256180,216,36,276,124,33,5961.582430555555,161,134.0,93.0,4.0
256243,0,0,28,22,8,5369.642337962963,20,303.0,4.0,2.0
256252,8,0,28,24,9,5369.608657407407,15,113.0,20.0,2.0
256269,0,0,10,8,5,5369.513564814815,6,124.0,9.0,2.0
256272,0,0,36,28,9,36.14094907407407,15,598.0,8.0,2.0
256311,6,0,15,12,7,555.4263078703704,42,2377.0,15.0,5.0
256410,2,0,1,0,3,6493.794317129629,2,,0.0,2.0
256469,0,0,1,1,2,4.303645833333333,1,2936.0,3.0,2.0
256534,0,0,10,8,5,24.54690972222222,5,1671.0,1.0,2.0
256558,3,0,3,2,4,7.750833333333333,11,16.0,7.0,2.0
256610,0,0,1,1,2,152.39096064814814,3,126.0,3.0,5.0
256640,0,0,6,6,4,263.33577546296294,4,1753.0,6.0,2.0
256644,0,0,3,3,3,23.18175925925926,2,,0.0,2.0
256726,0,0,10,9,5,210.7917592592593,7,213.0,4.0,3.0
256734,0,0,1,1,2,0.0116087962962962,1,363.0,2.0,2.0
256766,0,0,15,15,6,22.873784722222226,18,1671.0,1.0,2.0
256833,0,0,10,10,5,5364.463171296296,4,128.0,5.0,2.0
256835,7,0,21,18,8,5364.455752314815,7,119.0,14.0,5.0
256854,0,0,3,1,3,172.21314814814815,3,1672.0,0.0,2.0
256877,2,0,1,1,3,6.947152777777778,3,,0.0,2.0
256898,0,0,3,3,3,0.0629398148148148,2,1755.0,4.0,2.0
256927,0,0,10,4,5,11.63238425925926,10,1672.0,0.0,5.0
256932,0,0,78,69,13,220.17413194444444,22,,0.0,2.0
256944,0,0,3,3,3,0.824849537037037,2,1756.0,3.0,2.0
256988,0,0,3,1,3,239.2020949074074,5,457.0,4.0,2.0
257026,0,0,6,6,4,424.1627893518519,12,1669.0,3.0,2.0
257075,0,0,10,9,5,5362.784884259259,10,129.0,4.0,2.0
257117,0,0,210,134,21,97.4281712962963,52,379.0,13.0,2.0
257121,60,6,105,75,19,1419.1746296296296,60,,0.0,3.0
257191,0,0,3,3,3,3.080532407407407,2,1753.0,6.0,2.0
257197,290,45,406,241,39,1984.327928240741,120,0.0,24.0,2.0
257206,0,0,6,3,4,432.788125,7,1672.0,0.0,1.0
257247,14,1,21,12,9,1832.334513888889,29,246.0,19.0,3.0
257338,0,0,3,3,3,86.19949074074074,2,99.0,5.0,2.0
257375,0,0,15,8,6,29.560601851851853,10,388.0,4.0,2.0
257430,0,0,10,7,5,1.9260069444444443,10,2387.0,5.0,4.0
257458,6,1,3,3,5,514.9214467592593,10,2389.0,3.0,2.0
257463,0,0,6,5,4,47.71332175925926,8,387.0,5.0,3.0
257488,7,0,21,17,8,387.9384259259259,21,910.0,10.0,2.0
257538,0,0,6,4,4,58.458391203703705,8,1754.0,5.0,4.0
257592,0,0,6,6,4,5.77511574074074,3,387.0,5.0,2.0
257616,0,0,1,1,2,0.0106828703703703,1,1756.0,3.0,2.0
257649,0,0,15,15,6,96.40638888888888,8,1755.0,4.0,2.0
257694,0,0,1,1,2,11.432349537037036,1,5439.0,5.0,4.0
257721,0,0,3,3,3,0.402650462962963,2,1203.0,5.0,5.0
257725,0,0,1,1,2,14.468368055555556,2,1672.0,0.0,2.0
257728,0,0,6,6,4,507.6881018518519,6,283.0,3.0,2.0
257765,4,0,6,6,5,5835.0235532407405,6,30.0,4.0,2.0
257781,119,21,136,79,24,929.4926388888888,40,19.0,8.0,3.0
257870,30,10,15,8,11,7392.756215277778,14,,0.0,3.0
257877,0,0,10,10,5,88.67388888888888,4,1461.0,5.0,2.0
257920,0,0,1,1,2,1.0608796296296297,1,128.0,1.0,1.0
257938,32,1,120,56,18,1095.7719560185185,55,2380.0,12.0,3.0
257985,0,0,6,5,4,463.9192361111111,8,70.0,2.0,2.0
257998,0,0,3,3,3,8.666134259259259,14,641.0,8.0,5.0
258006,32,6,28,14,12,787.8040393518519,25,449.0,8.0,3.0
258039,4,0,6,6,5,183.41247685185184,8,5440.0,4.0,2.0
258175,0,0,28,27,8,15.085416666666667,16,2390.0,2.0,2.0
258179,0,0,3,3,3,7.240185185185185,2,973.0,3.0,2.0
258259,0,0,0,0,1,1.0927430555555555,0,1154.0,0.0,6.0
258277,22,1,55,43,13,5351.313645833333,23,299.0,8.0,2.0
258291,0,0,15,10,6,7601.243553240741,6,453.0,4.0,4.0
258377,22,1,55,26,13,1598.6721296296296,73,182.0,29.0,2.0
258405,9,0,36,29,10,1192.594699074074,44,170.0,18.0,2.0
258411,0,0,15,14,6,8.173078703703704,21,969.0,7.0,2.0
258474,0,0,3,3,3,0.88375,3,127.0,2.0,1.0
258625,17,0,136,104,18,284.85203703703706,36,57.0,6.0,5.0
258650,8,1,6,4,6,253.03104166666665,13,90.0,6.0,3.0
258667,0,0,6,6,4,4.85875,4,2932.0,7.0,2.0
258793,0,0,1,1,2,2.966087962962963,2,2936.0,3.0,2.0
258819,0,0,1,1,2,1.0866550925925926,1,5440.0,4.0,2.0
258917,90,10,153,105,23,407.3294675925926,47,1747.0,12.0,4.0
259038,2,0,1,1,3,28.1691550925926,5,991.0,1.0,2.0
259103,0,0,1,1,2,2.935983796296296,1,973.0,3.0,2.0
259115,0,0,21,18,7,5345.255277777777,7,555.0,2.0,2.0
259117,39,3,78,59,16,50.24056712962963,28,1753.0,6.0,2.0
259119,8,1,6,5,6,471.7779166666666,6,215.0,13.0,2.0
259139,0,0,1,1,2,7.2892476851851855,2,5442.0,2.0,2.0
259140,0,0,6,2,4,640.0361689814815,12,76.0,7.0,2.0
259167,0,0,10,2,5,3089.564930555556,5,,0.0,2.0
259197,0,0,1,1,2,8.106851851851852,1,97.0,4.0,2.0
259198,0,0,6,6,4,1388.7754861111111,4,284.0,2.0,1.0
259325,15,3,10,10,8,274.20180555555555,20,306.0,6.0,2.0
259332,0,0,21,17,7,1074.2591203703705,14,627.0,3.0,2.0
259356,1598,1081,561,128,81,7773.802164351852,229,2.0,33.0,3.0
259422,0,0,15,5,6,6412.473217592593,6,,0.0,3.0
259431,39,3,78,52,16,166.57037037037037,20,61.0,2.0,2.0
259486,0,0,3,1,3,6.431666666666667,5,5440.0,4.0,4.0
259599,0,0,3,3,3,0.1725578703703703,2,224.0,4.0,2.0
259617,0,0,1,1,2,0.0369097222222222,1,2936.0,3.0,2.0
259640,484,231,231,101,44,6061.809583333334,77,176.0,10.0,2.0
259800,0,0,6,2,4,5.4321875,6,1798.0,2.0,2.0
259804,0,0,1,1,2,31.800185185185185,1,2392.0,0.0,2.0
259945,7,0,21,15,8,1572.2369675925927,36,19.0,40.0,2.0
259956,3,0,3,1,4,670.9170833333334,6,,0.0,2.0
259993,24,3,28,13,11,709.2577893518519,13,116.0,2.0,2.0
260247,3,0,3,2,4,3.780659722222222,12,1057.0,9.0,2.0
260259,0,0,1,1,2,205.6714351851852,1,77.0,4.0,2.0
260264,323,136,171,72,36,5064.864016203704,75,0.0,15.0,2.0
260296,24,3,28,6,11,5710.793101851852,20,,0.0,2.0
260322,0,0,3,2,3,105.59263888888889,4,1672.0,0.0,2.0
260337,0,0,55,33,11,267.3824074074074,12,1153.0,1.0,2.0
260484,2,0,1,1,3,205.6342708333333,7,77.0,4.0,2.0
260527,0,0,6,6,4,171.42349537037038,4,2275.0,9.0,2.0
260562,36,15,15,6,12,5080.719594907408,14,0.0,2.0,2.0
260563,0,0,1,1,2,1.1191435185185186,1,2279.0,5.0,2.0
260605,0,0,1,1,2,7.987314814814815,1,2280.0,4.0,2.0
260633,0,0,10,8,5,1.5715972222222223,11,1058.0,8.0,2.0
260652,0,0,10,8,5,195.72115740740745,14,,0.0,4.0
260657,0,0,15,14,6,71.71001157407407,18,2273.0,11.0,5.0
260667,0,0,6,5,4,5337.837152777778,5,66.0,5.0,4.0
260803,0,0,6,4,4,9.198368055555555,9,303.0,4.0,2.0
260823,0,0,3,3,3,5337.171782407408,2,2280.0,4.0,2.0
260846,0,0,10,9,5,5337.088912037037,4,2280.0,4.0,2.0
261037,304,120,171,74,35,4857.860833333333,67,2383.0,9.0,2.0
261040,0,0,3,3,3,6.312395833333333,6,2387.0,5.0,2.0
261043,0,0,36,28,9,5.158101851851852,20,240.0,4.0,2.0
261136,0,0,3,2,3,1075.115011574074,2,1464.0,2.0,2.0
261270,0,0,0,0,1,5.067256944444445,0,1063.0,3.0,2.0
261315,0,0,3,3,3,4.698402777777778,3,1149.0,5.0,2.0
261527,4,0,6,5,5,26.473969907407408,9,78.0,4.0,2.0
261544,0,0,6,3,4,187.34048611111112,7,100.0,4.0,1.0
261593,0,0,1,1,2,4.915798611111111,2,970.0,6.0,2.0
261605,0,0,0,0,1,31.463668981481483,0,5440.0,4.0,2.0
261606,0,0,1,0,2,130.3577314814815,2,1672.0,0.0,2.0
261633,42,3,91,67,17,1813.276157407408,28,262.0,8.0,5.0
261696,0,0,0,0,1,2.0690856481481483,0,1672.0,0.0,2.0
261707,0,0,6,6,4,52.46446759259259,8,5438.0,6.0,2.0
261711,0,0,1,1,2,27.90775462962963,1,1061.0,5.0,3.0
261723,0,0,0,0,1,3.812037037037037,0,5440.0,4.0,2.0
261778,6,1,3,3,5,4399.23556712963,14,73.0,8.0,2.0
261826,5,0,10,9,6,1585.258726851852,9,5439.0,5.0,2.0
262031,0,0,36,19,9,235.6037037037037,22,5435.0,9.0,1.0
262037,5,0,10,9,6,491.8039351851852,9,471.0,14.0,2.0
262116,14,1,21,14,9,1157.156875,21,966.0,10.0,2.0
262199,0,0,10,8,5,9.73337962962963,10,,0.0,4.0
262236,0,0,45,33,10,5328.624259259259,31,56.0,15.0,2.0
262325,0,0,3,1,3,95.07329861111111,4,1063.0,3.0,2.0
262387,4,0,6,3,5,636.6861342592592,7,213.0,4.0,4.0
262578,0,0,28,28,8,107.40168981481482,45,2264.0,20.0,2.0
262708,8,1,6,6,6,36.90340277777778,8,5440.0,4.0,2.0
262821,0,0,10,10,5,385.3302662037037,4,1671.0,1.0,2.0
262894,0,0,6,5,4,1260.866342592593,13,2268.0,16.0,2.0
262899,0,0,3,3,3,1.8020949074074075,2,128.0,1.0,1.0
262917,0,0,3,3,3,269.21944444444443,2,1462.0,4.0,1.0
262948,0,0,1,1,2,264.62806712962964,1,1020.0,1.0,2.0
263103,0,0,1,1,2,7.039108796296296,1,1063.0,3.0,2.0
263114,160,45,120,85,26,7001.508946759259,60,42.0,5.0,3.0
263185,3,0,3,3,4,428.9158449074074,10,284.0,2.0,3.0
263200,0,0,1,1,2,4.971759259259259,2,5437.0,7.0,2.0
263211,0,0,6,6,4,4.7416782407407405,6,111.0,7.0,2.0
263213,57,3,171,114,22,2124.590578703704,51,5431.0,13.0,2.0
263226,0,0,1,1,2,0.266724537037037,1,25.0,1.0,2.0
263244,0,0,10,8,5,42.137141203703706,11,5437.0,7.0,2.0
263309,0,0,15,11,6,99.20644675925926,9,66.0,9.0,2.0
263345,96,28,66,44,20,6244.7872916666665,36,555.0,2.0,2.0
263370,2,0,1,0,3,7542.452418981481,2,,0.0,3.0
263373,0,0,3,1,3,3616.505578703704,2,,0.0,2.0
263381,0,0,91,42,14,1238.3391666666666,32,53.0,8.0,2.0
263406,1,0,0,0,2,38.09949074074074,1,5421.0,23.0,2.0
263433,58,1,406,199,31,4610.358958333333,81,78.0,8.0,2.0
263468,0,0,1,1,2,72.97868055555556,1,1672.0,0.0,3.0
263545,3,0,3,3,4,1780.1471875,13,,0.0,3.0
263567,0,0,3,3,3,7.07662037037037,3,220.0,2.0,2.0
263569,0,0,1,1,2,2.6285069444444447,4,5440.0,4.0,2.0
263581,0,0,6,6,4,51.79820601851852,5,5436.0,8.0,2.0
263608,3,0,3,3,4,3801.7184722222223,6,1062.0,4.0,5.0
263750,0,0,55,35,11,387.11826388888886,25,7.0,10.0,1.0
263760,0,0,1,1,2,7.737604166666666,1,1063.0,3.0,4.0
263846,10,0,45,30,11,41.407546296296296,22,5438.0,6.0,5.0
263865,2,0,1,1,3,31.04798611111111,8,222.0,6.0,5.0
263992,0,0,55,34,11,29.59886574074074,26,2384.0,8.0,6.0
264067,0,0,3,3,3,3.339212962962963,2,388.0,4.0,2.0
264072,0,0,0,0,1,0.8178356481481481,0,2936.0,3.0,2.0
264090,0,0,3,3,3,0.964699074074074,4,1756.0,3.0,2.0
264102,0,0,45,33,10,49.63409722222222,42,,0.0,3.0
264129,24,3,28,23,11,101.06748842592592,40,,0.0,6.0
264231,0,0,1,1,2,3156.971736111111,1,,0.0,2.0
264235,26,1,78,42,15,28.135381944444443,76,2373.0,19.0,6.0
264245,0,0,21,20,7,13.065046296296297,35,2369.0,23.0,2.0
264270,40,10,28,13,13,6112.050601851852,13,51.0,1.0,2.0
264274,0,0,10,8,5,33.43638888888889,8,1787.0,13.0,2.0
264412,180,36,190,97,29,4130.035891203704,139,2331.0,61.0,2.0
264498,0,0,0,0,1,2.09644675925926,0,392.0,0.0,2.0
264543,0,0,3,3,3,8.849074074074075,2,,0.0,2.0
264560,18,1,36,36,11,81.43986111111111,27,537.0,10.0,4.0
264609,0,0,3,1,3,55.55704861111112,6,5439.0,5.0,3.0
264624,3,0,3,3,4,282.69738425925925,17,638.0,11.0,3.0
264628,3,0,3,3,4,66.33715277777777,9,97.0,0.0,4.0
264683,0,0,55,36,11,11.085439814814816,17,2933.0,6.0,5.0
264873,12,1,15,15,8,85.79221064814814,9,5441.0,3.0,5.0
264914,0,0,1,1,2,12.4534375,1,5431.0,13.0,2.0
264915,0,0,1,1,2,94.00892361111111,1,5441.0,3.0,2.0
265014,0,0,6,6,4,3.5940625,3,549.0,8.0,2.0
265047,12,1,15,15,8,3856.1365277777777,11,646.0,3.0,2.0
265109,0,0,6,1,4,13.031226851851851,4,2.0,5.0,2.0
265126,18,3,15,13,9,5119.654803240741,8,,0.0,3.0
265165,0,0,28,20,8,501.807175925926,28,2380.0,12.0,2.0
265203,0,0,10,10,5,5308.5443981481485,14,2274.0,10.0,2.0
265300,8,1,6,6,6,860.807488425926,10,259.0,6.0,2.0
265325,0,0,15,10,6,422.0629282407408,7,389.0,3.0,2.0
265333,4,0,6,6,5,55.79465277777778,24,958.0,18.0,2.0
265367,0,0,28,28,8,320.2780324074074,8,5430.0,14.0,2.0
265383,0,0,45,43,10,779.6920833333334,20,1200.0,8.0,2.0
265393,126,36,91,63,23,6149.149085648148,54,20.0,2.0,3.0
265394,0,0,6,6,4,102.3560763888889,6,32.0,2.0,1.0
265414,0,0,10,10,5,3.4170023148148148,14,1058.0,8.0,2.0
265453,0,0,1,1,2,59.85598379629629,3,1672.0,0.0,2.0
265461,0,0,10,8,5,92.5357523148148,4,,0.0,6.0
265464,0,0,3,3,3,0.2057407407407407,2,79.0,3.0,2.0
265492,0,0,105,100,15,277.85866898148146,26,383.0,9.0,2.0
265534,0,0,6,6,4,1396.6805902777778,7,5440.0,4.0,2.0
265536,18,1,36,31,11,238.6538888888889,20,1751.0,8.0,2.0
265552,0,0,0,0,1,2.6560532407407407,0,5438.0,6.0,4.0
265564,0,0,15,9,6,6.819837962962963,8,80.0,2.0,4.0
265566,0,0,3,3,3,136.66436342592593,3,2390.0,2.0,2.0
265573,28,6,21,11,11,181.54234953703704,15,1060.0,6.0,3.0
265677,0,0,6,6,4,5306.069027777778,5,304.0,3.0,2.0
265680,0,0,6,3,4,11.987893518518518,8,1753.0,6.0,3.0
265692,0,0,78,47,13,2.960625,21,2935.0,4.0,5.0
265736,57,3,171,116,22,1620.1165277777775,52,195.0,16.0,5.0
265760,0,0,6,2,4,142.03717592592594,4,387.0,5.0,2.0
265784,18,3,15,12,9,6581.845208333333,36,,0.0,3.0
265806,24,3,28,17,11,15.155879629629627,25,1154.0,0.0,2.0
265847,6,0,15,11,7,858.030775462963,23,35.0,5.0,2.0
265863,0,0,3,3,3,35.917314814814816,3,93.0,8.0,2.0
265871,133,21,171,127,26,816.1196643518518,75,20.0,19.0,2.0
265900,10,1,10,2,7,3.768680555555556,14,328.0,0.0,2.0
265936,0,0,28,15,8,1003.556550925926,14,,0.0,5.0
265940,0,0,21,18,7,40.74302083333333,29,2270.0,14.0,4.0
266047,0,0,3,2,3,5302.936122685185,3,15.0,2.0,2.0
266151,0,0,6,3,4,104.69109953703703,4,1672.0,0.0,1.0
266171,0,0,0,0,1,0.1217939814814814,0,5440.0,4.0,2.0
266208,0,0,3,3,3,471.2684953703704,3,1462.0,4.0,2.0
266252,6,1,3,1,5,405.3274305555556,47,0.0,28.0,2.0
266321,0,0,0,0,1,2.9460532407407407,0,5441.0,3.0,2.0
266331,5,0,10,8,6,1772.117199074074,10,260.0,5.0,1.0
266332,0,0,3,3,3,2.8816319444444445,2,5440.0,4.0,2.0
266371,0,0,36,28,9,630.1862152777778,15,5428.0,16.0,2.0
266432,49,21,21,12,14,6457.855266203704,19,,0.0,5.0
266541,0,0,1,1,2,4547.799293981481,3,1672.0,0.0,2.0
266554,102,15,136,93,23,7322.362638888889,71,0.0,6.0,3.0
266754,7,0,21,12,8,1127.1534027777775,10,,0.0,2.0
266785,12,1,15,7,8,1085.4317592592593,23,1795.0,5.0,4.0
266835,0,0,21,18,7,207.8369907407408,17,155.0,8.0,2.0
266904,8,1,6,5,6,803.3370486111111,14,47.0,6.0,2.0
266930,0,0,10,10,5,145.89822916666665,10,1203.0,5.0,1.0
266932,18,0,153,95,19,1009.8219212962964,41,313.0,3.0,4.0
266933,14,1,21,16,9,453.03657407407405,24,5435.0,9.0,2.0
266971,0,0,3,3,3,325.8234953703704,6,,0.0,2.0
266985,90,105,15,9,21,5703.780277777778,36,0.0,7.0,2.0
267036,0,0,0,0,1,15.386689814814815,0,5440.0,4.0,2.0
267050,0,0,10,6,5,12.506736111111111,6,226.0,2.0,5.0
267085,0,0,1,1,2,99.08025462962964,4,5440.0,4.0,2.0
267179,0,0,3,3,3,979.073587962963,2,,0.0,2.0
267225,5,0,10,9,6,130.33447916666665,12,,0.0,3.0
267286,36,6,36,21,13,554.4095717592593,19,1759.0,0.0,5.0
267302,0,0,6,5,4,6.011539351851852,4,1202.0,6.0,2.0
267387,0,0,6,6,4,5294.961145833333,3,2281.0,3.0,2.0
267416,6,0,15,13,7,831.0908680555556,10,,0.0,2.0
267477,0,0,3,1,3,74.30274305555555,2,1057.0,9.0,3.0
267478,0,0,1,0,2,46.85729166666667,2,1672.0,0.0,4.0
267557,5,0,10,10,6,18.167175925925925,22,5432.0,12.0,3.0
267645,65,10,78,53,18,5587.964351851852,32,5438.0,6.0,2.0
267847,4,0,6,3,5,3588.2183912037035,6,,0.0,2.0
267888,405,105,351,114,42,5334.310636574074,127,,0.0,2.0
268036,0,0,21,18,7,22.68070601851852,8,,0.0,2.0
268235,0,0,1,1,2,4.190405092592592,1,148.0,5.0,2.0
268242,14,1,21,7,9,1.6869560185185186,15,61.0,2.0,2.0
268260,0,0,1,1,2,1.0084375,1,1671.0,1.0,2.0
268309,0,0,36,14,9,1817.575219907408,28,175.0,0.0,2.0
268311,0,0,45,35,10,6346.595115740741,18,1459.0,7.0,2.0
268377,0,0,10,5,5,30.80770833333333,11,37.0,8.0,1.0
268414,0,0,0,0,1,2.1401967592592595,0,1154.0,0.0,2.0
268448,0,0,15,10,6,513.6502199074074,7,1020.0,1.0,1.0
268459,12,1,15,7,8,7175.001030092592,22,1034.0,10.0,2.0
268901,0,0,1,1,2,39.79179398148148,3,1672.0,0.0,2.0
269023,0,0,6,5,4,66.2767361111111,10,1135.0,19.0,2.0
269062,30,3,45,21,13,5436.021712962963,29,26.0,3.0,2.0
269125,0,0,21,19,7,1365.2562962962963,9,20.0,7.0,2.0
269257,5,0,10,10,6,1242.9564814814814,8,,0.0,2.0
269318,0,0,21,21,7,5285.76,16,2277.0,7.0,2.0
269402,2,0,1,1,3,15.66576388888889,10,5435.0,9.0,2.0
269442,391,136,253,109,40,4397.0718402777775,135,20.0,42.0,2.0
269472,0,0,28,22,8,351.3331944444444,14,58.0,1.0,6.0
269561,10,0,45,39,11,102.14916666666667,32,917.0,3.0,4.0
269566,8,0,28,25,9,1638.6928125,21,5433.0,11.0,5.0
269633,0,0,1,1,2,36.37408564814815,1,1063.0,3.0,2.0
269682,0,0,3,2,3,5.905115740740741,2,97.0,0.0,2.0
269697,0,0,1,1,2,9.908402777777775,1,5440.0,4.0,2.0
269736,0,0,1,1,2,5.5168634259259255,3,2392.0,0.0,4.0
269739,3,0,3,3,4,611.446412037037,5,1063.0,3.0,4.0
269812,0,0,36,35,9,1739.9585995370371,19,150.0,3.0,2.0
269832,10,1,10,3,7,80.36298611111111,13,916.0,4.0,5.0
269922,0,0,3,3,3,1.4503587962962965,2,1462.0,4.0,1.0
270030,0,0,15,15,6,3.6962847222222224,13,2277.0,7.0,2.0
270075,0,0,1,1,2,0.0239351851851851,1,1797.0,3.0,2.0
270110,0,0,1,1,2,13.76996527777778,2,1795.0,5.0,2.0
270237,0,0,3,2,3,1805.113449074074,5,1062.0,4.0,2.0
270264,0,0,1,1,2,2874.5441782407406,1,,0.0,2.0
270292,286,55,325,168,37,4851.764513888889,116,0.0,19.0,2.0
270298,0,0,6,5,4,1022.416898148148,5,1672.0,0.0,2.0
270302,0,0,3,3,3,1265.5444675925926,5,1062.0,4.0,2.0
270377,1,0,0,0,2,64.26568287037037,3,0.0,2.0,3.0
270702,10,10,1,0,7,4948.594733796296,8,7.0,2.0,2.0
270715,0,0,6,6,4,532.8937152777778,5,113.0,5.0,2.0
270768,0,0,1,1,2,5.548587962962963,2,1463.0,3.0,1.0
270798,0,0,1,1,2,452.8183217592593,1,1463.0,3.0,3.0
270804,4,0,6,6,5,87.25028935185185,10,2389.0,3.0,2.0
270814,2,0,1,1,3,149.28151620370372,3,153.0,2.0,2.0
270893,0,0,10,6,5,509.9761689814815,6,390.0,2.0,2.0
270955,3,0,3,3,4,198.19200231481483,7,1672.0,0.0,2.0
271154,0,0,6,6,4,14.941469907407408,9,5439.0,5.0,3.0
271166,0,0,91,69,14,5686.803958333333,39,25.0,20.0,2.0
271222,170,45,136,86,27,7166.2669212962965,80,209.0,14.0,2.0
271293,0,0,1,1,2,66.02733796296296,2,1464.0,2.0,5.0
271343,2,0,1,1,3,5944.969837962963,4,,0.0,2.0
271386,16,1,28,16,10,6183.31943287037,16,0.0,6.0,1.0
271405,220,55,190,82,31,6175.77875,102,5.0,7.0,2.0
271422,0,0,10,6,5,538.9169907407407,17,5430.0,14.0,2.0
271841,0,0,21,18,7,1825.1593171296297,11,421.0,4.0,2.0
271863,84,15,91,51,20,6288.585567129629,32,43.0,9.0,2.0
271910,0,0,1,1,2,6257.672071759259,1,,0.0,2.0
271952,0,0,28,20,8,2058.140798611111,11,,0.0,4.0
271989,3,0,3,3,4,1106.3525810185183,5,1672.0,0.0,3.0
272079,0,0,1,1,2,14.954340277777778,1,1151.0,3.0,2.0
272151,0,0,3,1,3,12.051516203703704,5,2919.0,20.0,2.0
272267,8,1,6,5,6,4765.782696759259,9,,0.0,3.0
272292,48,3,120,89,19,5967.599664351852,70,30.0,22.0,4.0
272318,2,0,1,1,3,5490.612951388889,3,,0.0,3.0
272381,7,0,21,15,8,6413.800092592593,12,1461.0,5.0,5.0
272455,0,0,15,11,6,114.97332175925926,11,556.0,1.0,4.0
272620,16,1,28,20,10,6899.413634259259,33,594.0,12.0,2.0
272624,0,0,10,6,5,57.85898148148148,18,1154.0,0.0,5.0
272698,0,0,6,2,4,6334.44730324074,3,,0.0,2.0
272847,26,1,78,53,15,1488.7094444444444,77,397.0,60.0,2.0
272882,8,1,6,4,6,549.3440740740741,20,1672.0,0.0,2.0
272963,6,0,15,12,7,1884.1724884259256,15,45.0,5.0,2.0
272974,0,0,6,6,4,0.1992824074074074,3,116.0,2.0,2.0
273022,0,0,15,12,6,411.3053009259259,12,16.0,5.0,2.0
273025,0,0,28,25,8,1853.308171296296,27,12.0,15.0,2.0
273050,0,0,6,5,4,346.8262731481482,11,109.0,9.0,2.0
273056,0,0,3,3,3,46.3582175925926,2,1463.0,3.0,2.0
273189,2,0,1,1,3,173.86503472222222,5,77.0,4.0,2.0
273336,15,0,105,77,16,463.4329513888889,48,1138.0,16.0,2.0
273424,0,0,6,6,4,62.33347222222222,7,1150.0,4.0,2.0
273456,286,55,325,163,37,2612.901238425926,109,2.0,15.0,4.0
273459,0,0,10,10,5,1035.8677199074075,6,84.0,2.0,2.0
273507,0,0,15,15,6,182.5094907407408,22,1057.0,9.0,2.0
273597,0,0,1,1,2,5260.084039351852,1,2281.0,3.0,2.0
273751,0,0,3,1,3,1709.4902546296296,5,30.0,4.0,2.0
273785,120,10,276,178,29,585.6784953703703,66,5423.0,21.0,4.0
273808,0,0,0,0,1,39.31931712962963,0,1463.0,3.0,3.0
273829,0,0,1,1,2,15.0034375,1,2933.0,6.0,2.0
273984,0,0,1,1,2,469.6915393518519,1,5440.0,4.0,2.0
274076,0,0,1,1,2,0.1496180555555555,1,1061.0,5.0,2.0
274086,0,0,1,1,2,4.95349537037037,1,8.0,2.0,2.0
274100,15,3,10,6,8,2330.804918981481,42,0.0,16.0,2.0
274106,0,0,1,1,2,767.4519560185186,1,74.0,7.0,2.0
274115,0,0,1,1,2,94.3236111111111,2,1672.0,0.0,2.0
274144,0,0,1,1,2,1906.8900694444444,1,,0.0,2.0
274156,4,0,6,6,5,39.33320601851852,12,1041.0,3.0,3.0
274161,0,0,1,1,2,0.1645949074074074,2,1672.0,0.0,1.0
274199,1,0,0,0,2,8.829872685185185,4,1672.0,0.0,2.0
274300,0,0,1,1,2,226.9501388888889,2,1061.0,5.0,4.0
274309,0,0,10,6,5,39.02869212962963,7,5440.0,4.0,2.0
274398,8,1,6,3,6,4820.397418981482,7,1042.0,2.0,2.0
274402,0,0,1,1,2,0.7510300925925926,1,1151.0,3.0,2.0
274452,57,3,171,89,22,4429.880798611112,95,186.0,30.0,3.0
274509,0,0,6,4,4,3677.756238425926,3,602.0,4.0,2.0
274521,0,0,10,10,5,579.6214004629629,8,2390.0,2.0,2.0
274542,0,0,15,12,6,5253.6622916666665,18,51.0,12.0,4.0
274624,0,0,66,42,12,5246.060289351852,25,47.0,5.0,2.0
274626,132,66,55,28,23,2612.7009722222224,55,80.0,16.0,2.0
274784,148,6,666,456,41,821.6231712962963,139,1128.0,26.0,2.0
274852,0,0,1,1,2,1821.3003819444448,6,276.0,10.0,2.0
275119,0,0,1,1,2,4.637418981481481,1,2935.0,4.0,5.0
275304,2,0,1,1,3,1.0262152777777778,2,,0.0,3.0
275342,8,0,28,15,9,6748.488564814815,13,8.0,3.0,4.0
275463,0,0,3,3,3,245.50664351851853,2,972.0,4.0,2.0
275576,0,0,10,9,5,644.849375,16,136.0,8.0,2.0
275654,12,1,15,12,8,939.380914351852,16,,0.0,5.0
275673,0,0,1,1,2,5.422083333333333,3,972.0,4.0,2.0
276002,0,0,6,6,4,24.385752314814816,4,1205.0,3.0,1.0
276015,0,0,3,2,3,1.230011574074074,2,207.0,4.0,2.0
276043,2,0,1,1,3,29.36762731481481,3,647.0,2.0,2.0
276053,5,0,10,9,6,1594.931574074074,11,5442.0,2.0,5.0
276075,10,0,45,37,11,471.8981597222222,44,300.0,2.0,4.0
276092,0,0,1,1,2,0.4146412037037037,1,207.0,4.0,2.0
276100,0,0,6,5,4,6.398055555555556,12,64.0,8.0,2.0
276152,2,0,1,1,3,304.7393402777778,2,,0.0,2.0
276232,15,3,10,7,8,6026.833819444444,14,7.0,5.0,2.0
276237,10,1,10,10,7,6298.852662037037,19,0.0,4.0,6.0
276431,627,171,528,239,52,2472.8142476851854,192,79.0,77.0,2.0
276478,0,0,1,1,2,0.1979513888888888,1,1060.0,6.0,4.0
276588,17,0,136,119,18,1319.049050925926,52,362.0,30.0,2.0
276679,0,0,3,2,3,0.0834837962962962,2,,0.0,3.0
276716,4,0,6,5,5,582.4075578703704,11,1036.0,8.0,2.0
276729,4,0,6,6,5,296.398125,9,,0.0,2.0
276764,0,0,3,3,3,18.35179398148148,2,281.0,3.0,1.0
276797,3,0,3,3,4,26.2940625,5,5441.0,3.0,2.0
276954,0,0,6,6,4,102.02414351851851,4,5434.0,10.0,2.0
276959,0,0,15,15,6,10.18306712962963,8,1150.0,4.0,2.0
277067,24,1,66,56,14,1204.9463657407407,78,3.0,7.0,4.0
277122,0,0,10,8,5,835.7310648148148,15,88.0,8.0,2.0
277178,30,3,45,43,13,6293.03412037037,23,109.0,2.0,2.0
277234,0,0,3,3,3,0.8517824074074074,5,5440.0,4.0,5.0
277367,4,0,6,6,5,4547.155509259259,32,0.0,15.0,2.0
277433,0,0,3,3,3,2.543761574074074,2,168.0,4.0,2.0
277452,0,0,3,3,3,2.1838310185185184,7,212.0,5.0,6.0
277463,0,0,28,23,8,8.839479166666667,22,205.0,12.0,2.0
277482,0,0,10,9,5,26.46601851851852,6,5442.0,2.0,2.0
277520,0,0,3,2,3,420.6147337962963,5,10.0,2.0,3.0
277549,0,0,28,26,8,198.01534722222223,20,1792.0,8.0,5.0
277588,0,0,3,3,3,48.99449074074074,6,1669.0,3.0,2.0
277653,0,0,3,3,3,11.063611111111111,5,5440.0,4.0,2.0
277724,4,0,6,6,5,828.5154398148148,9,5437.0,7.0,2.0
277839,0,0,6,6,4,50.86894675925926,5,1672.0,0.0,2.0
277874,0,0,3,3,3,3.624710648148149,3,267.0,3.0,3.0
278033,10,1,10,9,7,1056.8050810185184,11,,0.0,2.0
278132,8,1,6,6,6,5870.822118055556,15,134.0,10.0,2.0
278197,0,0,21,16,7,5223.566053240741,13,120.0,13.0,2.0
278266,0,0,0,0,1,1463.0229282407408,0,,0.0,2.0
278333,0,0,1,1,2,0.1079861111111111,1,268.0,2.0,3.0
278341,9,0,36,30,10,2586.21337962963,14,749.0,3.0,3.0
278353,5,0,10,10,6,82.89559027777777,19,2379.0,13.0,4.0
278357,0,0,10,8,5,973.3756828703704,12,5437.0,7.0,2.0
278390,2,0,1,1,3,13.252673611111112,5,0.0,2.0,2.0
278398,84,15,91,45,20,3061.923738425926,51,1034.0,10.0,4.0
278472,0,0,28,25,8,367.6589930555556,24,5430.0,14.0,2.0
278505,0,0,6,6,4,2.1041666666666665,3,361.0,4.0,2.0
278546,0,0,3,3,3,1.7653703703703705,2,1205.0,3.0,5.0
278689,418,171,231,138,41,5870.235532407408,132,14.0,48.0,4.0
278698,0,0,1,1,2,179.08149305555557,3,1672.0,0.0,2.0
278739,0,0,3,3,3,371.9410069444445,3,123.0,6.0,2.0
278746,0,0,15,12,6,94.03274305555556,13,1667.0,5.0,3.0
278763,0,0,10,9,5,342.0019791666667,11,1672.0,0.0,3.0
278773,0,0,3,3,3,47.01482638888889,3,268.0,2.0,4.0
278811,5,0,10,7,6,19.495821759259258,8,5440.0,4.0,5.0
278831,0,0,21,18,7,1066.0837847222222,18,2.0,6.0,2.0
278860,946,231,903,324,65,3491.410127314815,150,561.0,10.0,4.0
278872,0,0,10,9,5,5218.086539351852,8,2278.0,6.0,2.0
278875,0,0,0,0,1,122.33538194444444,0,29.0,4.0,2.0
278885,4,0,6,6,5,1218.5950694444443,14,1789.0,11.0,4.0
