BugID,CC,Pr,CI,OE,OW,NI,FI,SI,RI,ET
11234,3,2.0,3,86.0,2.0,3,0,0,0,227713.99916666665
137,3,1.0,3,8.0,0.0,3,0,0,0,7869.342777777778
145,3,2.0,2,333.0,1.0,3,0,0,0,19939.33861111111
149,5,1.0,6,222.0,0.0,10,0,0,0,176669.50583333333
213,11,4.0,13,78.0,0.0,15,30,8,2,169841.2658333333
223,5,4.0,5,222.0,0.0,3,6,0,1,176748.97305555554
314,5,1.0,4,415.0,1.0,6,4,0,0,232446.43777777773
335,4,1.0,3,415.0,1.0,0,0,0,6,7074.677222222222
346,3,2.0,2,416.0,0.0,0,2,0,1,7145.513888888889
373,4,4.0,3,333.0,1.0,0,3,3,0,174228.54722222223
375,4,5.0,3,278.0,0.0,0,3,1,2,174861.47083333333
432,7,2.0,9,115.0,2.0,3,12,4,2,40272.10166666667
572,5,5.0,6,651.0,1.0,3,6,0,1,143668.4922222222
594,4,5.0,5,652.0,0.0,1,4,0,1,21035.68
593,4,2.0,5,536.0,0.0,1,4,0,1,28947.80333333333
589,4,2.0,3,461.0,0.0,3,3,0,0,72245.16194444444
577,8,2.0,10,650.0,2.0,3,15,4,6,6465.833055555555
573,4,2.0,3,461.0,0.0,1,4,1,0,4490.916388888889
602,3,2.0,4,533.0,3.0,0,2,0,1,5254.233055555556
604,4,2.0,5,641.0,1.0,0,3,2,1,20963.547777777778
607,3,2.0,2,535.0,1.0,0,2,1,0,4356.899722222222
608,1,2.0,0,535.0,1.0,0,0,0,0,0.0
617,2,2.0,1,639.0,3.0,0,0,1,0,5839.916388888889
621,2,2.0,1,461.0,0.0,0,0,1,0,2818.133055555556
613,5,2.0,6,650.0,2.0,0,4,2,4,4345.166388888889
633,2,2.0,1,640.0,2.0,0,0,1,0,5815.949722222224
642,2,2.0,1,536.0,0.0,0,0,0,1,5121.883055555556
651,2,2.0,1,536.0,0.0,0,1,0,0,5097.899722222222
645,3,2.0,2,650.0,2.0,0,0,1,2,4260.949722222222
648,3,4.0,2,460.0,1.0,0,2,0,1,2816.099722222222
652,13,2.0,23,461.0,0.0,6,36,21,15,8116.21638888889
658,6,4.0,6,460.0,1.0,0,5,8,2,7744.016388888888
668,2,4.0,1,534.0,2.0,0,1,0,0,2676.9830555555554
676,3,2.0,2,536.0,0.0,0,2,0,1,4087.766388888889
688,4,5.0,3,536.0,0.0,1,4,0,1,79635.3188888889
691,6,5.0,6,461.0,0.0,0,0,12,3,71669.40722222223
694,5,2.0,8,461.0,0.0,0,0,2,8,71645.60722222223
695,3,2.0,2,461.0,0.0,0,0,2,1,2316.533055555556
696,4,2.0,4,459.0,2.0,0,0,3,3,71645.76083333333
540,96,2.0,229,,0.0,4186,368,1,5,204885.74805555557
697,5,2.0,5,254.0,1.0,1,6,2,1,206115.3686111111
703,3,2.0,2,461.0,0.0,0,0,2,1,4107.4575
728,2,2.0,1,536.0,0.0,0,1,0,0,3603.0058333333336
747,3,2.0,3,461.0,0.0,0,2,0,1,5257.61527777778
750,5,2.0,17,81.0,7.0,0,4,2,4,184421.29083333333
758,7,5.0,6,104.0,1.0,10,10,0,1,211174.6255555556
775,3,2.0,5,460.0,1.0,0,0,2,1,6098.579166666665
785,7,2.0,6,217.0,1.0,1,10,4,6,6692.718055555555
786,4,3.0,8,647.0,5.0,0,3,3,0,1986.8419444444448
791,5,2.0,5,382.0,0.0,1,6,0,3,175052.95944444445
805,3,2.0,4,363.0,2.0,0,0,1,2,4375.12722222222
830,3,2.0,2,461.0,0.0,0,2,0,1,1895.0411111111111
854,8,3.0,11,364.0,1.0,0,7,1,20,10122.544444444444
858,21,2.0,41,60.0,9.0,91,98,7,14,58427.30583333333
866,4,2.0,5,220.0,0.0,0,3,0,3,2713.010555555556
904,14,4.0,27,915.0,5.0,45,40,1,5,24788.37305555556
944,2,2.0,1,536.0,0.0,0,0,0,1,1533.3649999999998
945,2,2.0,2,536.0,0.0,0,0,0,1,1706.2125
957,2,2.0,1,536.0,0.0,0,0,0,1,1508.9763888888888
958,6,2.0,9,1146.0,4.0,0,0,3,12,6928.646944444445
959,41,6.0,191,574.0,30.0,300,400,80,40,180472.0038888889
960,11,2.0,24,643.0,9.0,6,28,2,19,14403.367777777778
967,3,5.0,2,651.0,1.0,0,0,0,3,1489.1044444444449
989,3,2.0,2,364.0,1.0,0,0,1,2,1532.1725
994,15,2.0,45,636.0,6.0,3,36,30,36,19085.49333333333
998,6,2.0,9,532.0,4.0,0,0,4,11,3771.5325
1075,1,2.0,0,536.0,0.0,0,0,0,0,0.0
1076,6,2.0,8,925.0,4.0,0,5,2,8,7489.545833333333
1107,4,2.0,3,49.0,1.0,0,0,2,4,142483.79472222223
1109,2,4.0,1,652.0,0.0,0,0,0,1,1122.8608333333332
1130,2,2.0,1,536.0,0.0,0,0,0,1,1078.5375
1132,3,2.0,2,536.0,0.0,0,2,0,1,13889.308611111112
1133,2,2.0,1,536.0,0.0,0,0,0,1,1078.661388888889
1134,9,2.0,22,633.0,9.0,0,8,0,28,69609.8925
1136,6,2.0,7,333.0,1.0,0,5,6,4,11738.514166666664
1143,6,2.0,5,461.0,0.0,0,0,0,15,5106.537777777778
1151,4,2.0,3,535.0,1.0,0,0,2,4,1034.5433333333333
1156,15,4.0,91,929.0,47.0,28,56,18,3,83241.37194444444
1157,12,5.0,24,1836.0,3.0,3,27,15,21,14402.125555555556
1172,7,4.0,10,362.0,3.0,0,6,8,7,70281.11055555554
1190,5,2.0,12,1145.0,5.0,0,0,4,6,3599.9841666666666
1191,3,1.0,2,535.0,1.0,0,2,0,1,922.4191666666668
1201,3,4.0,3,115.0,2.0,0,2,0,1,2341.7194444444444
1210,3,2.0,2,1.0,0.0,1,2,0,0,2454.4369444444446
1212,4,2.0,4,219.0,1.0,0,0,4,2,4659.570555555554
1234,9,2.0,12,50.0,0.0,10,20,1,5,185878.88416666663
1242,9,2.0,9,83.0,1.0,0,8,11,17,4926.6125
1251,3,2.0,2,535.0,1.0,0,0,0,3,512.2386111111111
1252,11,4.0,16,533.0,3.0,6,28,3,18,58820.371666666666
1256,4,4.0,4,363.0,2.0,0,0,3,3,70008.01111111112
1284,4,2.0,3,535.0,1.0,0,3,2,1,2798.7663888888887
1290,8,2.0,11,362.0,3.0,0,7,5,16,6393.783611111112
1292,3,2.0,3,651.0,1.0,0,0,0,3,2126.563333333333
1293,3,2.0,3,650.0,2.0,0,0,1,2,642.7497222222223
1294,3,2.0,5,651.0,1.0,0,0,0,3,2124.9866666666667
1297,7,2.0,6,535.0,1.0,0,0,2,19,69929.28111111111
1303,8,6.0,13,645.0,7.0,0,0,8,20,5300.972777777779
1305,5,1.0,7,362.0,3.0,0,0,1,9,69901.65472222221
1309,3,2.0,7,649.0,3.0,0,0,0,3,620.4841666666666
1310,4,2.0,3,461.0,0.0,0,0,0,6,587.1675
1315,2,2.0,2,365.0,0.0,0,0,0,1,596.5080555555555
1318,5,2.0,4,535.0,1.0,0,0,0,10,3959.230833333333
1321,4,2.0,5,254.0,1.0,0,3,1,2,198081.92055555555
1322,11,2.0,13,534.0,2.0,0,0,21,34,4442.4825
1323,11,5.0,14,534.0,2.0,0,10,4,41,4587.008055555554
1342,4,2.0,3,461.0,0.0,0,0,0,6,3073.0333333333333
1347,3,3.0,4,115.0,2.0,0,0,1,2,2700.730833333333
1357,6,2.0,5,1150.0,0.0,0,0,0,15,2836.19
1362,3,5.0,4,407.0,0.0,0,0,2,1,3010.391388888889
1366,5,5.0,6,651.0,1.0,0,0,0,10,69792.86361111111
1374,2,2.0,1,536.0,0.0,0,0,0,1,475.9347222222222
1392,3,2.0,3,1148.0,2.0,0,0,1,2,2545.613055555556
1400,10,4.0,11,363.0,2.0,0,9,7,29,115670.2352777778
1410,2,2.0,1,535.0,1.0,0,0,0,1,168.36833333333334
1416,6,5.0,17,107.0,10.0,0,0,2,13,2882.766944444445
1417,5,3.0,10,111.0,6.0,0,0,0,10,2812.776388888889
1418,6,3.0,6,115.0,2.0,0,5,0,10,3000.870277777778
1422,5,2.0,4,364.0,1.0,0,0,0,10,3318.8713888888888
1425,4,2.0,3,461.0,0.0,0,0,2,4,307.42555555555555
1494,4,4.0,3,536.0,0.0,0,0,0,6,1746.8591666666666
1500,6,2.0,9,647.0,5.0,0,0,5,10,4609.534166666666
1496,2,4.0,2,651.0,1.0,0,0,0,1,248.85277777777776
1571,5,2.0,4,646.0,6.0,0,0,0,10,9979.140555555556
1596,9,4.0,22,529.0,7.0,0,0,16,20,3358.2783333333336
1609,11,4.0,15,458.0,3.0,0,0,4,51,69502.46916666666
1613,7,4.0,14,535.0,1.0,0,0,3,18,980.002777777778
1656,2,2.0,1,362.0,3.0,0,0,1,0,2808.278333333333
1668,4,2.0,3,364.0,1.0,0,0,2,4,69476.2663888889
1676,8,4.0,18,534.0,2.0,0,0,10,18,1669.265
1682,7,2.0,7,651.0,1.0,0,0,0,21,69434.17055555555
1691,5,2.0,6,1838.0,1.0,0,0,2,8,3096.081666666667
1696,2,2.0,1,536.0,0.0,0,0,0,1,55.793055555555554
1726,8,4.0,9,535.0,1.0,0,7,4,17,3813.1647222222223
1729,9,5.0,11,391.0,3.0,0,0,5,31,2546.5291666666667
1750,3,5.0,2,1149.0,1.0,0,0,2,1,1489.4002777777778
1755,10,2.0,16,330.0,4.0,0,9,14,22,131706.22
1771,3,2.0,5,113.0,4.0,0,0,2,1,1468.863611111111
1801,3,2.0,2,461.0,0.0,0,2,0,1,1523.9175
1823,3,2.0,4,362.0,3.0,0,0,1,2,69150.17666666667
1839,9,2.0,19,645.0,7.0,0,8,3,25,4489.999722222223
1850,5,2.0,4,364.0,1.0,0,0,4,6,2817.6158333333333
1852,6,2.0,6,48.0,2.0,0,0,6,9,4167.239166666666
1880,6,2.0,5,651.0,1.0,0,5,0,10,4151.832777777778
1888,4,2.0,4,363.0,2.0,0,3,0,3,3338.014166666667
1913,7,5.0,7,8.0,0.0,1,10,1,9,2345.603333333333
1925,7,2.0,7,651.0,1.0,0,0,3,18,4081.357777777777
1926,6,2.0,6,650.0,2.0,0,0,0,15,4081.234722222222
1930,6,4.0,5,535.0,1.0,0,0,0,15,3696.670277777778
1941,7,2.0,12,461.0,0.0,0,6,3,12,2907.1591666666664
1942,2,2.0,1,239.0,0.0,0,0,1,0,2236.5247222222224
1945,9,2.0,11,1836.0,3.0,0,8,3,25,2663.5030555555554
1954,4,4.0,3,364.0,1.0,0,3,1,2,4347.312777777777
1955,6,4.0,5,364.0,1.0,0,0,3,12,4347.321388888889
1956,5,4.0,5,363.0,2.0,0,0,0,10,4347.0875
1957,3,3.0,2,641.0,1.0,0,0,3,0,1160.6327777777778
1958,3,4.0,7,1144.0,6.0,0,0,2,1,1330.2475
1979,2,2.0,1,5.0,1.0,0,0,1,0,12.503333333333332
1998,3,2.0,2,238.0,1.0,0,2,1,0,235671.9313888889
2005,10,2.0,19,324.0,10.0,1,16,3,25,11032.034444444444
2012,3,2.0,2,50.0,0.0,0,2,1,0,177522.2525
2076,3,4.0,2,364.0,1.0,0,0,0,3,885.0113888888891
2082,9,2.0,17,359.0,6.0,0,8,5,23,68634.6961111111
2091,5,2.0,6,650.0,2.0,0,4,1,5,832.2650000000001
2105,5,3.0,11,1144.0,6.0,0,4,0,6,3984.177222222222
2118,7,5.0,13,1835.0,4.0,0,0,0,21,2696.4997222222228
2195,6,2.0,5,1145.0,5.0,0,0,0,15,3884.3608333333336
2216,4,2.0,3,1150.0,0.0,0,0,0,6,1462.792222222222
2219,6,2.0,5,651.0,1.0,0,0,3,12,3873.154166666666
2222,9,2.0,9,461.0,0.0,1,14,10,11,219160.3405555556
2225,4,2.0,3,1150.0,0.0,0,0,0,6,1441.8958333333337
2233,6,2.0,17,8.0,0.0,0,0,7,8,2990.5063888888885
2234,4,4.0,8,1147.0,3.0,0,0,4,2,671.8636111111111
2236,10,4.0,27,243.0,15.0,3,21,5,16,2826.5336111111105
2243,10,4.0,27,355.0,10.0,1,16,6,22,9838.055555555557
2244,6,2.0,6,363.0,2.0,0,0,0,15,3843.335555555556
1231,2,2.0,1,461.0,0.0,0,0,0,1,2721.113611111111
2299,3,4.0,2,651.0,1.0,0,0,0,3,1179.5536111111112
2318,9,2.0,10,82.0,2.0,0,8,7,21,3709.098333333333
2360,1,2.0,0,365.0,0.0,0,0,0,0,47.74027777777778
2368,4,2.0,4,5.0,2.0,0,0,4,2,501.7980555555555
2378,5,5.0,4,8.0,0.0,0,4,1,5,914.6827777777778
2380,11,2.0,12,535.0,1.0,0,0,9,46,2537.946944444444
2398,3,2.0,4,536.0,0.0,0,0,0,3,470.7155555555556
2407,4,2.0,5,649.0,3.0,0,0,0,6,2131.177777777778
2424,8,2.0,10,113.0,4.0,0,0,7,21,3644.03
2437,3,2.0,3,254.0,1.0,0,0,0,3,137.92805555555557
2504,15,2.0,33,485.0,5.0,1,26,38,40,21323.36083333333
1227,8,2.0,10,534.0,2.0,0,7,0,21,4825.840555555556
2507,10,2.0,16,360.0,5.0,0,9,5,31,14776.06
2508,7,2.0,7,116.0,1.0,0,0,3,18,1560.011111111111
2527,4,2.0,3,652.0,0.0,0,0,2,4,325.84
2531,6,2.0,5,83.0,1.0,0,0,2,13,2296.157222222222
2552,7,2.0,7,651.0,1.0,0,0,3,18,3611.913611111111
2612,6,5.0,5,84.0,0.0,0,0,0,15,1385.1469444444444
2613,7,2.0,9,0.0,1.0,1,10,2,8,1029.3641666666667
2618,5,2.0,6,319.0,1.0,0,4,0,6,3785.0036111111112
2620,11,2.0,22,567.0,6.0,0,0,25,30,1887.2541666666664
2630,3,2.0,3,650.0,2.0,0,0,0,3,224.04583333333332
2692,4,2.0,3,257.0,1.0,0,0,3,3,307.1675
2725,4,2.0,3,929.0,0.0,0,3,0,3,960.8705555555556
2739,5,2.0,10,142.0,6.0,0,4,3,3,29317.21277777778
2787,3,2.0,2,1147.0,3.0,0,0,0,3,139.93722222222223
2788,3,2.0,2,1148.0,2.0,0,0,0,3,124.01138888888887
2792,2,2.0,1,1147.0,3.0,0,0,0,1,118.085
2816,6,2.0,6,256.0,2.0,0,0,7,8,1272.0175
2821,4,2.0,4,652.0,0.0,0,0,1,5,884.3619444444444
2839,5,4.0,7,361.0,4.0,0,0,0,10,1822.9166666666667
753,29,2.0,111,21.0,40.0,171,190,23,22,95282.49638888887
2872,6,2.0,6,650.0,2.0,0,0,5,10,3164.7555555555555
2882,4,2.0,3,364.0,1.0,0,0,2,4,146.0675
2896,5,4.0,4,1149.0,1.0,0,0,2,8,1443.5819444444446
2921,4,2.0,3,257.0,1.0,0,0,0,6,1794.2436111111112
2967,4,4.0,4,8.0,0.0,0,3,0,3,763.6772222222222
2989,7,2.0,9,649.0,3.0,1,10,0,10,4929.290555555555
2999,6,2.0,7,1148.0,2.0,0,5,0,10,2545.1272222222224
3075,5,2.0,13,111.0,6.0,0,4,0,6,1050.8641666666667
3080,4,2.0,3,170.0,3.0,1,4,0,1,173827.77305555556
3097,5,2.0,4,651.0,1.0,0,0,0,10,1802.7055555555555
3100,6,2.0,9,253.0,5.0,0,0,7,8,167131.40805555557
3106,6,5.0,5,172.0,1.0,0,5,6,4,167123.9275
3119,5,2.0,10,536.0,0.0,0,0,2,8,1875.5797222222225
3152,6,2.0,16,266.0,2.0,0,5,1,9,4178.371944444445
3170,3,2.0,7,648.0,4.0,0,0,0,3,7924.959722222222
3171,3,2.0,2,927.0,2.0,0,0,0,3,1008.4330555555556
3175,5,2.0,7,649.0,3.0,0,0,5,5,3342.014722222222
3177,4,2.0,3,461.0,0.0,0,0,0,6,771.847777777778
3179,4,2.0,3,467.0,1.0,0,3,0,3,167934.27055555556
3196,2,2.0,1,254.0,1.0,0,0,0,1,636.3255555555555
3197,4,2.0,5,362.0,3.0,0,3,0,3,12188.377777777778
3213,3,2.0,5,1403.0,3.0,0,0,1,2,548.7241666666666
3249,4,2.0,5,8.0,0.0,0,0,2,4,2713.5597222222223
3253,9,2.0,14,638.0,4.0,1,14,0,21,5401.93
3256,7,2.0,13,1144.0,6.0,0,6,1,14,5678.035555555555
3257,4,2.0,6,648.0,4.0,0,0,0,6,1493.8752777777777
3259,2,2.0,1,572.0,1.0,0,0,0,1,684.8327777777779
3272,3,2.0,5,648.0,4.0,0,0,2,1,2648.1427777777776
3275,1,2.0,0,1401.0,5.0,0,0,0,0,1105.8922222222222
3284,1,2.0,0,1401.0,5.0,0,0,0,0,3889.2425
3299,3,2.0,6,569.0,4.0,0,0,0,3,4290.586944444444
3302,3,2.0,3,1404.0,2.0,0,0,0,3,1126.801388888889
3333,2,2.0,2,1401.0,5.0,0,0,1,0,147042.12527777778
3334,1,2.0,0,1400.0,6.0,0,0,0,0,1068.1986111111112
3347,2,4.0,2,536.0,0.0,0,0,0,1,55.40472222222222
3348,7,2.0,10,364.0,1.0,0,6,9,6,67176.08388888888
3350,4,4.0,5,170.0,3.0,0,0,5,1,3789.109722222222
3358,4,2.0,6,254.0,4.0,0,0,4,2,2543.301388888889
3367,4,2.0,8,1400.0,6.0,0,3,2,1,1822.269166666667
3375,5,4.0,6,1147.0,3.0,0,0,2,8,2521.7313888888893
3381,2,2.0,1,381.0,1.0,0,0,1,0,1153.908611111111
3404,2,2.0,2,571.0,2.0,0,0,1,0,46.228888888888896
3407,3,4.0,5,535.0,1.0,0,0,0,3,179.24666666666667
3408,4,2.0,3,257.0,1.0,0,0,1,5,3713.8958333333335
3427,2,2.0,2,570.0,3.0,0,0,0,1,2648.646388888889
3438,4,4.0,5,461.0,0.0,0,3,1,2,194462.84833333333
3440,6,6.0,7,380.0,2.0,0,5,5,5,2932.2666666666664
3505,14,2.0,25,461.0,0.0,0,0,55,36,1198.7263888888888
3510,3,2.0,3,1404.0,2.0,0,0,2,1,481.3716666666666
3511,6,4.0,8,642.0,0.0,0,0,8,7,3020.7958333333336
3529,7,2.0,10,568.0,5.0,0,6,4,11,4190.901944444445
3546,5,2.0,6,641.0,1.0,1,6,0,3,2354.0716666666667
3547,2,2.0,1,928.0,1.0,0,0,0,1,1482.3702777777778
3553,9,4.0,14,649.0,3.0,0,8,10,18,164.92166666666665
3565,4,4.0,4,319.0,1.0,0,3,2,1,2749.561111111111
3588,5,5.0,7,218.0,2.0,0,4,5,1,212.66000000000005
3605,11,5.0,23,238.0,1.0,1,18,11,25,3186.531388888889
3624,4,5.0,4,461.0,0.0,0,0,3,3,1830.7583333333328
3626,3,3.0,2,87.0,1.0,1,2,0,0,9925.75888888889
3627,3,2.0,2,87.0,1.0,0,0,0,3,9925.372222222224
3628,2,4.0,2,534.0,2.0,0,0,0,1,30.3375
3631,3,5.0,4,769.0,1.0,0,0,2,1,1.7475
3660,2,2.0,1,1401.0,5.0,0,0,1,0,2297.1402777777776
3698,4,2.0,3,651.0,1.0,0,0,0,6,2159.695
3736,7,4.0,7,116.0,1.0,0,0,1,20,1524.4772222222225
3739,3,2.0,5,648.0,4.0,0,0,3,0,11653.021111111111
3740,3,2.0,6,1401.0,5.0,0,0,2,1,2245.7866666666664
3752,3,2.0,6,647.0,5.0,0,0,0,3,2347.4975
3763,5,2.0,8,3.0,4.0,0,4,0,6,1895.608333333333
3776,5,4.0,7,218.0,2.0,0,4,2,4,6551.803611111111
3782,3,2.0,6,534.0,2.0,0,0,0,3,573.2075
3787,6,4.0,9,1837.0,2.0,0,5,2,8,3209.493055555556
3800,6,5.0,14,108.0,9.0,0,5,3,7,1730.125
3818,4,2.0,4,1381.0,1.0,0,0,5,1,5186.85
3829,2,2.0,1,766.0,4.0,0,0,0,1,28.45861111111111
3861,6,2.0,6,254.0,1.0,0,0,2,13,6528.513611111112
3864,4,2.0,6,649.0,3.0,0,0,4,2,2185.478611111111
3870,2,4.0,2,363.0,2.0,0,0,0,1,828.6230555555555
3874,3,4.0,6,361.0,4.0,0,0,0,3,138.75722222222225
3878,2,4.0,2,1148.0,2.0,0,0,1,0,1860.4475
3879,2,4.0,2,1148.0,2.0,0,0,0,1,1860.450277777778
3893,5,4.0,5,332.0,2.0,0,0,4,6,974.5186111111112
3909,3,2.0,2,146.0,1.0,1,2,0,0,2163.746111111111
3930,2,2.0,4,254.0,4.0,0,0,0,1,2152.4225
3959,3,2.0,3,115.0,2.0,0,0,0,3,123.4897222222222
3973,3,2.0,3,1404.0,2.0,0,0,1,2,2156.7736111111108
3974,4,5.0,3,257.0,1.0,0,0,2,4,139.2486111111111
3978,3,5.0,2,1402.0,4.0,0,0,1,2,194.38666666666663
3999,11,2.0,16,646.0,6.0,3,24,5,23,9451.54
4001,3,5.0,3,650.0,2.0,0,0,0,3,983.8916666666668
4005,2,4.0,1,651.0,1.0,0,0,0,1,307.47
4008,3,2.0,4,649.0,3.0,0,0,0,3,2185.3780555555554
4009,2,4.0,1,651.0,1.0,0,0,0,1,307.345
4019,3,2.0,2,651.0,1.0,0,0,0,3,791.9908333333334
4020,4,4.0,5,650.0,2.0,0,0,0,6,2180.8819444444443
4022,4,4.0,5,332.0,2.0,0,0,2,4,481.89472222222224
4023,2,4.0,1,1403.0,3.0,0,0,0,1,2127.056666666667
4026,2,4.0,1,651.0,1.0,0,0,0,1,291.15472222222223
4033,34,4.0,57,,0.0,171,285,61,44,72718.0725
4036,2,4.0,1,651.0,1.0,0,0,0,1,290.17111111111114
4038,2,4.0,1,651.0,1.0,0,0,0,1,290.15722222222223
4045,4,2.0,3,1398.0,8.0,0,0,3,3,2112.6766666666663
4060,2,4.0,2,650.0,2.0,0,0,0,1,286.885
4063,5,4.0,6,652.0,0.0,0,4,0,6,4941.425833333335
4066,3,4.0,2,651.0,1.0,0,0,0,3,481.06916666666666
4074,4,4.0,3,651.0,1.0,0,0,0,6,5275.3925
4079,4,4.0,3,651.0,1.0,0,0,1,5,5320.448055555555
4084,4,4.0,6,254.0,4.0,0,0,1,5,2180.899444444445
4125,5,2.0,7,650.0,2.0,0,0,3,7,2636.831111111111
4128,7,2.0,14,804.0,2.0,0,0,15,6,3374.861944444444
4163,5,4.0,8,648.0,4.0,0,0,1,9,10271.241666666669
4178,3,5.0,6,533.0,3.0,0,0,0,3,138.8825
4227,6,3.0,6,219.0,1.0,0,5,6,4,485.26805555555546
4265,8,2.0,8,572.0,1.0,0,7,7,14,1658.6894444444445
4269,9,2.0,14,55.0,1.0,1,14,6,15,9219.47722222222
4316,4,2.0,3,1838.0,1.0,0,0,2,4,266.01472222222225
4322,9,2.0,11,216.0,2.0,0,8,6,22,784.7669444444444
4323,3,2.0,2,364.0,1.0,0,2,0,1,158410.17333333334
4324,4,2.0,5,461.0,0.0,0,0,2,4,2346.3608333333336
4357,8,5.0,17,376.0,6.0,0,0,8,20,6237.571666666667
4358,6,2.0,10,1144.0,6.0,0,0,5,10,4454.764722222222
4382,3,2.0,3,535.0,1.0,0,0,0,3,25.927777777777777
4400,2,2.0,1,1403.0,3.0,0,0,0,1,1864.5225
4406,7,2.0,11,927.0,2.0,0,0,7,14,3578.587777777778
4422,10,2.0,10,418.0,2.0,1,16,12,16,18980.9425
4429,3,2.0,3,535.0,1.0,0,2,0,1,643.8444444444444
4435,4,2.0,5,300.0,5.0,0,0,0,6,1693.5977777777775
4444,3,2.0,3,116.0,1.0,0,0,1,2,299.3122222222222
4445,7,2.0,9,8.0,0.0,0,0,8,13,821.75
4474,4,5.0,5,115.0,2.0,0,3,0,3,1491.0341666666668
4480,2,5.0,1,116.0,1.0,0,0,0,1,29.73138888888889
4509,2,2.0,1,1404.0,2.0,0,0,0,1,1776.4222222222222
4518,5,2.0,8,647.0,5.0,0,0,3,7,6885.604444444445
4559,7,2.0,12,330.0,4.0,0,0,1,20,3185.391111111111
611,1,2.0,0,641.0,1.0,0,0,0,0,5839.783055555556
612,1,2.0,0,641.0,1.0,0,0,0,0,5839.866388888889
4601,4,5.0,5,535.0,1.0,0,0,1,5,159.5711111111111
4614,3,2.0,4,1403.0,3.0,0,0,2,1,1694.0094444444444
4621,2,2.0,1,1405.0,1.0,0,0,0,1,40.49555555555556
4622,3,2.0,2,364.0,1.0,0,0,1,2,562.5897222222222
4628,1,2.0,0,1402.0,4.0,0,0,0,0,2917.365
4629,2,2.0,1,1404.0,2.0,0,0,0,1,1668.086388888889
4703,11,5.0,15,418.0,2.0,0,10,14,31,1012.55
4706,2,2.0,1,1404.0,2.0,0,0,0,1,1654.6483333333335
4715,4,2.0,3,365.0,0.0,0,0,3,3,1704.9644444444443
4725,6,4.0,14,1400.0,6.0,0,5,4,6,644.3172222222222
4727,4,2.0,6,113.0,4.0,0,0,0,6,1660.1669444444442
4750,2,2.0,1,1404.0,2.0,0,0,0,1,1647.4077777777777
4751,6,4.0,19,1835.0,4.0,0,5,0,10,5367.33611111111
4805,3,4.0,4,1403.0,3.0,0,0,1,2,596.7966666666666
4821,105,2.0,277,33.0,21.0,3486,1764,182,28,80623.14083333334
4822,4,2.0,3,651.0,1.0,0,0,0,6,668.1761111111111
4877,5,3.0,4,84.0,0.0,0,0,0,10,437.6405555555556
4920,13,2.0,22,648.0,4.0,6,36,9,27,21784.639444444445
4953,3,2.0,2,116.0,1.0,0,2,0,1,364.9558333333334
4958,4,2.0,6,268.0,0.0,0,3,0,3,27407.3175
4969,4,2.0,3,381.0,1.0,0,0,2,4,1543.7180555555556
5016,16,2.0,38,2934.0,5.0,36,63,9,12,129281.1938888889
5028,3,2.0,4,1404.0,2.0,0,0,2,1,71.47694444444444
5049,7,2.0,8,115.0,2.0,3,12,3,3,352.7991666666667
5054,3,2.0,3,103.0,2.0,0,0,2,1,1511.0572222222222
5067,4,3.0,3,390.0,1.0,0,3,0,3,3836.844722222222
5070,3,5.0,2,415.0,1.0,0,2,1,0,230.9608333333333
5077,3,2.0,2,1150.0,0.0,0,0,0,3,302.00194444444446
5094,4,2.0,7,360.0,5.0,0,0,2,4,1346.9569444444446
5109,6,2.0,10,266.0,2.0,0,0,2,13,1510.2777777777778
5128,3,2.0,2,573.0,0.0,0,2,0,1,1470.575
5141,4,2.0,3,364.0,1.0,0,0,1,5,66104.28055555557
5182,4,2.0,6,1402.0,4.0,0,0,1,5,1.9527777777777768
5220,2,2.0,1,1404.0,2.0,0,0,0,1,1436.1075
5224,4,4.0,5,256.0,2.0,0,0,3,3,3975.952222222222
5303,6,2.0,7,652.0,0.0,0,0,8,7,12760.493333333332
5312,4,4.0,7,1401.0,5.0,0,0,3,3,2762.486944444445
5363,3,5.0,2,116.0,1.0,0,2,0,1,97291.3763888889
5374,3,2.0,2,535.0,1.0,0,0,0,3,1006.5319444444444
5376,9,4.0,13,53.0,3.0,0,0,14,22,8575.29611111111
5387,3,4.0,3,651.0,1.0,0,0,0,3,510.8827777777778
5426,2,4.0,1,364.0,1.0,0,0,0,1,1327.0741666666668
5437,2,2.0,1,535.0,1.0,0,0,0,1,71.06305555555555
5472,8,5.0,14,330.0,4.0,0,0,5,23,905.2277777777778
5485,3,2.0,2,381.0,1.0,0,0,2,1,1736.3902777777778
5497,2,3.0,1,651.0,1.0,0,0,0,1,1201.198611111111
5522,12,2.0,22,530.0,6.0,10,35,11,10,18813.96972222222
5625,3,2.0,7,1835.0,4.0,0,0,0,3,1739.0005555555558
5630,4,2.0,4,1404.0,2.0,0,3,1,2,1685.861111111111
5637,5,5.0,5,1404.0,2.0,0,0,2,8,44.80027777777778
5642,4,2.0,4,918.0,2.0,0,3,2,1,177908.58722222224
5677,5,4.0,5,419.0,1.0,0,0,5,5,1197.7930555555558
5679,2,2.0,1,1405.0,1.0,0,0,0,1,1144.401388888889
5692,4,2.0,4,49.0,1.0,1,4,0,1,820.9950000000001
5693,53,2.0,167,2896.0,43.0,276,696,250,156,26981.0275
5697,4,2.0,6,107.0,4.0,0,3,2,1,166961.92277777777
5730,3,4.0,2,652.0,0.0,0,0,2,1,167347.43277777778
5741,2,2.0,1,1404.0,2.0,0,0,0,1,1126.0847222222224
5763,4,2.0,6,254.0,4.0,0,0,0,6,949.8527777777778
5850,4,5.0,5,331.0,3.0,0,0,0,6,83.10416666666667
5852,5,2.0,8,928.0,1.0,0,0,5,5,1781.9630555555557
5853,2,2.0,1,1405.0,1.0,0,0,0,1,94.69416666666666
5871,7,2.0,6,381.0,1.0,0,6,5,10,10325.533055555556
5885,6,2.0,6,927.0,2.0,0,5,3,7,1776.7675000000002
5886,6,2.0,7,237.0,2.0,0,5,2,8,3191.3236111111114
5911,3,2.0,8,570.0,3.0,0,0,2,1,1663.336388888889
5944,8,6.0,13,927.0,2.0,0,7,2,19,3849.2730555555554
5949,3,6.0,4,255.0,3.0,0,0,0,3,317.0905555555555
5953,2,2.0,1,1402.0,4.0,0,0,0,1,986.8802777777778
5978,5,4.0,6,1837.0,2.0,0,0,3,7,1489.1005555555555
6009,3,3.0,2,84.0,0.0,0,2,0,1,443.9972222222223
6033,3,2.0,3,363.0,2.0,0,0,2,1,988.5825
6051,3,2.0,3,651.0,1.0,0,2,0,1,986.2408333333334
6053,12,4.0,52,363.0,11.0,3,27,15,21,169265.6902777778
6055,5,2.0,5,640.0,2.0,0,0,4,6,90.9597222222222
6069,2,2.0,1,364.0,1.0,0,0,0,1,1072.3130555555556
6071,6,2.0,10,24.0,1.0,0,5,1,9,4583.415833333334
6073,4,2.0,7,360.0,5.0,0,3,0,3,3734.1405555555552
6086,7,2.0,17,649.0,3.0,0,6,4,11,2369.915555555556
6106,4,4.0,7,1406.0,0.0,1,4,1,0,239.35527777777776
6109,3,1.0,2,254.0,1.0,0,2,0,1,600.8680555555555
6121,3,2.0,4,362.0,3.0,0,0,0,3,2756.6530555555555
6125,6,2.0,15,359.0,6.0,0,0,7,8,11284.658333333333
6135,3,5.0,3,115.0,2.0,0,2,0,1,1079.8572222222222
6152,2,2.0,2,363.0,2.0,0,0,0,1,1026.6366666666668
6159,6,2.0,11,8.0,0.0,0,0,8,7,1608.026388888889
6161,3,2.0,2,535.0,1.0,0,2,0,1,599.665
6185,4,2.0,3,535.0,1.0,0,3,1,2,560.2352777777779
6212,5,2.0,7,1838.0,1.0,0,4,1,5,4723.8925
6213,2,2.0,1,651.0,1.0,0,0,0,1,716.4866666666667
6221,6,2.0,11,208.0,1.0,0,0,1,14,2872.405555555556
6251,4,2.0,4,418.0,2.0,0,0,0,6,3535.3297222222222
6296,4,5.0,4,364.0,1.0,0,0,0,6,65478.82555555556
6334,8,2.0,10,46.0,4.0,0,0,13,15,9772.511666666667
6354,5,2.0,7,649.0,3.0,0,0,6,4,2.625
6367,3,6.0,2,535.0,1.0,0,0,1,2,89.3152777777778
6399,6,6.0,7,392.0,2.0,0,0,7,8,267.4766666666667
6421,4,5.0,3,651.0,1.0,0,3,1,2,792.7172222222223
6447,3,2.0,2,641.0,1.0,0,2,0,1,817.1161111111112
6449,9,2.0,17,370.0,4.0,0,0,20,16,6334.495000000001
6508,5,6.0,6,650.0,2.0,0,0,0,10,837.2655555555556
6526,4,2.0,3,68.0,1.0,1,4,1,0,190547.82194444444
6551,2,2.0,1,366.0,4.0,0,0,1,0,393.9855555555555
6573,3,2.0,2,651.0,1.0,0,0,0,3,9675.363333333333
6586,6,2.0,7,266.0,2.0,0,0,7,8,172074.5638888889
6637,3,2.0,5,378.0,4.0,0,0,0,3,4718.6880555555545
6656,5,2.0,6,266.0,2.0,0,4,1,5,15175.015555555558
6665,3,2.0,3,1404.0,2.0,0,0,0,3,745.3241666666667
6723,2,2.0,1,50.0,0.0,0,0,1,0,356.9669444444445
6732,3,2.0,4,1403.0,3.0,0,0,1,2,2070.3419444444444
6737,4,2.0,3,6.0,1.0,0,3,2,1,552.025
6751,3,6.0,3,389.0,2.0,0,0,2,1,27.10777777777778
6764,2,2.0,1,1404.0,2.0,0,0,0,1,139.83333333333334
6776,3,2.0,3,128.0,2.0,0,0,1,2,696.7119444444445
6778,2,2.0,1,379.0,3.0,0,0,0,1,696.623611111111
6779,7,2.0,11,55.0,1.0,0,0,4,17,7894.956944444444
6785,2,2.0,1,364.0,1.0,0,0,0,1,668.7169444444445
6819,16,2.0,33,220.0,0.0,1,28,50,41,3593.9025
6867,4,6.0,6,648.0,4.0,0,0,0,6,1201.47
6882,3,3.0,5,1404.0,2.0,0,0,0,3,1843.7444444444443
6884,2,2.0,1,1403.0,3.0,0,0,0,1,618.09
6929,4,2.0,9,115.0,5.0,1,4,1,0,748.2408333333334
6955,4,2.0,4,266.0,2.0,0,0,0,6,552.2691666666667
6957,3,2.0,2,1404.0,2.0,0,0,0,3,598.3022222222222
6958,3,2.0,3,1404.0,2.0,0,0,0,3,545.0041666666666
6968,2,2.0,1,1400.0,6.0,0,0,0,1,532.4802777777777
7001,5,4.0,7,640.0,2.0,0,0,1,9,6048.27
7026,4,2.0,10,1405.0,1.0,0,0,1,5,570.1433333333333
7038,7,5.0,12,328.0,6.0,1,10,1,9,2073.268333333333
7048,7,2.0,7,651.0,1.0,0,6,5,10,9822.492222222225
7059,3,2.0,2,130.0,0.0,0,0,0,3,507.2241666666666
7081,6,2.0,8,651.0,1.0,0,5,0,10,2861.5999999999995
7083,4,2.0,4,535.0,1.0,0,0,0,6,190.9063888888889
7091,5,6.0,6,128.0,2.0,0,0,9,1,4056.442222222222
7115,5,2.0,5,83.0,1.0,0,4,1,5,9460.818333333333
7125,4,2.0,7,1836.0,3.0,0,3,0,3,3053.3952777777777
7133,3,2.0,5,638.0,4.0,0,0,1,2,3506.498055555556
7144,4,1.0,4,1405.0,1.0,0,0,2,4,2230.034722222222
7193,4,5.0,4,115.0,2.0,0,3,1,2,546.4616666666668
7199,3,4.0,2,1405.0,1.0,0,0,0,3,493.72777777777776
7222,5,2.0,9,1402.0,4.0,0,0,6,4,970.3016666666666
7304,7,2.0,11,649.0,3.0,0,0,6,15,8689.344166666668
7312,6,2.0,6,1317.0,1.0,0,0,4,11,1913.905
7359,7,2.0,10,651.0,1.0,0,6,5,10,8514.9975
7385,3,4.0,2,1405.0,1.0,0,2,0,1,393.7416666666667
7404,19,5.0,35,649.0,3.0,15,78,31,47,8450.524166666666
7440,2,2.0,1,1403.0,3.0,0,0,0,1,863.910277777778
7453,4,2.0,3,1149.0,1.0,0,3,0,3,2822.0538888888887
7496,6,2.0,5,651.0,1.0,0,0,0,15,2779.5375000000004
7499,4,4.0,5,1838.0,1.0,0,3,0,3,1560.1066666666666
7503,3,2.0,2,116.0,1.0,0,0,0,3,327.67333333333335
7507,3,2.0,2,116.0,1.0,0,0,0,3,315.49888888888887
7509,3,2.0,9,1839.0,0.0,0,0,1,2,3167.889722222222
7629,3,2.0,3,58.0,3.0,0,0,0,3,414.41333333333336
7630,9,2.0,8,641.0,1.0,0,8,2,26,6523.530833333334
7643,3,2.0,2,89.0,1.0,0,2,0,1,231.115
7650,4,2.0,6,682.0,2.0,0,0,0,6,1467.5524999999998
7777,7,3.0,7,318.0,2.0,1,10,6,4,4706.988055555556
7781,3,2.0,4,1403.0,3.0,0,2,0,1,221.225
7818,4,5.0,6,650.0,2.0,0,0,2,4,673.5338888888889
7856,7,2.0,11,461.0,0.0,0,0,2,19,2643.194444444444
7913,5,2.0,6,1134.0,16.0,0,4,2,4,11191.243333333334
7934,2,2.0,1,536.0,0.0,0,0,0,1,126.10416666666666
7935,2,2.0,1,1147.0,3.0,0,0,0,1,126.07194444444444
7936,4,3.0,5,334.0,0.0,0,0,0,6,193.2841666666667
8044,2,6.0,2,363.0,2.0,0,0,0,1,633.3763888888889
8063,5,2.0,5,1839.0,0.0,0,4,1,5,2899.698888888889
8065,16,5.0,48,1137.0,13.0,6,48,21,45,21347.62277777777
8082,5,2.0,9,80.0,0.0,0,4,1,5,1724.6888888888889
8093,3,4.0,2,364.0,1.0,0,0,0,3,376.8891666666667
8174,4,2.0,5,1403.0,3.0,0,0,3,3,830.4455555555555
8209,12,4.0,29,1139.0,11.0,10,35,10,11,22874.836388888893
8218,5,2.0,5,267.0,1.0,0,4,0,6,746.8480555555556
8253,19,2.0,62,28.0,14.0,28,88,23,32,163641.88
8267,2,2.0,1,1404.0,2.0,0,0,0,1,527.0766666666667
8268,2,2.0,1,1403.0,3.0,0,0,0,1,189.2275
8272,5,2.0,5,1404.0,2.0,0,0,5,5,5425.291111111112
8286,8,4.0,12,647.0,5.0,0,7,6,15,8111.271388888888
8341,4,6.0,4,393.0,1.0,0,3,0,3,578.1033333333334
8367,2,5.0,1,1405.0,1.0,0,0,0,1,14.58861111111111
8386,2,2.0,1,1405.0,1.0,0,0,0,1,488.50694444444446
8399,4,2.0,4,651.0,1.0,0,0,2,4,8083.2555555555555
8465,3,2.0,4,379.0,3.0,0,0,0,3,646.8961111111112
8479,2,2.0,1,1404.0,2.0,0,0,0,1,463.415
8480,2,2.0,1,1404.0,2.0,0,0,0,1,463.3944444444444
8482,2,2.0,1,1404.0,2.0,0,0,0,1,463.38
8512,3,4.0,4,363.0,2.0,0,0,0,3,1434.9924999999998
8514,4,2.0,13,1398.0,8.0,0,3,0,3,2136.887222222222
8516,4,2.0,4,418.0,2.0,0,3,2,1,2420.268611111111
8588,2,4.0,1,652.0,0.0,0,0,0,1,527.0038888888888
8625,3,2.0,3,418.0,2.0,0,0,0,3,2348.401944444445
8694,4,5.0,3,651.0,1.0,0,3,2,1,1704.033611111111
8716,4,2.0,4,87.0,1.0,1,4,0,1,182152.59805555557
8724,6,2.0,8,681.0,3.0,0,0,4,11,5257.276666666667
8740,8,2.0,36,1828.0,11.0,0,0,12,16,10604.377222222223
8915,5,2.0,6,365.0,0.0,0,4,5,1,3747.8952777777777
8948,2,2.0,1,365.0,0.0,0,0,0,1,390.2658333333333
8976,4,5.0,7,22.0,3.0,0,3,2,1,2185.838055555556
9043,6,2.0,7,535.0,1.0,0,5,2,8,1732.47
9047,10,2.0,10,652.0,0.0,3,21,6,15,18307.871944444443
9076,8,2.0,16,325.0,9.0,0,7,6,15,9632.82861111111
9098,3,2.0,2,1405.0,1.0,0,0,0,3,168.98583333333332
9114,2,6.0,1,730.0,12.0,0,0,0,1,1317.479722222222
9140,23,2.0,59,213.0,5.0,15,102,47,89,9050.318055555555
9174,5,5.0,5,104.0,1.0,0,0,5,5,10497.245
9201,9,2.0,23,1755.0,4.0,3,18,7,8,12130.758055555554
9211,3,2.0,5,1835.0,4.0,0,2,0,1,2763.4980555555558
9232,3,2.0,3,380.0,2.0,0,0,0,3,260.1330555555556
9236,2,5.0,3,1403.0,3.0,0,0,0,1,589.8502777777778
9246,5,2.0,4,1403.0,3.0,0,0,0,10,3591.6822222222218
9248,2,2.0,1,536.0,0.0,0,1,0,0,104.92111111111112
9250,2,2.0,2,1404.0,2.0,0,0,0,1,1017.703888888889
9280,3,2.0,5,1402.0,4.0,0,0,0,3,2330.3697222222218
9288,5,6.0,6,536.0,0.0,0,0,8,2,40.95111111111111
9301,3,2.0,3,1404.0,2.0,0,0,0,3,43.2888888888889
9325,3,2.0,2,641.0,1.0,0,0,2,1,8470.840833333332
9341,7,5.0,16,106.0,4.0,0,0,10,11,6552.260833333333
9381,1,6.0,0,536.0,0.0,0,0,0,0,24.931111111111107
9387,3,2.0,9,326.0,8.0,0,2,0,1,167.4111111111111
9392,16,2.0,30,364.0,1.0,15,60,16,29,38374.33805555556
9396,6,2.0,9,570.0,3.0,0,0,3,12,8761.51
9413,31,2.0,56,1033.0,11.0,231,198,23,13,150254.22305555557
9456,8,6.0,15,255.0,3.0,0,7,5,16,3473.098888888889
9498,4,2.0,3,1838.0,1.0,0,3,0,3,2169.880277777778
9501,3,2.0,3,380.0,2.0,0,0,0,3,3516.326666666667
9564,2,2.0,1,316.0,4.0,0,0,1,0,413.0194444444445
9614,8,4.0,11,390.0,1.0,0,0,14,14,3911.146111111111
9708,6,2.0,10,364.0,6.0,0,0,10,5,1198.1647222222225
9721,3,2.0,3,650.0,2.0,0,0,2,1,8775.597777777777
9740,2,2.0,3,365.0,0.0,0,0,0,1,2958.222777777777
9744,6,2.0,5,995.0,5.0,0,0,6,9,17978.639444444445
9777,4,2.0,5,23.0,2.0,0,0,3,3,2500.451111111111
9779,6,2.0,9,361.0,4.0,0,0,4,11,5729.684444444444
9781,6,2.0,7,332.0,2.0,0,0,1,14,2589.7152777777783
9799,4,2.0,6,1402.0,4.0,0,0,2,4,741.2605555555556
9808,4,2.0,3,9.0,0.0,0,3,3,0,6073.987222222224
9827,2,2.0,1,394.0,0.0,0,0,1,0,13664.519166666663
9849,14,1.0,32,262.0,3.0,1,24,26,40,85105.69805555555
9855,4,2.0,7,1837.0,2.0,0,0,0,6,2139.8727777777776
9859,3,3.0,2,1381.0,1.0,0,0,1,2,542.6536111111111
9891,3,2.0,2,238.0,1.0,0,0,1,2,114.7536111111111
9899,3,2.0,3,381.0,1.0,0,0,0,3,284.35027777777776
9908,8,2.0,7,996.0,4.0,0,7,0,21,18126.124722222223
9920,2,2.0,1,996.0,4.0,0,0,1,0,8712.97
9926,4,5.0,4,57.0,4.0,0,0,2,4,5670.748055555556
9930,3,2.0,6,377.0,5.0,0,0,0,3,1109.3133333333333
9934,6,2.0,5,996.0,4.0,0,0,0,15,17928.53861111111
9941,4,2.0,3,104.0,1.0,0,0,3,3,6357.834722222222
9951,3,2.0,2,238.0,1.0,0,0,0,3,502.7536111111111
9952,4,2.0,4,266.0,2.0,0,0,1,5,483.14638888888896
9957,1,2.0,0,365.0,0.0,0,0,0,0,143.38361111111112
9971,7,5.0,10,253.0,5.0,1,10,3,7,4838.860833333333
9979,7,2.0,10,368.0,2.0,0,0,15,6,8249.504722222224
9999,5,2.0,9,205.0,4.0,0,0,5,5,3846.6475
10005,6,2.0,5,368.0,2.0,0,0,11,4,216289.8163888889
10007,5,5.0,9,50.0,0.0,0,4,0,6,8574.060555555556
10009,8,2.0,17,533.0,3.0,0,7,10,11,216289.6663888889
10013,5,2.0,12,1141.0,9.0,0,0,3,7,2064.925833333333
10014,5,6.0,6,1406.0,0.0,0,0,6,4,216288.12416666665
10016,7,5.0,12,317.0,3.0,0,6,7,8,216287.4838888889
10023,3,2.0,2,24.0,1.0,0,2,1,0,216286.14305555556
10024,2,2.0,2,1144.0,6.0,0,0,0,1,740.6472222222222
10026,9,2.0,8,572.0,1.0,0,0,16,20,216285.13555555555
10036,18,1.0,30,458.0,3.0,0,0,81,72,216282.5580555556
10037,5,4.0,5,90.0,2.0,0,4,4,2,216281.8125
10049,7,2.0,10,218.0,0.0,0,6,2,13,216275.67
10050,5,4.0,6,278.0,0.0,0,0,5,5,216274.96555555557
10058,3,2.0,2,995.0,5.0,0,0,2,1,6604.634166666667
10063,4,2.0,3,1405.0,1.0,0,0,2,4,4280.432222222223
10064,5,2.0,5,332.0,2.0,0,0,2,8,216262.58916666676
10075,5,2.0,9,251.0,4.0,0,4,4,2,216259.2675
10083,4,5.0,3,320.0,0.0,0,0,3,3,216246.7552777778
10089,5,2.0,6,66.0,3.0,0,4,3,3,216241.6144444444
10091,5,2.0,5,118.0,2.0,0,0,9,1,216241.18861111108
10092,5,2.0,4,0.0,1.0,0,4,0,6,216241.15222222224
10107,4,2.0,4,253.0,2.0,0,0,0,6,216895.97583333333
10109,3,2.0,2,254.0,1.0,0,0,0,3,216233.3755555556
10120,5,2.0,7,66.0,3.0,0,4,0,6,216218.2819444445
10122,3,4.0,2,461.0,0.0,0,0,2,1,216216.90944444443
10126,4,6.0,4,105.0,0.0,0,0,5,1,216215.72972222217
10127,4,2.0,3,322.0,0.0,0,0,3,3,216215.32194444444
10138,10,6.0,25,640.0,2.0,1,16,20,8,216212.88888888888
10140,7,4.0,8,534.0,2.0,0,0,8,13,216212.61027777777
10142,3,2.0,2,214.0,0.0,0,0,0,3,216212.635
10157,5,5.0,5,97.0,2.0,3,6,0,1,216210.5261111111
10158,12,6.0,13,373.0,1.0,0,0,42,24,216210.50638888887
10162,3,6.0,2,461.0,0.0,0,0,1,2,216210.24138888883
10173,8,2.0,9,363.0,2.0,0,0,12,16,216208.8780555556
10177,3,2.0,2,1143.0,2.0,0,0,2,1,216206.5338888889
10180,6,4.0,7,213.0,1.0,0,5,3,7,216205.51638888888
10188,5,4.0,4,91.0,1.0,0,0,2,8,216204.6719444444
10192,3,2.0,2,,0.0,0,0,1,2,216204.8355555556
10195,5,3.0,5,535.0,1.0,0,4,2,4,216201.64666666667
10196,4,4.0,3,1150.0,0.0,0,0,1,5,216199.76472222223
10201,4,2.0,4,19.0,2.0,0,3,3,0,216197.36722222227
10204,4,4.0,4,1404.0,2.0,0,0,3,3,216196.2986111111
10205,8,4.0,14,211.0,3.0,0,0,8,20,216194.76416666663
10207,12,6.0,51,454.0,7.0,0,0,21,45,216192.0508333333
10208,8,2.0,21,1396.0,10.0,0,7,6,15,8452.444722222222
10214,6,4.0,6,534.0,2.0,0,5,5,5,204091.3463888889
10228,5,5.0,7,391.0,0.0,0,0,6,4,216187.65305555557
10231,4,5.0,7,365.0,5.0,0,0,3,3,216186.6425
10240,4,6.0,8,390.0,4.0,1,4,0,1,216186.4355555556
10241,7,5.0,9,23.0,2.0,0,6,4,11,216185.67166666663
10253,5,5.0,4,1381.0,1.0,0,0,4,6,216185.43527777775
10261,4,4.0,5,417.0,3.0,0,0,2,4,216181.40055555556
10262,11,2.0,32,1034.0,10.0,1,18,23,13,216179.93083333332
10275,10,2.0,12,48.0,2.0,0,0,12,33,1635.1241666666665
10281,3,2.0,2,208.0,1.0,0,0,1,2,216168.0711111111
10296,5,5.0,5,535.0,1.0,0,0,0,10,216162.5877777778
10301,5,2.0,6,1147.0,3.0,0,0,6,4,216161.07166666663
10306,6,2.0,12,40.0,1.0,0,5,3,7,216158.61194444445
10311,5,2.0,7,109.0,4.0,0,0,3,7,216153.34833333333
10321,8,2.0,8,76.0,2.0,0,0,14,14,216144.40555555557
10329,4,4.0,5,465.0,3.0,0,0,1,5,216141.55777777775
10332,4,2.0,4,459.0,2.0,0,0,3,3,216141.3625
10335,11,6.0,30,401.0,6.0,0,10,27,18,216140.8488888889
10341,3,5.0,4,127.0,3.0,0,0,1,2,216140.6041666667
10343,3,5.0,4,47.0,3.0,0,0,2,1,216140.3347222222
10349,3,4.0,6,146.0,5.0,0,0,1,2,216138.9983333333
10350,6,2.0,9,381.0,1.0,0,5,2,8,216139.3155555556
10354,3,2.0,2,2.0,2.0,0,2,1,0,216139.16638888887
10355,5,4.0,4,98.0,1.0,0,0,2,8,216138.7602777778
10361,6,2.0,12,54.0,3.0,6,8,0,1,216138.1838888889
10363,5,5.0,7,75.0,3.0,0,0,2,8,216138.1719444444
10374,4,4.0,3,545.0,2.0,0,0,0,6,216137.50083333332
10380,5,2.0,5,1150.0,0.0,0,4,1,5,1606.548888888889
10382,5,4.0,6,320.0,2.0,0,0,4,6,216135.77444444445
10389,9,2.0,11,312.0,8.0,0,0,19,17,216132.33416666667
10391,6,3.0,7,651.0,1.0,3,9,0,3,5952.42888888889
10392,4,2.0,4,216.0,2.0,0,0,2,4,216122.67666666664
10393,4,2.0,3,128.0,2.0,0,0,1,5,216122.01
10395,4,3.0,4,237.0,2.0,0,0,0,6,216120.82694444444
10396,8,2.0,11,318.0,4.0,1,12,10,5,204022.86277777777
10398,6,6.0,10,571.0,2.0,0,5,1,9,216120.7380555556
10401,4,4.0,3,84.0,0.0,0,3,0,3,216120.54611111112
10404,6,2.0,5,364.0,1.0,0,0,2,13,216119.02111111116
10406,6,6.0,12,,0.0,0,0,3,12,216118.94027777776
10407,4,2.0,4,129.0,1.0,0,0,0,6,216119.1725
10408,5,2.0,16,,0.0,0,4,2,4,216119.15
10419,4,2.0,9,220.0,4.0,0,3,2,1,216116.3
10426,7,2.0,7,571.0,2.0,0,6,7,8,216114.7025
10428,5,4.0,7,317.0,3.0,0,0,2,8,216776.63638888884
10433,5,2.0,4,84.0,0.0,0,0,2,8,216113.05472222224
10434,14,2.0,25,1148.0,2.0,0,13,24,54,216112.83972222224
10440,3,6.0,5,536.0,0.0,0,0,0,3,523.2049999999999
10450,7,2.0,6,641.0,1.0,0,0,4,17,216096.1675
10453,8,2.0,8,83.0,1.0,0,0,9,19,216095.45194444444
10456,13,6.0,30,326.0,8.0,0,0,35,43,233383.68166666664
10465,16,2.0,38,786.0,20.0,0,15,66,39,216076.35166666663
10469,4,2.0,10,1398.0,8.0,0,0,1,5,3051.593055555556
10470,12,2.0,29,,0.0,1,20,20,25,216069.3036111111
10473,4,2.0,4,118.0,2.0,0,0,3,3,216067.56666666665
10474,4,2.0,3,78.0,1.0,0,3,0,3,216067.85888888888
10479,7,4.0,11,363.0,2.0,0,6,4,11,216064.41472222225
10485,6,2.0,11,234.0,5.0,0,0,0,15,216063.87055555556
10487,4,4.0,3,651.0,1.0,0,0,2,4,255.84250000000003
10494,5,2.0,5,332.0,2.0,0,0,0,10,216057.70305555552
10500,5,2.0,4,321.0,1.0,0,0,1,9,216050.10055555555
10503,13,6.0,23,635.0,7.0,0,0,22,56,216049.9316666667
10504,6,6.0,6,769.0,1.0,0,0,6,9,216049.8591666667
10510,4,6.0,3,928.0,1.0,0,0,3,3,458.2744444444445
10514,7,2.0,6,651.0,1.0,0,6,3,12,7996.795833333334
10515,5,2.0,4,683.0,1.0,0,0,6,4,216047.07944444445
10516,5,6.0,7,571.0,2.0,0,0,4,6,204977.2269444444
10525,4,2.0,5,767.0,3.0,0,0,1,5,216045.22666666663
10527,6,5.0,8,110.0,3.0,0,0,6,9,216044.74611111108
10538,4,4.0,4,1146.0,4.0,0,0,1,5,169.22
10547,7,2.0,7,1402.0,4.0,1,10,1,9,146034.9847222222
10551,11,1.0,15,802.0,4.0,1,18,11,25,216039.1975
10552,4,4.0,5,288.0,2.0,0,0,3,3,216039.27055555556
10555,4,4.0,3,12.0,1.0,0,3,1,2,216038.38583333336
10559,3,4.0,2,13.0,0.0,0,0,0,3,216037.5930555556
10560,5,2.0,4,219.0,1.0,0,0,0,10,216037.57361111112
10566,6,6.0,7,54.0,7.0,0,0,9,6,216036.51972222223
10568,5,2.0,5,289.0,1.0,0,0,0,10,216035.8136111111
10571,6,2.0,8,458.0,3.0,0,0,3,12,216035.2133333333
10573,11,2.0,11,651.0,1.0,0,0,22,33,17650.666944444445
10574,8,2.0,8,650.0,2.0,0,7,0,21,17648.6725
10577,7,2.0,8,82.0,2.0,0,0,5,16,216028.23888888888
10587,6,2.0,5,49.0,1.0,0,0,3,12,216025.0497222222
10596,5,2.0,4,217.0,1.0,0,0,0,10,216023.3830555556
10598,4,2.0,3,443.0,1.0,0,0,3,3,216022.50444444444
10601,7,6.0,9,149.0,2.0,0,0,7,14,216022.0738888889
10603,8,6.0,12,472.0,4.0,0,0,10,18,216021.63638888887
10604,5,2.0,5,278.0,0.0,0,4,2,4,216021.60472222223
10609,6,5.0,9,214.0,4.0,0,0,8,7,216020.4869444444
10613,13,2.0,31,200.0,9.0,0,12,21,45,216019.8283333333
10616,7,4.0,7,77.0,2.0,0,0,8,13,216019.9980555556
10617,4,2.0,7,1402.0,4.0,0,0,0,6,216018.47083333333
10621,4,2.0,3,764.0,6.0,0,0,0,6,216017.7525
10623,5,2.0,10,150.0,1.0,0,0,0,10,216018.0186111111
10624,5,2.0,5,364.0,1.0,0,0,0,10,216017.49777777775
10629,5,4.0,4,78.0,1.0,0,0,3,7,216016.98138888887
10630,5,2.0,4,538.0,1.0,0,4,0,6,216016.7291666667
10632,4,2.0,6,457.0,4.0,0,0,0,6,216015.36361111116
10633,5,2.0,4,535.0,1.0,0,0,4,6,216015.33666666667
10652,5,6.0,7,45.0,3.0,0,0,6,4,216002.4675
10656,4,2.0,3,150.0,1.0,0,0,0,6,216001.2561111111
10665,4,2.0,6,367.0,3.0,0,0,0,6,216000.2219444445
10674,3,2.0,4,371.0,3.0,0,0,2,1,215998.95472222223
10683,9,2.0,16,366.0,4.0,0,0,6,30,216660.25694444444
10686,7,2.0,8,389.0,2.0,0,0,5,16,216659.8722222222
10690,9,6.0,11,473.0,3.0,0,0,13,23,215996.3661111111
10699,8,4.0,14,413.0,3.0,0,7,3,18,7697.743333333334
10706,7,4.0,8,389.0,2.0,0,0,6,15,215993.98361111112
10712,4,2.0,8,1404.0,2.0,0,3,0,3,1150.620277777778
10713,74,2.0,328,105.0,83.0,1128,1248,186,139,78460.76499999998
10716,4,2.0,7,637.0,5.0,0,3,0,3,836.1097222222222
10725,5,4.0,5,67.0,2.0,0,0,0,10,215982.84972222225
10746,6,2.0,9,924.0,5.0,0,5,0,10,215977.4547222222
10749,6,2.0,7,545.0,2.0,0,5,0,10,215976.94833333333
10752,4,2.0,3,546.0,1.0,0,0,0,6,215977.17527777777
10753,4,2.0,3,546.0,1.0,0,0,0,6,215977.1105555556
10755,4,2.0,3,545.0,2.0,0,0,0,6,215976.68916666668
10757,4,6.0,4,544.0,3.0,0,0,0,6,215976.72194444443
10759,5,2.0,6,649.0,3.0,0,4,2,4,215976.18722222224
10762,6,5.0,5,364.0,1.0,0,0,5,10,8405.271111111111
10766,5,2.0,4,126.0,1.0,0,0,4,6,215974.43833333327
10768,3,2.0,2,278.0,0.0,0,0,1,2,215974.0297222222
10772,3,2.0,2,22.0,2.0,0,0,0,3,215973.5113888889
10761,5,2.0,14,33.0,0.0,0,0,1,9,215975.31888888887
10776,3,1.0,3,76.0,2.0,0,0,0,3,215972.4775
10789,7,2.0,10,405.0,2.0,0,0,3,18,215972.2769444445
10794,10,2.0,13,405.0,2.0,0,9,10,26,215971.61111111112
10802,11,4.0,25,555.0,2.0,0,0,22,33,215971.4563888889
10803,7,2.0,10,127.0,3.0,0,0,0,21,215971.0872222222
10806,4,2.0,3,56.0,1.0,0,0,0,6,215971.3902777778
10807,5,2.0,7,129.0,1.0,0,0,5,5,265.8597222222222
10810,6,2.0,11,53.0,4.0,0,0,0,15,215970.99777777775
10811,2,4.0,1,381.0,1.0,0,0,0,1,267.1191666666667
10815,6,4.0,10,365.0,5.0,0,0,3,12,215970.49555555556
10822,6,2.0,8,55.0,2.0,0,0,4,11,215969.42777777775
10827,8,2.0,10,128.0,2.0,0,0,5,23,215968.81972222225
10831,10,2.0,13,363.0,2.0,0,0,11,34,215969.11972222224
10834,10,2.0,14,126.0,4.0,0,0,14,31,215968.18944444443
10836,5,2.0,5,129.0,1.0,0,0,0,10,215968.14027777777
10839,7,2.0,11,147.0,4.0,0,0,2,19,215968.42527777777
10844,7,2.0,8,555.0,2.0,0,0,3,18,215967.86527777775
10848,8,2.0,14,59.0,0.0,0,0,2,26,215966.39166666663
10859,4,2.0,5,118.0,2.0,0,0,1,5,215964.80166666664
10864,4,2.0,3,151.0,0.0,0,0,0,6,215964.50333333336
10880,5,2.0,4,475.0,1.0,0,0,3,7,215963.3861111111
10902,5,2.0,4,651.0,1.0,0,0,5,5,7053.636944444444
10905,6,6.0,11,289.0,1.0,0,0,2,13,215951.97944444444
10906,7,5.0,8,1315.0,3.0,0,0,12,9,216613.9683333333
10909,9,4.0,10,112.0,1.0,0,8,10,18,215951.79
10911,6,5.0,6,572.0,1.0,0,5,0,10,215951.29277777777
10915,9,2.0,28,228.0,11.0,1,14,5,16,215949.9386111111
10921,8,4.0,8,104.0,1.0,0,0,10,18,215949.43916666665
10922,2,5.0,1,14.0,0.0,0,1,0,0,215949.0733333333
10924,2,5.0,1,14.0,0.0,0,0,0,1,215949.5236111111
10925,8,2.0,14,321.0,1.0,0,0,6,22,215949.48444444445
10927,2,5.0,1,14.0,0.0,0,0,0,1,215949.2480555556
10941,3,2.0,2,150.0,1.0,0,0,0,3,216610.63722222223
10948,5,4.0,4,219.0,1.0,0,0,1,9,215947.76416666663
10956,6,2.0,5,78.0,1.0,0,0,0,15,215946.9063888889
10962,3,5.0,5,1836.0,3.0,0,0,1,2,215946.3316666667
10965,4,2.0,12,217.0,7.0,0,0,0,6,215946.24138888883
10737,11,2.0,24,205.0,4.0,0,10,4,41,215979.2758333333
10996,8,2.0,9,784.0,1.0,0,7,3,18,215938.96361111116
10997,4,2.0,3,1144.0,1.0,0,3,1,2,215939.3011111111
11001,6,2.0,8,216.0,2.0,0,5,2,8,215934.78666666668
11009,5,2.0,16,638.0,4.0,0,0,4,6,8328.871111111112
11012,5,2.0,5,419.0,1.0,0,0,1,9,215925.89138888888
11015,5,2.0,4,219.0,1.0,0,0,1,9,215923.62722222225
11023,4,4.0,3,108.0,3.0,0,0,1,5,215914.19777777776
11049,14,2.0,40,65.0,20.0,0,0,55,36,215901.71555555557
11051,46,2.0,86,1022.0,22.0,465,465,68,37,215901.32694444444
11043,12,2.0,23,795.0,9.0,3,27,14,22,215901.41416666663
11054,30,2.0,123,63.0,30.0,91,224,83,37,215901.3019444444
11061,7,2.0,10,364.0,1.0,0,0,4,17,215900.65250000003
11063,6,1.0,9,330.0,4.0,0,5,4,6,215894.98666666663
11069,3,3.0,3,651.0,1.0,0,2,0,1,3042.1930555555555
11071,6,2.0,9,219.0,1.0,0,0,0,15,215888.6586111111
11073,4,2.0,4,928.0,1.0,0,0,1,5,215886.07055555555
11076,47,3.0,83,17.0,3.0,231,550,176,124,223465.13555555552
11080,15,2.0,24,105.0,3.0,10,50,17,28,40223.32777777778
11101,17,4.0,37,305.0,15.0,0,16,59,61,215878.5397222222
11103,2,2.0,1,2.0,1.0,0,1,0,0,215878.31611111117
11108,3,2.0,2,2.0,1.0,0,2,0,1,215877.87944444444
11118,6,4.0,5,219.0,1.0,0,0,6,9,215877.38444444444
11124,4,2.0,3,119.0,1.0,0,0,1,5,215876.4044444445
10739,4,2.0,4,406.0,1.0,0,0,0,6,215979.17972222224
11135,7,2.0,7,682.0,2.0,0,0,1,20,215874.57444444444
11139,4,2.0,4,1379.0,3.0,0,0,0,6,215874.62972222225
11148,5,2.0,4,254.0,1.0,0,0,3,7,375.7691666666667
11154,5,2.0,7,1402.0,4.0,0,0,0,10,215871.3591666667
11155,7,2.0,12,12.0,1.0,0,6,5,10,215867.57
11161,11,2.0,15,5.0,5.0,3,24,14,14,215860.9
11172,3,2.0,2,223.0,1.0,0,0,0,3,215855.06083333332
11183,4,5.0,3,172.0,1.0,0,0,0,6,215852.74027777775
11184,9,2.0,22,313.0,9.0,0,0,10,26,215852.335
11185,17,2.0,68,982.0,18.0,3,42,63,28,13348.021111111111
11186,3,2.0,3,740.0,2.0,0,0,0,3,215852.0583333333
11202,7,2.0,17,1139.0,11.0,0,0,6,15,6431.791944444444
11207,4,2.0,6,1142.0,3.0,0,0,0,6,215848.86277777777
11230,4,3.0,3,461.0,0.0,0,0,0,6,215845.17277777777
11246,7,5.0,9,459.0,2.0,0,6,1,14,215833.84666666668
11249,8,2.0,18,763.0,7.0,0,0,12,16,215832.2708333333
11256,2,2.0,1,278.0,0.0,0,1,0,0,215831.30194444445
11260,7,6.0,13,796.0,8.0,0,0,4,17,215831.3513888889
11261,8,6.0,11,364.0,1.0,0,0,9,19,215830.89166666663
11271,5,2.0,10,73.0,5.0,0,0,1,9,215830.745
11279,4,6.0,4,220.0,0.0,0,0,1,5,215828.60555555555
11280,5,2.0,9,800.0,4.0,0,0,5,5,215829.10638888887
11286,7,6.0,8,405.0,2.0,0,0,3,18,216489.94166666668
11290,7,2.0,13,49.0,1.0,0,0,2,19,216489.36583333332
11291,4,2.0,7,456.0,5.0,0,0,0,6,215827.325
11294,5,1.0,7,48.0,2.0,0,4,4,2,215826.78944444447
11298,4,2.0,9,209.0,5.0,0,0,1,5,215825.3641666667
11300,5,2.0,5,640.0,2.0,0,0,2,8,215825.12722222225
11306,5,2.0,4,536.0,0.0,0,4,1,5,215823.72083333333
11316,5,2.0,8,553.0,4.0,0,0,1,9,215821.7975
11321,6,5.0,6,535.0,1.0,0,5,1,9,2800.0566666666664
11324,8,2.0,8,55.0,1.0,0,7,7,14,215818.87361111108
11334,6,6.0,14,1376.0,6.0,0,5,2,8,215810.48361111112
11336,5,2.0,5,474.0,2.0,0,0,1,9,215809.685
11342,5,2.0,4,56.0,1.0,0,0,0,10,215807.7152777778
11347,3,2.0,2,1403.0,3.0,0,2,0,1,7412.361944444444
11358,5,2.0,5,1403.0,3.0,0,0,2,8,215802.79555555555
11364,7,2.0,15,802.0,4.0,0,0,7,14,215801.50666666668
11365,5,2.0,4,217.0,1.0,0,0,2,8,215800.57916666663
11368,40,2.0,99,,0.0,105,375,160,140,215798.94388888887
11374,6,2.0,6,389.0,2.0,0,0,4,11,215794.53277777776
11376,10,5.0,14,405.0,2.0,0,0,8,37,215792.86027777777
11388,4,6.0,5,82.0,2.0,0,0,1,5,215784.99361111116
11390,4,2.0,3,767.0,3.0,0,0,0,6,215784.19361111108
11392,3,2.0,2,77.0,2.0,0,0,0,3,215784.0613888889
11402,4,2.0,4,1404.0,2.0,0,0,0,6,215780.0313888889
11406,12,2.0,18,915.0,5.0,0,11,19,36,215780.2066666667
11412,23,2.0,64,,0.0,28,120,60,45,18310.40777777778
11422,3,5.0,2,14.0,0.0,0,0,0,3,215776.76694444445
11425,9,4.0,12,680.0,4.0,0,0,5,31,215770.9258333333
11427,7,2.0,10,73.0,1.0,0,6,1,14,216432.61138888888
11430,7,2.0,10,415.0,5.0,0,6,1,14,215757.74527777775
11431,16,2.0,51,1171.0,17.0,1,28,18,73,215756.6433333333
11442,5,2.0,5,149.0,2.0,0,4,0,6,215734.62666666668
11449,3,2.0,4,1403.0,3.0,0,0,0,3,5606.703611111111
11456,7,2.0,9,681.0,3.0,0,0,0,21,215715.91611111112
11462,3,2.0,2,65.0,4.0,0,0,2,1,203614.6275
11465,4,6.0,4,,0.0,0,0,0,6,215712.54444444447
11477,3,4.0,2,60.0,1.0,0,0,0,3,215710.3561111111
11483,8,2.0,11,330.0,4.0,0,0,12,16,215708.86611111116
11490,6,2.0,12,637.0,5.0,0,0,4,11,215708.0888888889
11493,4,2.0,3,119.0,1.0,0,0,1,5,215707.1927777778
11495,4,3.0,5,1041.0,3.0,0,0,0,6,215706.87111111108
11496,6,5.0,8,554.0,3.0,0,0,1,14,215706.36388888885
11498,5,2.0,5,118.0,2.0,0,0,0,10,215706.29361111112
11504,4,2.0,3,24.0,1.0,0,3,0,3,215702.9275
11507,3,2.0,2,393.0,1.0,0,0,2,1,215701.9855555556
11512,4,2.0,3,1406.0,0.0,0,0,3,3,4102.726388888889
11513,4,3.0,3,500.0,1.0,0,0,0,6,215700.59583333333
11514,6,2.0,7,1379.0,3.0,0,0,5,10,8133.6577777777775
11516,4,2.0,3,381.0,1.0,0,0,0,6,13341.355555555556
11522,6,2.0,7,404.0,3.0,0,0,0,15,215696.63083333336
11527,5,2.0,5,67.0,2.0,0,0,0,10,215689.40055555556
11545,4,2.0,3,473.0,3.0,0,0,1,5,215687.0644444445
11558,5,2.0,4,638.0,4.0,0,0,2,8,215685.90666666668
11561,3,6.0,2,42.0,4.0,0,0,1,2,216347.2888888889
11563,5,2.0,8,108.0,3.0,0,0,2,8,215684.9322222222
11565,9,2.0,28,236.0,3.0,0,8,2,26,215684.6208333333
11575,3,2.0,2,1406.0,0.0,0,0,0,3,4083.907777777778
11577,10,6.0,19,263.0,5.0,0,0,25,20,171.76555555555555
11579,5,2.0,8,799.0,5.0,0,0,2,8,215683.22472222225
11580,4,2.0,5,1380.0,2.0,0,0,0,6,216344.97916666663
11582,5,2.0,9,1038.0,6.0,0,0,0,10,215682.57027777776
11600,5,2.0,10,54.0,3.0,0,0,0,10,215681.55861111108
11601,9,2.0,9,571.0,2.0,0,0,11,25,17300.236388888887
11605,5,2.0,5,55.0,2.0,0,0,0,10,215680.97694444444
11610,9,2.0,16,216.0,4.0,0,0,12,24,215680.47222222225
11613,5,4.0,4,219.0,1.0,0,0,1,9,215679.3283333333
11615,4,2.0,3,211.0,3.0,0,0,0,6,215678.175
11616,6,6.0,7,684.0,0.0,0,0,3,12,215678.3588888889
11631,3,2.0,2,267.0,1.0,0,0,1,2,216332.7038888889
11633,8,5.0,8,238.0,1.0,0,0,8,20,2654.6613888888887
11637,4,4.0,3,419.0,1.0,0,0,0,6,1331.6661111111111
11641,5,2.0,4,126.0,4.0,0,0,0,10,215665.80944444443
11642,4,2.0,3,127.0,3.0,0,0,0,6,215665.3436111111
11643,9,2.0,9,219.0,1.0,0,8,10,18,215665.1333333333
11645,5,2.0,4,77.0,1.0,0,0,3,7,215663.59027777775
11647,4,4.0,7,,0.0,0,0,0,6,215663.2163888889
11651,3,2.0,2,1042.0,2.0,0,0,0,3,215661.9455555556
11654,5,2.0,5,90.0,2.0,0,0,2,8,215661.06027777775
11658,3,2.0,2,84.0,0.0,0,0,0,3,215660.53305555557
11660,6,2.0,13,927.0,2.0,0,0,2,13,215660.6875
11661,5,2.0,5,1404.0,2.0,0,0,0,10,5349.761111111111
11666,14,2.0,21,43.0,3.0,1,24,33,33,215659.89194444445
11670,4,2.0,3,68.0,1.0,0,0,0,6,215659.5888888889
11671,3,2.0,2,420.0,0.0,0,0,0,3,215659.51611111112
11672,4,2.0,3,419.0,1.0,0,0,1,5,215659.86527777775
11674,8,1.0,13,926.0,3.0,0,0,4,24,6907.179722222221
11676,4,2.0,3,1149.0,1.0,0,0,1,5,215659.81888888887
11677,9,2.0,12,218.0,2.0,0,0,5,31,215659.70888888888
11679,3,2.0,2,128.0,2.0,0,0,0,3,215659.0816666667
11682,8,4.0,14,540.0,7.0,0,0,9,19,215659.1730555556
11683,5,4.0,13,1140.0,10.0,0,0,1,9,3152.7927777777777
11692,4,2.0,6,116.0,4.0,0,0,2,4,215658.6219444445
11693,10,6.0,17,635.0,7.0,0,0,7,38,215658.5125
11698,5,2.0,4,1021.0,0.0,0,0,1,9,215658.16722222223
11588,6,2.0,6,443.0,1.0,0,0,4,11,215681.9527777778
11716,7,5.0,13,391.0,3.0,0,6,6,9,115.25527777777776
11717,7,6.0,7,928.0,1.0,0,0,1,20,215655.54361111112
11722,2,4.0,1,928.0,1.0,0,0,0,1,110.6472222222222
11723,7,2.0,10,362.0,3.0,0,0,6,15,12644.540833333333
11725,3,2.0,2,370.0,4.0,0,0,1,2,215649.3486111111
11726,5,3.0,4,219.0,1.0,0,0,1,9,215645.67694444445
11727,6,2.0,9,1039.0,5.0,0,0,2,13,215645.13194444444
11208,4,2.0,5,90.0,2.0,0,0,0,6,215848.46055555556
11738,5,2.0,6,1041.0,3.0,0,0,0,10,215639.82666666663
11739,6,4.0,11,204.0,5.0,0,5,0,10,215640.1894444445
11742,4,3.0,5,144.0,3.0,0,0,1,5,215639.72805555555
11756,12,1.0,13,207.0,2.0,6,32,8,20,215639.2980555556
11770,3,2.0,3,918.0,2.0,0,0,0,3,215636.6255555556
11788,4,2.0,5,459.0,2.0,0,0,0,6,215635.8877777778
11791,7,2.0,9,546.0,1.0,0,6,3,12,215635.7844444445
11798,4,2.0,3,571.0,2.0,0,0,0,6,215635.4172222222
11800,4,2.0,6,571.0,2.0,0,0,0,6,215635.40166666667
11808,5,5.0,8,683.0,1.0,0,0,0,10,6643.218611111111
11819,7,2.0,11,1401.0,5.0,0,0,5,16,216296.79944444448
11826,4,2.0,3,737.0,5.0,0,0,0,6,215633.57111111117
11831,3,2.0,2,1405.0,1.0,0,0,2,1,1104.2655555555557
11835,4,3.0,4,474.0,2.0,0,0,1,5,215631.7877777778
11839,4,2.0,4,640.0,2.0,0,0,0,6,7581.038888888888
11844,5,2.0,6,391.0,0.0,0,0,1,9,215626.72
11864,5,2.0,7,767.0,3.0,0,0,4,6,215612.59055555557
11866,5,2.0,4,49.0,1.0,0,0,5,5,215612.54055555555
11877,6,2.0,7,265.0,3.0,0,0,4,11,215611.4533333333
11880,5,2.0,6,221.0,3.0,0,0,3,7,215611.59166666667
11182,2,2.0,2,1406.0,0.0,0,0,0,1,215853.04138888887
11886,6,2.0,8,459.0,2.0,0,0,1,14,215610.57888888888
11889,7,5.0,17,370.0,4.0,0,0,11,10,215608.95416666663
11890,5,2.0,9,147.0,8.0,3,6,0,1,215607.7958333333
11892,9,4.0,10,128.0,2.0,0,0,12,24,215607.365
11897,10,2.0,13,47.0,1.0,0,0,15,30,215604.38277777776
11901,58,5.0,255,163.0,30.0,630,792,99,132,215598.61861111116
11211,4,2.0,5,212.0,2.0,0,0,0,6,215848.4027777778
11918,5,2.0,4,49.0,1.0,0,0,0,10,215589.6663888889
11923,6,6.0,6,219.0,1.0,0,0,1,14,215585.5886111111
11938,6,2.0,5,996.0,4.0,0,0,0,15,17181.710277777776
11944,5,2.0,6,535.0,1.0,0,0,0,10,215551.75805555555
11951,2,1.0,1,163.0,9.0,0,0,0,1,203590.99444444443
11954,6,4.0,6,48.0,2.0,0,0,0,15,215545.4019444445
11956,11,6.0,15,372.0,2.0,0,0,14,41,17163.094444444447
11979,9,2.0,15,217.0,1.0,0,0,10,26,2256.299722222222
11981,5,2.0,11,1020.0,1.0,0,0,3,7,215539.78777777776
11991,6,2.0,10,128.0,2.0,0,0,0,15,215538.8394444445
11996,6,2.0,7,127.0,3.0,0,0,4,11,215538.2430555556
12002,8,2.0,12,1144.0,6.0,0,0,1,27,215536.2161111111
12006,6,2.0,9,,0.0,0,0,3,12,215528.45555555556
12010,4,2.0,4,23.0,2.0,0,3,0,3,215521.95
12013,4,1.0,7,94.0,5.0,0,0,0,6,215520.69722222225
12016,8,4.0,11,1041.0,3.0,0,0,6,22,215520.44861111112
12018,3,2.0,3,768.0,2.0,0,0,0,3,215520.31972222225
12019,6,2.0,8,555.0,2.0,0,0,3,12,215519.8775
12021,8,4.0,14,389.0,2.0,0,0,9,19,215518.91527777776
12022,17,2.0,39,274.0,4.0,0,0,36,100,215518.8313888889
12028,3,2.0,4,102.0,3.0,0,0,0,3,215516.24694444443
12032,5,1.0,4,49.0,1.0,0,4,2,4,215516.16277777776
12046,8,4.0,10,42.0,2.0,0,0,14,14,215513.4402777778
12056,23,2.0,76,898.0,23.0,6,76,98,73,10936.803055555558
12062,7,2.0,10,217.0,1.0,0,6,3,12,215500.10083333333
12058,9,2.0,8,130.0,0.0,0,8,8,20,215507.865
12067,3,2.0,2,367.0,3.0,0,0,1,2,215496.33916666667
12069,4,5.0,6,315.0,2.0,0,0,0,6,215496.0788888889
12077,3,6.0,2,390.0,1.0,0,0,0,3,18.55333333333333
12078,13,2.0,23,572.0,1.0,0,12,26,40,215493.90194444443
12079,6,2.0,5,56.0,1.0,0,0,5,10,215493.365
12086,8,4.0,14,917.0,3.0,0,7,0,21,215491.36666666667
12091,3,2.0,3,8.0,0.0,0,0,0,3,957.1552777777778
12094,8,4.0,11,389.0,2.0,0,0,4,24,215490.9866666667
12105,7,2.0,11,1042.0,2.0,0,0,4,17,215490.27833333332
12106,5,2.0,6,49.0,1.0,0,0,2,8,215490.1938888889
12109,5,2.0,10,235.0,4.0,0,4,0,6,215488.7438888889
12114,4,2.0,3,381.0,1.0,0,0,0,6,2490.9375
12121,8,2.0,11,205.0,4.0,0,7,11,10,176535.22472222222
12125,6,5.0,8,300.0,2.0,0,0,3,12,215475.3297222222
12143,5,5.0,8,170.0,3.0,0,0,3,7,215470.7138888889
12145,6,4.0,8,682.0,2.0,0,0,3,12,215470.65777777776
12151,7,2.0,8,803.0,1.0,0,0,3,18,215468.955
12157,3,2.0,2,46.0,0.0,0,0,1,2,215468.1594444445
12181,6,2.0,7,43.0,3.0,0,5,4,6,215464.0013888889
12188,4,2.0,3,97.0,2.0,0,0,0,6,215457.9955555556
12190,5,2.0,5,67.0,2.0,0,0,0,10,215452.3061111111
12201,5,1.0,7,207.0,2.0,0,0,0,10,215448.9236111111
12207,5,6.0,5,1382.0,0.0,0,0,1,9,215448.40277777772
12213,3,3.0,4,650.0,2.0,0,0,0,3,901.7061111111112
12217,8,4.0,10,53.0,1.0,0,0,9,19,215448.13166666665
12221,9,4.0,18,458.0,3.0,0,0,6,30,215448.0963888889
12222,6,2.0,6,927.0,2.0,0,0,3,12,215447.7236111111
12224,6,2.0,6,572.0,1.0,0,0,2,13,215447.58694444445
12226,3,6.0,4,650.0,2.0,0,0,0,3,432.4666666666668
12230,5,1.0,6,639.0,3.0,0,0,0,10,215446.57972222223
12231,4,2.0,4,650.0,2.0,0,0,0,6,6545.275555555556
12232,14,2.0,22,2929.0,10.0,1,24,6,60,17065.680555555555
12241,9,6.0,9,319.0,1.0,0,0,15,21,203346.3941666667
12250,6,2.0,11,369.0,5.0,0,0,4,11,215443.15777777776
12257,5,2.0,4,45.0,1.0,0,0,3,7,215442.04861111112
12258,8,2.0,11,571.0,2.0,0,0,4,24,215442.00388888887
12263,4,5.0,3,212.0,2.0,0,0,0,6,215440.68972222225
12301,1,2.0,0,1404.0,2.0,0,0,0,0,0.0444444444444432
12309,30,2.0,63,193.0,0.0,55,209,46,125,215380.9230555556
12310,5,2.0,6,66.0,3.0,0,0,0,10,215380.51638888888
12312,5,2.0,8,461.0,0.0,0,0,0,10,215376.5925
12316,5,5.0,5,8.0,0.0,0,0,3,7,215375.78277777776
12325,6,2.0,9,552.0,5.0,0,0,0,15,215373.9305555556
12336,8,5.0,11,73.0,5.0,0,0,5,23,215371.53
12339,4,1.0,3,364.0,1.0,0,0,0,6,215371.5219444444
12345,15,2.0,19,126.0,4.0,15,54,5,31,215370.5319444445
12350,3,2.0,3,1148.0,2.0,0,0,0,3,1120.4325
12351,3,2.0,6,1401.0,5.0,0,0,0,3,2562.465833333333
12353,4,2.0,4,97.0,2.0,0,0,0,6,215370.4427777778
12355,4,4.0,3,461.0,0.0,0,3,0,3,167633.64555555556
12358,4,2.0,3,212.0,2.0,0,0,0,6,215369.70611111115
12361,8,2.0,16,542.0,5.0,0,0,9,19,215369.095
12368,6,2.0,11,212.0,2.0,0,0,4,11,203271.0625
12372,2,2.0,1,739.0,3.0,0,0,0,1,215366.5963888889
12376,3,2.0,2,329.0,5.0,0,0,0,3,215363.07666666663
12378,4,2.0,4,371.0,3.0,0,0,3,3,203089.8313888889
12380,4,2.0,5,650.0,2.0,0,0,0,6,2357.298888888889
12381,7,2.0,8,216.0,2.0,0,6,1,14,215358.0027777778
12383,3,2.0,2,801.0,3.0,0,0,0,3,216016.6902777778
12384,5,4.0,4,461.0,0.0,0,4,0,6,215354.22666666668
12387,5,1.0,6,47.0,3.0,0,0,2,8,215354.2677777778
12394,15,2.0,19,29.0,6.0,10,50,22,23,215352.8938888889
12398,6,4.0,7,2930.0,9.0,0,0,0,15,215351.6461111111
12399,2,2.0,1,1405.0,1.0,0,0,0,1,6957.823888888888
12400,6,4.0,5,12.0,1.0,0,0,4,11,215351.53944444444
12406,7,2.0,8,927.0,2.0,0,6,0,15,215350.30388888888
12417,7,2.0,12,460.0,1.0,0,6,4,11,215348.25583333336
12421,5,4.0,4,150.0,1.0,0,0,1,9,215347.4558333333
12422,16,2.0,22,205.0,1.0,0,15,15,90,20182.783333333333
12423,7,2.0,18,71.0,8.0,0,0,3,18,215347.24611111108
12426,5,5.0,4,212.0,2.0,0,0,0,10,215346.3316666667
12437,7,2.0,20,792.0,12.0,0,0,0,21,215340.6480555556
12441,5,4.0,4,1402.0,4.0,0,0,0,10,215338.06
12444,3,2.0,2,238.0,1.0,0,0,0,3,215337.53083333332
12446,6,2.0,11,378.0,4.0,0,0,4,11,215337.26666666663
12457,6,2.0,5,1838.0,1.0,1,8,0,6,215329.3913888889
12459,6,4.0,8,128.0,2.0,0,0,3,12,215328.8958333333
12461,13,2.0,24,253.0,5.0,0,0,11,67,215328.65416666667
12464,4,2.0,3,801.0,3.0,0,0,1,5,215327.58
12469,3,2.0,2,278.0,0.0,0,0,0,3,215326.58722222224
12470,4,2.0,4,1404.0,2.0,0,0,1,5,215326.49527777775
12485,5,5.0,6,650.0,2.0,0,4,2,4,2831.405
12489,4,6.0,3,460.0,1.0,0,0,0,6,215322.61416666664
12493,49,4.0,143,1356.0,26.0,28,328,420,400,215322.70777777777
12497,8,6.0,7,651.0,1.0,0,0,4,24,215321.9658333333
12499,5,2.0,6,23.0,2.0,0,0,4,6,215321.8691666667
12500,3,2.0,2,370.0,4.0,0,0,0,3,215321.83694444445
12507,5,2.0,4,319.0,3.0,0,0,1,9,215321.7438888889
12520,9,6.0,16,253.0,5.0,0,0,10,26,215307.4113888889
12522,3,4.0,2,640.0,2.0,0,0,0,3,215307.4336111111
12524,3,2.0,2,640.0,2.0,0,0,0,3,215307.26555555555
12528,3,2.0,2,651.0,1.0,0,0,1,2,215968.2872222222
12532,11,5.0,12,364.0,1.0,0,10,13,32,215304.3380555556
12533,4,2.0,3,150.0,1.0,0,0,1,5,215304.31277777776
12544,5,2.0,5,67.0,2.0,0,0,2,8,215302.51083333333
12551,5,2.0,6,767.0,3.0,0,0,0,10,215301.01333333337
12557,4,3.0,4,97.0,2.0,0,0,0,6,215299.62972222225
12560,6,2.0,8,767.0,3.0,0,0,0,15,215299.35055555555
12562,4,2.0,4,26.0,1.0,0,0,0,6,215298.9113888889
12565,4,2.0,4,363.0,2.0,0,0,2,4,215298.72166666668
12570,5,2.0,6,802.0,2.0,0,0,0,10,215298.5638888889
12573,5,2.0,9,802.0,2.0,0,0,0,10,215298.4575
12585,5,5.0,9,681.0,3.0,0,4,0,6,215296.71111111116
12592,5,4.0,6,236.0,3.0,0,0,0,10,215293.67527777777
12599,8,4.0,16,1143.0,7.0,0,7,1,20,3266.266388888889
12600,5,2.0,4,68.0,1.0,0,0,1,9,215291.29305555555
12602,5,5.0,6,650.0,2.0,0,0,2,8,9400.587499999998
12603,5,2.0,5,1143.0,2.0,0,0,4,6,215290.62194444443
12637,5,5.0,6,802.0,2.0,0,0,0,10,215280.9558333333
12639,5,6.0,4,1381.0,1.0,0,0,0,10,215280.8633333333
12645,10,5.0,15,473.0,3.0,0,0,5,40,215280.2711111111
12649,7,6.0,10,1403.0,3.0,0,0,2,19,215279.8786111111
12670,5,2.0,5,779.0,6.0,0,0,0,10,215278.9638888889
12675,7,2.0,15,107.0,4.0,0,0,1,20,215278.72666666663
12676,5,2.0,9,637.0,5.0,0,0,1,9,215278.3588888889
12677,6,2.0,7,108.0,3.0,0,0,0,15,215278.6436111111
12683,7,2.0,6,1149.0,1.0,0,6,2,13,215277.63194444444
12687,6,6.0,13,570.0,3.0,0,0,2,13,215277.1811111111
12689,6,4.0,7,14.0,10.0,0,0,3,12,215276.6091666667
11870,6,2.0,6,48.0,2.0,0,0,1,14,215612.58944444443
11873,5,2.0,6,266.0,2.0,0,0,2,8,215612.56222222224
12710,1,2.0,0,416.0,0.0,0,0,0,0,0.0663888888888888
12711,9,5.0,11,650.0,2.0,0,0,3,33,215274.06888888887
11869,4,2.0,6,802.0,4.0,0,0,0,6,215612.2825
12724,5,2.0,4,49.0,1.0,0,0,0,10,215268.3138888889
12729,5,2.0,11,922.0,7.0,0,4,0,6,293.38611111111106
12731,7,2.0,7,0.0,1.0,1,10,0,10,215921.56
12747,4,4.0,3,461.0,0.0,0,0,0,6,215251.4325
12748,11,3.0,41,795.0,11.0,0,10,19,26,215250.61972222224
12751,3,2.0,2,238.0,1.0,0,0,0,3,215247.19111111117
12752,8,3.0,14,252.0,6.0,0,0,7,21,215247.09972222225
12753,5,2.0,9,1403.0,3.0,0,0,3,7,215245.82416666663
12756,4,2.0,7,369.0,5.0,0,0,0,6,215242.13083333336
12766,8,2.0,26,479.0,11.0,0,0,0,28,215235.8997222222
12769,9,2.0,13,219.0,1.0,0,8,1,27,215235.39777777775
12778,5,2.0,4,406.0,1.0,0,0,2,8,215227.7291666667
12782,6,2.0,6,651.0,1.0,0,5,2,8,7171.464722222223
12793,4,5.0,4,368.0,2.0,0,0,0,6,215208.78333333333
12796,5,6.0,5,459.0,2.0,0,0,0,10,215208.55027777777
12800,4,2.0,4,573.0,0.0,0,3,0,3,215207.6730555556
12801,3,2.0,3,800.0,4.0,0,0,0,3,215207.60777777777
12802,5,1.0,8,97.0,2.0,0,0,0,10,215207.1902777778
12810,5,2.0,6,461.0,0.0,0,0,2,8,215205.57666666663
12815,5,5.0,4,219.0,0.0,0,0,2,8,215204.3788888889
12829,6,2.0,9,740.0,2.0,0,0,0,15,215203.47333333333
12841,3,6.0,3,,0.0,0,0,0,3,215202.3763888889
12854,11,2.0,12,650.0,2.0,1,18,12,24,9515.94361111111
12861,4,4.0,6,251.0,4.0,0,0,0,6,215186.4811111111
12874,7,2.0,7,1405.0,1.0,0,0,1,20,215183.2419444444
12880,5,2.0,5,459.0,2.0,0,0,2,8,215182.3394444445
12882,5,2.0,4,13.0,1.0,0,4,0,6,215181.67
12883,4,2.0,3,1405.0,1.0,0,0,0,6,363.9836111111111
12887,3,2.0,3,372.0,2.0,0,2,0,1,215181.4891666667
12893,5,2.0,7,74.0,4.0,0,0,3,7,215180.60555555555
12894,7,4.0,7,472.0,4.0,0,0,1,20,215179.7194444445
12895,7,2.0,12,1377.0,5.0,0,0,1,20,215842.00388888887
12902,8,2.0,7,112.0,1.0,0,0,3,25,215178.74916666665
12904,5,2.0,7,255.0,0.0,0,0,0,10,215179.03527777776
12905,4,4.0,4,534.0,2.0,0,0,0,6,215179.11361111116
12916,146,2.0,425,414.0,11.0,5565,4240,536,244,191412.6097222222
12929,4,2.0,4,126.0,4.0,0,0,2,4,215173.56361111108
12934,5,2.0,6,66.0,3.0,0,0,0,10,215165.9841666667
12939,4,3.0,5,127.0,3.0,0,3,0,3,215163.8430555556
12944,4,2.0,7,1040.0,4.0,0,0,1,5,202938.1230555556
12954,7,2.0,9,143.0,4.0,0,0,15,6,215160.62527777776
12956,14,5.0,20,459.0,2.0,0,0,20,71,215160.03055555557
12971,18,2.0,37,30.0,3.0,0,0,80,73,215819.78583333333
12983,4,4.0,3,211.0,3.0,0,0,0,6,215155.27194444445
12991,9,2.0,12,683.0,1.0,0,0,8,28,215153.6605555556
13007,13,5.0,14,652.0,0.0,1,22,27,28,14062.072777777776
13021,11,2.0,18,206.0,3.0,0,10,11,34,215138.32555555552
13030,9,6.0,21,365.0,9.0,0,8,11,17,215137.4958333333
13037,3,2.0,2,919.0,1.0,0,0,0,3,215136.4836111111
13038,3,4.0,3,253.0,2.0,0,0,2,1,125856.41666666669
13040,5,2.0,4,603.0,1.0,0,0,0,10,22794.70527777777
13048,5,2.0,5,70.0,4.0,0,0,1,9,215134.9644444445
13052,5,2.0,7,766.0,4.0,0,0,1,9,215134.07888888888
13053,4,2.0,3,91.0,1.0,0,0,0,6,215133.99444444443
13054,3,6.0,3,406.0,1.0,0,0,1,2,2644.796388888889
13057,2,4.0,1,1405.0,1.0,0,0,0,1,20.74333333333333
13066,7,2.0,8,499.0,2.0,0,0,0,21,215131.2486111111
13084,6,2.0,6,76.0,2.0,0,5,0,10,215119.17694444445
13093,18,4.0,29,11.0,2.0,15,72,25,41,206968.3333333333
13100,4,2.0,5,85.0,3.0,0,0,1,5,215112.06194444443
12430,6,2.0,10,369.0,5.0,0,0,7,8,215346.59027777772
13117,5,2.0,4,88.0,4.0,0,0,2,8,215107.21555555557
13121,4,2.0,4,1404.0,2.0,0,0,1,5,3118.005
13122,3,2.0,3,1837.0,2.0,0,0,0,3,816.5341666666666
12567,3,2.0,9,74.0,8.0,0,0,1,2,215298.58388888888
13127,5,3.0,5,390.0,1.0,0,0,1,9,215105.46666666667
13135,4,2.0,3,535.0,1.0,0,0,0,6,215098.47583333333
13137,4,2.0,3,1405.0,1.0,0,0,0,6,12737.437777777775
13140,10,4.0,13,319.0,1.0,0,0,4,41,215091.72333333333
13150,4,2.0,4,110.0,1.0,0,0,0,6,215084.80027777777
13156,3,2.0,3,554.0,3.0,0,0,0,3,215082.7036111111
13157,9,6.0,14,402.0,5.0,0,0,17,19,215082.16944444447
13172,9,2.0,9,104.0,1.0,0,8,6,22,215729.1483333333
13176,6,2.0,7,238.0,1.0,0,0,4,11,215059.4583333333
13192,11,2.0,23,199.0,5.0,0,10,21,24,215050.22444444447
13201,7,2.0,11,679.0,5.0,0,0,0,21,215042.2080555556
13210,2,2.0,2,253.0,2.0,0,0,0,1,562.2186111111112
13213,17,2.0,79,2367.0,25.0,0,16,38,82,20962.861666666664
13217,4,4.0,3,146.0,1.0,0,0,2,4,215696.78277777776
13218,6,2.0,12,1015.0,6.0,0,0,6,9,215034.5822222222
13219,9,2.0,8,805.0,1.0,0,8,2,26,215033.06416666665
13228,8,2.0,8,276.0,2.0,0,0,7,21,215022.85722222223
13251,7,6.0,10,366.0,4.0,0,0,2,19,215015.1325
13254,2,5.0,3,362.0,3.0,0,0,1,0,3404.0741666666668
13262,5,2.0,5,129.0,1.0,0,0,3,7,215012.73666666663
13264,5,2.0,4,49.0,1.0,0,0,1,9,215012.23361111112
13283,4,6.0,6,458.0,3.0,0,0,1,5,856.8658333333334
13286,5,2.0,6,459.0,2.0,0,0,0,10,215007.71833333332
13293,5,2.0,5,364.0,1.0,0,0,0,10,215006.8063888889
13295,4,5.0,3,364.0,1.0,0,0,0,6,7436.487500000001
13296,5,2.0,4,1149.0,1.0,0,0,0,10,542.3544444444444
13298,6,2.0,6,1380.0,2.0,0,0,6,9,215006.26527777777
13299,4,2.0,7,1836.0,3.0,0,0,4,2,880.1797222222222
13300,6,2.0,6,1380.0,2.0,0,0,0,15,215005.90416666667
13301,6,2.0,6,1380.0,2.0,0,0,0,15,215005.68
13319,6,3.0,7,928.0,1.0,0,0,0,15,214994.9897222222
13321,3,2.0,2,1143.0,2.0,0,0,0,3,215656.63916666663
13324,5,2.0,6,87.0,1.0,1,6,0,3,214994.26527777777
13325,10,2.0,19,330.0,4.0,0,9,12,24,214993.9686111111
13329,10,2.0,17,261.0,7.0,0,9,0,36,214993.5758333333
13344,6,2.0,7,76.0,2.0,0,0,0,15,214991.96
13345,8,2.0,10,83.0,1.0,0,0,8,20,214991.9238888889
13357,6,2.0,11,74.0,4.0,0,0,1,14,214990.9688888889
13361,3,2.0,2,221.0,1.0,0,0,1,2,214990.47972222223
13363,4,2.0,3,736.0,6.0,0,0,0,6,214990.28555555557
13367,5,4.0,4,641.0,1.0,0,0,0,10,214990.0222222222
13368,4,4.0,3,556.0,1.0,0,0,0,6,214990.02555555556
13385,8,2.0,9,54.0,2.0,0,0,7,21,3000.534722222222
13390,4,2.0,4,86.0,2.0,0,0,0,6,214987.69472222225
13404,6,6.0,7,459.0,2.0,0,0,0,15,214986.00916666663
13405,6,2.0,9,555.0,2.0,0,0,1,14,214985.96166666667
13444,5,6.0,7,1404.0,2.0,0,0,2,8,630.2380555555555
13463,5,6.0,4,733.0,9.0,0,0,2,8,1951.5919444444448
13473,9,4.0,27,486.0,4.0,1,14,0,21,214966.3055555556
13477,4,5.0,4,405.0,2.0,0,0,0,6,215627.88472222225
13478,5,4.0,7,1021.0,0.0,0,0,0,10,214966.05972222224
13479,5,4.0,5,288.0,2.0,0,0,0,10,214965.99166666667
13483,11,2.0,22,1377.0,5.0,0,0,10,45,214965.37722222225
13498,9,5.0,13,216.0,2.0,0,0,6,30,214964.2705555556
13507,4,2.0,3,500.0,1.0,0,0,0,6,214963.6508333333
13522,5,2.0,5,8.0,0.0,0,0,2,8,215624.32222222225
10731,8,2.0,10,55.0,4.0,0,7,2,19,215980.17472222223
13526,2,2.0,1,535.0,1.0,0,0,0,1,1128.595
13652,12,2.0,20,1131.0,19.0,0,11,14,41,9163.9175
13732,6,2.0,12,168.0,5.0,0,0,1,14,4044.6822222222218
13755,2,2.0,1,381.0,1.0,0,0,0,1,14.31638888888889
13761,5,2.0,5,149.0,2.0,0,0,1,9,214848.6544444445
13765,3,2.0,6,83.0,5.0,0,0,0,3,214848.4911111111
13766,5,2.0,7,802.0,2.0,0,0,1,9,214848.4263888889
13783,3,2.0,9,1836.0,3.0,0,0,0,3,506.4855555555555
13784,14,2.0,31,555.0,2.0,1,24,20,46,214846.91416666663
13816,3,2.0,2,0.0,1.0,0,2,0,1,214844.6825
13831,7,3.0,6,104.0,1.0,0,0,5,16,215505.2961111111
13845,4,2.0,4,254.0,1.0,0,0,0,6,214842.35277777776
13854,7,2.0,12,635.0,7.0,0,0,0,21,214837.88388888887
13856,7,6.0,12,496.0,5.0,0,0,2,19,215498.89222222223
13874,3,2.0,2,147.0,1.0,0,0,1,2,23798.70527777778
13884,5,2.0,5,128.0,2.0,0,0,1,9,214824.84250000003
13892,5,2.0,5,1403.0,3.0,0,0,0,10,215486.0113888889
13897,2,2.0,1,1406.0,0.0,0,0,0,1,2835.195
13899,6,2.0,5,23.0,1.0,0,0,3,12,214823.70888888888
13909,5,2.0,5,12.0,2.0,0,0,1,9,214823.2780555556
13913,3,2.0,2,928.0,1.0,0,0,0,3,646.7372222222223
13926,3,2.0,2,369.0,1.0,0,0,0,3,214821.12416666665
13934,8,2.0,15,107.0,6.0,0,7,2,19,214820.31833333333
13948,6,2.0,7,364.0,1.0,0,0,8,7,1804.1225
13983,8,4.0,14,1039.0,5.0,0,0,7,21,214814.5927777778
13997,6,5.0,17,1141.0,9.0,0,0,3,12,1330.9941666666666
14011,5,2.0,6,56.0,1.0,0,0,0,10,215464.51305555555
14028,6,2.0,8,570.0,3.0,0,0,6,9,2117.7147222222225
14034,4,2.0,3,78.0,1.0,0,0,3,3,215461.39638888888
14049,11,2.0,18,1144.0,1.0,0,0,36,19,2017.6680555555556
14053,6,6.0,6,363.0,2.0,0,0,2,13,214797.385
14105,3,4.0,2,364.0,1.0,0,0,0,3,932.532222222222
14109,4,4.0,3,364.0,1.0,0,3,0,3,26888.660000000003
14113,5,4.0,6,319.0,3.0,0,0,2,8,214791.2475
14117,4,2.0,3,381.0,1.0,0,0,2,4,215452.48666666663
14131,18,6.0,40,993.0,7.0,0,0,42,111,214787.3880555556
14132,6,2.0,6,219.0,1.0,0,0,1,14,214787.2227777778
14133,5,4.0,5,419.0,1.0,0,0,2,8,214787.01
14142,9,5.0,13,412.0,4.0,3,18,1,14,215444.44972222223
14145,5,2.0,5,388.0,6.0,0,0,2,8,214781.29055555555
14157,5,5.0,8,234.0,5.0,0,0,0,10,214777.0127777778
14168,4,5.0,5,128.0,2.0,0,0,2,4,214775.7172222222
14194,7,5.0,7,150.0,1.0,0,0,3,18,214773.3302777777
14200,4,2.0,4,146.0,2.0,0,0,1,5,214772.87611111108
14236,3,1.0,4,415.0,1.0,0,0,1,2,11160.33888888889
14254,9,5.0,19,800.0,4.0,0,0,3,33,214749.66083333333
14258,6,4.0,7,319.0,3.0,0,0,1,14,214748.41611111112
14280,19,2.0,31,453.0,8.0,3,48,20,100,215392.61944444443
14289,4,2.0,4,128.0,2.0,0,0,1,5,214726.9975
14302,4,2.0,5,379.0,3.0,0,0,0,6,215385.54027777776
14313,7,2.0,6,800.0,4.0,0,0,3,18,215381.9694444445
14318,4,2.0,3,212.0,2.0,0,0,0,6,214716.61222222223
14346,7,2.0,10,680.0,4.0,0,0,4,17,214703.9930555556
14348,8,4.0,7,373.0,1.0,0,0,0,28,16321.524722222222
14353,7,4.0,6,641.0,1.0,0,0,0,21,215365.13277777776
14354,8,2.0,21,1371.0,11.0,0,7,0,21,214703.19083333336
13427,2,2.0,1,146.0,1.0,0,0,0,1,215643.8063888889
14376,5,5.0,8,318.0,4.0,0,0,0,10,214700.4883333333
14381,10,2.0,19,676.0,8.0,0,0,12,33,214700.1513888889
14413,7,6.0,12,1838.0,1.0,0,6,9,6,4288.842500000001
14414,3,2.0,3,237.0,2.0,0,0,0,3,44.88472222222222
10734,3,2.0,3,406.0,1.0,0,0,0,3,215979.91388888887
14442,7,2.0,10,375.0,7.0,0,6,3,12,3538.463055555556
14458,4,2.0,3,104.0,1.0,0,0,0,6,214678.10861111112
14464,6,4.0,11,678.0,6.0,0,0,0,15,1828.4994444444449
14465,3,2.0,2,766.0,4.0,0,0,0,3,4366.515555555554
14478,4,6.0,5,148.0,3.0,0,0,0,6,19.51
14487,7,6.0,10,21.0,3.0,0,6,3,12,214675.9125
14499,5,2.0,5,111.0,2.0,0,0,1,9,340.4075
14513,10,2.0,21,317.0,3.0,0,0,5,40,214674.0252777778
14522,3,2.0,3,459.0,2.0,0,0,0,3,214673.22000000003
14523,4,2.0,7,1378.0,4.0,0,0,0,6,215334.93833333332
14529,5,2.0,5,87.0,1.0,0,0,2,8,214672.3730555556
14532,18,1.0,29,457.0,4.0,1,32,66,54,33230.82916666666
14540,7,5.0,16,779.0,6.0,0,0,4,17,214671.0483333333
14543,5,4.0,6,458.0,3.0,0,0,2,8,214670.4272222222
14546,7,2.0,32,369.0,9.0,0,0,3,18,214669.87722222225
14552,5,4.0,5,319.0,1.0,0,0,0,10,215330.8355555556
14557,5,2.0,5,1404.0,2.0,0,0,1,9,214667.31
14599,14,2.0,39,915.0,5.0,0,13,22,56,214655.86277777777
14601,3,3.0,4,417.0,3.0,0,0,2,1,165.41472222222222
14609,6,2.0,5,129.0,1.0,0,0,2,13,214654.37166666664
14637,5,5.0,5,128.0,2.0,0,0,0,10,215314.27916666665
14665,10,3.0,13,320.0,2.0,1,16,14,14,214650.45805555556
14678,2,2.0,2,380.0,2.0,0,0,0,1,1678.4722222222222
14680,7,6.0,19,552.0,5.0,0,0,2,19,214649.4791666667
14725,4,2.0,3,803.0,1.0,0,0,0,6,214632.78916666663
14727,8,2.0,14,458.0,3.0,0,0,1,27,214632.7238888889
14735,6,5.0,7,75.0,3.0,0,0,2,13,215293.3205555556
14754,2,2.0,1,1402.0,4.0,0,0,0,1,7.591944444444445
14755,2,2.0,1,1400.0,6.0,0,0,0,1,23.839166666666667
14770,1,2.0,0,1404.0,2.0,0,0,0,0,633.0244444444445
14772,13,2.0,33,41.0,3.0,1,22,26,29,215290.795
14811,3,2.0,3,460.0,1.0,0,0,1,2,641.385
14827,19,2.0,57,1129.0,21.0,6,60,54,51,3819.080277777778
14852,6,2.0,5,499.0,2.0,0,0,1,14,16226.010555555556
14854,8,2.0,9,207.0,2.0,0,7,3,18,214607.6775
14856,10,2.0,19,992.0,8.0,0,0,5,40,16417.89638888889
14857,5,6.0,7,1400.0,6.0,0,0,2,8,3099.1913888888885
14862,2,2.0,2,767.0,3.0,0,0,1,0,4335.365277777778
14865,6,2.0,6,927.0,2.0,0,0,3,12,6021.066111111111
14867,6,2.0,10,927.0,2.0,0,5,1,9,214605.61611111116
14899,2,6.0,1,1399.0,7.0,0,0,0,1,2637.312777777777
14900,1,5.0,0,1403.0,3.0,0,0,0,0,2637.1297222222224
14903,7,1.0,8,325.0,3.0,0,0,2,19,214602.33194444445
14904,6,2.0,9,1041.0,3.0,0,0,0,15,214602.26194444444
14909,2,2.0,1,545.0,2.0,0,1,0,0,186557.89027777777
14920,6,2.0,6,254.0,1.0,0,0,0,15,215244.38694444444
14922,9,2.0,14,326.0,2.0,0,0,13,23,215242.74666666664
14925,3,2.0,3,741.0,1.0,0,0,0,3,138.44222222222223
14933,4,2.0,12,458.0,3.0,0,3,0,3,214570.39
14954,3,2.0,2,,0.0,0,0,0,3,215218.5605555556
14967,15,5.0,28,265.0,3.0,0,0,19,86,214551.63138888887
14982,4,3.0,4,461.0,0.0,0,0,0,6,214540.0911111111
14997,4,2.0,3,642.0,0.0,0,0,0,6,214535.99444444448
15007,2,3.0,1,1404.0,2.0,0,0,0,1,214534.73638888888
15049,8,2.0,10,639.0,3.0,0,0,0,28,16338.535277777775
15061,6,2.0,5,641.0,1.0,0,0,2,13,215187.4405555556
15079,6,2.0,7,801.0,3.0,0,0,1,14,214513.02194444445
15083,5,2.0,6,86.0,2.0,0,0,3,7,215174.71305555556
15089,10,2.0,20,369.0,9.0,0,0,18,27,214511.9775
15099,5,2.0,6,148.0,3.0,0,0,3,7,214511.06333333332
15115,14,2.0,31,534.0,13.0,0,0,28,63,215171.4975
15123,3,2.0,2,460.0,1.0,0,0,0,3,214508.6502777778
15130,8,2.0,9,12.0,1.0,0,0,11,17,215169.39305555556
15146,4,6.0,5,1018.0,3.0,0,0,0,6,2736.4427777777782
15150,10,2.0,19,133.0,5.0,0,9,13,23,214503.4405555556
15156,2,2.0,2,444.0,0.0,0,0,0,1,1485.9847222222222
15184,4,2.0,9,923.0,6.0,0,3,0,3,1036.056388888889
15198,2,2.0,1,639.0,3.0,0,0,1,0,5586.125555555555
15203,3,2.0,2,379.0,3.0,0,0,0,3,2886.569722222222
15210,5,2.0,8,1835.0,4.0,0,4,3,3,5688.1525
15215,9,2.0,17,10.0,3.0,0,0,15,21,204879.76694444445
15217,3,2.0,4,14.0,2.0,0,0,0,3,1151.7969444444443
15219,7,2.0,7,149.0,2.0,0,0,2,19,215144.7925
15222,4,2.0,5,373.0,9.0,0,0,0,6,4486.358611111111
15225,3,2.0,2,378.0,4.0,0,0,0,3,4486.336111111112
15232,10,2.0,13,108.0,3.0,10,25,5,5,201740.81666666668
15245,5,2.0,8,8.0,0.0,0,0,3,7,214477.60000000003
15259,4,2.0,5,802.0,2.0,0,0,1,5,215126.70166666663
15262,4,2.0,3,801.0,3.0,0,0,0,6,215126.1888888889
15263,6,2.0,6,109.0,2.0,0,0,4,11,214464.59583333333
15265,7,4.0,22,636.0,6.0,0,0,3,18,215126.0897222222
15279,2,2.0,1,0.0,2.0,0,1,0,0,214461.3538888889
15291,7,2.0,7,128.0,2.0,0,0,0,21,215122.4705555556
15296,4,2.0,3,804.0,2.0,0,0,1,5,215121.7863888889
15307,10,6.0,10,501.0,0.0,0,0,10,35,16269.406944444445
15320,36,5.0,83,1781.0,19.0,66,288,129,147,215116.9208333333
15347,7,2.0,10,8.0,5.0,0,0,4,17,215108.97222222225
15354,4,2.0,3,15.0,1.0,0,0,2,4,961.4894444444444
15364,38,2.0,109,25.0,10.0,78,325,161,139,143191.43277777778
15366,5,2.0,7,925.0,4.0,0,0,3,7,215101.74333333332
15367,2,2.0,1,1404.0,2.0,0,0,0,1,215101.655
15371,2,2.0,3,498.0,3.0,0,0,0,1,429.3025
15372,19,2.0,23,70.0,1.0,1,34,51,85,215100.7513888889
15391,9,6.0,16,304.0,6.0,0,8,11,17,20649.71083333333
15399,12,5.0,27,459.0,2.0,0,11,20,35,215089.9775
15402,4,2.0,5,307.0,3.0,0,0,0,6,215083.0425
15403,9,2.0,12,30.0,3.0,0,0,17,19,215081.9361111111
15423,6,2.0,12,1144.0,6.0,0,0,1,14,950.3861111111112
15432,8,3.0,12,254.0,4.0,0,0,9,19,215049.8325
15464,5,2.0,4,77.0,1.0,0,0,0,10,215027.67861111116
15480,8,2.0,10,457.0,4.0,0,7,1,20,215026.07416666663
15503,5,2.0,4,212.0,2.0,0,0,2,8,215024.44972222223
15513,3,2.0,2,1403.0,3.0,0,0,0,3,2373.7602777777784
15537,4,2.0,4,319.0,1.0,0,0,0,6,215022.20777777772
15555,20,2.0,38,1152.0,2.0,1,36,72,81,215010.3325
15560,4,2.0,3,406.0,1.0,0,0,2,4,1839.3033333333333
15586,6,2.0,6,1400.0,6.0,0,0,9,6,14119.30638888889
15593,4,3.0,5,23.0,2.0,0,0,1,5,215005.8036111111
15596,7,6.0,13,385.0,6.0,0,0,0,21,215005.55361111116
15606,5,4.0,10,322.0,6.0,1,6,1,2,479.71888888888896
15607,4,4.0,12,320.0,8.0,0,0,0,6,528.6030555555556
15608,19,2.0,64,2910.0,29.0,15,78,21,57,214342.0919444445
15618,6,5.0,8,65.0,4.0,0,0,4,11,7127.396388888888
15623,12,4.0,35,286.0,4.0,1,20,14,31,8200.326111111111
15624,6,2.0,8,740.0,2.0,0,0,1,14,215001.67027777777
15636,3,2.0,10,125.0,5.0,0,0,1,2,215000.85527777777
15644,7,2.0,10,25.0,0.0,0,0,1,20,214999.52
15693,9,2.0,11,499.0,2.0,0,8,0,28,38213.35361111111
15711,5,2.0,7,69.0,0.0,0,4,2,4,214978.93722222224
15712,3,4.0,3,320.0,0.0,0,0,1,2,214978.7013888889
15720,9,6.0,23,312.0,10.0,0,0,7,29,214977.56638888887
15738,3,2.0,2,18.0,3.0,0,0,0,3,214974.28416666665
15742,7,2.0,7,238.0,1.0,0,0,5,16,202910.47833333333
15757,5,2.0,6,67.0,2.0,0,4,0,6,214964.11972222224
15758,6,2.0,6,112.0,1.0,0,5,0,10,214963.2913888889
15765,2,2.0,1,1405.0,1.0,0,0,0,1,23.72972222222222
15767,3,2.0,2,147.0,1.0,0,0,2,1,23268.039166666666
15653,4,2.0,3,219.0,1.0,0,0,0,6,214335.70722222223
15777,5,2.0,8,765.0,5.0,0,4,0,6,214954.72277777776
15788,3,2.0,3,254.0,1.0,0,0,0,3,214952.67888888883
15816,5,2.0,4,928.0,1.0,0,0,0,10,214947.3925
15839,6,6.0,8,236.0,3.0,0,0,0,15,268.4708333333333
15846,4,2.0,3,928.0,1.0,0,0,1,5,5500.90722222222
15853,7,2.0,7,209.0,5.0,0,6,6,9,214933.00722222225
15865,9,2.0,26,1032.0,12.0,1,14,2,19,97373.57499999998
15882,5,2.0,7,461.0,0.0,0,0,1,9,214930.2986111111
15890,4,2.0,4,86.0,2.0,0,0,2,4,214928.62111111116
15898,3,2.0,5,210.0,4.0,0,0,1,2,214927.6683333333
15909,4,2.0,5,371.0,3.0,0,0,1,5,214925.60055555555
15934,5,5.0,5,171.0,2.0,0,4,0,6,214911.49833333332
15945,5,2.0,5,87.0,1.0,0,0,1,9,214909.23277777777
15949,4,2.0,3,928.0,1.0,0,3,0,3,790.4452777777778
15963,5,4.0,5,218.0,2.0,0,4,0,6,214901.0483333333
15982,10,2.0,12,103.0,2.0,0,0,12,33,214894.14861111116
16009,18,2.0,68,574.0,32.0,6,56,27,64,204497.05472222224
16014,6,2.0,7,217.0,1.0,1,8,0,6,214878.0197222222
16020,6,3.0,7,83.0,1.0,0,5,0,10,214877.10944444448
16032,6,2.0,8,1252.0,3.0,0,0,4,11,214872.7552777778
16037,20,4.0,33,649.0,3.0,28,96,18,48,15164.743888888888
16044,6,5.0,8,83.0,1.0,0,0,7,8,214866.93583333332
16068,5,2.0,5,90.0,2.0,0,0,1,9,214862.9936111111
16073,3,2.0,2,257.0,1.0,0,0,0,3,380.1022222222222
16075,5,4.0,9,1377.0,5.0,0,0,2,8,214862.23472222223
16076,4,2.0,6,117.0,3.0,0,0,1,5,214862.16444444444
16125,3,2.0,17,1839.0,0.0,0,0,2,1,4727.64138888889
16126,6,6.0,16,216.0,2.0,0,0,0,15,188.735
16137,4,2.0,6,925.0,4.0,0,0,3,3,742.4291666666667
16152,8,4.0,14,634.0,8.0,0,0,6,22,214850.73055555555
16163,3,2.0,4,7.0,1.0,0,0,1,2,214844.72416666668
16175,7,2.0,10,1149.0,1.0,0,0,4,17,727.088611111111
16186,2,2.0,1,13.0,0.0,0,0,0,1,214838.80916666667
16218,5,4.0,7,1146.0,4.0,0,4,0,6,2422.777777777778
16226,8,2.0,23,1175.0,13.0,3,15,6,4,86274.61777777778
16232,6,2.0,5,91.0,1.0,0,0,8,7,214170.8622222222
16238,5,4.0,4,239.0,0.0,0,0,2,8,214832.8561111111
16250,4,2.0,3,804.0,2.0,0,0,0,6,214830.73472222223
16256,8,2.0,23,802.0,4.0,0,0,3,25,214829.85361111112
16285,5,6.0,10,765.0,5.0,0,0,3,7,214815.62444444443
16286,8,5.0,10,104.0,1.0,0,0,9,19,214815.51361111112
16302,3,2.0,3,1837.0,2.0,0,0,0,3,214814.3808333333
16309,3,2.0,3,652.0,0.0,0,0,0,3,1515.616111111111
16315,5,2.0,6,498.0,3.0,0,0,0,10,214812.5677777778
16317,6,3.0,6,640.0,2.0,0,0,4,11,214812.4138888889
16330,5,2.0,5,150.0,1.0,0,4,1,5,214811.01666666663
16339,9,4.0,16,570.0,3.0,0,0,11,25,214809.85805555555
16348,4,2.0,4,392.0,2.0,0,0,1,5,214809.1436111111
16353,6,2.0,5,49.0,1.0,0,0,3,12,214808.73666666663
16373,3,2.0,3,145.0,2.0,0,0,0,3,214806.6138888889
16380,21,2.0,30,,0.0,21,98,38,53,214805.195
16383,7,2.0,7,119.0,1.0,0,0,4,17,214804.395
16385,7,2.0,11,1148.0,2.0,0,0,6,15,5370.8725
16393,6,2.0,10,118.0,2.0,0,0,0,15,214802.41611111112
16394,3,2.0,4,555.0,2.0,0,0,0,3,214802.02444444445
16395,6,2.0,7,78.0,2.0,0,0,2,13,214802.3063888889
16402,5,2.0,19,1394.0,12.0,0,4,1,5,1666.078611111111
16416,5,2.0,5,98.0,1.0,0,0,3,7,214790.67055555555
16420,6,2.0,12,367.0,7.0,0,5,1,9,214790.3697222222
16422,7,4.0,13,7.0,7.0,0,0,4,17,214790.36166666663
16424,4,2.0,3,3.0,1.0,3,3,0,0,214790.15694444443
16426,3,2.0,2,13.0,1.0,0,0,2,1,214790.1130555556
16430,4,1.0,4,459.0,2.0,0,0,0,6,214789.6411111111
16435,8,4.0,8,112.0,1.0,0,0,8,20,214788.49166666664
16439,5,2.0,6,1464.0,2.0,0,0,1,9,214788.0458333333
16441,6,6.0,9,766.0,4.0,0,0,0,15,214787.53527777776
16442,7,2.0,14,215.0,5.0,0,6,3,12,214787.54194444447
16450,5,4.0,4,1149.0,1.0,0,0,0,10,96.38888888888889
16461,7,2.0,7,927.0,2.0,0,0,0,21,214786.4675
16476,5,2.0,6,1147.0,3.0,0,0,0,10,91.82083333333334
16483,3,4.0,2,150.0,1.0,0,0,0,3,214784.15027777775
16485,6,2.0,7,803.0,3.0,0,5,1,9,214783.71194444445
16486,4,6.0,5,459.0,2.0,0,0,0,6,214783.5138888889
16519,11,6.0,16,1837.0,2.0,0,10,23,22,214766.9475
16541,3,2.0,2,119.0,1.0,0,0,0,3,214764.97583333333
16543,7,2.0,8,41.0,5.0,0,6,5,10,214764.54555555555
16548,5,2.0,4,651.0,1.0,0,0,1,9,214763.07944444445
16557,4,2.0,3,129.0,1.0,0,0,1,5,214761.94444444444
16563,5,2.0,6,319.0,3.0,0,0,2,8,214761.23611111112
16601,8,3.0,16,147.0,4.0,0,0,3,25,214735.6791666667
16603,16,2.0,26,360.0,5.0,10,55,14,41,214735.6363888889
16609,3,2.0,3,363.0,2.0,0,0,0,3,3447.58
16614,4,2.0,3,321.0,1.0,0,0,1,5,214732.97500000003
16615,5,2.0,4,238.0,1.0,0,4,0,6,214731.1622222222
16629,3,2.0,3,145.0,2.0,0,2,0,1,214719.7602777778
16648,5,3.0,5,253.0,2.0,0,0,4,6,214709.5136111111
16676,9,2.0,18,1041.0,3.0,0,0,12,24,214694.92833333332
16677,6,2.0,5,319.0,9.0,0,5,5,5,6751.2925
16682,4,2.0,4,372.0,2.0,0,0,0,6,214694.2288888889
16692,4,2.0,4,149.0,2.0,0,0,0,6,214693.3588888889
16701,4,5.0,4,367.0,3.0,0,0,1,5,8140.673611111111
16734,8,2.0,9,79.0,1.0,0,0,9,19,5759.213333333333
16769,48,2.0,161,,0.0,435,540,88,65,75984.69666666666
16775,29,2.0,127,188.0,0.0,6,100,123,177,214672.1058333333
16786,4,4.0,5,114.0,6.0,0,0,0,6,214670.6502777778
16814,8,2.0,14,289.0,1.0,0,0,3,25,214666.6197222222
16827,6,2.0,7,555.0,2.0,0,0,2,13,214665.48777777777
16828,3,2.0,3,800.0,4.0,0,0,0,3,214665.5283333333
16832,3,6.0,3,1142.0,3.0,0,0,0,3,214002.58805555556
16835,6,2.0,7,364.0,1.0,0,5,0,10,2038.312777777778
16847,3,2.0,4,127.0,3.0,0,0,0,3,214662.05027777777
16848,2,5.0,3,367.0,3.0,0,0,0,1,600.2152777777778
16855,6,5.0,6,109.0,2.0,0,0,3,12,214657.74666666664
16865,5,1.0,5,264.0,2.0,0,4,0,6,214650.2588888889
16893,4,2.0,6,651.0,1.0,0,3,0,3,6386.284166666667
16896,9,2.0,21,657.0,3.0,0,8,9,19,214644.5530555556
16900,5,2.0,4,390.0,1.0,0,0,4,6,214644.5855555556
16925,22,2.0,56,314.0,8.0,6,72,47,106,58003.48777777778
16929,9,2.0,28,1362.0,20.0,0,0,12,24,214640.25777777776
16937,6,5.0,8,404.0,3.0,0,0,1,14,214639.37666666665
16945,4,2.0,5,253.0,2.0,0,0,2,4,214636.5011111111
16966,4,2.0,3,475.0,1.0,0,0,0,6,214623.19694444444
16973,4,2.0,3,56.0,1.0,0,0,0,6,214622.35416666663
16992,5,2.0,5,117.0,3.0,0,0,0,10,214620.40666666665
17015,5,2.0,8,638.0,4.0,0,0,2,8,214617.2161111111
17024,3,2.0,6,1401.0,5.0,0,0,1,2,6386.191666666666
17045,3,5.0,3,253.0,2.0,0,0,0,3,214603.4880555556
17060,2,2.0,1,927.0,2.0,0,0,0,1,485.1930555555555
17061,6,2.0,9,206.0,3.0,0,0,4,11,214598.0469444444
17079,6,2.0,6,1148.0,2.0,0,0,2,13,147.77083333333331
17084,7,2.0,9,41.0,2.0,0,0,3,18,214594.95138888888
17086,4,2.0,3,150.0,1.0,0,0,0,6,214594.82472222223
17107,4,2.0,4,474.0,2.0,0,0,0,6,214592.36666666664
17119,5,2.0,5,237.0,2.0,0,0,0,10,214587.27833333332
17121,4,2.0,3,147.0,1.0,0,0,0,6,214585.24083333332
17126,41,2.0,90,319.0,1.0,153,414,163,90,214575.0761111111
17130,6,2.0,7,461.0,0.0,0,0,3,12,214572.60722222223
17134,4,2.0,3,220.0,0.0,0,0,1,5,214569.62472222224
17159,13,2.0,50,730.0,12.0,0,12,27,39,161287.17138888888
17174,4,2.0,3,1039.0,5.0,0,0,0,6,214528.4736111111
17190,4,2.0,4,211.0,3.0,0,0,0,6,214525.02277777772
17195,9,2.0,11,1404.0,2.0,0,0,10,26,214523.45472222223
17196,7,4.0,8,639.0,3.0,0,0,1,20,15623.944166666668
17234,3,2.0,2,319.0,1.0,0,0,2,1,6096.290277777778
17246,2,5.0,1,573.0,0.0,0,0,0,1,3847.131388888889
17284,3,5.0,4,652.0,0.0,0,2,1,0,986.0869444444444
17293,6,4.0,6,218.0,2.0,0,0,2,13,2353.010555555556
17298,5,2.0,5,149.0,2.0,0,0,0,10,214495.9230555556
17303,14,2.0,39,327.0,1.0,0,0,23,68,214495.01583333337
17304,4,2.0,3,1315.0,3.0,0,0,0,6,214494.9272222222
17305,4,5.0,4,768.0,2.0,0,0,3,3,814.5569444444445
17352,7,6.0,14,1142.0,3.0,0,0,6,15,214478.9077777778
17358,11,6.0,13,54.0,2.0,0,0,33,22,11285.008055555556
17364,4,2.0,5,43.0,3.0,0,0,1,5,214476.93583333332
17372,9,4.0,10,461.0,0.0,0,0,4,32,214476.0280555556
17377,6,2.0,6,90.0,2.0,0,0,0,15,214475.7830555556
17386,4,4.0,5,368.0,2.0,0,0,0,6,1344.7944444444445
17393,9,2.0,10,219.0,1.0,0,8,9,19,214475.1233333333
17415,3,2.0,4,362.0,3.0,0,0,0,3,3508.6927777777773
17416,5,6.0,4,319.0,1.0,0,0,2,8,214472.7480555556
17418,6,6.0,6,641.0,1.0,0,0,0,15,214472.235
17431,5,6.0,9,1145.0,5.0,0,4,0,6,214.2775
17447,6,5.0,5,1149.0,1.0,0,5,0,10,214459.3930555556
17464,24,2.0,123,577.0,17.0,3,63,66,144,214454.4175
17481,5,2.0,6,117.0,3.0,0,0,0,10,214450.91722222223
17484,5,2.0,13,1374.0,8.0,0,0,0,10,214450.75611111117
17537,5,2.0,4,68.0,1.0,0,0,0,10,214435.86611111116
17538,4,2.0,3,69.0,0.0,0,0,0,6,214435.78333333333
17542,5,2.0,4,112.0,1.0,0,0,1,9,214433.72
17548,5,2.0,5,535.0,1.0,0,0,3,7,214431.1311111111
17551,6,2.0,24,1832.0,7.0,0,5,1,9,5639.333055555554
17566,15,2.0,28,2.0,6.0,6,44,3,52,214427.98194444447
17578,29,2.0,248,1750.0,50.0,136,204,48,18,41668.293333333335
17605,9,2.0,14,1143.0,7.0,0,0,5,31,15523.7125
17613,5,2.0,6,1147.0,3.0,0,0,1,9,2680.9363888888884
17641,6,2.0,6,451.0,1.0,0,0,6,9,214380.19694444444
17644,15,2.0,25,489.0,1.0,3,36,11,55,214379.7761111111
17655,6,2.0,17,794.0,10.0,0,0,6,9,214362.80194444445
17669,4,2.0,4,1380.0,2.0,0,0,0,6,214357.20416666663
17686,31,2.0,78,751.0,19.0,28,184,117,136,214355.59416666668
17695,7,2.0,8,459.0,2.0,0,0,5,16,214355.15833333333
17726,4,2.0,9,361.0,4.0,0,0,0,6,3064.1519444444443
17732,8,2.0,13,1834.0,5.0,0,7,5,16,19078.651388888888
17738,9,2.0,11,326.0,2.0,0,0,9,27,214349.5236111111
17768,8,2.0,23,308.0,14.0,0,0,5,23,214333.88555555552
17770,5,2.0,8,115.0,5.0,0,0,0,10,214333.87583333332
17771,7,4.0,9,318.0,4.0,0,6,0,15,214333.77277777772
17791,4,2.0,9,217.0,7.0,0,0,0,6,214332.81944444444
17798,12,5.0,27,228.0,11.0,0,0,14,52,214332.20888888888
17800,4,2.0,3,739.0,3.0,0,0,0,6,214331.31944444444
17801,13,2.0,37,786.0,18.0,0,12,20,46,214331.2355555556
17802,3,4.0,2,46.0,0.0,0,0,1,2,214331.0938888889
17803,5,2.0,6,319.0,1.0,0,0,0,10,214330.7941666667
17805,3,2.0,3,222.0,2.0,0,0,0,3,214330.64638888888
17808,5,2.0,6,148.0,3.0,0,0,3,7,214330.6425
17809,3,2.0,2,1838.0,1.0,0,0,0,3,286.7958333333333
17821,5,2.0,4,801.0,3.0,0,0,0,10,214328.90916666665
17833,4,2.0,4,1380.0,2.0,0,0,0,6,214328.0336111111
17847,7,2.0,9,1402.0,4.0,0,0,0,21,214326.23305555555
17852,10,5.0,24,637.0,5.0,0,0,7,38,214324.9858333333
17855,4,2.0,3,546.0,1.0,0,0,0,6,214320.7177777778
17865,5,2.0,5,1148.0,2.0,0,0,4,6,199.6775
17871,6,2.0,9,767.0,3.0,0,0,4,11,214311.0377777778
17899,4,2.0,5,117.0,3.0,0,0,0,6,214307.0236111111
17906,5,2.0,4,321.0,1.0,0,0,0,10,214306.31944444444
17913,7,2.0,11,361.0,4.0,0,0,5,16,4849.9205555555545
17920,16,2.0,29,317.0,11.0,0,0,34,86,214305.15194444443
17928,5,2.0,8,126.0,4.0,0,0,1,9,214304.65666666665
17955,4,5.0,3,1404.0,2.0,0,0,0,6,214299.76611111112
17956,8,2.0,13,316.0,6.0,0,0,2,26,214298.81638888887
17972,11,3.0,15,328.0,0.0,0,10,18,27,214292.46222222224
18006,7,6.0,12,364.0,6.0,0,0,0,21,214284.78055555557
18009,5,2.0,4,1672.0,0.0,0,4,1,5,214284.485
18034,7,2.0,11,456.0,5.0,0,0,1,20,214281.36194444445
18036,4,2.0,4,797.0,7.0,0,0,0,6,214281.27527777775
18040,4,2.0,5,362.0,3.0,0,0,0,6,214280.48944444445
17948,12,2.0,34,1017.0,4.0,0,11,21,34,214301.5086111111
18068,3,4.0,2,1403.0,3.0,0,0,0,3,214274.17361111112
18071,6,5.0,5,641.0,1.0,0,5,0,10,157.13
18076,5,2.0,4,13.0,1.0,0,4,1,5,214264.0325
18092,6,5.0,7,364.0,6.0,0,0,0,15,622.5072222222223
18102,8,6.0,14,1398.0,8.0,0,0,3,25,214260.90194444443
18122,4,2.0,3,202.0,2.0,0,0,0,6,214258.945
18125,4,2.0,3,91.0,1.0,0,0,0,6,214258.62222222224
18132,9,2.0,10,0.0,2.0,0,8,16,12,214257.6825
18133,10,2.0,22,676.0,8.0,0,0,5,40,214257.19527777776
18140,3,2.0,5,925.0,4.0,0,0,0,3,13747.725
18150,13,2.0,21,1186.0,2.0,0,0,15,63,214240.3041666667
18157,5,2.0,5,118.0,2.0,0,0,3,7,214239.2805555556
18161,5,4.0,5,1148.0,2.0,0,4,0,6,121.02138888888888
18173,3,2.0,2,88.0,0.0,0,2,0,1,214230.94888888887
18178,7,3.0,6,79.0,1.0,0,0,6,15,214228.32388888887
18198,6,2.0,6,128.0,2.0,0,0,2,13,214211.1527777778
18226,3,4.0,3,253.0,2.0,0,0,0,3,214194.56638888887
18230,4,5.0,3,365.0,5.0,0,0,0,6,214192.23777777777
18240,8,2.0,16,736.0,6.0,0,0,1,27,214188.89805555556
18242,11,2.0,17,1042.0,2.0,0,0,9,46,214188.86472222224
18250,2,2.0,1,380.0,2.0,0,0,0,1,1562.194166666667
18251,9,2.0,13,652.0,0.0,0,8,6,22,25278.162777777776
18253,6,2.0,6,326.0,2.0,0,0,6,9,214187.6222222222
18257,3,4.0,2,1402.0,4.0,0,0,0,3,214186.9633333333
18258,6,2.0,6,682.0,2.0,0,5,3,7,2348.104166666667
18259,5,4.0,4,78.0,1.0,0,0,1,9,214186.8088888889
18260,5,2.0,12,797.0,7.0,0,0,0,10,214186.70388888888
18264,2,2.0,1,222.0,2.0,0,0,0,1,214186.45444444445
18265,5,5.0,8,112.0,1.0,0,0,1,9,214186.31333333332
18266,63,2.0,202,174.0,21.0,630,972,150,201,214186.37694444443
18267,10,2.0,29,403.0,4.0,0,0,2,43,214186.04944444448
18273,5,2.0,5,288.0,2.0,0,0,2,8,214185.68
18278,5,2.0,6,54.0,2.0,0,0,2,8,6241.396111111111
18287,5,2.0,4,2937.0,2.0,0,0,6,4,214183.40916666665
18316,7,2.0,8,1148.0,2.0,0,0,6,15,2436.0347222222217
18321,21,2.0,57,323.0,11.0,1,38,70,101,6535.333888888888
18325,7,2.0,7,146.0,2.0,0,0,5,16,214167.38722222223
18361,8,5.0,9,206.0,3.0,0,0,3,25,2546.5458333333336
18375,6,2.0,9,115.0,5.0,0,0,2,13,214160.9413888889
18379,8,2.0,8,53.0,1.0,0,0,9,19,214160.62416666665
18384,9,5.0,11,475.0,1.0,0,0,6,30,1342.0580555555557
18395,6,2.0,8,914.0,6.0,0,0,0,15,214159.1875
18399,5,2.0,4,126.0,1.0,0,0,4,6,3322.877222222222
18408,10,6.0,15,1401.0,5.0,0,9,11,25,214156.89666666667
18439,5,2.0,6,67.0,2.0,0,0,0,10,214145.0466666667
18478,5,2.0,9,1146.0,4.0,0,4,3,3,2015.4227777777776
18496,3,2.0,2,917.0,3.0,0,0,0,3,214139.10055555555
18501,10,2.0,21,1137.0,13.0,0,0,8,37,214138.5313888889
18508,10,2.0,13,765.0,5.0,0,9,2,34,12936.34
18514,5,2.0,6,801.0,3.0,0,0,0,10,214137.05833333332
18520,2,2.0,1,220.0,2.0,0,0,0,1,214135.99444444443
18521,6,2.0,5,1317.0,1.0,3,9,0,3,214135.7438888889
18535,5,6.0,4,81.0,1.0,0,0,4,6,214131.9988888889
18585,4,2.0,4,129.0,1.0,0,0,0,6,214117.3608333333
18587,7,2.0,10,1462.0,4.0,0,0,9,12,81452.92055555555
18591,11,2.0,26,547.0,10.0,0,0,11,44,214116.86666666664
18602,6,4.0,7,639.0,3.0,0,0,0,15,214115.7747222222
18603,5,1.0,6,391.0,3.0,0,0,0,10,214115.4163888889
18613,17,4.0,31,1462.0,4.0,3,42,32,59,15449.768055555556
18631,5,2.0,11,1399.0,7.0,0,0,4,6,3452.9894444444435
18638,9,2.0,16,83.0,5.0,0,8,16,12,170889.6325
18643,14,2.0,29,667.0,6.0,0,13,35,43,100288.59
18644,10,2.0,18,532.0,4.0,1,16,12,16,214107.2338888889
18647,5,2.0,5,80.0,2.0,0,4,2,4,214103.5536111111
18679,11,6.0,17,1834.0,5.0,0,10,8,37,1804.258888888889
18706,7,2.0,9,330.0,4.0,0,6,6,9,214090.13916666663
18711,8,2.0,9,459.0,2.0,0,7,0,21,214089.85083333333
18717,4,2.0,3,110.0,1.0,0,0,0,6,214089.12472222224
18728,3,4.0,2,1143.0,7.0,0,0,0,3,7461.851944444445
18729,54,2.0,126,556.0,1.0,153,648,402,228,214088.20222222223
18732,35,3.0,66,0.0,5.0,153,306,69,67,216641.4963888889
18742,7,2.0,17,150.0,1.0,0,0,4,17,214087.17777777775
18745,6,5.0,5,50.0,0.0,0,5,0,10,214085.4811111111
18769,5,2.0,5,363.0,2.0,0,0,1,9,214073.9238888889
18770,6,2.0,5,535.0,1.0,0,5,0,10,214073.8858333333
18774,8,2.0,17,107.0,4.0,0,7,1,20,214072.24833333332
18798,13,5.0,54,260.0,8.0,0,12,16,50,5686.834999999999
18806,5,1.0,4,49.0,1.0,0,0,5,5,214058.21972222225
18815,4,4.0,7,77.0,5.0,0,3,0,3,214051.64
18850,7,2.0,9,82.0,2.0,0,0,6,15,214028.6255555556
18858,2,2.0,1,165.0,5.0,0,0,0,1,214025.8958333333
18862,5,2.0,4,220.0,0.0,0,4,0,6,214023.57972222223
18867,6,2.0,8,91.0,1.0,0,0,2,13,214022.19194444444
18876,10,6.0,10,683.0,1.0,0,0,12,33,4460.459722222222
18877,12,4.0,19,236.0,3.0,1,20,8,37,214021.57666666663
18880,6,3.0,6,212.0,2.0,0,0,2,13,214021.16555555555
18897,8,2.0,13,3.0,3.0,3,15,2,8,4802.772499999999
18899,6,2.0,14,78.0,1.0,0,0,9,6,214019.0286111111
18932,8,2.0,7,683.0,1.0,0,0,4,24,15117.473055555554
18940,6,4.0,23,794.0,10.0,0,0,6,9,214014.5283333333
18965,5,2.0,4,68.0,1.0,0,0,0,10,214001.11444444445
18986,3,2.0,2,373.0,1.0,0,0,0,3,213996.525
18995,3,5.0,2,10.0,1.0,0,2,0,1,213994.89861111116
18998,9,2.0,15,738.0,4.0,0,0,3,33,213994.65750000003
19011,5,2.0,4,150.0,1.0,0,0,1,9,213992.555
19024,5,2.0,6,304.0,6.0,0,4,1,5,213991.44694444444
19030,6,4.0,8,44.0,4.0,0,0,3,12,213990.8583333333
19064,7,2.0,18,321.0,1.0,0,0,5,16,213973.95444444445
19083,6,6.0,12,796.0,8.0,0,0,3,12,213972.005
19097,4,2.0,3,126.0,4.0,0,0,0,6,213970.8611111111
19113,7,5.0,9,130.0,0.0,0,0,2,19,213969.9425
19114,19,5.0,44,81.0,3.0,0,18,32,121,213969.8927777777
19132,4,2.0,4,373.0,1.0,0,0,0,6,213967.9702777778
19135,4,2.0,3,372.0,2.0,0,0,0,6,213967.92055555555
19148,10,5.0,19,106.0,7.0,0,0,15,30,213966.7380555556
19166,8,5.0,14,550.0,7.0,0,0,5,23,213963.95166666663
19185,4,2.0,10,364.0,1.0,0,3,0,3,2220.3250000000003
19191,7,1.0,16,498.0,3.0,0,6,6,9,213958.84722222225
19198,3,2.0,3,238.0,1.0,0,0,1,2,7260.151666666667
19212,7,2.0,11,361.0,4.0,0,0,9,12,14596.956666666663
19216,4,6.0,3,1838.0,1.0,0,3,0,3,2140.0
19258,26,4.0,75,185.0,13.0,10,105,74,136,213947.47555555555
19259,11,2.0,13,2282.0,2.0,0,10,27,18,213947.3438888889
19290,4,2.0,4,1145.0,0.0,0,0,0,6,213944.21055555556
19306,5,3.0,5,381.0,1.0,0,4,0,6,213942.30666666667
19315,3,5.0,2,1317.0,1.0,0,0,0,3,213937.45694444445
19321,4,5.0,3,1404.0,2.0,0,0,0,6,1290.9402777777775
19328,18,2.0,41,907.0,14.0,0,0,62,91,9854.598611111112
19332,6,2.0,5,110.0,1.0,0,5,3,7,2646.3322222222223
19357,4,2.0,4,371.0,3.0,0,0,0,6,213926.16888888887
19398,8,2.0,20,297.0,13.0,0,0,10,18,213923.19222222225
19446,17,2.0,49,916.0,5.0,0,16,38,82,23268.765
19459,4,2.0,3,7.0,9.0,0,0,3,3,213903.2058333333
19468,8,2.0,12,78.0,4.0,0,7,9,12,213897.6358333333
19492,5,2.0,4,104.0,1.0,0,0,2,8,213878.07888888888
19493,6,2.0,6,651.0,1.0,0,0,6,9,197.4425
19496,6,2.0,7,650.0,2.0,0,0,1,14,213876.05916666664
19500,11,2.0,17,920.0,1.0,0,10,17,28,213874.645
19554,14,2.0,24,123.0,0.0,0,13,25,53,213853.43944444443
19558,11,2.0,24,143.0,8.0,0,0,5,50,213853.42166666663
19559,6,4.0,13,992.0,8.0,0,0,8,7,3528.8408333333336
19564,17,2.0,32,325.0,3.0,0,0,49,87,213853.3280555556
19571,3,2.0,6,738.0,4.0,0,0,0,3,213852.4605555556
19590,4,2.0,4,740.0,2.0,0,0,0,6,213849.1822222222
19600,9,2.0,21,1399.0,7.0,0,0,4,32,213847.4058333333
19620,6,2.0,8,47.0,1.0,0,0,1,14,213845.1205555556
19923,6,2.0,6,253.0,2.0,0,5,2,8,213830.87916666665
19931,10,2.0,25,50.0,0.0,0,0,12,33,213829.72833333333
19933,5,5.0,7,69.0,0.0,0,0,3,7,213829.3025
19942,5,2.0,7,391.0,3.0,0,0,5,5,213828.8233333333
19954,10,2.0,33,902.0,18.0,0,0,0,45,213827.60027777776
19955,6,5.0,10,554.0,3.0,0,0,0,15,213827.61722222224
19963,19,2.0,54,,0.0,36,90,22,23,145289.91222222222
19968,4,2.0,3,1405.0,1.0,0,0,0,6,1004.8011111111108
19971,6,2.0,7,1148.0,2.0,0,0,0,15,234.81916666666663
19977,9,5.0,12,216.0,2.0,0,0,8,28,1505.1197222222222
19984,3,2.0,3,253.0,2.0,0,0,1,2,123882.45527777776
20000,6,2.0,6,414.0,2.0,0,0,0,15,213821.765
20006,4,2.0,3,87.0,1.0,0,0,0,6,213821.25777777776
20011,11,2.0,17,208.0,1.0,0,0,24,31,20163.94
20014,6,2.0,12,799.0,7.0,0,0,1,14,20163.55972222222
20022,41,3.0,135,2883.0,56.0,55,330,243,192,53602.591944444444
20046,10,2.0,11,545.0,2.0,0,0,11,34,213805.98888888888
20050,8,4.0,10,88.0,0.0,0,7,8,13,213805.06166666665
20051,9,2.0,11,649.0,3.0,0,0,5,31,14906.076111111111
20087,8,5.0,9,216.0,2.0,0,7,5,16,1935.236666666667
20161,12,6.0,21,81.0,3.0,0,11,9,46,213716.62111111116
20163,19,2.0,47,213.0,5.0,1,34,34,102,213713.88
20170,4,4.0,5,458.0,3.0,0,0,4,2,10517.470833333333
20181,3,2.0,3,372.0,2.0,0,0,2,1,9770.843611111111
20182,10,2.0,14,206.0,3.0,0,9,10,26,9561.29277777778
20185,25,5.0,78,414.0,6.0,10,100,110,80,3782.5441666666666
20207,15,2.0,32,761.0,9.0,0,0,20,85,14283.16972222222
20213,4,4.0,5,1839.0,0.0,1,4,0,1,503.94583333333344
20219,4,2.0,3,321.0,1.0,0,0,1,5,213687.0563888889
20228,7,6.0,13,251.0,4.0,0,0,5,16,412.67666666666673
20229,4,2.0,6,252.0,3.0,0,0,1,5,213685.20916666667
20250,5,2.0,5,640.0,2.0,0,0,0,10,213682.8675
20257,5,2.0,6,69.0,0.0,0,0,3,7,213681.79861111112
20259,5,2.0,4,91.0,1.0,0,0,1,9,213681.7425
20267,9,2.0,13,321.0,1.0,0,8,4,24,213681.2425
20297,8,2.0,18,299.0,3.0,0,7,14,7,213677.91472222225
20298,14,2.0,35,678.0,6.0,0,0,24,67,7939.241944444445
20304,42,3.0,54,17.0,1.0,210,441,79,131,229890.1661111111
20309,3,2.0,2,1405.0,1.0,0,2,0,1,1023.0577777777778
20310,6,2.0,5,208.0,1.0,0,0,5,10,213673.32472222223
20313,4,6.0,3,373.0,1.0,0,0,3,3,852.2149999999999
20315,11,4.0,58,1116.0,34.0,0,0,18,37,1261.941111111111
20349,5,2.0,5,1043.0,1.0,0,0,0,10,213661.69305555557
20367,6,2.0,8,236.0,3.0,0,0,0,15,213659.7686111111
20379,6,5.0,7,649.0,3.0,0,0,4,11,1845.2525
20396,3,4.0,5,996.0,4.0,0,0,2,1,3331.918333333333
20449,4,2.0,5,739.0,3.0,0,0,0,6,213649.83666666667
20456,7,5.0,8,1147.0,3.0,0,6,0,15,213642.3411111111
20459,5,2.0,7,1146.0,4.0,0,4,0,6,5260.116388888889
20461,4,3.0,4,87.0,1.0,0,3,0,3,213641.4794444444
20726,4,2.0,5,118.0,2.0,0,3,0,3,213640.74361111116
20504,5,6.0,4,419.0,1.0,0,0,0,10,120.95333333333332
20506,5,2.0,7,800.0,4.0,0,0,0,10,161892.67027777777
20513,4,2.0,4,128.0,2.0,0,0,1,5,213635.02027777777
20524,6,4.0,8,364.0,6.0,0,0,1,14,213633.9961111111
20533,8,2.0,17,475.0,1.0,0,0,2,26,213632.6919444445
20584,5,4.0,4,367.0,3.0,0,0,0,10,213615.14138888888
20595,4,2.0,3,1149.0,1.0,0,3,0,3,7056.345277777778
20618,134,4.0,310,,0.0,4095,3913,599,304,193867.5413888889
20634,8,2.0,28,1035.0,9.0,0,0,7,21,213609.4975
20650,7,2.0,9,118.0,2.0,0,0,0,21,213608.27916666667
20654,4,2.0,4,1143.0,2.0,0,0,0,6,213607.9430555556
20663,4,2.0,3,651.0,1.0,0,0,0,6,213605.94833333336
20674,6,2.0,7,1837.0,2.0,0,0,2,13,213603.04555555555
20637,6,2.0,12,209.0,5.0,0,0,1,14,213609.14666666667
20716,6,2.0,8,278.0,0.0,0,0,5,10,213590.5919444445
20741,4,2.0,5,926.0,3.0,0,0,0,6,4340.82
20754,6,3.0,12,68.0,6.0,0,0,6,9,213586.9913888889
20762,3,2.0,3,23.0,2.0,0,0,0,3,213585.35
20785,3,5.0,3,1400.0,6.0,0,0,0,3,64.0311111111111
20795,5,2.0,4,1405.0,1.0,0,0,1,9,213566.6888888889
20797,8,5.0,18,215.0,3.0,0,7,2,19,213566.5327777778
20811,6,2.0,6,390.0,1.0,0,0,1,14,213563.8144444445
20814,7,2.0,7,218.0,2.0,0,0,0,21,213563.03805555555
20830,7,2.0,7,128.0,2.0,0,0,5,16,212888.78444444443
20833,4,2.0,10,81.0,7.0,0,0,0,6,213549.74416666664
20841,5,2.0,4,87.0,1.0,0,0,0,10,213542.7213888889
20843,16,5.0,29,264.0,4.0,1,28,35,56,161798.35249999998
20853,3,6.0,2,1404.0,2.0,0,0,0,3,213539.3883333333
20890,3,4.0,3,55.0,2.0,0,0,0,3,213518.6302777778
20891,12,2.0,24,556.0,1.0,0,0,14,52,213518.61277777777
20892,4,2.0,4,,0.0,0,3,0,3,213518.60611111112
20901,9,2.0,15,318.0,2.0,0,0,16,20,213517.87722222225
20982,5,2.0,11,455.0,6.0,0,0,2,8,213510.74111111116
21002,8,5.0,14,317.0,5.0,0,0,6,22,213506.19972222223
21004,4,2.0,3,84.0,0.0,0,0,2,4,213506.1044444444
21006,7,5.0,18,1396.0,10.0,0,0,2,19,213505.79916666663
20893,7,4.0,9,76.0,2.0,0,0,3,18,213518.52722222224
21010,5,2.0,4,278.0,0.0,1,6,0,3,213503.6180555556
21025,3,2.0,3,320.0,2.0,0,0,0,3,213495.03666666668
21033,3,2.0,2,1405.0,1.0,0,0,0,3,866.8483333333334
21064,4,2.0,5,1042.0,2.0,0,0,0,6,213491.2
21071,3,2.0,2,254.0,1.0,0,0,0,3,0.8711111111111112
21095,13,2.0,26,57.0,2.0,0,0,19,59,213487.87444444443
21099,5,2.0,19,240.0,15.0,0,0,5,5,213487.3488888889
21113,2,2.0,1,56.0,0.0,0,0,0,1,316.15777777777777
21117,2,6.0,1,94.0,3.0,0,0,0,1,213485.5575
21120,9,2.0,16,1035.0,9.0,0,0,13,23,213485.30277777775
21126,4,2.0,3,555.0,2.0,0,0,1,5,212821.7788888889
21133,5,2.0,5,545.0,2.0,0,0,1,9,213481.81888888887
21169,2,2.0,1,995.0,5.0,0,0,0,1,3145.0125000000003
11259,2,2.0,2,92.0,0.0,0,0,0,1,215831.30916666664
21215,8,2.0,9,128.0,2.0,0,7,0,21,213465.0816666667
21216,7,2.0,7,650.0,2.0,0,0,3,18,14566.863333333336
21226,8,2.0,14,735.0,7.0,0,0,3,25,213464.2080555556
21236,9,2.0,16,290.0,0.0,0,0,13,23,213462.7991666667
21239,5,2.0,5,682.0,2.0,0,0,0,10,213462.6097222222
21268,5,2.0,8,1146.0,4.0,0,0,0,10,4164.49138888889
21276,4,4.0,6,641.0,1.0,0,3,0,3,117.11
21287,10,4.0,12,54.0,2.0,0,0,6,39,213445.55361111116
21291,4,4.0,3,15.0,1.0,0,3,2,1,213445.13361111112
21294,4,2.0,3,15.0,1.0,0,0,0,6,213444.9155555556
21296,38,4.0,91,137.0,1.0,45,280,183,195,213444.8472222222
21299,5,2.0,6,535.0,1.0,0,0,0,10,213444.7075
21313,9,2.0,16,367.0,7.0,1,14,4,17,213442.85111111111
21340,4,2.0,3,148.0,3.0,0,0,0,6,213440.5558333333
21344,38,2.0,141,1155.0,53.0,91,336,116,160,83397.65222222221
21355,5,2.0,5,9.0,12.0,1,6,0,3,213438.53972222225
21360,5,4.0,5,459.0,2.0,0,0,3,7,213437.53722222225
21371,12,2.0,14,650.0,2.0,0,11,28,27,21585.68972222222
21391,8,2.0,7,150.0,1.0,0,0,9,19,213421.8933333333
21397,10,5.0,11,388.0,3.0,1,16,2,26,213421.15555555557
21441,4,5.0,5,252.0,3.0,0,0,2,4,213417.59305555557
21459,10,6.0,12,403.0,4.0,0,0,10,35,144.1913888888889
21478,3,2.0,4,127.0,3.0,0,0,0,3,213414.54111111112
21480,3,2.0,3,1670.0,2.0,0,0,2,1,1613.0933333333332
21502,7,2.0,6,652.0,0.0,0,6,7,8,4615.784166666666
21506,11,4.0,14,651.0,1.0,0,0,25,30,916.8825
20872,2,2.0,1,328.0,6.0,0,0,0,1,213527.4816666667
21529,6,2.0,6,104.0,1.0,0,5,2,8,1138.9880555555555
21540,6,4.0,9,804.0,2.0,0,5,0,10,213372.73694444445
21544,2,2.0,2,239.0,0.0,0,0,0,1,1001.0241666666666
21545,7,3.0,10,366.0,4.0,0,0,8,13,6914.358055555556
21557,7,2.0,14,545.0,2.0,0,0,4,17,213367.4258333333
21561,6,3.0,14,40.0,4.0,0,0,2,13,213364.73
21571,6,5.0,12,84.0,0.0,0,0,0,15,5075.25222222222
21582,8,2.0,10,572.0,1.0,0,0,4,24,213351.2138888889
21599,10,5.0,13,802.0,4.0,0,9,19,17,213348.56972222225
21610,8,2.0,18,568.0,5.0,0,0,0,28,213347.0313888889
21611,5,2.0,4,268.0,0.0,0,0,0,10,213346.97583333333
21618,4,5.0,6,1013.0,8.0,0,0,3,3,213346.55166666664
21621,3,2.0,2,20.0,1.0,0,2,0,1,213346.24611111108
21628,5,6.0,4,1138.0,7.0,0,0,3,7,213345.6755555556
21632,10,2.0,10,319.0,1.0,0,9,4,32,213345.2691666667
21643,5,4.0,8,142.0,5.0,0,0,3,7,213344.5955555556
21644,5,2.0,5,118.0,2.0,0,0,3,7,213344.3933333333
21648,10,2.0,9,683.0,1.0,0,0,15,30,213344.1225
21668,3,5.0,3,650.0,2.0,0,0,0,3,5084.088611111111
21669,2,2.0,1,377.0,5.0,0,0,0,1,668.0233333333334
21671,6,2.0,8,23.0,2.0,0,0,0,15,213341.59055555557
21686,9,3.0,25,132.0,6.0,0,8,10,18,213336.28027777773
21694,3,2.0,2,78.0,1.0,0,0,1,2,213328.1763888889
21700,7,2.0,7,571.0,2.0,0,0,2,19,213327.2733333333
21708,4,2.0,4,129.0,1.0,0,0,1,5,213326.2083333333
21714,4,4.0,9,123.0,7.0,0,0,0,6,213325.09416666668
21723,8,6.0,10,802.0,4.0,0,0,5,23,213324.52972222224
21728,8,2.0,8,555.0,2.0,0,0,7,21,10130.844444444445
21731,6,5.0,10,1153.0,1.0,0,0,8,7,22803.66194444444
21744,7,2.0,15,82.0,2.0,0,0,0,21,213322.1330555556
21747,48,4.0,96,182.0,6.0,55,407,324,342,213321.79694444448
21748,2,2.0,1,147.0,1.0,0,0,0,1,2028.138888888889
21749,2,2.0,1,147.0,1.0,0,0,0,1,2028.1497222222224
21756,5,4.0,4,88.0,0.0,0,0,0,10,213321.1775
21759,8,4.0,10,109.0,4.0,0,7,4,17,213320.7308333333
21760,6,2.0,5,1671.0,1.0,0,5,5,5,213320.61277777777
21762,67,2.0,159,,0.0,300,1050,665,196,191556.86166666663
21773,4,2.0,3,1402.0,4.0,0,0,0,6,213318.9772222222
21788,3,2.0,2,168.0,2.0,0,0,1,2,9373.601388888888
21806,4,2.0,4,1380.0,2.0,0,0,1,5,213302.2430555556
21809,5,2.0,5,459.0,2.0,0,0,0,10,213301.74166666667
21838,6,4.0,10,48.0,2.0,0,0,0,15,213297.96416666667
21841,3,2.0,5,318.0,4.0,0,0,0,3,213297.5102777778
21854,10,4.0,15,681.0,3.0,0,0,5,40,213296.8280555556
21887,9,2.0,14,568.0,5.0,0,0,2,34,213293.25
21888,4,3.0,4,111.0,2.0,0,0,0,6,213293.22305555557
21895,13,2.0,35,571.0,2.0,0,0,17,61,115.6627777777778
21898,3,2.0,3,50.0,0.0,0,0,0,3,213291.9375
21900,3,2.0,4,85.0,3.0,0,2,0,1,213290.9897222222
21917,6,3.0,8,216.0,2.0,0,5,0,10,213282.75944444444
21921,7,2.0,8,24.0,0.0,0,0,3,18,213282.15194444443
21938,5,2.0,14,1832.0,7.0,0,4,0,6,50370.95305555555
21973,5,2.0,5,116.0,4.0,0,0,0,10,213274.7880555556
21990,12,2.0,17,21.0,4.0,0,11,23,32,14375.014722222222
22005,7,5.0,25,1139.0,6.0,0,6,4,11,213271.49222222224
22022,22,2.0,79,292.0,15.0,1,40,51,139,213264.41611111112
22023,4,4.0,4,652.0,0.0,0,0,0,6,3701.7891666666665
22040,4,2.0,5,254.0,1.0,0,0,0,6,7224.915555555555
22057,5,2.0,4,1317.0,1.0,0,0,1,9,213253.22861111112
22065,3,2.0,2,915.0,5.0,0,0,0,3,213252.37916666668
22069,2,2.0,1,924.0,5.0,0,0,0,1,1510.296388888889
22083,5,2.0,4,741.0,1.0,0,0,0,10,213249.3461111111
22103,8,4.0,14,39.0,5.0,0,0,10,18,213243.52305555556
22106,7,2.0,7,459.0,2.0,0,6,4,11,6711.331111111111
22138,4,4.0,4,392.0,2.0,0,0,0,6,213221.52666666667
22139,2,2.0,1,380.0,2.0,0,0,0,1,569.7049999999999
22165,8,2.0,11,1153.0,1.0,0,0,20,8,22681.154444444444
22175,22,2.0,49,430.0,26.0,1,40,69,121,213192.9627777778
22183,70,5.0,287,523.0,24.0,465,1209,381,360,190414.37472222224
22184,20,2.0,25,917.0,4.0,1,36,72,81,8260.983333333334
22186,4,2.0,4,88.0,0.0,0,0,4,2,213186.49833333332
22192,5,5.0,4,14.0,0.0,0,0,3,7,213182.75111111117
22213,4,2.0,3,149.0,2.0,0,0,0,6,213179.6741666667
22221,6,4.0,7,681.0,3.0,0,0,3,12,139366.60111111111
22226,7,2.0,7,326.0,2.0,0,0,1,20,213177.96
22230,5,2.0,6,128.0,2.0,0,4,2,4,200400.71555555557
22250,6,5.0,6,571.0,2.0,0,0,4,11,213174.70305555552
22256,6,2.0,12,363.0,2.0,0,0,6,9,213171.9005555556
22281,3,2.0,4,221.0,3.0,0,0,0,3,213158.42111111112
22301,9,5.0,11,682.0,2.0,0,0,0,36,213155.7475
22304,4,2.0,4,1670.0,2.0,0,0,2,4,213155.44194444444
22305,4,4.0,3,1402.0,4.0,0,0,0,6,213155.33638888889
22308,4,6.0,4,308.0,2.0,0,0,0,6,213155.10055555555
22310,9,2.0,26,0.0,9.0,1,14,16,5,213155.0580555556
22320,7,2.0,8,1404.0,2.0,0,6,3,12,3890.286944444444
22321,5,2.0,5,803.0,3.0,0,0,0,10,213153.7725
22342,17,2.0,21,98.0,1.0,0,16,39,81,213151.4063888889
22391,4,2.0,3,1838.0,1.0,0,3,0,3,19328.34555555556
22409,9,5.0,8,319.0,1.0,0,8,4,24,1473.444166666667
22446,5,3.0,6,768.0,2.0,0,4,1,5,6678.097222222223
22450,6,4.0,12,798.0,6.0,0,5,4,6,213134.1158333333
22472,11,5.0,14,651.0,1.0,0,0,13,42,213130.5894444445
22502,7,5.0,15,758.0,12.0,0,0,0,21,213126.625
22508,9,2.0,18,112.0,8.0,0,0,3,33,213125.43444444443
22515,14,2.0,34,764.0,6.0,3,33,16,39,110269.0113888889
22516,5,4.0,4,391.0,0.0,0,4,0,6,213122.98305555555
22522,4,2.0,3,651.0,1.0,0,0,3,3,3558.8525
22529,46,2.0,92,412.0,4.0,105,465,175,290,33002.40527777777
22534,7,4.0,7,218.0,2.0,0,6,0,15,213113.75333333336
22537,6,2.0,14,416.0,4.0,0,0,4,11,213113.41805555555
22538,10,2.0,12,650.0,2.0,0,0,12,33,14307.00777777778
22552,6,6.0,9,82.0,0.0,1,8,1,5,213110.45638888888
22577,6,5.0,7,217.0,1.0,0,0,3,12,213108.67166666663
22598,2,2.0,1,1836.0,3.0,0,0,0,1,1294.8508333333334
22635,5,2.0,6,117.0,3.0,0,0,0,10,213088.24555555556
22658,18,2.0,39,382.0,9.0,0,17,63,73,27703.873611111107
22687,96,2.0,282,280.0,3.0,1128,2304,706,422,181854.54194444444
22692,5,2.0,11,237.0,2.0,0,0,0,10,213027.97166666668
22708,11,3.0,13,369.0,1.0,0,10,8,37,213019.32
22710,14,2.0,34,371.0,7.0,1,24,13,53,213016.59250000003
22712,4,2.0,7,544.0,3.0,0,0,2,4,213016.17472222223
22754,12,5.0,20,69.0,5.0,0,0,34,32,212988.87972222225
22782,6,2.0,9,650.0,2.0,0,5,3,7,3420.3522222222223
22800,3,2.0,2,96.0,1.0,0,2,0,1,212967.93555555557
22805,3,2.0,2,1405.0,1.0,0,0,0,3,9033.074722222222
22808,7,2.0,10,217.0,2.0,0,0,5,16,212967.21305555556
22832,10,2.0,10,651.0,1.0,0,9,7,29,212951.9925
22836,10,1.0,16,209.0,0.0,0,0,6,39,212943.51416666663
22840,4,3.0,5,682.0,2.0,0,0,3,3,3379.585
22842,11,2.0,22,247.0,8.0,0,10,9,36,212938.81944444444
22852,7,2.0,7,103.0,2.0,0,6,0,15,212930.8544444444
22877,9,4.0,14,,0.0,1,14,4,17,178146.59999999998
22879,15,2.0,21,973.0,3.0,0,14,25,66,212881.26472222223
22889,14,2.0,31,799.0,5.0,0,0,17,74,212869.51138888887
22890,4,2.0,6,1668.0,4.0,0,3,2,1,10474.133333333331
22931,4,2.0,4,802.0,2.0,0,0,1,5,212845.14027777777
22943,4,2.0,4,1143.0,2.0,0,0,0,6,212843.21472222224
22954,9,4.0,18,1834.0,5.0,3,18,4,11,4727.949722222222
22958,8,2.0,8,109.0,2.0,0,0,3,25,212842.1594444445
22983,14,2.0,50,1123.0,27.0,0,0,16,75,212836.755
23014,5,2.0,14,1141.0,9.0,0,4,3,3,4443.203333333334
23017,5,2.0,6,130.0,0.0,0,0,2,8,212824.32222222225
23049,4,2.0,4,571.0,2.0,0,0,0,6,212820.13333333333
23071,5,2.0,5,572.0,1.0,0,0,0,10,212816.0858333333
23104,5,2.0,5,333.0,1.0,0,0,0,10,212809.47444444447
23111,4,2.0,13,216.0,8.0,0,0,2,4,212804.8688888889
23136,3,2.0,3,128.0,2.0,0,0,0,3,212798.9769444444
23150,5,6.0,5,406.0,1.0,0,0,3,7,212796.7052777777
23156,5,4.0,4,83.0,1.0,0,0,0,10,212795.86611111116
23157,6,6.0,5,315.0,13.0,0,5,4,6,8880.241944444444
23159,4,4.0,4,315.0,2.0,0,3,0,3,212795.53833333333
23187,13,2.0,25,2391.0,1.0,1,22,19,36,212792.46111111116
23191,8,4.0,10,740.0,2.0,0,0,4,24,212792.0005555556
23195,5,5.0,7,652.0,0.0,0,4,2,4,1955.5919444444444
23209,7,2.0,8,487.0,3.0,0,0,4,17,212789.09972222225
23219,4,2.0,4,392.0,2.0,0,0,1,5,212784.00861111112
23237,3,2.0,2,90.0,7.0,0,0,0,3,212775.9036111111
23240,8,2.0,9,91.0,1.0,0,0,2,26,212775.1875
23263,9,2.0,13,43.0,1.0,0,0,17,19,212772.98944444445
23265,18,2.0,69,1051.0,15.0,6,56,59,32,26807.63805555556
23285,6,4.0,8,104.0,1.0,0,0,1,14,212770.27222222224
23289,5,5.0,10,1140.0,5.0,0,0,0,10,212769.25416666665
23302,6,2.0,8,1037.0,7.0,0,0,2,13,212767.14916666667
23304,2,2.0,1,218.0,4.0,0,0,0,1,212766.84833333333
23317,3,2.0,4,801.0,3.0,0,0,0,3,212762.7355555556
23321,7,4.0,12,90.0,7.0,0,0,7,14,212761.6438888889
23323,4,2.0,5,21.0,2.0,0,0,2,4,212761.4916666667
23335,5,3.0,7,767.0,3.0,0,4,0,6,212754.18166666664
23336,17,2.0,33,763.0,7.0,1,30,35,70,1494.5466666666666
23341,6,1.0,6,212.0,2.0,0,5,0,10,212752.27972222224
23350,5,2.0,4,172.0,1.0,0,0,2,8,212749.99
23351,4,2.0,5,555.0,2.0,0,0,2,4,212749.9347222222
23352,4,2.0,7,1401.0,5.0,0,0,3,3,1663.9422222222222
23353,3,2.0,2,369.0,5.0,0,0,1,2,122807.4227777778
23355,6,2.0,9,47.0,3.0,0,0,0,15,212749.59055555557
23373,9,2.0,10,649.0,3.0,0,8,7,21,13896.856666666668
23374,4,2.0,3,10.0,1.0,0,3,1,2,212747.9194444444
23376,3,2.0,2,1141.0,9.0,0,0,1,2,6216.298888888889
23388,7,4.0,9,460.0,1.0,0,0,0,21,212745.78305555557
23394,66,2.0,138,0.0,13.0,465,1085,352,243,196645.2002777778
23399,6,2.0,6,82.0,2.0,0,0,1,14,212744.2416666667
23400,6,2.0,5,89.0,4.0,0,0,3,12,212744.0836111111
23404,5,2.0,6,918.0,2.0,0,0,1,9,212743.77833333332
23408,7,2.0,13,551.0,6.0,0,0,3,18,212743.41138888887
23440,10,5.0,18,569.0,4.0,0,0,2,43,212720.1044444444
23448,7,2.0,6,119.0,1.0,0,0,12,9,212717.98305555555
23485,70,2.0,173,46.0,7.0,105,825,845,640,125904.37055555556
23498,4,2.0,4,571.0,2.0,0,3,0,3,212692.7263888889
23503,5,2.0,5,128.0,2.0,0,0,0,10,212689.6563888889
23504,6,5.0,6,1317.0,1.0,0,5,2,8,212689.52027777772
23266,3,2.0,2,413.0,3.0,0,0,0,3,212772.8683333333
23540,11,2.0,26,211.0,13.0,0,0,23,32,212677.4938888889
23546,7,2.0,9,103.0,7.0,0,0,12,9,4106.8625
23551,8,5.0,11,109.0,2.0,0,0,3,25,212676.30694444443
23558,7,2.0,24,97.0,14.0,0,0,4,17,212675.8175
23571,7,2.0,15,1140.0,10.0,0,0,8,13,4536.84888888889
23575,10,2.0,17,571.0,2.0,0,0,5,40,212674.87333333332
23596,11,2.0,20,49.0,1.0,0,0,16,39,212670.91166666665
23616,3,2.0,3,128.0,2.0,0,0,0,3,212666.03583333333
23629,5,5.0,4,14.0,0.0,0,0,2,8,212662.87277777775
23662,3,2.0,3,90.0,2.0,0,0,0,3,212652.79444444444
23665,7,2.0,7,372.0,2.0,0,0,1,20,212652.50027777776
23667,9,2.0,31,1835.0,4.0,0,8,10,18,4251.264722222222
23679,88,2.0,213,1774.0,26.0,1081,1927,650,170,212650.6197222222
23689,2,2.0,1,381.0,1.0,0,0,0,1,25.262777777777774
23694,3,2.0,3,217.0,5.0,0,0,0,3,212648.52444444445
23697,4,6.0,5,639.0,3.0,0,0,0,6,212648.19194444444
23716,7,2.0,12,736.0,6.0,0,6,0,15,212643.17694444448
23730,5,2.0,5,67.0,2.0,0,0,0,10,212634.1183333333
23731,7,2.0,6,104.0,1.0,0,0,12,9,212633.75861111117
23747,3,2.0,2,117.0,3.0,0,0,0,3,212629.91166666668
23808,4,5.0,5,85.0,3.0,0,0,0,6,212622.34305555557
23821,9,2.0,16,206.0,3.0,0,0,7,29,212619.67833333332
23829,4,2.0,3,129.0,1.0,0,0,0,6,212616.19138888887
23856,9,2.0,12,1838.0,1.0,0,0,2,34,212605.98527777777
23888,5,2.0,4,327.0,1.0,0,0,0,10,212601.94333333336
23893,4,2.0,3,150.0,1.0,0,0,0,6,212601.71
23894,5,2.0,7,555.0,2.0,0,0,0,10,212601.3705555556
23900,5,2.0,6,1379.0,3.0,0,0,2,8,212600.6836111111
23904,6,2.0,8,119.0,1.0,0,0,3,12,212600.69861111112
23905,5,4.0,7,1388.0,18.0,0,0,0,10,212600.54166666663
23906,3,2.0,6,1669.0,3.0,0,0,0,3,6647.334444444445
23907,4,2.0,5,1671.0,1.0,0,0,0,6,212600.525
23912,3,2.0,3,,0.0,0,0,0,3,212600.2769444445
23951,3,2.0,5,16.0,5.0,0,0,0,3,212585.84194444443
23957,8,6.0,10,217.0,2.0,0,0,3,25,212583.0586111111
23966,3,4.0,2,1145.0,0.0,0,0,0,3,212582.065
23969,14,5.0,50,1139.0,6.0,0,0,24,67,212581.56722222225
23975,3,2.0,2,782.0,3.0,0,0,0,3,212581.1180555556
23981,5,2.0,5,81.0,1.0,0,0,3,7,212579.5963888889
23990,3,4.0,7,51.0,6.0,0,0,0,3,212578.7333333333
24006,6,2.0,5,217.0,1.0,0,5,0,10,212577.1586111111
24022,5,2.0,5,130.0,0.0,0,0,4,6,212575.63694444444
24037,7,2.0,12,533.0,3.0,0,0,2,19,212573.92527777777
24040,4,2.0,3,238.0,1.0,0,0,2,4,212573.4086111111
24042,6,2.0,7,498.0,3.0,0,0,0,15,212572.45777777777
24051,8,5.0,17,108.0,3.0,0,0,2,26,212561.2583333333
24066,4,5.0,4,322.0,0.0,0,0,1,5,212554.94722222225
24082,5,2.0,5,,0.0,0,0,1,9,212549.6125
24099,5,2.0,5,256.0,2.0,0,0,2,8,212539.13111111108
24102,9,4.0,14,327.0,1.0,0,0,4,32,212537.55416666664
24108,11,2.0,12,208.0,1.0,0,0,2,53,212536.43944444443
24114,14,5.0,24,209.0,0.0,0,13,20,58,212535.4722222222
24116,3,5.0,3,652.0,0.0,0,2,0,1,3416.715
24156,4,5.0,3,,0.0,0,3,0,3,212513.37861111108
24188,6,5.0,7,555.0,2.0,0,0,3,12,212503.67444444445
24194,5,5.0,6,1837.0,2.0,0,0,0,10,212502.33222222223
24197,19,2.0,26,1796.0,4.0,1,34,85,51,42141.44333333334
24204,8,2.0,10,215.0,3.0,0,7,1,20,212499.35222222225
24212,7,5.0,9,,0.0,0,0,8,13,212495.98888888885
24215,4,2.0,3,364.0,1.0,0,0,1,5,212491.88555555552
24235,3,2.0,2,321.0,1.0,0,0,0,3,212485.7425
24242,2,2.0,1,21.0,0.0,0,0,0,1,212485.35166666663
24249,3,2.0,2,545.0,2.0,0,0,0,3,212484.46
24264,3,2.0,2,147.0,4.0,0,0,0,3,212482.20611111115
24289,4,4.0,14,13.0,8.0,0,0,3,3,212480.8877777778
24297,5,2.0,4,91.0,1.0,0,0,0,10,212480.29111111112
24299,6,2.0,7,211.0,3.0,0,0,0,15,212480.2938888889
24300,3,2.0,2,150.0,1.0,0,0,0,3,212480.2875
24301,7,5.0,23,311.0,11.0,0,0,7,14,212480.27166666667
24304,4,2.0,4,214.0,6.0,0,0,0,6,212479.9058333333
24305,4,5.0,4,93.0,4.0,0,0,0,6,212479.7708333333
24317,5,2.0,11,1144.0,6.0,0,0,1,9,22.74055555555556
24326,5,2.0,5,389.0,2.0,0,0,0,10,212477.1508333333
24333,6,4.0,5,1404.0,2.0,0,0,0,15,212475.26861111115
24335,3,2.0,2,683.0,1.0,0,0,0,3,4233.306666666667
24337,8,2.0,10,1143.0,2.0,3,15,3,7,212473.7375
24338,4,2.0,4,23.0,1.0,0,0,2,4,212473.6133333333
24407,10,2.0,16,126.0,4.0,0,0,2,43,212459.5336111111
24413,19,2.0,23,,0.0,3,48,46,74,176846.61388888888
24414,8,5.0,11,319.0,1.0,0,0,2,26,212459.0458333333
24423,25,4.0,52,634.0,8.0,0,24,70,206,11810.7475
24436,8,3.0,11,925.0,4.0,0,0,4,24,212457.52138888888
22299,19,2.0,102,134.0,36.0,1,34,66,70,213155.96083333332
24442,5,5.0,6,331.0,3.0,0,0,2,8,212457.0491666667
24450,7,5.0,12,317.0,5.0,0,0,2,19,212456.3080555556
24452,9,5.0,17,389.0,2.0,0,0,2,34,212456.18944444443
24455,5,5.0,5,97.0,2.0,0,0,0,10,212456.16250000003
24457,7,5.0,8,82.0,2.0,0,0,1,20,212455.8541666667
24461,3,2.0,3,213.0,9.0,0,0,0,3,212455.37777777776
24462,4,2.0,5,216.0,2.0,0,0,0,6,212455.35916666663
24486,7,2.0,6,569.0,4.0,0,0,4,17,212450.57722222223
24514,8,3.0,24,766.0,4.0,0,0,4,24,212439.36611111116
24519,15,4.0,30,571.0,2.0,0,0,8,97,212438.8561111111
24520,4,2.0,6,639.0,3.0,0,0,1,5,5981.171944444444
24522,5,2.0,6,110.0,3.0,0,0,2,8,212438.64166666663
24528,5,2.0,4,112.0,1.0,0,0,0,10,212438.09722222225
24530,6,3.0,8,82.0,2.0,0,0,0,15,4036.665277777778
24533,20,2.0,41,297.0,10.0,0,19,52,119,11234.09861111111
24546,4,2.0,4,1402.0,4.0,0,0,1,5,9918.629444444448
24552,7,5.0,8,441.0,3.0,0,0,8,13,5496.573333333333
24556,3,2.0,2,918.0,2.0,0,0,0,3,212435.02972222224
24573,4,2.0,4,109.0,2.0,0,0,0,6,212434.03583333333
24581,7,5.0,11,46.0,4.0,0,6,2,13,212433.38277777776
24596,4,4.0,5,473.0,3.0,0,0,1,5,212432.1519444445
24599,4,2.0,3,53.0,0.0,0,0,1,5,212432.09750000003
24603,6,2.0,7,317.0,3.0,0,0,1,14,212431.9577777778
24605,8,2.0,8,267.0,1.0,0,0,1,27,212431.66583333333
24609,4,2.0,6,169.0,4.0,0,0,1,5,4056.0247222222224
24611,7,2.0,7,545.0,2.0,0,0,1,20,212430.48
24616,5,2.0,4,130.0,0.0,0,0,0,10,212429.49111111116
24618,4,5.0,3,913.0,7.0,0,0,0,6,212429.4013888889
24666,8,2.0,8,1670.0,2.0,0,0,4,24,212414.54
24671,3,2.0,3,1670.0,2.0,0,0,0,3,3129.601944444444
24680,3,2.0,3,1670.0,2.0,0,0,0,3,3128.877500000001
24703,8,2.0,24,736.0,16.0,0,0,4,24,212410.81694444444
24711,8,2.0,11,405.0,2.0,0,0,0,28,212409.80416666667
24715,7,4.0,12,124.0,6.0,0,6,0,15,212409.5438888889
24733,6,4.0,12,322.0,6.0,0,0,0,15,212408.24083333332
24738,10,2.0,14,216.0,2.0,0,0,12,33,212408.0447222222
24739,6,2.0,12,197.0,7.0,0,0,1,14,212407.96583333332
24740,7,2.0,11,122.0,8.0,0,0,1,20,212407.8611111111
24744,3,2.0,2,365.0,0.0,0,0,1,2,212407.63
24750,3,2.0,2,652.0,0.0,0,0,0,3,4166.270277777778
24757,3,5.0,3,1670.0,2.0,0,0,1,2,3122.668611111111
24758,6,2.0,8,48.0,2.0,0,0,0,15,212406.86472222224
24759,4,4.0,3,92.0,0.0,0,3,0,3,212406.7138888889
24761,6,2.0,8,570.0,3.0,0,0,0,15,212406.49555555556
24762,8,4.0,18,1400.0,6.0,0,0,3,25,3117.069166666667
24765,9,2.0,19,193.0,11.0,0,0,9,27,212405.21972222225
24789,27,2.0,129,2.0,36.0,21,140,74,116,212391.52
24790,4,1.0,3,87.0,1.0,0,0,0,6,212390.57611111112
24806,8,1.0,14,25.0,2.0,0,7,2,19,14138.535
24811,8,2.0,11,4.0,0.0,0,0,18,10,212375.20194444444
24823,12,2.0,32,2.0,8.0,0,11,14,41,212367.1611111111
24836,5,3.0,8,1404.0,2.0,0,4,1,5,212363.7913888889
24838,8,2.0,10,81.0,3.0,0,0,8,20,212363.50472222225
24847,20,2.0,40,110.0,3.0,3,51,62,74,212358.6525
24850,8,2.0,11,207.0,2.0,0,0,6,22,212357.1280555556
24855,7,2.0,7,216.0,2.0,0,0,2,19,212354.7180555556
24856,6,2.0,6,109.0,2.0,0,0,0,15,212354.6386111111
24857,6,2.0,6,13.0,1.0,0,0,1,14,212352.86916666667
24867,72,2.0,227,1771.0,29.0,171,1007,723,655,49606.33666666666
24873,12,2.0,19,54.0,3.0,0,11,24,31,212343.29305555555
24894,4,2.0,3,78.0,1.0,0,0,2,4,212341.8305555556
24897,4,2.0,9,1139.0,6.0,0,0,0,6,212341.15777777776
24906,4,2.0,4,19.0,2.0,0,0,1,5,212340.0480555556
24917,5,1.0,6,48.0,2.0,0,0,0,10,212338.9605555556
24927,3,2.0,2,1671.0,1.0,0,0,0,3,3053.6308333333336
24928,3,2.0,3,1670.0,2.0,0,0,0,3,3053.6130555555555
24936,6,4.0,8,237.0,2.0,0,0,0,15,212336.99027777775
24947,5,5.0,11,647.0,5.0,0,0,0,10,714.6580555555555
24958,5,2.0,6,363.0,2.0,0,0,0,10,59282.08722222222
24966,7,2.0,9,14.0,0.0,0,0,4,17,212328.21722222224
24967,4,2.0,4,86.0,2.0,0,0,0,6,212328.2138888889
24968,5,2.0,4,14.0,0.0,0,0,0,10,212327.925
24969,6,2.0,8,571.0,2.0,0,0,2,13,212327.31
24971,10,2.0,24,1374.0,8.0,0,0,7,38,212326.42611111116
24993,4,2.0,4,86.0,2.0,0,0,2,4,212318.1483333333
24998,29,2.0,58,110.0,8.0,21,154,125,106,212317.78000000003
25002,6,2.0,8,236.0,3.0,0,0,4,11,212317.27166666667
25015,5,2.0,7,210.0,4.0,0,0,1,9,212315.8308333333
25032,8,2.0,10,802.0,2.0,0,0,5,23,212312.35222222225
25034,8,2.0,46,363.0,19.0,0,0,4,24,212312.1519444445
25044,4,4.0,6,85.0,3.0,0,0,2,4,212306.94611111117
25046,7,5.0,13,1404.0,2.0,0,0,1,20,658.52
25061,4,2.0,3,24.0,1.0,0,3,0,3,212299.8594444444
25068,9,2.0,20,1836.0,3.0,0,8,10,18,3671.6230555555553
25082,4,2.0,3,364.0,1.0,0,0,1,5,555.2336111111109
25084,2,2.0,1,364.0,1.0,0,0,0,1,1894.0352777777773
25111,3,2.0,5,17.0,4.0,0,0,0,3,212291.5325
25117,5,2.0,7,648.0,4.0,0,0,0,10,212291.25361111117
25125,5,2.0,6,768.0,2.0,0,0,1,9,212290.44194444444
25135,5,2.0,11,146.0,5.0,0,0,0,10,212289.6
25142,8,2.0,11,,0.0,1,12,9,6,212289.4483333333
25147,3,2.0,4,1669.0,3.0,0,0,1,2,5549.4094444444445
25166,3,2.0,2,1404.0,2.0,0,0,2,1,3882.475555555556
25209,5,2.0,6,130.0,0.0,0,0,2,8,212275.0163888889
25288,4,2.0,4,210.0,4.0,0,0,0,6,212269.57666666663
25308,8,2.0,10,54.0,2.0,0,7,7,14,934.6433333333332
25330,5,2.0,10,1145.0,5.0,0,4,3,3,5809.410555555555
25353,13,5.0,20,648.0,4.0,3,30,12,33,1343.3375
25360,4,2.0,3,78.0,1.0,0,0,0,6,212264.94611111117
25368,9,4.0,12,803.0,3.0,0,0,7,29,212264.4177777778
25369,38,2.0,89,,0.0,6,136,255,306,61335.79055555555
25374,7,1.0,10,45.0,3.0,0,6,1,14,212264.09722222225
25380,8,2.0,11,544.0,3.0,0,0,14,14,212263.64944444445
25383,7,2.0,11,1668.0,4.0,0,0,13,8,7313.399166666666
25393,5,5.0,4,87.0,1.0,0,0,2,8,212262.7405555556
25446,5,4.0,7,94.0,3.0,0,4,3,3,212255.9508333333
25455,37,3.0,74,319.0,9.0,15,186,213,252,212253.78027777775
25459,16,2.0,30,322.0,6.0,0,0,16,104,212253.6536111111
25493,5,2.0,4,24.0,1.0,0,0,3,7,2693.2494444444446
25498,4,6.0,4,640.0,2.0,0,0,3,3,100.12833333333332
25505,5,3.0,4,500.0,1.0,0,0,0,10,212246.67666666664
25511,9,6.0,14,1040.0,4.0,0,0,4,32,212246.3788888889
25594,7,2.0,9,406.0,1.0,0,0,5,16,201691.73222222223
25658,5,4.0,7,216.0,2.0,0,4,1,5,212225.13333333336
25758,6,2.0,10,648.0,4.0,0,0,4,11,5329.2491666666665
25767,4,2.0,7,456.0,5.0,0,0,0,6,212198.53638888887
25778,3,2.0,2,417.0,3.0,0,0,0,3,8840.038611111111
25810,9,4.0,20,481.0,9.0,0,8,4,24,211527.52
25829,3,2.0,2,536.0,0.0,0,2,0,1,212186.16277777776
25883,6,5.0,6,571.0,2.0,0,0,2,13,79.98194444444445
25886,11,3.0,19,9.0,2.0,1,18,15,21,194794.75638888887
25888,20,2.0,64,2902.0,37.0,6,64,24,96,212176.05972222224
25891,4,2.0,4,46.0,2.0,0,0,2,4,212175.495
25912,4,2.0,5,1142.0,3.0,0,0,0,6,212173.47083333333
25926,3,2.0,2,319.0,3.0,0,0,0,3,212171.88694444444
25952,4,2.0,4,918.0,2.0,0,0,0,6,212170.27027777777
25970,2,2.0,1,216.0,6.0,0,0,0,1,212168.475
25982,3,2.0,3,5.0,2.0,0,2,0,1,212167.3930555556
26029,37,2.0,87,196.0,13.0,10,160,211,285,212160.1683333333
26050,7,2.0,11,147.0,4.0,0,0,10,11,212152.43027777775
26061,7,2.0,9,126.0,4.0,0,0,1,20,212151.21694444443
26074,9,2.0,16,186.0,7.0,0,0,5,31,212150.6261111111
26112,7,2.0,10,474.0,2.0,0,0,4,17,212148.2836111111
26115,4,6.0,5,363.0,2.0,0,0,0,6,212147.53694444447
26134,3,2.0,4,148.0,3.0,0,0,0,3,212145.95972222224
26144,5,2.0,4,652.0,0.0,0,0,5,5,212145.40277777772
26146,7,2.0,20,790.0,14.0,0,0,0,21,212145.35333333333
26150,8,2.0,12,736.0,6.0,0,0,7,21,212144.73444444445
26169,4,2.0,4,128.0,2.0,0,0,0,6,212143.1208333333
26182,10,5.0,57,199.0,25.0,0,0,13,32,212139.7463888889
26189,5,2.0,10,147.0,1.0,0,0,3,7,20448.178611111118
26191,4,2.0,3,804.0,2.0,0,0,0,6,212137.7941666667
26197,4,4.0,4,454.0,7.0,0,0,0,6,212135.53305555557
26218,5,2.0,6,1403.0,3.0,0,4,2,4,3251.1213888888888
26219,9,2.0,13,803.0,3.0,1,14,0,21,12824.919444444446
26221,8,5.0,13,237.0,2.0,0,7,5,16,212129.3908333333
26234,5,2.0,7,1402.0,4.0,0,0,2,8,2553.4491666666663
26236,4,2.0,3,364.0,1.0,0,0,1,5,212127.3302777777
26239,4,2.0,4,320.0,2.0,0,0,0,6,212127.2325
26283,11,6.0,34,388.0,3.0,0,0,6,49,212123.78083333332
26286,5,4.0,7,147.0,4.0,0,0,0,10,212123.50833333336
26289,6,2.0,12,457.0,4.0,0,0,5,10,212123.36777777775
26308,5,4.0,21,794.0,10.0,0,0,0,10,212122.00916666663
26374,4,2.0,4,1671.0,1.0,0,0,5,1,60353.535
26377,8,2.0,8,556.0,1.0,0,0,0,28,212108.38138888887
26380,7,2.0,9,391.0,3.0,0,0,6,15,212107.01194444444
26384,13,2.0,33,492.0,9.0,0,0,18,60,17935.211666666666
26400,4,2.0,4,640.0,2.0,0,0,0,6,212103.97805555555
26444,5,5.0,4,652.0,0.0,0,0,3,7,212098.4916666667
26446,6,3.0,6,147.0,1.0,0,0,3,12,212098.3088888889
26502,29,4.0,57,305.0,15.0,10,120,146,130,212094.14166666663
26516,29,2.0,104,403.0,17.0,6,100,157,143,18934.97111111111
26517,26,2.0,34,16.0,4.0,45,160,33,87,212089.79305555555
26528,21,2.0,38,114.0,5.0,6,68,29,107,212088.69944444444
12806,5,2.0,7,545.0,2.0,0,0,0,10,215206.0683333333
26551,4,5.0,3,17.0,1.0,0,0,2,4,212081.4333333333
26556,3,4.0,2,536.0,0.0,0,2,0,1,212080.07527777777
26579,3,4.0,4,252.0,3.0,0,0,0,3,212076.855
26592,16,2.0,38,324.0,4.0,0,15,22,83,212075.64722222224
26593,19,2.0,36,327.0,1.0,0,0,49,122,5446.932222222223
26601,8,5.0,12,638.0,4.0,0,7,6,15,5659.726111111111
26604,4,2.0,4,16.0,2.0,0,0,0,6,212075.04083333333
26609,9,4.0,13,12.0,6.0,0,8,4,24,212074.48666666663
26615,7,4.0,7,16.0,2.0,0,0,0,21,212074.19138888887
26620,5,2.0,6,639.0,3.0,0,0,3,7,212073.69444444444
26639,2,2.0,2,1837.0,2.0,0,0,0,1,167.83916666666667
26654,5,2.0,4,572.0,1.0,0,0,1,9,212071.1627777778
26668,5,2.0,10,736.0,6.0,0,4,0,6,212066.79555555555
26669,6,4.0,8,1149.0,1.0,0,0,3,12,234.6641666666667
26681,14,6.0,14,406.0,1.0,0,13,42,36,212059.60527777777
26693,9,3.0,12,208.0,1.0,0,8,14,14,212054.8055555556
26694,3,2.0,3,363.0,2.0,0,0,0,3,243.93
26696,4,2.0,3,1671.0,1.0,0,3,0,3,212054.1855555556
26700,6,2.0,8,996.0,4.0,0,0,7,8,212053.58722222224
26726,3,2.0,2,1671.0,1.0,0,0,2,1,2763.705
26728,4,2.0,4,1670.0,2.0,0,0,2,4,2763.508333333333
26729,3,2.0,4,1669.0,3.0,0,0,0,3,2763.289166666667
26733,5,1.0,5,320.0,2.0,0,0,2,8,200217.6461111111
26738,5,2.0,8,390.0,4.0,0,0,0,10,212045.42694444448
26747,7,2.0,8,1670.0,2.0,0,0,16,5,15018.729722222222
26754,8,4.0,7,104.0,1.0,0,7,4,17,212037.1105555556
26759,11,6.0,22,542.0,5.0,0,0,24,31,212034.51416666663
26767,24,2.0,66,55.0,10.0,45,140,44,47,124540.59027777778
26776,4,2.0,3,393.0,1.0,0,0,2,4,212024.7691666667
26861,6,6.0,6,683.0,1.0,0,0,0,15,54.88833333333333
26882,50,2.0,153,496.0,5.0,45,400,420,360,27795.40333333333
26893,4,5.0,3,1838.0,1.0,0,0,0,6,3431.1641666666665
26917,4,2.0,5,1144.0,6.0,0,0,4,2,10263.341388888888
26941,3,2.0,2,1838.0,1.0,0,0,0,3,3869.6447222222223
27006,27,2.0,78,212.0,6.0,6,92,99,154,11087.860833333332
27280,4,6.0,4,682.0,2.0,0,0,2,4,99.5411111111111
27368,3,4.0,2,536.0,0.0,0,2,0,1,247.75555555555556
27383,8,2.0,22,1140.0,10.0,0,7,9,12,3676.593055555556
27390,6,2.0,10,459.0,2.0,0,0,8,7,16128.548333333334
27469,3,6.0,3,1837.0,2.0,0,0,0,3,71.85777777777777
27486,6,6.0,24,1830.0,9.0,0,0,5,10,621.776111111111
27558,10,6.0,24,1834.0,5.0,0,0,11,34,3597.7200000000003
27644,13,2.0,29,766.0,4.0,0,0,21,57,4604.418333333333
27684,7,6.0,8,639.0,3.0,0,0,1,20,71.9863888888889
27687,20,2.0,69,354.0,40.0,1,36,64,89,12754.881666666668
27712,6,2.0,12,112.0,1.0,0,0,4,11,1404.1947222222225
27742,4,5.0,3,683.0,1.0,0,0,2,4,3554.2858333333334
27755,8,6.0,16,1831.0,8.0,0,0,4,24,696.5991666666666
27769,8,3.0,12,652.0,0.0,0,0,8,20,2443.248333333333
27805,10,2.0,53,0.0,25.0,0,9,22,14,60064.99833333333
27807,15,2.0,34,1055.0,11.0,1,26,63,15,100666.47416666668
27846,4,2.0,7,1401.0,5.0,0,0,0,6,51.37888888888889
27855,14,6.0,33,57.0,12.0,0,0,38,53,201116.91138888887
27925,3,5.0,2,1399.0,7.0,0,0,0,3,70.50611111111111
27974,9,2.0,14,414.0,2.0,0,0,9,27,200930.52055555556
27998,8,2.0,13,215.0,3.0,0,7,1,20,211130.89555555556
28073,5,2.0,13,122.0,8.0,0,0,1,9,2153.6244444444446
28093,6,5.0,8,115.0,2.0,0,0,3,12,199955.35166666668
28161,3,2.0,3,12.0,2.0,0,0,2,1,200009.2861111111
28174,32,2.0,50,,0.0,15,156,240,85,200026.43972222225
28205,4,3.0,4,90.0,2.0,0,0,0,6,200076.18194444448
28211,41,5.0,94,,0.0,210,420,82,108,191998.22527777776
28262,3,2.0,3,806.0,0.0,0,0,1,2,200591.16277777776
28283,4,5.0,4,363.0,2.0,0,0,1,5,200231.31916666668
28324,4,2.0,7,1039.0,5.0,0,0,1,5,200420.41305555555
28342,5,2.0,5,253.0,2.0,0,0,1,9,200415.81722222225
28354,8,5.0,9,0.0,1.0,1,12,9,6,212464.89
28401,5,4.0,4,763.0,7.0,0,0,0,10,3483.7813888888886
28417,11,2.0,20,377.0,5.0,0,10,23,22,200694.75361111117
28419,5,2.0,6,473.0,3.0,0,0,2,8,200734.74944444443
28420,10,4.0,23,118.0,2.0,0,0,3,42,200707.28555555557
28426,2,2.0,1,1153.0,1.0,0,0,0,1,21220.4225
28469,4,2.0,5,87.0,1.0,0,0,3,3,200691.33944444443
28484,5,2.0,5,51.0,2.0,0,0,4,6,200734.81083333332
28489,6,2.0,10,364.0,1.0,0,0,3,12,4368.40722222222
28498,9,4.0,15,143.0,8.0,0,0,9,27,200744.40583333332
28500,7,2.0,10,488.0,2.0,0,0,5,16,201016.97944444447
28510,9,6.0,8,87.0,1.0,0,0,11,25,201064.59416666668
28540,9,2.0,13,829.0,1.0,0,8,10,18,23212.59
28548,8,5.0,8,682.0,2.0,0,0,5,23,1994.641111111111
28568,9,5.0,21,208.0,6.0,0,0,10,26,200828.92277777777
28586,130,2.0,323,,0.0,1176,3969,2137,1103,182625.315
28609,13,5.0,28,1836.0,3.0,6,36,22,14,3555.959722222222
28640,6,5.0,8,1402.0,4.0,0,0,6,9,59.44444444444445
28649,5,2.0,7,1669.0,3.0,0,0,2,8,29151.03305555556
28657,33,2.0,59,680.0,4.0,10,140,234,144,168270.35305555555
28670,9,2.0,21,1142.0,8.0,0,0,1,35,7398.891388888889
28711,6,2.0,15,219.0,3.0,1,8,5,1,201139.5491666667
28713,5,2.0,5,1671.0,1.0,0,4,5,1,3028.620277777778
28724,6,2.0,12,107.0,4.0,0,0,1,14,201138.9847222222
28764,2,5.0,3,652.0,0.0,0,0,1,0,192.4130555555556
28787,6,5.0,28,214.0,10.0,0,0,1,14,3684.604166666667
28849,15,2.0,38,109.0,10.0,0,14,20,71,103795.71166666668
28862,7,2.0,9,573.0,0.0,1,10,1,9,175467.28861111111
28921,7,2.0,6,652.0,0.0,0,6,0,15,12782.74027777778
28952,6,2.0,13,448.0,4.0,0,0,9,6,10871.754166666666
28988,10,5.0,18,1145.0,5.0,0,0,10,35,387.1183333333333
29007,3,2.0,2,1150.0,0.0,0,0,1,2,116.92277777777775
29023,7,2.0,9,320.0,0.0,0,0,13,8,12765.650833333331
29041,33,3.0,53,413.0,12.0,120,272,74,62,210849.71083333332
29085,15,2.0,17,416.0,0.0,0,14,12,79,4303.160833333333
29118,6,2.0,5,928.0,1.0,0,0,0,15,2352.037222222222
29157,9,5.0,12,535.0,1.0,0,8,2,26,78561.42361111111
29160,8,2.0,9,151.0,0.0,0,0,6,22,11110.4025
29258,15,5.0,21,557.0,0.0,0,14,36,55,14503.10611111111
29284,4,2.0,5,1404.0,2.0,0,0,0,6,7515.042222222222
29292,5,2.0,7,926.0,3.0,0,0,0,10,5113.339999999999
29301,4,2.0,5,1669.0,3.0,0,0,1,5,2286.1927777777773
29384,5,2.0,6,651.0,1.0,0,4,1,5,1442.9475
29440,13,2.0,16,638.0,4.0,1,22,19,36,12676.306944444445
29479,10,2.0,13,917.0,3.0,0,0,17,28,2272.5838888888884
29500,4,5.0,3,633.0,9.0,0,0,0,6,3266.595555555556
29515,8,5.0,17,644.0,8.0,0,0,8,20,556.0397222222223
29561,2,2.0,1,1836.0,3.0,0,0,0,1,379.6630555555555
29703,2,2.0,1,652.0,0.0,0,0,1,0,3234.382777777778
29800,16,2.0,41,672.0,12.0,6,48,21,45,4043.903888888889
29818,7,2.0,12,374.0,4.0,0,6,1,14,12122.8125
29941,11,2.0,28,278.0,0.0,0,10,0,45,4197.518888888889
30033,7,4.0,6,652.0,0.0,0,6,0,15,12598.974166666669
30067,2,2.0,1,803.0,3.0,0,1,0,0,126712.42638888888
30088,87,2.0,287,2205.0,79.0,1081,1880,483,297,25466.389166666664
30111,17,2.0,24,684.0,0.0,1,30,65,40,12594.374166666665
30116,9,2.0,12,389.0,2.0,0,0,3,33,189.08055555555555
30149,4,2.0,4,334.0,0.0,0,0,3,3,22.273333333333333
30174,4,2.0,18,1153.0,1.0,0,0,2,4,20902.649166666662
30249,8,2.0,16,1754.0,5.0,1,12,2,13,2332.928055555556
30408,6,2.0,7,535.0,1.0,0,5,0,10,3002.9652777777783
30418,10,2.0,14,535.0,1.0,0,0,13,32,5001.293055555555
30491,2,2.0,2,642.0,0.0,0,1,0,0,8033.866944444444
30578,7,2.0,14,1149.0,1.0,0,0,11,10,7318.350555555555
30686,5,2.0,4,929.0,0.0,0,0,4,6,1923.2833333333333
30721,6,5.0,11,1144.0,6.0,0,0,1,14,3186.028333333333
30743,9,5.0,24,1832.0,7.0,0,8,7,21,6745.224444444444
30785,5,5.0,9,682.0,2.0,0,0,3,7,4461.782777777779
30810,4,2.0,4,1149.0,1.0,0,0,0,6,7985.270555555556
30848,5,5.0,6,365.0,0.0,0,4,0,6,4733.66388888889
30910,18,2.0,51,296.0,14.0,3,45,60,45,18035.569722222222
31012,8,2.0,10,43.0,4.0,0,0,18,10,1293.9
31315,5,2.0,4,652.0,0.0,0,4,0,6,3005.563611111112
31407,3,2.0,3,927.0,2.0,0,0,0,3,1942.7133333333331
31482,7,5.0,8,1147.0,3.0,0,0,6,15,1755.6966666666667
31563,10,4.0,17,737.0,5.0,0,0,6,39,1900.066388888889
31788,9,2.0,11,651.0,1.0,0,8,14,14,4946.498888888889
31808,8,2.0,16,1838.0,1.0,0,0,6,22,2570.378055555556
31852,4,4.0,5,1148.0,2.0,0,3,0,3,4723.666111111112
31891,5,4.0,4,651.0,1.0,0,0,1,9,138.5327777777778
31892,7,5.0,10,649.0,3.0,0,0,0,21,1480.4425
32144,9,4.0,10,651.0,1.0,0,0,0,36,12259.7925
32216,41,2.0,92,182.0,8.0,91,378,217,134,212852.65833333333
32307,10,2.0,15,1143.0,2.0,0,9,8,28,10180.24
32327,21,6.0,71,2892.0,6.0,0,0,63,147,4773.630833333333
32381,2,4.0,1,928.0,1.0,0,0,1,0,233.86166666666665
32559,6,4.0,5,652.0,0.0,0,0,5,10,3095.309166666667
32570,8,5.0,10,267.0,1.0,1,12,5,10,665.9452777777778
32661,9,2.0,17,572.0,1.0,0,0,16,20,4232.963055555556
32668,7,2.0,18,2891.0,7.0,0,6,2,13,9105.113611111112
32746,8,2.0,19,1142.0,8.0,0,7,0,21,1704.3044444444445
32777,2,2.0,1,1759.0,0.0,0,0,0,1,1043.7280555555556
32795,7,2.0,8,1758.0,1.0,0,0,5,16,1674.2605555555556
32853,2,4.0,1,1758.0,1.0,0,0,0,1,2806.4374999999995
32898,4,4.0,11,1145.0,5.0,0,3,0,3,1491.0955555555556
32955,3,2.0,2,1150.0,0.0,0,2,0,1,2562.556388888889
33032,11,2.0,24,46.0,5.0,3,24,18,10,97359.15027777778
33105,12,6.0,24,1832.0,7.0,0,0,16,50,4557.2652777777785
33163,19,2.0,39,205.0,4.0,0,18,31,122,23882.62277777777
33197,4,2.0,5,1401.0,5.0,0,0,1,5,29235.90305555556
33203,4,6.0,21,1135.0,15.0,0,0,2,4,2524.285555555556
33219,2,2.0,1,418.0,2.0,0,0,0,1,1654.2230555555557
33230,9,2.0,10,103.0,2.0,0,0,4,32,12067.610555555557
33339,58,2.0,112,137.0,16.0,276,816,372,189,183949.34916666665
33467,26,2.0,45,314.0,2.0,3,69,143,110,36684.90083333333
33536,4,6.0,11,1832.0,7.0,0,0,1,5,74.37277777777777
33577,8,2.0,15,648.0,4.0,0,7,8,13,4426.253611111111
33650,14,2.0,21,388.0,3.0,0,13,22,56,2205.698055555556
33697,9,2.0,18,1041.0,3.0,0,0,14,22,13412.682777777778
33699,3,5.0,6,1146.0,4.0,0,0,1,2,19.91861111111111
33701,8,2.0,7,651.0,1.0,0,7,0,21,11964.276666666668
33732,81,2.0,207,12.0,10.0,703,1634,478,425,59048.04972222223
33733,13,2.0,29,1145.0,9.0,0,0,7,71,15453.926388888887
33735,9,4.0,22,741.0,1.0,0,8,6,22,4517.244444444444
33844,14,2.0,18,680.0,4.0,0,13,15,63,11938.51861111111
33952,34,6.0,92,28.0,16.0,15,168,259,119,603.0302777777778
34060,5,5.0,5,219.0,1.0,0,0,2,8,982.398611111111
34297,32,5.0,117,635.0,38.0,21,175,165,135,36312.05638888889
34418,6,2.0,9,1146.0,4.0,0,0,4,11,3775.027777777778
34454,4,2.0,3,77.0,1.0,0,0,0,6,5.886666666666667
34572,35,2.0,46,17.0,9.0,171,304,56,64,188643.7375
34576,4,2.0,6,1837.0,2.0,0,3,1,2,2499.353333333333
34605,12,6.0,16,680.0,4.0,0,0,28,38,1146.0369444444443
34660,6,4.0,9,1837.0,2.0,0,5,2,8,2355.847777777778
34811,3,2.0,2,1758.0,1.0,0,0,1,2,4385.276111111111
34947,5,2.0,7,651.0,1.0,0,0,3,7,3351.122499999999
34960,12,5.0,14,1153.0,1.0,0,0,12,54,3775.239722222223
35022,8,2.0,18,376.0,6.0,0,7,10,11,70503.73888888888
35084,6,2.0,6,1149.0,1.0,1,8,0,6,4106.194166666666
35168,30,2.0,75,54.0,38.0,190,200,17,28,132441.6197222222
35228,25,2.0,28,0.0,1.0,45,150,67,38,190565.45444444445
35247,5,2.0,7,1757.0,2.0,0,0,0,10,1065.2319444444445
35257,6,5.0,5,641.0,1.0,0,0,2,13,1175.1108333333334
35284,12,2.0,25,18.0,7.0,0,0,24,42,2106.3322222222223
35299,19,2.0,28,2388.0,4.0,6,60,33,72,48351.68305555555
35319,5,2.0,5,1758.0,1.0,0,0,0,10,1040.1369444444445
35321,4,2.0,5,1757.0,2.0,0,0,0,6,1039.9841666666666
35324,6,4.0,14,1837.0,2.0,0,5,5,5,12963.19527777778
35338,19,4.0,33,,0.0,3,48,35,85,217769.70527777777
35392,3,2.0,5,1402.0,4.0,0,0,0,3,7636.523888888889
35419,12,2.0,19,,0.0,3,27,30,6,127987.77277777778
35553,5,5.0,12,680.0,4.0,0,0,0,10,3570.0575
35558,7,2.0,6,1144.0,1.0,0,0,6,15,7267.1563888888895
35559,20,2.0,46,644.0,16.0,0,0,97,93,9399.301388888887
35562,10,2.0,15,987.0,5.0,0,9,16,20,9593.537222222223
35590,4,6.0,7,102.0,3.0,0,0,4,2,298.0255555555556
35598,9,5.0,13,,0.0,1,14,9,12,32064.416666666664
35680,6,2.0,6,1143.0,2.0,0,0,5,10,2309.5558333333333
35682,13,2.0,51,2877.0,21.0,0,0,26,52,8593.613888888889
35816,4,2.0,4,1398.0,8.0,0,0,0,6,9518.17888888889
35817,13,2.0,40,361.0,21.0,0,0,32,46,34428.89027777778
35839,19,2.0,38,147.0,1.0,0,0,47,124,25750.70055555556
35912,4,2.0,3,1838.0,1.0,0,0,3,3,935.535
35956,58,2.0,176,1761.0,39.0,105,645,432,471,17311.769444444442
35961,7,2.0,8,767.0,3.0,0,6,0,15,11538.656944444445
35986,8,2.0,18,1138.0,12.0,1,12,10,5,3459.6497222222224
36012,2,2.0,1,1150.0,0.0,0,1,0,0,1054.8730555555555
36016,31,5.0,62,386.0,5.0,28,184,63,190,23863.85
36046,7,4.0,25,125.0,2.0,0,0,1,20,4233.841111111111
36062,14,2.0,16,650.0,2.0,1,24,8,58,11521.188333333334
36089,18,2.0,41,1831.0,8.0,0,17,52,84,4034.710277777777
36110,1,2.0,0,682.0,2.0,0,0,0,0,72.53638888888888
36170,4,3.0,7,217.0,5.0,1,4,0,1,209648.2061111111
36192,3,2.0,2,87.0,1.0,0,2,0,1,231.6338888888889
36221,4,2.0,6,555.0,2.0,0,0,0,6,886.3441666666668
36240,10,2.0,16,2894.0,4.0,1,16,11,17,16171.281111111111
36288,4,4.0,4,928.0,1.0,0,3,0,3,850.2838888888889
36308,6,2.0,7,1758.0,1.0,0,0,6,9,10957.108333333335
36348,5,2.0,5,1152.0,2.0,0,0,4,6,19761.04694444445
36633,9,5.0,19,767.0,3.0,0,8,4,24,2658.5597222222223
36666,6,2.0,5,1838.0,1.0,0,0,4,11,3670.083888888889
36830,3,5.0,3,1148.0,2.0,0,0,0,3,121.3825
36908,14,2.0,53,128.0,20.0,0,13,33,45,4389.768888888889
36924,4,6.0,4,2.0,1.0,0,0,5,1,405.9238888888889
36926,4,6.0,3,56.0,0.0,0,0,4,2,19.91583333333333
36969,10,2.0,14,920.0,1.0,0,0,8,37,12322.495833333334
36972,6,2.0,8,1404.0,2.0,0,0,1,14,28490.908888888887
37025,5,2.0,8,6.0,0.0,0,0,5,5,935.8738888888888
37031,29,2.0,57,,0.0,66,204,65,71,237338.72666666668
37036,5,2.0,7,328.0,0.0,0,0,0,10,696.2752777777778
37051,10,2.0,19,1755.0,4.0,1,16,4,24,1903.8808333333332
37126,12,2.0,21,50.0,0.0,0,0,5,61,3843.453611111111
37162,6,2.0,7,1838.0,1.0,0,0,1,14,1390.2502777777777
37165,2,2.0,1,44.0,3.0,0,0,0,1,554.4536111111111
37233,9,5.0,15,649.0,3.0,0,0,0,36,10731.046666666669
37237,3,2.0,5,44.0,3.0,0,0,0,3,2168.4011111111117
37258,16,4.0,52,1748.0,11.0,0,0,21,99,7417.481666666667
37280,3,2.0,4,1403.0,3.0,0,0,0,3,7256.592500000001
37303,7,2.0,7,918.0,2.0,0,6,1,14,11276.65888888889
37339,13,6.0,54,151.0,28.0,0,12,24,42,14565.907222222222
37394,3,2.0,2,44.0,3.0,0,0,0,3,510.2255555555555
37468,20,2.0,116,17.0,41.0,66,96,4,24,158431.6925
37477,10,5.0,42,1152.0,2.0,0,9,11,25,2131.456388888889
37486,3,2.0,3,1186.0,2.0,0,0,0,3,11560.076944444443
37488,3,2.0,3,1186.0,2.0,0,0,0,3,6502.205
37489,3,2.0,4,1463.0,3.0,0,0,0,3,11558.782777777778
37498,2,2.0,3,1463.0,3.0,0,0,0,1,3605.1563888888895
37522,7,2.0,12,1402.0,4.0,0,0,0,21,2091.248611111111
37579,5,4.0,11,1400.0,6.0,1,6,1,2,22660.098055555554
37589,27,3.0,64,95.0,8.0,15,126,94,116,22122.71277777777
37617,4,2.0,3,1000.0,0.0,0,3,2,1,2092.8152777777777
37622,8,2.0,27,1394.0,12.0,0,0,1,27,2120.6316666666667
37702,11,6.0,30,198.0,6.0,0,10,22,23,2556.134444444444
37771,5,2.0,4,652.0,0.0,0,4,0,6,69602.9538888889
37857,7,2.0,6,652.0,0.0,1,10,8,2,2732.813055555556
37915,3,2.0,3,1837.0,2.0,0,0,0,3,388.9477777777778
37950,5,2.0,14,763.0,7.0,0,0,1,9,2154.5683333333336
38014,12,2.0,37,816.0,14.0,0,11,17,38,36077.47416666667
38060,5,4.0,7,1463.0,3.0,0,0,7,3,71916.19305555554
38094,5,2.0,7,1835.0,4.0,0,0,0,10,1820.3691666666664
38124,8,3.0,12,912.0,9.0,0,0,0,28,16939.3275
38128,3,2.0,3,1670.0,2.0,0,0,1,2,651.0280555555555
38185,2,4.0,2,1404.0,2.0,0,0,1,0,625.5425
38188,8,5.0,8,927.0,2.0,0,7,6,15,13580.245833333334
38269,4,6.0,4,651.0,1.0,0,0,2,4,676.6197222222222
38273,3,2.0,3,1837.0,2.0,0,0,0,3,322.135
38274,3,2.0,2,1838.0,1.0,0,0,0,3,321.7036111111111
38351,4,2.0,4,1837.0,2.0,0,3,0,3,1942.4108333333331
38373,5,3.0,13,103.0,11.0,0,0,4,6,20636.891666666663
38380,36,4.0,77,600.0,4.0,10,155,147,318,18034.83111111111
38494,3,2.0,4,742.0,10.0,0,0,1,2,3517.462777777778
38495,7,2.0,12,1838.0,1.0,0,0,2,19,1415.509722222222
38506,5,2.0,8,910.0,11.0,0,4,0,6,2897.019444444444
38576,8,2.0,16,1377.0,5.0,0,0,10,18,3623.192777777778
38679,5,4.0,5,77.0,2.0,0,0,4,6,363.5877777777778
38821,5,2.0,7,1756.0,3.0,0,0,3,7,2067.2069444444446
38848,7,6.0,16,317.0,11.0,0,0,10,11,1702.2455555555557
38862,32,4.0,244,178.0,64.0,28,192,88,188,178781.19972222223
38922,34,2.0,153,175.0,18.0,78,273,52,158,94133.65444444446
38939,10,4.0,20,639.0,3.0,0,9,5,31,45.54694444444445
38966,58,2.0,165,,0.0,91,616,499,447,139217.9113888889
39054,10,2.0,21,1370.0,36.0,1,16,3,25,28063.91777777778
39098,41,2.0,101,624.0,25.0,55,330,179,256,110451.57111111112
39107,6,2.0,7,41.0,3.0,0,5,4,6,63401.51472222222
39192,18,4.0,30,,0.0,0,17,58,78,58845.06499999999
39211,7,2.0,10,1401.0,5.0,0,0,2,19,3486.177777777778
39224,3,1.0,4,1463.0,3.0,0,0,0,3,8997.00861111111
39237,9,5.0,14,637.0,5.0,0,8,0,28,5721.415000000001
39242,6,2.0,7,1148.0,2.0,0,5,1,9,4061.975555555556
39305,2,2.0,1,1403.0,3.0,0,0,0,1,6801.340555555556
39364,3,3.0,4,1669.0,3.0,0,0,1,2,2381.488333333333
39422,10,4.0,9,651.0,1.0,0,0,9,36,10800.968888888889
39518,19,2.0,53,549.0,8.0,1,34,54,82,182151.41944444444
39534,5,2.0,5,1837.0,2.0,0,0,3,7,2489.458611111111
39546,5,2.0,5,1143.0,2.0,0,0,1,9,8735.578611111112
39637,4,6.0,6,919.0,1.0,0,0,0,6,2570.429444444444
39703,7,5.0,19,211.0,7.0,0,0,8,13,3856.934444444444
39789,3,2.0,3,1837.0,2.0,0,0,2,1,1458.608611111111
39821,6,2.0,8,360.0,10.0,0,0,0,15,1023.786111111111
39867,9,2.0,28,1136.0,14.0,0,8,0,28,333.1897222222222
39911,4,2.0,10,80.0,8.0,0,0,1,5,1606.8977777777775
39917,4,2.0,5,1670.0,2.0,0,0,1,5,1476.9444444444446
39933,6,2.0,8,84.0,4.0,0,0,3,12,3342.9466666666667
40059,4,2.0,3,1669.0,3.0,0,0,0,6,226.3713888888889
40071,13,2.0,18,651.0,1.0,0,0,2,76,9929.479722222222
40073,7,2.0,8,1758.0,1.0,0,0,6,15,3295.3547222222223
40088,6,2.0,27,32.0,18.0,0,5,4,6,6097.556666666666
40125,3,5.0,5,448.0,4.0,0,0,2,1,7921.791111111111
40155,7,2.0,8,86.0,13.0,0,0,3,18,11763.4125
40260,13,2.0,25,4.0,3.0,6,36,9,27,64405.37166666667
40383,6,2.0,12,1146.0,4.0,0,5,1,9,2233.4397222222224
40413,3,2.0,3,1670.0,2.0,0,0,0,3,806.9375
40419,4,2.0,4,1670.0,2.0,0,0,0,6,804.6358333333333
40452,5,2.0,6,1403.0,3.0,0,0,0,10,3029.563888888889
40506,8,2.0,7,289.0,1.0,0,0,5,23,6240.77527777778
40538,15,2.0,49,183.0,21.0,6,44,20,35,17153.303055555552
40545,40,2.0,81,0.0,6.0,171,399,124,86,174199.24972222222
40601,3,2.0,5,1402.0,4.0,0,0,0,3,27746.04555555556
40636,6,3.0,11,1669.0,3.0,0,0,1,14,4754.341666666667
40647,7,5.0,9,917.0,3.0,0,0,5,16,1091.1225
40680,16,2.0,25,48.0,3.0,0,0,56,64,65034.6375
40772,9,2.0,20,794.0,12.0,0,0,17,19,8971.461388888889
40817,9,2.0,18,1400.0,6.0,0,0,17,19,1613.469722222222
40838,42,2.0,80,4.0,8.0,120,416,176,149,158433.02416666667
40867,108,6.0,319,386.0,21.0,496,2432,1484,1366,76768.81805555556
40879,14,2.0,24,9.0,3.0,0,13,32,46,50046.720277777786
40917,5,2.0,5,1757.0,2.0,0,0,0,10,1213.2105555555556
40951,6,2.0,7,83.0,1.0,0,0,3,12,10489.0075
40959,6,2.0,8,1669.0,3.0,0,5,6,4,20805.88833333333
40963,5,5.0,8,927.0,2.0,0,4,0,6,2763.293055555556
40974,13,2.0,25,279.0,7.0,3,30,16,29,55252.859722222216
41013,6,5.0,15,1139.0,11.0,0,0,2,13,917.165277777778
41037,6,4.0,15,1144.0,6.0,0,0,0,15,24.217222222222222
41110,8,3.0,8,,0.0,0,7,1,20,208474.9425
41116,20,2.0,25,572.0,1.0,0,0,56,134,9767.405555555555
41133,18,4.0,18,51.0,1.0,10,65,39,39,186600.08666666667
41138,13,5.0,19,570.0,3.0,0,12,7,59,2393.0641666666666
41241,17,4.0,53,982.0,10.0,3,42,28,63,7508.9875
41262,28,2.0,48,515.0,21.0,10,115,99,154,15481.607777777775
41270,4,2.0,4,1147.0,7.0,0,0,0,6,1172.9530555555557
41276,5,4.0,7,1835.0,4.0,0,0,0,10,76207.33833333333
41325,11,2.0,27,676.0,8.0,0,0,3,52,40313.75111111111
41331,4,2.0,3,147.0,1.0,0,0,0,6,3670.575833333333
41343,3,2.0,4,1670.0,2.0,0,0,0,3,4564.794444444444
41489,45,4.0,195,,0.0,210,504,190,86,187246.17694444445
41527,12,5.0,17,992.0,8.0,0,0,26,40,8778.9975
41532,6,2.0,8,1185.0,3.0,0,5,0,10,11013.281388888889
41533,3,2.0,9,1185.0,3.0,0,0,0,3,10648.489166666666
41535,17,2.0,31,1448.0,18.0,1,30,18,87,5993.2733333333335
41564,14,2.0,50,,0.0,10,45,25,11,33494.132222222215
41585,6,5.0,9,1146.0,4.0,0,5,0,10,435.70166666666665
41588,4,2.0,5,1753.0,6.0,0,0,0,6,1052.5875
41599,9,4.0,15,371.0,7.0,0,8,9,19,2274.2941666666666
41602,6,2.0,7,81.0,3.0,0,5,2,8,3048.734722222222
41656,29,2.0,57,673.0,0.0,10,120,137,139,42340.18666666666
41708,31,2.0,62,178.0,8.0,66,228,83,88,151087.17111111112
41798,4,2.0,7,,0.0,0,0,1,5,6711.095833333333
41820,5,5.0,11,992.0,8.0,0,0,0,10,12773.64638888889
41896,3,2.0,3,148.0,0.0,0,0,0,3,16127.2475
41917,6,2.0,8,148.0,0.0,3,9,0,3,19162.87138888889
42031,1,2.0,0,994.0,6.0,0,0,0,0,291.9630555555556
42107,7,2.0,13,286.0,4.0,0,0,6,15,9504.029444444446
42136,18,2.0,28,326.0,2.0,0,17,59,77,28287.60916666667
42230,5,2.0,7,1837.0,2.0,0,4,2,4,1035.0830555555556
42244,3,2.0,3,547.0,0.0,0,0,1,2,57246.70861111111
42325,8,2.0,14,253.0,5.0,0,7,4,17,585.5713888888888
42356,12,2.0,21,649.0,3.0,0,0,19,47,2094.522777777778
42417,10,2.0,18,,0.0,1,16,9,19,173364.33527777778
42418,4,2.0,6,648.0,4.0,0,0,0,6,403.1
42560,4,2.0,4,650.0,2.0,0,0,1,5,550.2888888888889
42616,8,2.0,16,1144.0,6.0,0,7,4,17,3155.790555555556
42661,7,2.0,10,639.0,3.0,0,6,0,15,1684.518611111111
42662,5,4.0,8,1146.0,4.0,0,4,0,6,2040.5461111111117
42675,7,5.0,8,103.0,2.0,0,0,5,16,510.7816666666666
42676,20,2.0,53,438.0,19.0,6,64,54,66,85465.11888888889
42758,26,4.0,73,1149.0,5.0,0,25,75,225,165500.15972222222
42767,2,2.0,1,803.0,3.0,0,0,0,1,19.08638888888889
42819,7,2.0,6,105.0,0.0,0,0,8,13,2677.440555555556
42829,6,2.0,7,651.0,1.0,0,5,4,6,2159.481388888889
42860,2,2.0,1,361.0,4.0,0,0,0,1,115.7761111111111
42905,2,2.0,2,1670.0,2.0,0,0,0,1,6483.513888888889
42947,3,2.0,3,1671.0,1.0,0,0,2,1,122.2538888888889
42963,6,2.0,7,997.0,3.0,0,5,4,6,12512.576111111111
42973,4,2.0,6,,0.0,0,0,1,5,24252.58555555556
42991,4,1.0,8,1401.0,5.0,0,0,4,2,8613.835555555555
43016,6,2.0,6,651.0,1.0,0,0,5,10,1955.0741666666668
43032,4,2.0,3,992.0,0.0,0,0,1,5,5626.319166666666
43050,5,2.0,5,805.0,1.0,0,4,0,6,1225.9202777777778
43054,5,2.0,6,1142.0,3.0,0,0,0,10,198.15527777777777
43055,7,2.0,11,1141.0,4.0,0,0,1,20,5622.135
43075,4,4.0,5,1836.0,3.0,0,0,0,6,548.8855555555556
43148,7,2.0,8,1837.0,2.0,1,10,2,8,677.8655555555555
43258,12,2.0,25,733.0,9.0,0,0,22,44,5343.153888888889
43280,13,6.0,40,316.0,12.0,0,12,22,44,9844.379444444448
43292,5,3.0,4,,0.0,0,0,0,10,20339.23583333333
43364,10,2.0,13,96.0,2.0,0,9,17,19,1683.2086111111112
43399,9,2.0,11,682.0,2.0,0,8,0,28,9930.42972222222
43410,22,2.0,57,418.0,2.0,36,117,31,47,13982.008055555558
43414,2,2.0,1,1671.0,1.0,0,0,0,1,25.16444444444445
43433,19,4.0,57,755.0,15.0,1,34,75,61,118807.2813888889
43500,4,2.0,6,1834.0,5.0,0,0,1,5,458.9030555555556
43506,3,2.0,5,1837.0,2.0,0,2,0,1,1.2297222222222215
43543,8,2.0,9,1837.0,2.0,0,0,7,21,18739.52111111111
43560,1,2.0,0,147.0,1.0,0,0,0,0,4586.598055555555
43567,15,2.0,57,808.0,22.0,0,0,11,94,19123.85583333333
43624,3,3.0,2,,0.0,3,0,0,0,224393.0875
43675,20,2.0,38,1455.0,11.0,0,0,48,142,16200.563055555554
43688,1,2.0,0,147.0,1.0,0,0,0,0,4608.751666666667
43728,14,2.0,54,437.0,19.0,0,0,9,82,4561.803055555555
43736,6,2.0,6,572.0,1.0,0,0,2,13,788.8838888888888
43840,5,2.0,18,1757.0,2.0,0,0,1,9,7806.683333333332
43850,6,4.0,7,1670.0,2.0,0,0,4,11,8603.96
43906,4,2.0,6,379.0,3.0,0,0,1,5,5952.372222222223
43952,5,2.0,4,994.0,6.0,0,0,1,9,5431.458333333333
44001,7,2.0,8,1756.0,3.0,0,0,6,15,387.0727777777778
44051,4,2.0,6,2936.0,3.0,0,0,1,5,118668.76055555556
44077,5,2.0,10,19.0,3.0,0,4,1,5,6537.426666666666
44085,6,2.0,9,215.0,3.0,0,5,0,10,2389.9222222222224
44113,2,2.0,1,1143.0,2.0,0,0,0,1,177.28194444444443
44120,13,5.0,32,976.0,16.0,1,22,12,43,12215.13361111111
44169,14,2.0,55,750.0,18.0,0,13,19,59,18136.20694444444
44189,5,2.0,11,636.0,6.0,0,0,0,10,827.9141666666667
44190,4,2.0,5,1140.0,5.0,0,0,2,4,166.18083333333334
44191,3,2.0,2,1143.0,2.0,0,0,0,3,165.88416666666666
44211,5,2.0,11,371.0,7.0,0,0,1,9,1733.1297222222222
44216,8,5.0,7,1839.0,0.0,1,12,2,13,7735.730833333335
44235,12,6.0,20,1151.0,3.0,0,0,17,49,196.95222222222225
44257,20,4.0,42,1151.0,3.0,3,51,19,117,8996.477222222224
44270,10,2.0,16,572.0,1.0,0,9,1,35,838.4780555555556
44322,14,2.0,46,1831.0,8.0,1,24,21,45,20959.610555555555
44335,10,2.0,19,,0.0,0,0,3,42,164356.7436111111
44352,15,2.0,37,,0.0,0,0,27,78,110726.55833333332
44444,4,5.0,3,1149.0,5.0,0,0,0,6,241.4130555555556
44447,4,2.0,8,1668.0,4.0,0,0,3,3,10001.91
44476,4,2.0,8,923.0,6.0,0,0,2,4,1255.424166666667
44514,16,2.0,72,358.0,36.0,0,15,23,82,4179.12
44608,4,2.0,3,362.0,3.0,0,0,2,4,335.3488888888889
44667,10,2.0,15,1835.0,4.0,3,21,1,20,11901.89527777778
44692,7,4.0,14,1831.0,8.0,0,0,1,20,1873.1013888888888
44707,4,4.0,7,378.0,4.0,0,3,0,3,4562.090277777779
44781,41,2.0,76,42.0,8.0,136,408,197,79,154817.3061111111
44790,7,2.0,14,992.0,8.0,0,6,0,15,794.4566666666666
44810,4,5.0,5,1836.0,3.0,0,0,3,3,260.4486111111111
44845,8,2.0,7,,0.0,0,7,11,10,164586.70333333334
44847,4,2.0,6,978.0,22.0,0,0,0,6,3542.7883333333334
44863,74,2.0,180,544.0,13.0,351,1269,674,407,42100.39277777778
44864,6,2.0,9,3.0,0.0,0,5,7,3,1471.4688888888886
45002,9,4.0,14,363.0,7.0,0,8,8,20,190.4455555555556
45006,4,2.0,6,683.0,1.0,0,0,0,6,1464.648888888889
45009,15,2.0,62,1815.0,24.0,0,0,23,82,11820.627777777778
45061,6,2.0,14,41.0,3.0,0,0,3,12,1851.5241666666668
45074,7,2.0,21,307.0,13.0,0,0,3,18,1200.9811111111112
45129,9,2.0,10,652.0,0.0,0,8,4,24,2078.278611111111
45162,9,2.0,29,309.0,11.0,0,0,8,28,9291.92138888889
45238,6,6.0,6,684.0,0.0,0,0,0,15,506.19444444444446
45288,10,4.0,22,267.0,1.0,0,0,10,35,117.685
45342,4,2.0,3,652.0,0.0,0,0,0,6,2044.155555555556
45375,154,2.0,343,119.0,10.0,3570,5865,1502,844,194297.835
45398,4,2.0,3,43.0,1.0,0,0,1,5,649.6808333333333
45421,23,4.0,38,1791.0,9.0,6,76,61,110,19966.424722222226
45474,13,4.0,23,2.0,1.0,15,42,10,11,2018.6508333333331
45522,14,2.0,17,,0.0,1,24,25,41,164426.10555555555
45605,13,4.0,34,723.0,19.0,0,0,18,60,14148.481944444446
45669,5,2.0,4,141.0,6.0,0,4,3,3,154.1327777777778
45680,5,2.0,6,1757.0,2.0,0,4,2,4,1757.3827777777776
45689,4,5.0,13,548.0,9.0,0,0,0,6,99.06333333333332
45698,5,2.0,22,1391.0,15.0,0,0,0,10,2420.7208333333333
45699,31,2.0,58,650.0,10.0,6,108,216,135,44681.08861111111
45704,5,2.0,7,287.0,3.0,0,0,5,5,173972.54305555555
45760,8,4.0,8,641.0,1.0,0,0,8,20,1246.2866666666666
45785,3,2.0,4,1463.0,3.0,0,0,1,2,7423.734166666667
45815,2,2.0,2,1143.0,7.0,0,0,0,1,10889.10611111111
45869,3,2.0,4,318.0,2.0,0,0,0,3,172.29916666666668
45895,4,2.0,5,1836.0,3.0,0,0,0,6,889.6325
45919,4,2.0,13,995.0,5.0,0,0,1,5,11450.843333333334
45921,5,2.0,10,922.0,7.0,0,4,0,6,127389.0425
46004,9,4.0,11,493.0,8.0,0,0,4,32,1198.0508333333332
46015,21,2.0,54,113.0,10.0,0,0,51,159,1705.0855555555554
46053,3,2.0,2,1402.0,4.0,0,0,0,3,1268.7847222222224
46079,2,4.0,2,1404.0,2.0,0,0,1,0,102.27944444444444
46085,8,4.0,26,364.0,14.0,1,12,2,13,1317.1722222222222
46101,6,2.0,6,320.0,0.0,0,0,3,12,841.8625
46174,12,2.0,26,148.0,3.0,0,11,23,32,4275.3469444444445
46181,3,2.0,2,1406.0,0.0,0,0,0,3,26355.706666666665
46212,2,2.0,1,2935.0,4.0,0,0,0,1,633.9883333333335
46227,22,2.0,74,752.0,18.0,10,85,69,67,181423.61027777777
46311,3,2.0,2,2389.0,3.0,0,0,0,3,7441.480833333333
46400,13,2.0,27,,0.0,0,12,18,48,164163.29722222223
46405,6,2.0,14,2890.0,8.0,0,0,1,14,5194.519166666667
46505,15,2.0,34,681.0,3.0,0,0,14,91,8454.856666666667
46526,3,5.0,2,1150.0,0.0,0,2,1,0,5233.549722222222
46541,3,2.0,3,1670.0,2.0,0,0,1,2,658.2027777777778
46573,4,2.0,3,1835.0,4.0,0,0,0,6,381.7113888888889
46616,5,2.0,8,1398.0,8.0,0,0,4,6,1052.5819444444446
46699,13,2.0,26,390.0,1.0,6,36,2,34,192832.3686111111
46710,4,2.0,4,375.0,7.0,0,0,0,6,1011.150277777778
46751,8,3.0,8,1839.0,0.0,0,7,7,14,1680.9316666666666
46786,7,2.0,8,998.0,2.0,0,6,3,12,9545.997222222222
46812,13,1.0,17,50.0,0.0,0,0,26,52,11238.848333333332
46847,4,2.0,6,988.0,4.0,0,0,1,5,941.4311111111112
46848,6,2.0,6,799.0,7.0,0,0,0,15,6978.344444444445
46851,4,2.0,5,989.0,3.0,0,0,0,6,1233.0833333333333
46852,7,2.0,16,982.0,10.0,0,0,4,17,4697.077222222224
46854,7,2.0,8,990.0,2.0,0,0,0,21,7464.809999999999
46856,18,2.0,34,392.0,15.0,0,17,30,106,22106.86333333333
46857,2,2.0,1,804.0,2.0,0,0,0,1,3963.1875
46858,3,2.0,4,989.0,3.0,0,0,0,3,1232.6880555555556
46859,18,2.0,49,642.0,18.0,0,0,32,121,6840.313055555555
46861,3,2.0,2,364.0,1.0,0,0,0,3,843.4775000000001
46864,4,2.0,4,288.0,2.0,0,0,0,6,753.8530555555556
46866,5,2.0,5,658.0,2.0,0,0,0,10,4684.090555555556
46867,10,2.0,27,727.0,15.0,0,0,4,41,4684.157777777779
46869,11,2.0,28,645.0,15.0,0,0,6,49,8333.98861111111
46872,3,2.0,6,1143.0,2.0,0,0,0,3,1426.213888888889
46926,6,4.0,7,278.0,0.0,0,0,6,9,376.47
46938,6,2.0,13,678.0,6.0,0,0,1,14,632.2738888888889
46940,4,2.0,8,1833.0,6.0,0,0,0,6,529.4763888888889
46987,8,2.0,21,370.0,0.0,3,15,4,6,962.4405555555554
46992,6,2.0,11,320.0,0.0,0,0,6,9,1748.6066666666668
47003,2,2.0,1,1142.0,3.0,0,0,0,1,1072.022222222222
47009,13,3.0,24,,0.0,3,30,26,19,197138.28333333333
47013,9,5.0,10,1404.0,2.0,0,0,22,14,31861.437222222223
47022,6,2.0,12,650.0,2.0,0,0,6,9,1551.1855555555558
47141,5,2.0,5,998.0,2.0,0,4,0,6,7604.071666666667
47237,12,2.0,18,927.0,2.0,1,20,27,18,528.3358333333334
47335,4,2.0,3,257.0,6.0,0,0,3,3,1061.3522222222225
47360,4,2.0,4,1837.0,2.0,0,0,0,6,621.517777777778
47420,6,2.0,9,1756.0,3.0,0,5,2,8,1343.8830555555555
47498,5,6.0,4,1839.0,0.0,0,4,0,6,11230.565
47518,12,2.0,21,199.0,5.0,0,11,24,31,7509.288055555556
47673,5,2.0,8,1671.0,1.0,1,6,0,3,691.0722222222223
47712,14,6.0,40,561.0,10.0,0,13,27,51,11592.655555555555
47742,9,2.0,14,2389.0,3.0,0,0,15,21,157718.53305555557
47840,10,4.0,18,1838.0,1.0,3,21,0,21,860.518888888889
47864,10,3.0,10,51.0,1.0,0,9,6,30,189549.6430555556
47868,6,4.0,9,1462.0,4.0,0,0,4,11,55901.60083333335
47920,7,5.0,22,411.0,9.0,0,0,2,19,257.53694444444443
47930,5,2.0,4,376.0,2.0,0,0,0,10,8803.263611111111
47968,13,4.0,28,2892.0,6.0,0,12,22,44,2340.375555555556
47978,4,2.0,5,1150.0,0.0,0,3,0,3,3561.8408333333336
48039,9,2.0,20,912.0,9.0,0,8,4,24,9483.3625
48064,23,4.0,68,94.0,11.0,0,22,53,178,2349.3352777777777
48091,3,4.0,2,1839.0,0.0,0,0,0,3,3043.585
48145,2,2.0,1,1404.0,2.0,0,0,0,1,4918.168055555556
48149,3,2.0,2,1403.0,3.0,0,2,0,1,25938.56722222222
48190,4,2.0,9,922.0,7.0,0,0,4,2,1068.2669444444446
48412,9,4.0,8,,0.0,1,14,9,12,194151.56777777776
48422,22,5.0,45,5430.0,14.0,6,72,71,82,22491.487222222226
48430,8,2.0,10,1838.0,1.0,1,12,4,11,11063.22277777778
48483,22,2.0,83,1826.0,13.0,1,40,49,141,1824.2469444444448
48486,4,2.0,11,1397.0,9.0,0,0,2,4,4373.5875
48492,5,2.0,4,1838.0,1.0,0,0,0,10,6723.036666666667
48725,8,1.0,19,1176.0,12.0,1,12,2,13,78762.89861111112
48726,8,2.0,10,407.0,0.0,0,0,5,23,13559.014166666668
48736,4,2.0,4,1148.0,2.0,0,0,0,6,666.2294444444444
48759,18,2.0,44,405.0,2.0,1,32,29,91,6678.022500000001
48845,16,2.0,32,56.0,3.0,0,15,40,65,9000.306388888888
48856,8,5.0,16,1838.0,1.0,0,0,5,23,74458.93333333335
48886,9,2.0,21,366.0,12.0,0,0,7,29,8652.505000000001
48887,12,4.0,20,912.0,8.0,0,11,15,40,8100.116944444445
48900,7,2.0,12,1144.0,1.0,0,0,4,17,4286.225277777778
48972,8,2.0,18,1830.0,9.0,0,0,2,26,18984.19083333333
49091,3,2.0,2,364.0,1.0,0,0,0,3,188.13888888888889
49116,3,2.0,3,392.0,2.0,0,2,0,1,1230.1205555555557
49174,7,2.0,6,257.0,1.0,0,0,0,21,8594.600277777778
49243,5,2.0,4,25.0,0.0,0,4,0,6,643.2227777777778
49285,15,6.0,29,739.0,3.0,0,0,22,83,785.7838888888889
49401,8,2.0,30,757.0,13.0,0,0,1,27,1631.5372222222222
49407,5,2.0,16,278.0,0.0,0,0,1,9,7532.826944444445
49413,7,2.0,11,765.0,5.0,0,0,0,21,8563.61472222222
49430,7,2.0,8,684.0,0.0,0,6,0,15,8561.215833333332
49515,4,6.0,3,1837.0,2.0,0,0,0,6,165.37055555555557
49522,5,2.0,6,297.0,31.0,0,0,2,8,10865.075555555555
49525,4,2.0,12,40.0,10.0,0,0,2,4,6528.341111111111
49556,5,5.0,4,652.0,0.0,0,4,4,2,665.6883333333333
49574,5,2.0,6,1670.0,2.0,0,0,4,6,19770.993611111116
49597,5,2.0,7,1756.0,3.0,0,4,1,5,4081.405277777778
49662,8,2.0,16,766.0,4.0,0,7,0,21,105.8177777777778
49665,2,2.0,1,1758.0,1.0,0,0,0,1,191.4611111111111
49682,9,2.0,12,406.0,1.0,0,8,17,11,8237.830555555556
49717,5,5.0,6,1839.0,0.0,0,0,7,3,1562.9219444444443
49779,8,2.0,24,916.0,13.0,0,0,1,27,4628.3277777777785
49786,5,2.0,6,1143.0,2.0,0,0,2,8,9471.450555555555
49815,6,5.0,8,1150.0,0.0,0,5,5,5,4588.145277777778
49837,2,2.0,2,806.0,0.0,0,0,0,1,234.36027777777784
49874,6,2.0,8,569.0,4.0,0,0,2,13,9424.036944444444
49897,7,4.0,13,1146.0,4.0,0,0,0,21,239.25694444444443
49909,16,2.0,32,412.0,4.0,0,15,20,85,7221.563055555556
49918,3,2.0,2,683.0,1.0,0,0,0,3,217.36305555555555
49948,4,2.0,3,381.0,1.0,0,0,2,4,4570.923611111111
49958,10,4.0,19,1138.0,7.0,1,16,6,22,15254.189444444444
50007,4,2.0,4,320.0,2.0,0,0,3,3,19.23361111111111
50046,5,2.0,9,765.0,5.0,0,0,0,10,552.5466666666666
50104,14,4.0,41,1134.0,11.0,0,13,19,59,50590.76833333335
50275,7,2.0,9,649.0,3.0,0,0,6,15,8390.3125
50364,3,4.0,3,1839.0,0.0,0,0,0,3,259.7569444444445
50414,7,2.0,7,1405.0,1.0,0,0,7,14,31229.85222222222
50436,6,2.0,8,638.0,4.0,0,0,3,12,966.497777777778
50478,7,2.0,10,374.0,4.0,0,0,3,18,8326.85638888889
50499,4,2.0,6,1402.0,4.0,0,0,2,4,4461.733333333335
50523,8,2.0,20,740.0,12.0,0,0,4,24,2227.8575
50548,3,2.0,2,1403.0,3.0,0,0,0,3,4448.143055555556
50554,3,5.0,4,1146.0,8.0,0,0,2,1,775.2427777777777
50623,12,3.0,58,2363.0,29.0,3,27,5,31,21040.20527777778
50628,6,2.0,8,1151.0,3.0,0,0,0,15,257.9036111111111
50630,29,2.0,71,2377.0,15.0,28,168,87,123,76253.24555555555
50651,7,2.0,21,1836.0,3.0,0,6,0,15,10613.396111111111
50653,8,6.0,16,106.0,5.0,0,0,13,15,224.70916666666665
50660,44,2.0,69,180.0,8.0,231,484,92,139,102366.96055555556
50811,3,2.0,2,318.0,10.0,0,0,0,3,6245.91
50920,3,2.0,3,804.0,2.0,0,0,0,3,108.24555555555555
50924,3,6.0,3,652.0,0.0,0,0,1,2,24.19472222222222
50925,8,5.0,8,1255.0,0.0,0,0,12,16,22.47583333333333
50949,7,2.0,25,982.0,10.0,0,0,2,19,645.9825
50965,7,2.0,19,209.0,9.0,0,0,6,15,1683.64
51007,3,4.0,3,70.0,1.0,0,0,1,2,3499.4866666666667
51034,6,6.0,8,1757.0,2.0,0,5,1,9,53990.95611111111
51045,4,2.0,4,803.0,3.0,0,0,0,6,6148.683611111111
51108,7,2.0,8,652.0,0.0,0,6,0,15,15192.148055555554
51182,5,2.0,6,,0.0,1,6,0,3,51191.87833333334
51324,3,2.0,2,381.0,1.0,0,0,1,2,741.0649999999999
51352,5,2.0,6,1670.0,2.0,0,0,7,3,10819.485833333332
51418,7,4.0,17,407.0,9.0,0,0,0,21,309.7502777777778
51541,11,2.0,21,414.0,2.0,0,0,22,33,220.42388888888888
51570,4,2.0,8,766.0,4.0,0,0,1,5,218.05888888888887
51576,5,2.0,9,1147.0,3.0,0,4,0,6,554.028888888889
51581,3,2.0,3,393.0,1.0,0,0,0,3,3074.541111111112
51597,13,2.0,39,411.0,5.0,0,0,12,66,1007.3672222222222
51679,5,2.0,10,1839.0,0.0,0,0,1,9,16907.970555555556
51759,4,2.0,3,1140.0,5.0,0,0,0,6,529.5174999999999
51787,6,4.0,8,50.0,0.0,0,0,1,14,526.9319444444444
51919,2,2.0,1,320.0,8.0,0,0,0,1,3120.597777777777
51922,8,2.0,12,1837.0,2.0,0,0,8,20,15023.666666666666
51937,6,2.0,20,1140.0,5.0,0,0,1,14,19578.50611111111
52005,23,2.0,38,5431.0,13.0,1,42,105,105,31393.784722222223
52119,5,6.0,13,634.0,8.0,0,0,0,10,106.43166666666669
52131,3,2.0,6,1671.0,1.0,0,2,0,1,84.93388888888889
52209,14,4.0,27,1755.0,4.0,0,0,46,45,179679.8663888889
52212,11,5.0,16,648.0,4.0,0,0,10,45,578.2902777777778
52359,8,2.0,13,571.0,2.0,0,0,7,21,237.94666666666663
52464,12,2.0,23,147.0,6.0,0,0,40,26,6895.010833333333
52473,8,2.0,14,652.0,8.0,0,0,6,22,11242.6775
52500,92,3.0,186,18.0,9.0,1326,2080,482,298,113172.95833333334
52575,3,6.0,2,14.0,1.0,0,0,3,0,2685.2863888888887
52615,8,2.0,13,1142.0,3.0,3,15,0,10,9755.51361111111
52645,6,2.0,6,1671.0,1.0,0,0,6,9,3364.157222222222
52724,4,4.0,4,1757.0,2.0,0,0,0,6,3122.003333333333
52746,76,2.0,154,,0.0,561,1428,425,436,83475.16555555555
52786,7,4.0,12,640.0,2.0,0,6,3,12,2865.322777777778
52821,117,2.0,317,5.0,3.0,1540,3416,1171,659,194154.1713888889
52838,11,4.0,16,1149.0,1.0,0,0,28,27,4964.924166666665
52950,5,2.0,4,390.0,1.0,0,0,2,8,263.93805555555554
53007,6,2.0,9,,0.0,0,5,0,10,167440.3852777778
53048,7,5.0,10,486.0,4.0,0,0,6,15,267.4738888888889
53057,11,2.0,40,595.0,9.0,0,0,12,43,75130.76388888889
53062,2,2.0,1,440.0,12.0,0,0,1,0,3246.161666666667
53065,1,2.0,0,444.0,8.0,0,0,0,0,4747.869722222223
53067,3,2.0,2,448.0,4.0,0,0,1,2,3388.338333333333
53071,3,2.0,2,448.0,4.0,0,0,0,3,3388.0572222222218
53096,2,2.0,1,568.0,3.0,0,0,0,1,22.709722222222226
53122,8,5.0,17,168.0,5.0,0,0,8,20,43.500277777777775
53150,6,6.0,8,389.0,2.0,0,5,0,10,100.3775
53209,1,2.0,0,445.0,7.0,0,0,0,0,3777.2891666666665
53218,20,2.0,39,567.0,6.0,0,19,77,94,1683.3383333333331
53219,20,5.0,50,329.0,5.0,0,0,55,135,348.90138888888896
53248,2,2.0,1,769.0,1.0,0,0,0,1,1.5494444444444424
53295,5,2.0,4,83.0,1.0,0,0,2,8,2560.137222222222
53316,4,2.0,6,1185.0,3.0,0,0,0,6,3902.844722222222
53347,14,6.0,51,1818.0,21.0,0,0,33,58,5197.714999999999
53349,14,4.0,41,2884.0,14.0,0,0,27,64,8885.150555555556
53363,14,5.0,63,2881.0,17.0,0,13,8,70,6263.049444444445
53372,12,5.0,16,1837.0,2.0,0,0,22,44,84862.37083333335
53376,8,2.0,18,5437.0,7.0,0,0,8,20,32063.607222222225
53399,6,2.0,7,1837.0,2.0,0,0,3,12,213.3922222222222
53451,10,2.0,34,1820.0,19.0,0,0,14,31,288.8358333333333
53463,8,2.0,11,207.0,2.0,0,0,12,16,14615.8975
53485,10,2.0,13,638.0,4.0,0,0,1,44,7745.579444444445
53507,12,2.0,18,785.0,2.0,1,20,16,29,14797.271388888888
53566,4,2.0,5,303.0,2.0,0,0,0,6,1162.6563888888886
53579,71,3.0,121,1.0,2.0,703,1254,300,228,216713.1188888889
53640,9,2.0,23,646.0,6.0,0,0,4,32,6981.460555555555
53667,19,2.0,65,165.0,27.0,0,18,57,96,1291.7547222222222
53669,14,2.0,24,648.0,4.0,0,0,11,80,7336.017222222223
53686,3,2.0,2,381.0,1.0,0,0,1,2,24879.695277777777
53750,12,5.0,17,124.0,3.0,0,0,15,51,246.5738888888889
53763,11,5.0,27,364.0,14.0,0,0,7,48,842.2494444444445
53771,9,2.0,18,679.0,5.0,0,0,0,36,628.1652777777778
53773,10,2.0,18,411.0,5.0,1,16,0,28,628.1066666666666
53838,12,5.0,34,569.0,4.0,0,0,14,52,241.6355555555556
53895,8,2.0,12,1836.0,3.0,0,0,5,23,16515.06777777778
53896,25,2.0,49,14.0,0.0,1,46,35,218,6734.383611111111
53970,15,4.0,48,788.0,16.0,0,14,29,62,14642.374444444444
53984,4,2.0,5,21.0,2.0,0,0,3,3,1902.1533333333332
54035,24,2.0,49,1147.0,7.0,1,44,61,170,25892.35611111111
54043,6,2.0,14,927.0,2.0,0,0,0,15,3796.965277777778
54143,10,2.0,16,1670.0,2.0,0,0,25,20,6407.188888888888
54145,3,2.0,4,1670.0,2.0,0,0,0,3,1794.2791666666667
54172,6,4.0,6,572.0,1.0,0,0,1,14,116499.93916666666
54184,2,2.0,1,748.0,4.0,0,0,1,0,14172.8875
54186,13,5.0,44,50.0,0.0,3,30,2,43,177321.31027777778
54205,13,5.0,34,2885.0,13.0,0,0,9,69,1851.8580555555557
54233,10,5.0,22,369.0,9.0,0,0,2,43,743.7850000000001
54247,2,4.0,2,555.0,2.0,0,0,0,1,2687.7155555555555
54291,8,6.0,22,65.0,17.0,0,0,9,19,5590.494166666666
54392,13,2.0,23,919.0,2.0,0,12,16,50,11996.419444444444
54406,20,4.0,48,675.0,9.0,0,0,60,130,2831.931944444444
54422,8,2.0,14,1375.0,7.0,0,0,1,27,6003.338333333333
54428,6,2.0,5,1142.0,3.0,0,0,0,15,5451.242222222222
54437,9,4.0,29,2890.0,8.0,0,8,8,20,2712.476388888889
54448,9,4.0,19,213.0,5.0,0,0,8,28,477.6558333333333
54454,6,2.0,14,481.0,9.0,0,0,1,14,189.63361111111112
54552,2,5.0,1,1839.0,0.0,0,0,0,1,1809.6708333333336
54557,7,2.0,7,604.0,2.0,0,0,3,18,5643.091111111111
54559,10,4.0,15,1142.0,3.0,0,0,12,33,6197.371111111112
54595,5,2.0,7,17.0,2.0,0,0,7,3,461.2475
54626,7,2.0,15,373.0,9.0,0,0,8,13,642.1825
54648,5,2.0,5,1144.0,1.0,0,0,1,9,17105.928888888888
54689,18,5.0,93,2876.0,22.0,0,17,48,88,13064.956666666669
54712,5,2.0,5,1458.0,8.0,0,0,0,10,54611.172222222245
54778,16,5.0,35,118.0,9.0,1,28,19,72,761.678611111111
54780,3,2.0,5,1755.0,4.0,0,0,1,2,2742.3469444444445
54820,8,2.0,11,648.0,4.0,0,0,2,26,5494.3213888888895
54845,11,4.0,51,211.0,7.0,0,0,4,51,462.7119444444445
54892,12,5.0,25,1754.0,5.0,0,11,15,40,122136.79583333334
54915,7,3.0,8,,0.0,0,6,8,7,209901.67194444445
54962,9,5.0,16,2888.0,10.0,0,0,3,33,1364.3
54966,9,5.0,29,1136.0,14.0,0,0,13,23,427.5819444444445
55028,11,4.0,14,266.0,2.0,3,24,10,18,4236.605555555556
55076,5,5.0,9,316.0,12.0,0,0,0,10,73.58805555555556
55143,3,4.0,4,449.0,3.0,0,0,0,3,4379.129166666667
55261,18,4.0,50,385.0,6.0,0,17,39,97,2830.71
55284,6,2.0,7,80.0,0.0,0,5,0,10,5896.887777777778
55293,19,2.0,47,918.0,3.0,0,18,17,136,11918.354444444443
55307,38,2.0,72,0.0,6.0,136,357,97,113,145680.2347222222
55366,39,2.0,104,705.0,47.0,36,270,229,206,92879.66388888888
55516,5,2.0,4,987.0,5.0,0,0,0,10,5334.655555555555
55537,20,5.0,42,23.0,0.0,1,36,74,79,3339.6666666666665
55583,121,4.0,279,405.0,2.0,528,2904,2222,1606,181521.80944444443
55676,9,4.0,12,488.0,2.0,0,0,13,23,162768.8088888889
55686,22,2.0,48,909.0,12.0,0,0,46,185,12379.724166666669
55713,14,3.0,29,44.0,7.0,0,13,34,44,18707.88333333333
55792,8,2.0,25,184.0,8.0,0,0,5,23,6277.583611111111
55821,4,2.0,4,1837.0,2.0,0,0,0,6,2725.046388888889
55822,10,5.0,29,50.0,0.0,0,9,0,36,1215.0375
55848,4,2.0,3,1838.0,1.0,0,0,0,6,2722.659722222222
55912,7,2.0,8,1144.0,1.0,0,0,5,16,116176.0988888889
55921,10,2.0,17,91.0,7.0,0,0,5,40,7287.497777777778
55967,6,2.0,11,5437.0,7.0,0,0,0,15,27125.481111111112
55959,11,2.0,13,,0.0,0,0,23,32,98989.0611111111
56028,5,2.0,6,533.0,3.0,0,0,1,9,2694.424722222223
56137,11,2.0,13,914.0,7.0,0,0,2,53,9288.9
56164,4,2.0,5,928.0,1.0,0,0,3,3,504.6627777777778
56167,15,4.0,23,567.0,6.0,0,14,11,80,14231.559166666666
56169,7,5.0,6,556.0,1.0,1,10,0,10,6184.950000000001
56175,5,2.0,5,150.0,1.0,0,0,4,6,23355.99555555556
56229,14,2.0,31,1835.0,4.0,0,13,32,46,22640.9075
56240,14,2.0,30,640.0,12.0,0,13,6,72,38748.25916666667
56268,8,4.0,10,,0.0,0,7,11,10,5215.705555555555
56285,28,4.0,81,974.0,18.0,1,52,94,231,186632.65805555557
56296,14,2.0,49,749.0,21.0,0,13,6,72,30746.36194444445
56297,8,6.0,21,2893.0,5.0,0,0,8,20,4196.435833333333
56312,5,2.0,5,1671.0,1.0,0,4,2,4,3656.548611111111
56314,24,2.0,148,386.0,71.0,6,80,110,80,168420.16333333333
56334,3,2.0,3,303.0,2.0,0,0,0,3,310.5191666666667
56335,7,5.0,24,911.0,18.0,0,0,2,19,339.62111111111113
56346,20,5.0,61,1789.0,11.0,0,19,22,149,4674.005833333335
56417,11,5.0,21,406.0,10.0,1,18,16,20,5195.817777777777
56472,14,3.0,20,310.0,0.0,3,33,4,51,30744.205833333333
56547,5,2.0,5,450.0,2.0,0,0,3,7,6484.899722222222
56584,6,2.0,7,1837.0,2.0,0,0,0,15,2275.021111111111
56606,7,4.0,6,1838.0,1.0,0,0,0,21,16020.71277777778
56653,12,1.0,21,2888.0,10.0,0,11,10,45,4435.681666666666
56708,2,2.0,2,1670.0,2.0,0,0,0,1,2424.1719444444443
56744,4,2.0,6,2933.0,6.0,0,0,0,6,1927.5975
56779,14,4.0,28,1144.0,10.0,0,0,12,79,1944.7936111111112
56851,22,6.0,42,197.0,7.0,3,57,84,87,531.158611111111
56854,18,2.0,27,1400.0,6.0,3,45,36,69,161854.7211111111
56863,28,2.0,80,224.0,11.0,0,27,186,165,19849.0075
56896,4,2.0,4,2892.0,6.0,0,0,0,6,2515.559166666666
56942,7,5.0,11,44.0,2.0,0,6,2,13,421.6533333333333
57087,3,2.0,4,449.0,3.0,0,0,0,3,2690.635555555555
57104,4,3.0,4,1671.0,1.0,0,0,3,3,1269.3447222222223
57135,11,5.0,29,158.0,12.0,0,10,11,34,2520.007222222222
57138,5,1.0,4,1671.0,1.0,0,4,0,6,1259.0061111111113
57181,4,2.0,5,327.0,1.0,0,0,1,5,10707.929166666669
57189,4,5.0,11,50.0,0.0,0,0,0,6,1394.12
57192,17,4.0,36,2276.0,8.0,0,16,21,99,162504.30666666667
57207,7,4.0,14,550.0,7.0,0,0,1,20,216.26888888888888
57210,7,5.0,26,1822.0,17.0,0,6,0,15,194.9933333333333
57262,9,2.0,19,40.0,7.0,0,0,9,27,115952.44944444444
57263,11,2.0,13,70.0,1.0,0,0,22,33,12354.906666666668
57333,11,2.0,25,1141.0,9.0,0,0,12,43,139.30333333333334
57360,5,3.0,4,1398.0,8.0,0,0,2,8,6024.694166666666
57392,4,2.0,8,1460.0,6.0,0,0,2,4,30839.737500000003
57458,3,4.0,3,50.0,0.0,0,0,0,3,333.05055555555555
57497,3,2.0,3,1404.0,2.0,0,0,0,3,5994.713888888889
57499,8,5.0,9,1838.0,1.0,1,12,0,15,5318.123888888889
57522,10,2.0,16,918.0,3.0,0,0,5,40,18904.738611111112
57555,26,2.0,80,728.0,24.0,10,105,97,113,86135.4502777778
57597,8,2.0,12,330.0,4.0,0,0,10,18,51803.53555555554
57598,7,2.0,16,1148.0,6.0,0,6,6,9,1970.415555555556
57633,6,2.0,7,1665.0,7.0,0,0,6,9,1146.0855555555556
57753,5,4.0,5,682.0,2.0,0,4,0,6,18738.312777777777
57763,15,2.0,44,1139.0,6.0,0,0,31,74,9102.412777777778
57795,11,3.0,13,669.0,4.0,1,18,2,34,14788.320833333331
57885,16,6.0,52,321.0,19.0,0,15,38,67,2526.2391666666667
57898,50,2.0,118,,0.0,253,621,129,222,134267.47194444443
57928,10,2.0,14,110.0,3.0,0,9,11,25,9421.952222222222
58128,16,5.0,89,1822.0,17.0,1,28,24,67,5734.950555555555
58134,7,2.0,22,50.0,0.0,0,0,2,19,2118.9775
58189,6,3.0,9,1145.0,5.0,0,5,1,9,5466.106111111111
58250,32,4.0,79,1139.0,15.0,0,31,180,285,6368.834166666665
58252,6,5.0,12,1399.0,7.0,0,0,1,14,195.92166666666668
58271,3,2.0,2,147.0,1.0,0,0,0,3,1354.948888888889
58283,11,2.0,23,910.0,11.0,0,10,5,40,600.2952777777779
58339,136,2.0,331,782.0,5.0,3003,4524,1114,539,135860.29694444445
58413,6,2.0,6,1671.0,1.0,0,0,9,6,9776.5725
58429,8,5.0,10,648.0,4.0,0,0,1,27,4740.91111111111
58462,7,2.0,13,565.0,6.0,1,10,0,10,414.50916666666666
58491,11,2.0,16,556.0,15.0,0,0,3,52,11806.7425
58500,5,5.0,5,1839.0,0.0,0,4,3,3,693.8722222222224
58613,24,2.0,56,194.0,18.0,3,63,70,140,25020.559444444443
58701,9,5.0,23,987.0,5.0,0,0,2,34,7385.535
58713,11,2.0,29,206.0,10.0,0,10,15,30,107482.72805555556
58769,37,2.0,63,123.0,9.0,105,330,132,99,126527.23805555556
58812,6,5.0,6,1149.0,1.0,0,0,5,10,105.97277777777776
58814,10,6.0,18,330.0,10.0,0,0,4,41,451.6633333333333
58823,5,5.0,10,50.0,0.0,0,0,0,10,1720.7205555555556
58850,12,6.0,23,368.0,2.0,0,11,16,39,19429.104722222222
58853,16,2.0,25,2273.0,11.0,0,0,21,99,8919.580277777779
58872,7,2.0,8,1144.0,1.0,0,0,10,11,13593.54138888889
58926,5,2.0,5,3.0,2.0,0,4,0,6,4707.535277777779
58937,85,5.0,214,112.0,1.0,990,1800,369,411,135738.35361111112
58957,8,4.0,31,668.0,16.0,0,0,5,23,2490.0225
58965,4,2.0,3,2937.0,2.0,0,0,0,6,1480.381666666667
58987,7,2.0,7,1153.0,1.0,0,0,0,21,4980.244166666666
59036,6,4.0,9,1670.0,2.0,0,0,9,6,5768.820833333334
59042,6,2.0,5,2937.0,2.0,0,0,0,15,5951.960277777777
59102,12,5.0,34,1395.0,11.0,0,0,12,54,23844.78138888889
59130,12,5.0,20,572.0,1.0,0,11,17,38,49.51555555555555
59132,43,2.0,81,1207.0,1.0,21,252,336,294,33022.00833333333
59159,4,2.0,4,2934.0,5.0,0,0,0,6,378.7761111111112
59211,21,2.0,41,1146.0,8.0,3,54,58,95,56038.02833333333
59258,3,4.0,4,642.0,0.0,0,0,0,3,51.94500000000001
59274,2,2.0,1,2.0,1.0,0,0,0,1,697.9438888888889
59282,5,2.0,4,1403.0,3.0,0,0,0,10,2258.285277777777
59283,6,2.0,5,1402.0,4.0,0,0,5,10,5938.248888888889
59310,9,4.0,9,1144.0,1.0,0,0,7,29,5464.929166666667
59314,90,2.0,189,62.0,22.0,820,2009,831,345,137129.51944444445
59374,8,2.0,10,1669.0,3.0,0,0,14,14,7950.643055555556
59387,14,2.0,15,102.0,5.0,0,13,53,25,161642.12722222222
59394,6,2.0,10,2893.0,5.0,0,5,0,10,3032.5575
59429,5,2.0,11,447.0,5.0,0,0,7,3,2565.9272222222216
59453,5,2.0,10,482.0,3.0,0,0,2,8,7964.451666666668
59455,10,5.0,19,70.0,1.0,0,0,18,27,115479.30277777778
59498,6,2.0,13,653.0,7.0,0,5,5,5,3514.015277777778
59526,8,2.0,10,805.0,1.0,0,7,4,17,6508.118333333333
59564,4,2.0,3,926.0,3.0,0,0,0,6,1362.8905555555557
59571,7,6.0,16,2892.0,6.0,0,0,1,20,1683.4833333333336
59602,6,2.0,8,673.0,0.0,0,5,4,6,10738.483055555556
59620,8,4.0,38,321.0,19.0,0,0,3,25,1775.823611111111
59637,11,2.0,12,,0.0,6,28,10,11,121273.70972222222
59677,6,2.0,12,1756.0,3.0,0,0,7,8,10895.800277777777
59749,15,5.0,33,2883.0,15.0,0,14,13,78,5493.698055555555
59768,3,5.0,3,1150.0,0.0,0,2,1,0,1293.9347222222225
59805,4,3.0,3,1145.0,0.0,0,0,1,5,5178.72361111111
59814,6,2.0,6,915.0,6.0,0,0,2,13,18411.79
59817,4,2.0,6,1144.0,1.0,0,0,0,6,4629.135833333334
60047,4,2.0,3,189.0,3.0,0,0,3,3,115334.55166666668
60063,13,2.0,22,4.0,7.0,0,0,37,41,11305.85388888889
60064,9,2.0,21,1834.0,5.0,0,0,9,27,1907.0738888888889
60069,6,2.0,12,553.0,4.0,0,5,0,10,389.6213888888889
60102,20,5.0,41,2888.0,10.0,0,19,45,126,5685.796111111111
60248,8,5.0,11,,0.0,0,0,8,20,8730.619999999999
60377,19,2.0,61,1023.0,21.0,36,90,20,25,37652.72277777777
60425,9,2.0,15,334.0,6.0,1,14,8,13,8701.126111111113
60489,6,2.0,5,988.0,4.0,0,0,1,14,4681.537222222223
60718,4,2.0,3,1142.0,3.0,0,0,0,6,1774.5625
60737,8,2.0,18,1149.0,1.0,0,7,1,20,6271.572777777778
60844,14,5.0,30,447.0,14.0,1,24,12,54,8597.468055555555
60865,4,3.0,3,996.0,4.0,0,0,1,5,196.26527777777775
60886,5,2.0,7,1142.0,3.0,0,4,0,6,4012.768333333333
60895,4,2.0,4,1839.0,0.0,0,0,0,6,1344.243611111111
60985,7,2.0,10,925.0,4.0,0,0,0,21,8020.827777777777
60987,9,2.0,11,651.0,1.0,0,0,23,13,8260.316388888888
61020,8,2.0,9,,0.0,0,7,6,15,16556.695277777777
61098,117,5.0,329,1738.0,21.0,1540,3416,1030,800,184241.8372222222
61173,10,2.0,19,109.0,2.0,3,21,7,14,186080.9672222222
61176,8,4.0,12,406.0,1.0,1,12,2,13,5932.947777777777
61196,4,3.0,3,1839.0,0.0,0,0,1,5,1224.736111111111
61235,10,2.0,24,1142.0,3.0,1,16,13,15,20910.806666666667
61290,6,4.0,7,1144.0,1.0,0,5,4,6,15180.746388888889
61330,7,2.0,11,188.0,4.0,0,0,9,12,247.55666666666667
61355,22,2.0,40,765.0,5.0,10,85,57,79,14429.558055555552
61385,12,4.0,24,406.0,1.0,3,27,12,24,4055.9416666666666
61387,7,2.0,11,331.0,0.0,0,0,12,9,176454.77055555556
61497,48,2.0,128,800.0,4.0,15,252,316,545,20878.30305555556
61501,4,2.0,6,149.0,6.0,0,0,1,5,23232.94083333333
61647,4,5.0,6,1839.0,0.0,1,4,0,1,1007.715277777778
61672,8,5.0,12,641.0,1.0,0,0,5,23,10382.381388888887
61678,2,2.0,1,1142.0,3.0,0,0,0,1,12927.75777777778
61679,2,2.0,1,1143.0,2.0,0,0,0,1,12927.700277777778
61774,4,2.0,6,996.0,4.0,0,0,1,5,167.8413888888889
61782,8,3.0,17,985.0,15.0,0,7,2,19,1445.6869444444444
61839,14,2.0,46,112.0,14.0,1,24,26,40,32557.415833333333
61893,68,5.0,226,643.0,30.0,105,795,641,737,16550.09361111111
61956,3,2.0,2,802.0,2.0,0,0,1,2,15558.572499999998
61962,3,2.0,2,2934.0,5.0,0,0,0,3,7774.93
61978,6,5.0,6,1150.0,0.0,1,8,0,6,2073.336666666667
62000,14,4.0,23,10.0,4.0,15,48,14,14,169176.03416666668
62033,23,2.0,41,3.0,4.0,0,22,78,153,58665.0725
62078,6,2.0,13,915.0,6.0,0,0,0,15,4401.2652777777785
62099,5,2.0,4,987.0,5.0,0,0,0,10,3656.163888888889
62117,7,2.0,8,1380.0,2.0,0,6,5,10,17795.715277777777
62174,14,2.0,18,0.0,2.0,1,24,40,26,186810.45861111116
62178,68,5.0,284,1.0,50.0,378,1120,525,255,185384.7538888889
62248,12,2.0,27,1832.0,7.0,0,11,10,45,4699.513888888889
62250,2,3.0,2,997.0,3.0,0,1,0,0,6584.241666666667
62355,3,2.0,2,1142.0,3.0,0,0,0,3,12889.115833333331
62383,7,2.0,6,1400.0,6.0,0,0,5,16,8354.056666666667
62397,3,2.0,2,652.0,0.0,0,2,0,1,291.435
62446,3,1.0,4,1463.0,3.0,0,0,0,3,3961.422777777778
62470,10,5.0,14,929.0,0.0,0,0,15,30,1980.230555555556
62485,26,2.0,69,1002.0,19.0,21,133,63,108,42418.73027777778
62489,8,2.0,14,199.0,7.0,0,0,6,22,1182.9572222222223
62529,5,5.0,8,1838.0,1.0,0,4,0,6,3945.619722222222
62536,38,2.0,133,,0.0,45,280,222,156,45898.61277777778
62579,10,5.0,17,1838.0,1.0,0,0,12,33,914.405
62583,12,2.0,19,2283.0,1.0,1,20,10,35,14134.189444444444
62643,21,5.0,39,927.0,2.0,6,68,38,98,3988.8147222222224
62675,4,2.0,3,925.0,4.0,0,0,0,6,1924.808611111111
62711,10,4.0,11,2.0,2.0,0,9,3,33,4197.540277777778
62748,6,2.0,9,798.0,8.0,0,0,0,15,3504.688611111111
62765,8,4.0,10,918.0,3.0,0,0,11,17,7536.412499999999
62878,8,2.0,15,646.0,6.0,0,7,1,20,5709.186388888889
62891,17,2.0,31,,0.0,1,30,26,79,13181.861388888889
63001,6,2.0,6,740.0,2.0,0,0,1,14,3476.876111111112
63029,12,4.0,21,145.0,8.0,0,0,26,40,5263.444722222223
63050,8,4.0,23,,0.0,0,7,0,21,2811.9061111111114
63073,5,2.0,5,913.0,8.0,0,4,0,6,4508.891944444445
63212,10,2.0,19,670.0,3.0,1,16,13,15,13009.619722222222
63243,29,6.0,105,68.0,20.0,0,28,145,233,743.1516666666666
63274,7,5.0,13,634.0,8.0,0,0,6,15,595.286388888889
63286,6,5.0,7,572.0,1.0,0,0,3,12,5214.915
63344,4,4.0,5,1839.0,0.0,0,0,0,6,1676.6733333333332
63367,5,2.0,5,1152.0,2.0,0,0,0,10,732.5338888888889
63368,5,2.0,8,972.0,4.0,0,0,9,1,40693.385
63389,67,2.0,136,51.0,1.0,231,990,590,400,199025.7613888889
63505,4,2.0,4,989.0,3.0,0,0,0,6,4183.426666666666
63538,4,2.0,3,1150.0,0.0,0,3,0,3,529.8016666666667
63601,20,2.0,61,573.0,21.0,3,51,30,106,21372.661666666667
63607,9,4.0,21,982.0,10.0,0,0,18,18,8214.431666666667
63613,8,2.0,11,919.0,2.0,0,0,6,22,17412.291388888887
63621,5,2.0,11,482.0,3.0,0,4,2,4,8308.084166666667
63663,21,4.0,34,1153.0,1.0,10,80,32,88,160919.1425
63686,5,2.0,4,1457.0,9.0,0,0,3,7,900.8119444444444
63712,31,2.0,67,280.0,22.0,21,168,110,166,41541.79361111111
63728,15,2.0,36,117.0,6.0,0,14,3,88,11468.70388888889
63742,11,5.0,15,648.0,4.0,1,18,0,36,4708.099444444444
63846,25,6.0,48,736.0,6.0,6,84,80,130,620.9894444444444
63890,13,2.0,15,,0.0,0,0,8,70,91998.37055555556
63895,86,2.0,241,42.0,50.0,1326,1768,368,193,129758.66138888888
63923,5,2.0,25,431.0,21.0,0,0,0,10,3463.1322222222225
63944,4,2.0,3,928.0,1.0,0,0,1,5,1512.6883333333333
63950,15,2.0,20,915.0,6.0,0,14,16,75,55999.19055555554
63957,7,2.0,15,916.0,5.0,0,0,0,21,8971.106666666667
63997,10,2.0,13,215.0,3.0,6,24,3,12,1626.325833333333
64016,4,2.0,6,175.0,17.0,0,0,0,6,1500.0402777777776
64049,9,4.0,13,925.0,4.0,1,14,7,14,71073.85055555555
64052,12,2.0,21,1149.0,5.0,0,0,9,57,7320.289166666666
64054,1,3.0,0,452.0,0.0,0,0,0,0,16846.39972222222
64060,7,2.0,7,1373.0,9.0,0,0,0,21,17164.993333333332
64076,20,2.0,59,437.0,19.0,1,36,31,122,160692.17305555556
64090,8,2.0,10,,0.0,0,7,5,16,134282.44333333336
64135,6,2.0,9,918.0,3.0,0,0,0,15,240.75499999999997
64150,7,4.0,9,70.0,1.0,0,0,0,21,9739.522777777778
64165,21,2.0,56,627.0,15.0,0,0,44,166,160671.7736111111
64170,16,3.0,23,405.0,2.0,0,0,40,80,160670.37444444443
64248,20,2.0,44,1751.0,8.0,3,51,21,115,10098.869444444445
64267,21,4.0,42,53.0,8.0,15,90,34,71,181977.01277777777
64297,9,2.0,31,66.0,16.0,0,8,5,23,3200.6319444444443
64327,10,2.0,23,89.0,9.0,0,0,8,37,3137.368888888889
64349,12,2.0,16,997.0,3.0,0,11,10,45,5354.119722222223
64401,54,2.0,97,,0.0,153,648,412,218,169240.675
64408,3,2.0,4,1757.0,2.0,0,0,0,3,3318.298055555556
64451,10,2.0,9,,0.0,0,9,3,33,182243.98944444445
64480,5,2.0,6,1041.0,3.0,0,0,4,6,12385.515555555554
64501,13,2.0,25,637.0,23.0,0,12,14,52,3801.965833333333
64568,2,2.0,4,16.0,4.0,0,0,1,0,4849.347499999999
64592,5,2.0,14,442.0,10.0,0,0,2,8,1492.773611111111
64622,26,5.0,50,250.0,5.0,6,88,76,155,123092.27416666668
64694,5,2.0,12,1839.0,0.0,0,0,0,10,595.6616666666666
64696,9,4.0,15,450.0,11.0,0,0,0,36,4870.155555555556
64795,8,2.0,17,1136.0,9.0,0,0,10,18,2240.398888888889
64902,8,2.0,13,5441.0,3.0,0,0,10,18,33442.36222222222
64992,6,2.0,8,316.0,4.0,0,0,1,14,8282.05361111111
65129,4,4.0,9,677.0,7.0,0,0,0,6,185.2613888888889
65162,6,2.0,12,2891.0,7.0,0,5,0,10,163.16333333333333
65185,7,4.0,9,151.0,4.0,1,10,6,4,13469.332777777778
65219,3,2.0,6,2933.0,6.0,0,0,0,3,996.4288888888888
65220,18,5.0,41,1132.0,13.0,3,45,25,80,2170.0738888888886
65222,8,2.0,8,651.0,1.0,0,0,8,20,18124.590277777777
65233,6,2.0,14,384.0,7.0,0,0,4,11,10487.874166666666
65243,9,5.0,9,389.0,2.0,0,0,8,28,4632.819166666667
65270,2,2.0,1,1143.0,2.0,0,0,0,1,3674.9608333333335
65277,9,2.0,64,105.0,38.0,0,0,10,26,2111.025555555556
65371,4,2.0,3,1462.0,4.0,0,0,2,4,2139.950277777778
65493,5,2.0,7,1462.0,4.0,0,4,2,4,65861.84916666667
65521,31,4.0,127,988.0,12.0,28,184,75,178,190156.06333333327
65608,5,4.0,11,261.0,7.0,0,0,1,9,2525.6836111111115
65633,4,2.0,3,1671.0,1.0,0,3,1,2,52031.68083333333
65634,4,1.0,4,1670.0,2.0,0,0,1,5,1352.1716666666666
65661,5,6.0,8,1836.0,3.0,0,0,1,9,3424.6722222222224
65687,11,5.0,20,674.0,10.0,0,0,12,43,339.7297222222222
65690,4,2.0,3,991.0,1.0,0,0,0,6,5540.645277777778
65747,9,2.0,24,630.0,12.0,0,8,3,25,1225.9675
65775,21,4.0,45,0.0,9.0,10,80,29,91,69867.5536111111
65802,5,5.0,9,1835.0,4.0,0,4,2,4,790.815
65861,3,2.0,2,1671.0,1.0,0,0,1,2,1305.506388888889
65862,12,2.0,25,1369.0,13.0,1,20,19,26,16762.52972222222
65875,8,2.0,9,920.0,1.0,0,0,18,10,27221.250555555554
65878,7,4.0,19,1144.0,6.0,0,6,1,14,1317.9752777777776
65919,3,4.0,2,801.0,5.0,0,0,0,3,2794.1341666666667
65921,15,2.0,36,651.0,1.0,3,36,22,44,3471.482777777778
65943,8,2.0,19,911.0,10.0,0,0,3,25,2779.0075
65951,8,2.0,10,307.0,3.0,0,7,6,15,20454.444444444445
66015,31,4.0,75,1835.0,4.0,55,220,81,109,18234.807222222225
66040,3,2.0,3,1670.0,2.0,0,2,1,0,1276.3747222222223
66139,6,2.0,7,1144.0,1.0,0,0,4,11,13967.79361111111
66170,6,2.0,6,328.0,0.0,1,8,0,6,178129.53027777778
66205,5,5.0,6,1839.0,0.0,0,4,0,6,2764.3977777777777
66212,5,2.0,6,915.0,6.0,0,0,0,10,434.6599999999999
66238,4,2.0,5,1403.0,3.0,0,0,0,6,21933.194444444445
66278,5,2.0,7,449.0,3.0,0,0,3,7,343.2005555555555
66334,17,2.0,45,459.0,20.0,0,0,40,96,2740.9202777777778
66399,8,2.0,11,1146.0,4.0,0,7,12,9,8627.417777777777
66424,3,2.0,2,2933.0,6.0,0,0,0,3,602.0969444444444
66472,7,3.0,13,,0.0,6,12,3,0,191233.45416666663
66519,19,2.0,30,182.0,6.0,10,70,33,58,61927.46055555556
66533,5,2.0,6,981.0,11.0,0,0,0,10,2474.1230555555558
66550,5,5.0,4,991.0,1.0,0,4,1,5,692.7361111111111
66597,13,2.0,60,2261.0,23.0,0,0,11,67,10009.835833333334
66611,4,2.0,7,1141.0,4.0,0,0,0,6,11750.328333333337
66619,12,3.0,56,2919.0,20.0,1,20,15,30,160122.37694444443
66729,4,2.0,6,324.0,4.0,0,0,0,6,424.645
66742,9,4.0,14,650.0,2.0,0,8,5,23,3307.6094444444448
66748,13,5.0,24,919.0,10.0,0,0,16,62,13507.115555555556
66816,9,4.0,14,,0.0,0,8,9,19,190064.92
66819,5,2.0,7,920.0,1.0,0,0,0,10,16543.59222222222
66873,7,2.0,12,1132.0,13.0,0,6,4,11,13699.059444444443
66907,15,2.0,36,915.0,6.0,3,36,27,39,14594.897777777778
66908,8,2.0,15,1374.0,8.0,0,0,7,21,16504.77611111111
66920,6,2.0,10,472.0,7.0,0,0,1,14,2116.8605555555555
67126,2,2.0,1,452.0,0.0,0,0,1,0,155.95999999999998
67127,92,3.0,245,121.0,8.0,351,1755,957,1123,180890.43416666667
67183,3,4.0,2,1144.0,1.0,0,0,0,3,28.80861111111112
67325,6,5.0,5,1144.0,1.0,0,0,6,9,2671.6569444444444
67368,8,2.0,7,381.0,10.0,0,0,10,18,2494.099444444445
67387,5,3.0,6,919.0,2.0,0,0,0,10,8923.094722222222
67404,13,2.0,13,1153.0,1.0,0,0,31,47,6568.625277777778
67423,5,3.0,12,985.0,7.0,0,0,1,9,3826.835277777777
67467,2,2.0,2,1016.0,5.0,0,0,0,1,5.836666666666666
67478,11,2.0,33,2378.0,14.0,0,0,6,49,1929.386111111111
67490,4,2.0,3,476.0,3.0,0,0,0,6,2257.521111111111
67509,4,5.0,6,1150.0,0.0,0,0,4,2,835.8830555555555
67577,5,2.0,5,450.0,2.0,0,0,2,8,463.7444444444444
67688,5,2.0,6,477.0,2.0,0,0,0,10,2023.5119444444445
67699,10,4.0,41,433.0,28.0,0,0,23,22,841.6558333333332
67713,4,2.0,4,1758.0,1.0,0,0,1,5,3934.0327777777775
67752,29,4.0,126,5400.0,44.0,3,78,146,179,73530.05055555556
67786,4,2.0,4,1839.0,0.0,0,0,4,2,26.884722222222223
67876,4,2.0,9,445.0,7.0,0,0,0,6,1360.0063888888888
67879,11,5.0,32,761.0,7.0,0,10,3,42,2203.3563888888893
67900,6,5.0,9,1402.0,4.0,0,0,1,14,1563.342777777778
67913,9,2.0,29,183.0,26.0,0,8,9,19,13669.070833333337
67933,6,2.0,16,2889.0,9.0,0,5,0,10,1551.862222222222
67961,5,2.0,5,451.0,1.0,0,0,4,6,1345.8913888888887
67970,4,2.0,3,476.0,3.0,0,0,0,6,1977.6263888888889
68010,5,2.0,10,1146.0,4.0,0,0,0,10,841.0694444444443
68012,9,2.0,17,1142.0,8.0,0,0,16,20,3326.050833333333
68022,16,6.0,90,143.0,13.0,3,39,25,53,30021.140555555558
68043,7,2.0,6,2897.0,1.0,0,0,4,17,11447.385555555556
68076,5,5.0,13,2893.0,5.0,0,4,1,5,2372.6130555555555
68169,7,2.0,6,656.0,4.0,0,0,0,21,3005.3683333333333
68187,5,4.0,7,798.0,8.0,0,0,2,8,2298.3288888888887
68190,4,2.0,3,474.0,5.0,0,0,0,6,2115.737222222222
68215,37,2.0,78,1744.0,15.0,45,270,169,182,29174.788611111107
68225,4,2.0,4,475.0,4.0,0,0,0,6,1945.9325
68269,1,2.0,0,1460.0,6.0,0,0,0,0,65264.26222222222
68321,18,4.0,53,1139.0,11.0,10,65,22,56,3191.926111111112
68502,9,2.0,11,2938.0,1.0,3,18,4,11,54263.38583333333
68570,11,2.0,15,373.0,22.0,1,18,1,35,20394.16777777778
68581,7,5.0,30,974.0,18.0,0,0,0,21,2065.268888888889
68594,7,2.0,8,471.0,8.0,0,0,3,18,2041.4525
68595,9,4.0,12,671.0,2.0,0,8,9,19,8957.463055555556
68617,3,6.0,2,474.0,5.0,0,0,0,3,336.74666666666667
68649,4,2.0,4,920.0,1.0,0,0,0,6,2370.081666666667
68651,5,1.0,7,33.0,13.0,0,0,1,9,11383.945555555554
68681,5,6.0,10,1406.0,0.0,0,0,6,4,24.14444444444444
68702,52,2.0,227,7.0,46.0,190,640,331,165,136601.6327777778
68720,8,2.0,41,455.0,24.0,0,0,5,23,2356.131944444444
68756,10,6.0,38,2875.0,23.0,0,0,3,42,1742.5519444444444
68796,33,4.0,142,18.0,43.0,120,272,40,96,104791.33777777778
68821,19,4.0,68,463.0,27.0,0,0,44,127,2971.7119444444443
68841,30,4.0,127,2234.0,50.0,0,29,114,292,38926.0575
68869,3,2.0,9,138.0,6.0,0,2,0,1,2853.7494444444446
68907,8,4.0,15,2.0,9.0,1,12,2,13,6532.024722222222
68908,4,2.0,4,655.0,5.0,0,0,0,6,6899.589722222223
68934,4,2.0,5,989.0,3.0,0,3,0,3,1977.3819444444443
68942,10,6.0,21,985.0,7.0,0,0,7,38,1781.1816666666664
68972,9,3.0,17,81.0,4.0,0,0,8,28,159622.61444444442
69146,4,2.0,9,2386.0,6.0,0,0,0,6,338.0422222222222
69167,19,2.0,84,740.0,28.0,3,48,45,75,7985.051666666666
69230,64,2.0,246,0.0,5.0,630,1008,246,132,141314.57277777776
69258,11,5.0,18,679.0,5.0,1,18,11,25,2994.945
69260,5,2.0,7,919.0,2.0,0,4,0,6,16034.8375
69289,3,2.0,4,449.0,3.0,0,0,0,3,128.57555555555555
69296,5,5.0,8,1668.0,4.0,0,0,3,7,4466.64611111111
69315,3,2.0,2,447.0,5.0,0,0,0,3,11.550833333333332
69346,6,2.0,8,2382.0,10.0,0,0,0,15,771.0044444444445
69453,8,2.0,23,309.0,11.0,0,0,3,25,2202.555555555556
69455,9,4.0,33,211.0,7.0,0,0,4,32,2083.3766666666666
69457,10,2.0,19,262.0,6.0,0,9,16,20,36176.67916666666
69461,5,2.0,6,256.0,2.0,0,0,2,8,3902.158888888889
69504,16,4.0,25,1152.0,2.0,0,15,54,51,159508.51055555555
69565,9,2.0,13,189.0,3.0,0,0,0,36,18159.521666666667
69687,86,,185,0.0,5.0,1378,1749,357,171,198208.92666666664
69719,22,2.0,40,2889.0,9.0,6,72,76,77,9281.309166666666
69736,6,4.0,17,1832.0,7.0,0,0,0,15,6375.093333333332
69763,3,2.0,3,142.0,5.0,0,0,0,3,45.505
69773,4,2.0,6,1404.0,2.0,0,3,0,3,3326.0388888888883
69778,4,2.0,4,1404.0,2.0,0,0,1,5,2149.798055555556
69785,18,5.0,62,473.0,17.0,1,32,34,86,23873.4525
69787,27,2.0,78,2378.0,14.0,55,176,71,49,128787.22194444443
69828,5,2.0,5,987.0,5.0,0,0,0,10,1971.6727777777776
69836,5,5.0,15,1138.0,7.0,0,0,0,10,11153.434166666666
69839,5,2.0,9,208.0,0.0,0,0,0,10,7661.301111111111
69872,3,2.0,3,440.0,12.0,0,0,0,3,2112.699722222222
69873,4,2.0,7,2934.0,5.0,0,3,0,3,6337.679166666667
69907,1,2.0,0,449.0,3.0,0,0,0,0,0.4755555555555552
69917,3,2.0,4,1381.0,1.0,0,0,0,3,312.1875
69918,3,2.0,2,388.0,3.0,0,0,0,3,1820.1658333333332
69940,3,2.0,5,448.0,4.0,0,0,1,2,18.371111111111112
69941,4,2.0,5,449.0,3.0,0,0,1,5,18.47583333333333
70030,49,4.0,118,307.0,3.0,21,294,339,522,145636.0313888889
70075,1,2.0,0,447.0,5.0,0,0,0,0,930.646388888889
70077,1,2.0,0,445.0,7.0,0,0,0,0,930.415
70078,1,2.0,0,446.0,6.0,0,0,0,0,930.3344444444444
70141,27,3.0,55,651.0,1.0,6,92,75,178,15738.911666666669
70142,1,2.0,0,445.0,7.0,0,0,0,0,901.3191666666668
70154,8,3.0,18,129.0,4.0,3,15,0,10,34874.807499999995
70161,4,2.0,16,119.0,4.0,0,0,4,2,3555.2094444444447
70181,11,2.0,17,9.0,6.0,0,10,22,23,3808.588888888889
70207,9,2.0,10,997.0,3.0,1,14,4,17,3095.322777777777
70219,6,2.0,15,2276.0,8.0,0,5,0,10,14332.467222222222
70223,6,2.0,8,403.0,4.0,0,0,2,13,14332.273611111112
70224,11,2.0,38,111.0,16.0,0,0,3,52,1703.5213888888889
70228,6,2.0,13,200.0,9.0,0,0,0,15,3101.4255555555555
70243,5,2.0,5,908.0,12.0,0,0,0,10,2783.745
70258,9,5.0,22,1398.0,8.0,0,0,4,32,5113.785277777778
70274,10,3.0,22,447.0,9.0,0,0,11,34,52770.24861111111
70280,3,2.0,4,1837.0,2.0,0,0,0,3,1189.113611111111
70337,2,2.0,4,448.0,4.0,0,0,0,1,860.9386111111112
70346,8,5.0,14,1141.0,4.0,0,7,1,20,238.69666666666663
70375,4,2.0,6,1142.0,3.0,0,0,1,5,1873.1625
70379,5,2.0,8,655.0,5.0,0,0,0,10,3067.661944444445
70380,7,2.0,15,651.0,9.0,0,0,0,21,3067.616666666667
70382,7,2.0,41,367.0,27.0,0,0,3,18,2020.1991666666663
70429,7,2.0,20,2888.0,10.0,0,6,10,5,2056.0672222222224
70478,26,2.0,82,122.0,27.0,21,133,64,107,13511.498333333331
70481,6,2.0,6,389.0,2.0,0,0,0,15,1686.6566666666663
70484,16,4.0,42,2274.0,10.0,0,0,28,92,159315.13194444444
70572,7,5.0,10,638.0,4.0,0,0,4,17,679.151111111111
70580,5,2.0,11,1139.0,6.0,1,6,0,3,2814.6616666666664
70613,7,2.0,11,1755.0,4.0,0,6,2,13,14736.07888888889
70656,4,2.0,8,6.0,6.0,0,0,5,1,4812.431111111111
70686,6,2.0,16,2891.0,7.0,0,0,0,15,989.3838888888888
70714,18,5.0,79,629.0,31.0,0,17,42,94,16703.598055555554
70715,6,4.0,20,649.0,11.0,0,0,1,14,3932.686111111111
70736,6,2.0,8,403.0,4.0,0,0,3,12,1768.1827777777776
70740,5,2.0,7,448.0,4.0,0,0,2,8,1119.471388888889
70765,7,2.0,18,2.0,5.0,0,6,7,8,163579.635
70812,29,2.0,39,2278.0,6.0,36,180,84,106,159238.88666666666
70820,11,2.0,21,1755.0,4.0,1,18,7,29,40000.2975
70874,5,2.0,8,1183.0,5.0,0,0,0,10,73839.48222222221
70929,4,2.0,3,1377.0,5.0,0,0,0,6,97.7513888888889
70977,6,2.0,6,57.0,2.0,0,0,6,9,1935.6263888888889
70987,6,2.0,8,477.0,2.0,0,5,3,7,1502.6369444444445
70996,5,3.0,4,928.0,1.0,0,0,3,7,428.5966666666666
71014,9,2.0,19,469.0,10.0,0,8,7,21,1500.6494444444447
71029,4,4.0,7,918.0,3.0,0,0,2,4,6867.239166666666
71054,5,2.0,7,1797.0,3.0,0,0,3,7,1584.981388888889
71058,4,2.0,4,1798.0,2.0,0,0,0,6,1539.4419444444443
71059,4,2.0,4,1798.0,2.0,0,0,0,6,1539.3405555555555
71060,4,2.0,6,1143.0,2.0,0,0,0,6,1535.0008333333333
71102,4,2.0,3,459.0,2.0,0,0,0,6,20902.125
71142,2,2.0,2,1757.0,2.0,0,0,0,1,1589.432777777778
71283,10,2.0,15,646.0,6.0,0,9,1,35,3466.727777777778
71309,6,6.0,14,1375.0,7.0,0,0,7,8,26.669444444444444
71310,3,2.0,5,1668.0,4.0,0,2,1,0,132.1147222222222
71333,4,2.0,7,1796.0,4.0,0,0,0,6,1703.5122222222224
71334,4,2.0,7,1796.0,4.0,0,0,0,6,1703.5769444444445
71378,2,2.0,2,1670.0,2.0,0,0,1,0,125.3475
71401,6,2.0,8,1378.0,4.0,0,0,3,12,4385.6925
71436,4,2.0,3,267.0,1.0,0,0,0,6,1449.671388888889
71468,4,2.0,4,1664.0,8.0,0,0,1,5,120.96666666666668
71483,1,2.0,0,1754.0,5.0,0,0,0,0,1539.5844444444442
71511,4,2.0,7,1377.0,5.0,0,0,0,6,15561.052777777775
71549,7,2.0,26,1664.0,8.0,0,0,5,16,6448.700555555555
71556,4,2.0,4,1143.0,2.0,0,0,0,6,112538.44305555556
71565,5,2.0,8,826.0,4.0,0,4,4,2,8265.550277777777
71569,8,2.0,11,2936.0,3.0,0,0,15,13,80639.10194444444
71575,3,5.0,3,1670.0,2.0,0,2,1,0,81.12333333333333
71628,3,2.0,2,475.0,4.0,0,0,0,3,1372.9247222222225
71660,6,2.0,10,1376.0,6.0,0,0,0,15,15505.885833333334
71661,10,2.0,22,918.0,3.0,0,9,2,34,30752.79333333333
71684,4,2.0,5,476.0,3.0,0,0,0,6,1183.6386111111112
71692,7,6.0,9,990.0,2.0,0,0,2,19,52.87611111111111
71705,32,5.0,60,644.0,8.0,1,60,126,309,69273.20555555556
71751,6,2.0,7,476.0,3.0,0,0,6,9,1371.78
71756,5,2.0,4,259.0,9.0,0,0,0,10,1371.1797222222222
71759,3,2.0,2,189.0,3.0,0,0,0,3,123.60972222222222
71832,18,2.0,36,2278.0,6.0,3,45,27,78,13492.718888888889
71836,12,6.0,24,648.0,4.0,0,11,16,39,198.6858333333333
71837,5,2.0,6,114.0,13.0,0,0,0,10,2862.892777777778
71871,3,2.0,2,1375.0,7.0,0,0,0,3,15464.31361111111
71884,6,4.0,14,1832.0,7.0,0,0,0,15,837.9897222222222
71895,22,3.0,34,7.0,4.0,36,117,62,16,206583.7177777778
71923,5,2.0,7,1382.0,0.0,0,0,0,10,1838.234722222222
71947,10,2.0,16,918.0,3.0,0,9,3,33,15449.383333333337
71967,4,6.0,9,1376.0,6.0,0,0,1,5,49.0275
71994,4,2.0,3,474.0,5.0,0,0,0,6,1484.4680555555556
72009,7,2.0,7,990.0,2.0,0,0,3,18,4746.8130555555545
72017,7,4.0,10,1837.0,2.0,0,0,0,21,809.7594444444444
72019,8,2.0,8,1837.0,2.0,0,0,0,28,1846.8305555555555
72038,6,6.0,8,56.0,3.0,0,0,2,13,697.3766666666667
72052,6,2.0,12,1832.0,7.0,0,5,0,10,5867.801666666667
72054,9,2.0,15,2282.0,2.0,0,0,4,32,9380.246944444443
72055,3,5.0,6,2387.0,5.0,0,0,0,3,110.8086111111111
72069,9,5.0,33,987.0,13.0,0,0,8,28,2961.176388888889
72084,13,4.0,21,573.0,0.0,0,12,25,41,13250.3775
72111,12,2.0,28,27.0,4.0,0,0,16,50,8165.286944444445
72112,6,2.0,7,389.0,2.0,0,0,2,13,2684.0827777777777
72236,4,4.0,4,2893.0,5.0,0,0,0,6,5827.181388888889
72244,4,5.0,8,1838.0,1.0,0,0,3,3,933.066111111111
72272,1,2.0,0,1669.0,3.0,0,0,0,0,3837.328611111111
72280,3,5.0,3,1138.0,7.0,0,0,0,3,2302.4858333333336
72491,7,2.0,15,987.0,5.0,0,6,0,15,1367.302777777778
72493,34,2.0,84,1029.0,15.0,28,208,116,209,44851.23888888889
72502,3,2.0,2,920.0,1.0,0,0,2,1,1256.628333333333
72597,6,2.0,6,1153.0,1.0,0,0,0,15,15782.246666666668
72676,4,5.0,10,2892.0,6.0,0,0,0,6,167.22583333333333
72689,4,2.0,5,1799.0,1.0,0,0,0,6,1341.467222222222
72690,4,2.0,3,1799.0,1.0,0,0,0,6,1154.0441666666666
72702,2,2.0,3,1669.0,3.0,0,0,0,1,3743.9658333333336
72774,4,2.0,8,1140.0,5.0,0,3,0,3,2038.1519444444443
72796,7,1.0,10,918.0,3.0,0,0,0,21,10882.275833333331
72836,3,2.0,2,473.0,6.0,0,0,0,3,1135.3041666666666
72902,8,6.0,11,571.0,2.0,0,0,6,22,3498.5119444444445
72906,20,4.0,84,654.0,19.0,0,19,28,143,8923.944166666666
72933,6,2.0,5,1179.0,9.0,0,0,1,14,73644.50388888888
72943,5,2.0,5,1180.0,8.0,0,0,1,9,73429.77138888888
72946,7,2.0,16,593.0,1.0,0,0,3,18,73644.44555555556
72949,3,2.0,2,1184.0,4.0,0,0,0,3,7732.071111111111
72951,6,2.0,17,168.0,11.0,0,0,2,13,3990.738888888889
72953,4,2.0,3,1185.0,3.0,0,0,0,6,73429.49916666668
72954,3,1.0,2,1186.0,2.0,0,0,0,3,3692.1472222222224
72956,4,2.0,3,1183.0,5.0,0,0,0,6,74399.28305555556
72957,4,3.0,3,1184.0,4.0,0,0,2,4,73644.29277777778
72960,3,2.0,2,1183.0,5.0,0,0,0,3,9000.000277777779
72961,3,1.0,2,1182.0,6.0,0,0,0,3,73986.18972222222
73037,4,2.0,3,474.0,5.0,0,0,0,6,1129.8111111111111
73071,5,2.0,5,1831.0,8.0,0,0,0,10,506.51166666666666
73082,2,2.0,1,1255.0,0.0,0,0,0,1,55.99638888888889
73214,7,2.0,16,1.0,5.0,0,6,3,12,20499.189722222225
73225,9,5.0,31,318.0,2.0,0,0,19,17,599.3991666666666
73257,15,2.0,23,1060.0,6.0,6,44,31,24,29154.125277777777
73289,6,5.0,14,1836.0,3.0,0,0,1,14,5654.1113888888885
73292,5,2.0,22,591.0,13.0,0,0,0,10,4967.3775000000005
73297,3,2.0,2,448.0,4.0,0,0,0,3,37.441388888888895
73328,11,2.0,21,680.0,4.0,0,10,12,33,3388.7344444444443
73339,2,2.0,1,189.0,3.0,0,0,0,1,80.28555555555556
73370,4,2.0,4,1143.0,2.0,0,0,3,3,3608.388611111111
73382,14,2.0,48,2352.0,40.0,0,0,19,72,8190.6577777777775
73383,4,2.0,3,2386.0,6.0,0,0,0,6,1586.635277777778
73387,8,1.0,8,423.0,2.0,0,7,0,21,172454.12916666665
73406,7,3.0,14,2384.0,8.0,0,0,0,21,1579.4874999999995
73428,4,2.0,4,1838.0,1.0,0,0,0,6,1261.4675
73430,4,2.0,4,1837.0,2.0,0,0,0,6,5598.401666666667
73433,6,2.0,16,173.0,6.0,0,0,0,15,8067.932222222222
73436,3,2.0,5,1835.0,4.0,0,0,0,3,3554.7825000000003
73447,5,4.0,6,1144.0,1.0,0,0,3,7,2084.0936111111114
73502,7,6.0,13,590.0,4.0,0,0,8,13,40032.11888888889
73547,5,5.0,12,1144.0,6.0,0,0,0,10,1339.319166666667
73548,9,3.0,13,919.0,1.0,0,0,12,24,10418.32138888889
73558,5,5.0,8,1839.0,0.0,1,6,0,3,1241.2977777777778
73652,5,2.0,5,1670.0,2.0,0,4,2,4,3577.3355555555554
73679,5,3.0,9,1376.0,6.0,0,0,1,9,15128.996388888889
73680,3,4.0,2,1671.0,1.0,0,0,0,3,2311.2691666666665
73690,7,2.0,12,985.0,7.0,0,0,0,21,1822.405
73712,70,4.0,155,27.0,17.0,153,936,826,500,198868.9094444445
73725,19,4.0,44,124.0,3.0,0,0,17,154,11083.987222222222
73767,2,2.0,3,1669.0,3.0,0,0,0,1,3561.3908333333334
73786,8,2.0,14,432.0,20.0,0,0,14,14,166.34083333333334
73818,8,2.0,11,5439.0,5.0,6,16,0,6,39028.8875
73824,2,4.0,1,1141.0,4.0,0,0,0,1,1898.838888888889
73825,3,2.0,2,2391.0,1.0,0,0,0,3,18112.53361111111
73846,4,2.0,6,2889.0,9.0,0,0,0,6,474.6869444444444
73854,2,2.0,1,1837.0,2.0,0,0,0,1,454.0141666666666
73856,5,2.0,4,1831.0,8.0,0,0,0,10,207.48055555555555
73857,10,2.0,24,909.0,12.0,0,0,6,39,3022.304444444444
73874,5,2.0,6,1825.0,14.0,0,0,0,10,4030.2758333333336
73884,16,2.0,55,461.0,29.0,0,0,19,101,158636.26944444445
73927,6,2.0,18,911.0,10.0,0,5,2,8,7690.449444444444
73951,8,2.0,18,647.0,13.0,0,0,0,28,1617.4280555555556
73953,3,4.0,8,1400.0,6.0,0,0,0,3,5394.015
74024,2,4.0,1,1461.0,5.0,0,0,0,1,3506.418611111111
74120,4,2.0,3,656.0,4.0,0,0,0,6,3034.1566666666663
74155,5,2.0,4,473.0,6.0,0,0,0,10,674.5177777777777
74164,2,2.0,2,1667.0,5.0,0,0,0,1,2240.706388888889
74198,4,2.0,3,137.0,6.0,0,0,4,2,30301.57277777777
74206,7,2.0,8,137.0,1.0,0,0,10,11,94877.41555555556
74229,3,2.0,5,1141.0,4.0,0,0,2,1,10319.928055555558
74244,29,2.0,49,496.0,5.0,1,54,105,246,9193.855555555556
74361,12,1.0,13,683.0,1.0,0,11,22,33,44224.973333333335
74383,15,2.0,44,346.0,24.0,0,14,23,68,7443.616666666667
74408,2,3.0,2,1670.0,2.0,0,0,0,1,3434.83
74413,4,2.0,3,2387.0,5.0,0,0,0,6,1248.5202777777777
74420,5,2.0,6,989.0,3.0,0,0,1,9,1035.3791666666666
74443,5,2.0,6,1669.0,3.0,0,4,0,6,2289.569722222222
74448,4,2.0,8,1400.0,6.0,0,0,2,4,604.3511111111111
74485,4,2.0,17,1824.0,15.0,0,0,0,6,332.8575
74543,7,5.0,10,319.0,1.0,0,6,6,9,1161.2216666666668
74589,4,1.0,6,1670.0,2.0,0,0,2,4,2267.008611111112
74618,3,2.0,5,2894.0,4.0,0,0,0,3,905.7469444444444
74666,4,2.0,3,1145.0,0.0,0,0,0,6,12283.62388888889
74744,5,2.0,4,1838.0,1.0,0,0,3,7,5376.475277777779
74789,4,2.0,3,2894.0,4.0,0,0,0,6,192.07888888888888
74801,6,2.0,12,801.0,5.0,0,0,0,15,649.6219444444445
74866,3,2.0,2,448.0,4.0,0,0,0,3,21.371388888888887
74927,7,2.0,7,105.0,0.0,0,0,0,21,8516.465833333334
74934,6,6.0,10,927.0,2.0,0,0,0,15,279.9766666666667
74938,14,2.0,37,753.0,15.0,3,33,14,41,4192.7266666666665
75066,4,2.0,12,46.0,8.0,0,0,0,6,298.04222222222216
75081,6,2.0,13,126.0,9.0,1,8,3,3,11848.883333333331
75110,4,2.0,7,1140.0,5.0,0,0,0,6,3294.404722222222
75163,3,2.0,2,2936.0,3.0,0,0,0,3,145.4802777777778
75164,2,2.0,2,445.0,7.0,0,0,0,1,1087.1266666666666
75169,4,3.0,14,441.0,11.0,0,0,1,5,828.8491666666666
75176,3,2.0,4,188.0,0.0,0,0,0,3,3499.724444444444
75201,7,2.0,13,121.0,2.0,0,0,0,21,3252.524722222222
75219,3,2.0,5,1141.0,4.0,0,0,1,2,2264.358888888889
75220,9,2.0,16,428.0,24.0,0,0,7,29,1043.2577777777778
75226,3,1.0,4,1671.0,1.0,0,0,1,2,2005.8894444444445
75232,8,2.0,13,190.0,2.0,1,12,3,12,83.69583333333334
75289,3,4.0,4,1140.0,5.0,0,0,0,3,77.8711111111111
75293,5,4.0,15,2891.0,7.0,0,0,0,10,167.21249999999998
75313,9,2.0,11,683.0,1.0,0,0,14,22,27702.77055555555
75348,2,2.0,3,498.0,3.0,0,0,1,0,1210.0941666666668
75538,6,2.0,13,981.0,11.0,0,0,3,12,8213.267777777779
75551,5,6.0,12,443.0,9.0,0,0,0,10,767.2733333333333
75556,7,6.0,21,649.0,11.0,0,0,5,16,146.02777777777777
75570,5,2.0,11,,0.0,0,0,4,6,851.3772222222221
75582,7,5.0,15,2889.0,9.0,0,0,0,21,1665.8783333333336
75682,4,2.0,4,1833.0,6.0,0,0,0,6,1378.8708333333334
75695,9,4.0,14,642.0,0.0,0,0,17,19,177.2238888888889
75745,13,2.0,58,986.0,6.0,0,0,13,65,2016.8830555555555
75746,15,3.0,18,,0.0,0,0,39,66,200893.17111111112
75805,7,4.0,8,652.0,0.0,0,0,16,5,10819.657777777778
75826,4,2.0,4,1831.0,8.0,0,0,0,6,1150.386111111111
75842,5,5.0,8,738.0,4.0,0,0,2,8,1702.0530555555556
75847,21,6.0,65,536.0,11.0,3,54,60,93,112.4961111111111
75863,4,2.0,4,1404.0,2.0,0,0,0,6,9273.235555555557
75898,21,2.0,46,490.0,11.0,0,0,33,177,9296.563888888888
75927,36,2.0,74,402.0,23.0,190,320,65,55,205861.49694444443
75993,4,2.0,8,654.0,6.0,0,0,0,6,600.706111111111
75996,4,2.0,7,655.0,5.0,0,0,0,6,601.3697222222222
76001,4,2.0,10,652.0,8.0,0,0,0,6,1148.808611111111
76034,5,4.0,7,988.0,4.0,0,0,2,8,727.7905555555556
76094,7,3.0,6,,0.0,0,6,4,11,83346.04416666666
76116,6,2.0,6,1830.0,9.0,0,0,1,14,42.40694444444444
76173,2,2.0,3,1669.0,3.0,0,0,0,1,4502.848333333335
76176,9,3.0,12,1672.0,0.0,1,14,3,18,24891.18833333333
76208,4,5.0,8,1144.0,6.0,0,3,0,3,69.29944444444445
76254,3,2.0,3,1143.0,2.0,0,0,0,3,9928.109444444444
76273,2,2.0,2,1143.0,2.0,0,0,0,1,2088.284722222222
76274,3,2.0,5,1142.0,3.0,0,0,0,3,9930.840277777776
76327,6,2.0,9,986.0,6.0,0,0,2,13,487.9788888888888
76356,4,2.0,3,1835.0,4.0,0,0,0,6,1035.9061111111112
76384,3,2.0,2,1835.0,4.0,0,0,0,3,175.67499999999998
76456,11,2.0,17,640.0,2.0,0,0,4,51,7240.801111111112
76463,7,5.0,17,5436.0,8.0,0,6,0,15,6392.446666666667
76505,15,5.0,40,760.0,8.0,0,14,28,63,618.415
76594,4,3.0,5,1834.0,5.0,0,0,0,6,9022.070555555556
76605,8,2.0,9,671.0,2.0,0,7,0,21,7890.486388888889
76617,14,4.0,51,646.0,14.0,0,0,28,63,2855.2013888888887
76621,30,4.0,57,1148.0,6.0,15,144,85,191,158129.7375
76694,16,2.0,35,1141.0,9.0,0,0,40,80,989.7486111111112
76722,20,2.0,92,213.0,5.0,0,0,27,163,2115.7325
76730,7,2.0,12,474.0,5.0,0,0,11,10,650.6980555555556
76746,11,4.0,18,569.0,4.0,0,0,13,42,9599.1475
76771,6,5.0,28,2878.0,20.0,0,0,2,13,839.67
76794,28,2.0,61,,0.0,6,96,58,218,157298.67944444445
76892,14,2.0,73,2879.0,19.0,3,33,18,37,2088.1297222222224
76921,11,2.0,14,301.0,27.0,0,0,28,27,4988.195833333334
76932,6,4.0,24,2886.0,12.0,0,0,0,15,643.5927777777778
76979,3,2.0,2,1668.0,4.0,0,0,1,2,6658.760555555556
76983,4,5.0,9,1664.0,8.0,0,0,0,6,6658.4383333333335
77032,4,4.0,8,1139.0,6.0,0,0,0,6,7372.846944444444
77069,6,2.0,10,668.0,5.0,0,0,1,14,11058.720833333333
77081,3,2.0,3,1667.0,5.0,0,0,0,3,302.8480555555556
77110,6,2.0,13,5435.0,9.0,0,5,0,10,1294.233611111111
77176,7,6.0,31,990.0,2.0,0,6,0,15,23.54861111111111
77206,8,5.0,7,645.0,7.0,0,0,0,28,1779.0961111111112
77221,8,4.0,24,56.0,1.0,0,7,12,9,12294.775555555556
77224,2,4.0,1,1839.0,0.0,0,0,0,1,585.7536111111111
77231,13,2.0,31,631.0,29.0,0,0,18,60,6380.227499999999
77234,6,5.0,16,2889.0,9.0,0,5,1,9,1391.965
77256,8,5.0,31,459.0,20.0,0,0,1,27,2449.238611111111
77302,3,5.0,3,2896.0,2.0,0,2,0,1,131047.53333333333
77319,6,5.0,21,2887.0,11.0,0,0,4,11,875.6652777777776
77362,7,2.0,9,649.0,3.0,0,0,1,20,1420.5772222222222
77467,6,2.0,9,655.0,5.0,0,0,3,12,524.1627777777778
77484,2,5.0,1,2897.0,1.0,0,0,0,1,666.4413888888889
77563,6,2.0,5,684.0,0.0,0,0,1,14,68449.37527777778
77572,4,5.0,7,,0.0,0,3,0,3,674.6847222222223
77583,8,2.0,19,642.0,0.0,0,7,5,16,1998.391111111111
77595,5,2.0,6,650.0,2.0,0,0,0,10,718.7897222222223
77603,10,5.0,33,2883.0,15.0,0,0,3,42,4056.833888888888
77604,4,2.0,6,1378.0,4.0,0,0,1,5,1179.2830555555556
77626,2,2.0,2,919.0,2.0,0,0,0,1,8567.176944444444
77647,3,2.0,3,204.0,2.0,0,0,1,2,157964.31055555554
77648,8,2.0,29,187.0,19.0,0,0,2,26,157964.1511111111
77674,2,2.0,3,1379.0,3.0,0,0,0,1,136.51916666666665
77675,84,2.0,274,642.0,42.0,153,1188,1110,1035,38221.289722222224
77686,4,2.0,4,145.0,2.0,0,0,3,3,6532.026388888889
77774,6,2.0,10,736.0,6.0,0,0,0,15,1150.6186111111112
77804,4,2.0,3,474.0,5.0,0,0,2,4,12761.651666666665
77806,20,3.0,54,419.0,6.0,15,84,43,48,172744.9686111111
77807,3,2.0,3,1669.0,3.0,0,0,0,3,189.98416666666668
77906,6,2.0,19,315.0,5.0,0,5,0,10,12744.068611111112
77909,11,2.0,13,969.0,23.0,0,10,15,30,3650.836111111112
77937,4,2.0,3,1142.0,3.0,0,0,0,6,4349.219722222222
77968,7,2.0,13,1137.0,8.0,0,0,2,19,1971.860555555556
77969,6,1.0,16,,0.0,0,0,3,12,18620.255
77999,15,2.0,60,6.0,25.0,21,56,11,17,126328.94416666664
78009,7,2.0,10,2893.0,5.0,0,0,1,20,138.73611111111111
78013,9,2.0,12,1398.0,8.0,0,0,2,34,19651.47111111111
78014,6,2.0,10,166.0,5.0,0,0,1,14,476.2886111111111
78017,2,4.0,1,642.0,0.0,0,1,0,0,88.42638888888888
78037,44,2.0,114,,0.0,45,340,193,368,85636.97916666667
78060,18,2.0,36,49.0,8.0,0,17,50,86,157894.33583333332
78071,10,2.0,22,667.0,6.0,0,9,8,28,7388.308611111111
78081,8,2.0,19,381.0,11.0,3,15,5,5,51254.37694444445
78116,5,2.0,5,81.0,2.0,0,4,1,5,177422.33444444445
78117,21,2.0,30,,0.0,78,104,14,14,188076.3386111111
78150,10,2.0,26,2855.0,43.0,0,0,10,35,8751.69638888889
78229,5,2.0,9,331.0,0.0,0,0,3,7,33642.34916666667
78247,8,2.0,16,920.0,1.0,0,7,9,12,25447.02611111111
78248,4,3.0,3,,0.0,0,0,4,2,200457.3875
78256,5,4.0,9,1150.0,4.0,0,0,0,10,157847.07472222223
78269,9,5.0,19,89.0,3.0,0,0,12,24,157846.31583333333
78272,8,5.0,9,2282.0,2.0,0,0,2,26,157846.2511111111
78341,11,5.0,16,1402.0,4.0,0,0,6,49,2168.4011111111117
78365,11,2.0,19,163.0,8.0,0,10,3,42,5191.869722222223
78390,12,6.0,46,191.0,15.0,0,11,19,36,157827.18527777778
78396,5,2.0,6,989.0,3.0,0,4,0,6,145.4561111111111
78412,7,2.0,21,982.0,10.0,0,0,2,19,389.4766666666667
78414,242,4.0,683,453.0,4.0,10153,14157,3614,1237,139076.30555555556
78455,8,2.0,10,374.0,4.0,0,7,5,16,980.4058333333332
78474,5,1.0,16,42.0,4.0,0,4,3,3,17182.42722222222
78482,4,4.0,4,1150.0,0.0,0,3,1,2,30.12388888888889
78497,13,4.0,26,169.0,3.0,3,30,9,36,12957.077777777777
78498,6,2.0,13,647.0,13.0,0,5,0,10,9107.724722222223
78505,5,2.0,7,2892.0,6.0,0,0,0,10,9439.641666666666
78510,91,3.0,225,2350.0,42.0,231,1518,1114,1232,39294.94805555556
78514,12,2.0,24,674.0,10.0,0,0,5,61,12625.226666666667
78555,1,5.0,0,452.0,0.0,0,0,0,0,55.26027777777777
78561,5,6.0,11,472.0,7.0,0,0,1,9,48.42527777777778
78610,9,6.0,17,984.0,8.0,0,8,4,24,12615.966666666667
78651,9,1.0,11,2895.0,3.0,0,0,6,30,1330.7947222222222
78658,2,1.0,3,449.0,3.0,0,0,0,1,113.5275
78660,7,1.0,7,556.0,1.0,0,0,6,15,2147.073888888889
78661,5,1.0,8,925.0,4.0,0,0,0,10,4389.768333333333
78725,60,6.0,127,566.0,7.0,21,371,640,738,209739.76805555556
78741,10,6.0,19,2890.0,8.0,0,0,8,37,324.6297222222223
78745,5,5.0,4,654.0,6.0,0,0,1,9,170.93083333333334
78749,7,2.0,13,917.0,4.0,0,0,6,15,6992.725
78751,13,2.0,78,2864.0,34.0,0,0,19,59,4679.620277777779
78755,10,2.0,9,1671.0,1.0,0,9,3,33,32161.028333333332
78765,33,2.0,70,1151.0,3.0,10,140,122,256,16974.761944444446
78824,5,3.0,8,114.0,13.0,0,0,4,6,111233.32416666669
78846,6,2.0,6,2891.0,7.0,0,0,2,13,27899.40055555556
79041,6,2.0,11,993.0,7.0,0,0,6,9,12549.44888888889
79056,8,2.0,11,928.0,1.0,1,12,0,15,406.7202777777778
79168,6,1.0,5,652.0,0.0,0,5,5,5,2020.5436111111112
79181,6,2.0,9,987.0,5.0,0,0,2,13,12502.221111111112
79195,3,2.0,3,2896.0,2.0,0,0,0,3,238.2758333333333
79311,9,4.0,33,1649.0,23.0,0,8,9,19,717.5761111111111
79322,2,2.0,2,1670.0,2.0,0,0,0,1,2584.6941666666667
79324,2,2.0,1,4.0,3.0,0,0,0,1,19.626944444444444
79381,7,2.0,7,652.0,0.0,0,6,5,10,2002.9616666666664
79483,12,2.0,33,1.0,13.0,0,0,16,50,410.7241666666667
79609,5,3.0,6,2896.0,2.0,0,0,0,10,8539.404166666667
79706,5,5.0,10,1839.0,0.0,0,4,0,6,998.1347222222222
79731,11,6.0,28,466.0,13.0,0,0,22,33,17.804166666666667
79743,3,2.0,2,1758.0,1.0,0,0,0,3,82.18861111111111
79785,5,2.0,5,1758.0,1.0,0,0,4,6,509.1172222222222
79858,6,2.0,5,0.0,3.0,0,5,5,5,64528.19444444445
79872,7,5.0,19,2888.0,10.0,0,0,0,21,314.8641666666666
80045,3,2.0,6,175.0,4.0,0,2,0,1,146182.84722222222
80051,9,2.0,31,988.0,12.0,0,8,6,22,8849.650555555556
80083,7,2.0,13,1753.0,6.0,0,0,4,17,8935.88111111111
80105,16,5.0,74,1816.0,23.0,0,15,11,94,1029.97
80125,11,2.0,16,1668.0,4.0,0,10,25,20,18529.855
80136,4,2.0,3,684.0,0.0,0,0,3,3,1841.730555555556
80157,12,2.0,60,585.0,21.0,3,27,15,21,17169.702777777777
80183,10,6.0,39,160.0,19.0,0,9,7,29,5180.737777777777
80246,2,6.0,1,1758.0,1.0,0,0,0,1,16.02361111111111
80250,5,2.0,7,1670.0,2.0,0,4,2,4,806.6377777777777
80280,7,3.0,7,211.0,1.0,0,6,3,12,184484.7080555556
80286,3,2.0,4,1670.0,2.0,0,2,0,1,100.23333333333332
80347,6,5.0,14,550.0,7.0,0,0,5,10,1243.3391666666666
80589,7,5.0,12,1402.0,4.0,0,0,1,20,4902.163888888888
80638,6,2.0,9,995.0,5.0,0,0,2,13,12348.06027777778
80784,18,2.0,50,917.0,12.0,3,45,13,92,4699.7491666666665
80847,5,5.0,4,924.0,5.0,0,0,3,7,365.4461111111111
80855,12,2.0,96,167.0,49.0,0,0,28,38,100915.11583333332
80902,7,6.0,16,77.0,7.0,0,6,9,6,514.9741666666666
80955,8,2.0,20,2891.0,7.0,0,0,6,22,385.0227777777777
80982,5,2.0,4,1839.0,0.0,0,4,1,5,73.41916666666665
80993,3,3.0,6,1669.0,3.0,0,0,2,1,534.2594444444444
80996,5,5.0,8,647.0,5.0,0,0,3,7,359.4152777777777
81052,3,5.0,3,2896.0,2.0,0,0,0,3,56.82555555555555
81061,10,2.0,30,910.0,11.0,0,0,12,33,6571.508055555556
81110,4,5.0,4,1143.0,2.0,0,0,0,6,9235.18527777778
81111,7,2.0,8,2892.0,6.0,0,0,8,13,166.19833333333332
81258,6,2.0,6,1374.0,8.0,0,0,0,15,1204.9875000000002
81263,7,4.0,26,795.0,11.0,0,0,1,20,148.44722222222222
81308,9,6.0,18,916.0,4.0,0,0,8,28,4919.109166666666
81362,5,2.0,15,2891.0,7.0,0,0,0,10,662.4594444444444
81374,5,5.0,7,,0.0,0,0,0,10,15.562777777777775
81398,6,2.0,21,1143.0,11.0,0,0,3,12,5697.139166666667
81565,5,3.0,10,1181.0,7.0,0,0,3,7,72062.5175
81575,5,2.0,7,320.0,8.0,0,0,0,10,13898.318888888887
81597,4,5.0,4,1839.0,0.0,0,0,3,3,349.4586111111111
81613,4,2.0,4,1839.0,0.0,0,3,2,1,784.5530555555556
81653,26,2.0,40,174.0,57.0,55,165,52,53,75317.44166666667
81654,4,2.0,3,1839.0,0.0,0,0,0,6,12339.59
81659,13,5.0,64,116.0,11.0,0,0,19,59,1871.796388888889
81708,6,2.0,10,206.0,3.0,0,0,7,8,1271.3316666666667
81727,17,4.0,41,1149.0,5.0,0,16,2,118,7839.321111111111
81796,8,2.0,18,469.0,10.0,0,7,1,20,12213.777499999998
81808,6,2.0,5,469.0,10.0,0,0,0,15,12212.612777777777
81840,3,2.0,2,1669.0,3.0,0,0,2,1,5719.49
81865,3,2.0,3,1757.0,2.0,0,2,0,1,1063.7247222222222
81978,4,2.0,3,1672.0,0.0,0,0,0,6,29110.77138888889
81980,28,2.0,58,,0.0,1,52,156,169,157415.9988888889
81986,5,2.0,5,987.0,5.0,0,0,0,10,2449.82
82090,4,4.0,3,1839.0,0.0,0,3,0,3,5.323333333333332
82123,11,2.0,17,1149.0,5.0,0,0,10,45,12145.60222222222
82139,8,2.0,11,917.0,3.0,1,12,0,15,122261.25333333333
82141,26,5.0,71,24.0,1.0,0,0,140,185,4401.249444444445
82149,4,4.0,8,1839.0,0.0,0,0,2,4,675.0244444444445
82208,5,2.0,6,123.0,0.0,0,0,0,10,317.5441666666666
82277,3,2.0,3,1380.0,2.0,0,0,0,3,13782.435
82294,1,2.0,0,1459.0,7.0,0,0,0,0,62795.86527777778
82301,9,2.0,24,0.0,8.0,3,18,5,10,104122.98194444444
82339,7,2.0,14,980.0,12.0,0,6,8,7,9416.405555555555
82368,6,5.0,14,385.0,6.0,0,0,1,14,172.8363888888889
82415,6,5.0,20,,0.0,0,0,0,15,380.9180555555556
82439,8,2.0,12,826.0,4.0,0,7,5,16,11571.45
82444,4,5.0,4,1839.0,0.0,0,0,0,6,4195.83861111111
82445,5,5.0,8,305.0,11.0,0,0,0,10,4195.771944444445
82462,2,2.0,1,1669.0,3.0,0,0,0,1,5870.487222222222
82510,3,2.0,2,1461.0,5.0,0,2,0,1,62770.32305555556
82569,7,5.0,16,677.0,7.0,0,0,3,18,2024.3569444444447
82606,4,3.0,7,1839.0,0.0,0,0,1,5,9914.6225
82634,7,2.0,14,205.0,3.0,0,6,5,10,13395.521666666666
82663,6,2.0,17,297.0,10.0,0,0,0,15,593.963611111111
82684,3,5.0,2,1671.0,1.0,0,0,0,3,5838.134444444444
82709,6,4.0,9,988.0,4.0,0,0,1,14,12074.47361111111
82711,34,2.0,97,0.0,10.0,91,280,89,101,170235.37444444443
82724,2,6.0,2,992.0,0.0,0,0,0,1,1801.676388888889
82803,4,2.0,5,265.0,3.0,0,0,0,6,1100.0044444444443
82820,3,2.0,2,682.0,2.0,0,0,0,3,1581.4383333333335
82980,8,2.0,11,1834.0,5.0,0,7,6,15,4092.0538888888887
83004,4,2.0,4,1404.0,2.0,0,3,0,3,18924.011666666665
83041,9,2.0,11,652.0,0.0,3,18,4,11,6572.211666666666
83065,10,4.0,30,1132.0,18.0,0,9,10,26,1841.7883333333332
83155,7,5.0,15,2890.0,8.0,0,0,6,15,2090.465833333333
83159,12,2.0,40,2880.0,18.0,0,0,4,62,4082.862222222222
83169,4,2.0,4,2896.0,2.0,0,0,0,6,10559.216944444444
83183,6,4.0,9,2885.0,13.0,0,0,0,15,545.9458333333334
83189,8,2.0,15,1834.0,5.0,0,0,3,25,10557.751666666669
83238,7,1.0,7,319.0,1.0,0,6,2,13,15663.198611111113
83336,5,4.0,8,987.0,5.0,0,0,2,8,11950.013333333332
83393,7,2.0,18,403.0,13.0,0,6,0,15,11945.72722222222
83394,8,2.0,15,598.0,6.0,0,0,6,22,673.8655555555555
83417,6,2.0,6,80.0,5.0,0,0,5,10,477.9577777777778
83490,3,2.0,2,1376.0,6.0,0,0,0,3,13574.679166666663
83496,10,2.0,26,1000.0,0.0,0,0,7,38,72042.68416666667
83556,5,2.0,4,1141.0,4.0,0,0,4,6,1511.036388888889
83566,8,2.0,10,1152.0,2.0,0,0,7,21,3795.973055555555
83568,4,2.0,7,476.0,3.0,0,0,3,3,7707.425000000001
83575,8,4.0,11,1151.0,3.0,0,0,4,24,3720.2319444444447
83576,13,4.0,18,672.0,1.0,3,30,8,37,155122.8686111111
83588,13,2.0,24,200.0,6.0,0,0,19,59,937.2052777777778
83632,38,2.0,58,116.0,7.0,15,192,214,282,39718.945
83699,4,2.0,5,1670.0,2.0,0,0,2,4,19311.388055555555
83703,2,4.0,1,2897.0,1.0,0,0,0,1,288.2186111111111
83754,47,2.0,123,,0.0,6,172,328,575,55167.5775
83774,18,2.0,85,5393.0,51.0,0,0,74,79,16026.009444444444
83810,15,5.0,21,647.0,5.0,0,14,36,55,918.4291666666668
83811,2,2.0,1,218.0,4.0,0,1,0,0,177739.36416666667
84024,9,6.0,17,988.0,4.0,0,0,1,35,95.13805555555555
84028,9,2.0,14,15.0,3.0,0,8,7,21,170252.28444444443
84034,5,2.0,9,986.0,6.0,0,4,0,6,11827.192222222224
84160,6,2.0,20,,0.0,0,0,0,15,526.9638888888888
84239,3,2.0,3,999.0,1.0,0,0,0,3,2260.458333333333
84240,4,2.0,8,994.0,6.0,0,0,2,4,2836.148611111111
84242,8,4.0,47,115.0,23.0,0,7,6,15,16627.856944444444
84332,9,5.0,23,1829.0,10.0,0,0,3,33,322.7238888888889
84472,9,2.0,34,823.0,7.0,0,0,0,36,5368.076666666667
84491,7,2.0,13,216.0,2.0,0,6,9,6,5401.763611111112
84499,6,5.0,10,1145.0,5.0,0,0,0,15,360.15777777777777
84525,5,4.0,10,1140.0,5.0,0,0,1,9,2020.74
84556,4,4.0,5,265.0,3.0,0,0,0,6,788.2816666666668
84568,9,4.0,24,381.0,14.0,0,0,3,33,10338.198055555556
84625,4,4.0,6,1141.0,4.0,0,0,2,4,4409.525833333333
84681,9,4.0,22,2888.0,10.0,0,0,8,28,8048.775277777778
84854,8,6.0,14,1140.0,5.0,0,7,8,13,8704.031388888889
84880,7,2.0,13,1138.0,7.0,0,0,2,19,8698.804444444446
85146,5,2.0,4,1839.0,0.0,0,0,0,10,61.25916666666667
85217,5,2.0,11,1150.0,4.0,1,6,0,3,3366.1908333333336
85231,12,5.0,27,333.0,7.0,0,0,18,48,1344.551111111111
85271,7,2.0,14,416.0,36.0,0,0,3,18,157.2588888888889
85286,22,4.0,56,671.0,2.0,0,0,85,146,6648.403888888889
85295,5,2.0,4,996.0,4.0,0,0,0,10,3740.0888888888894
85334,15,5.0,73,2857.0,41.0,0,0,14,91,663.8525
85364,2,1.0,2,1380.0,2.0,0,0,0,1,23.884722222222223
85381,9,2.0,14,826.0,4.0,0,8,6,22,110289.9625
85486,3,2.0,3,10.0,2.0,0,2,0,1,11636.757222222222
85498,6,3.0,6,211.0,1.0,0,5,6,4,191463.3983333333
85526,3,2.0,3,1838.0,1.0,0,0,0,3,43.89083333333334
85529,7,5.0,22,1132.0,13.0,0,0,0,21,691.7258333333334
85539,7,2.0,10,,0.0,0,6,0,15,10220.73972222222
85547,9,2.0,18,1139.0,6.0,0,0,3,33,690.641388888889
85572,5,2.0,7,1669.0,3.0,0,0,2,8,162.66416666666666
85573,4,2.0,8,481.0,4.0,0,0,1,5,1721.28
85602,6,2.0,5,1151.0,3.0,0,5,2,8,3497.783333333333
85606,6,2.0,7,1670.0,2.0,0,0,2,13,5381.50638888889
85634,2,2.0,2,1670.0,2.0,0,0,0,1,9596.14638888889
85636,2,2.0,1,1671.0,1.0,0,0,0,1,2541.8605555555555
85670,3,5.0,2,1838.0,1.0,0,0,0,3,26.11638888888889
85686,42,3.0,70,2.0,11.0,210,441,122,88,208780.5861111111
85701,16,5.0,38,756.0,12.0,0,0,27,93,2646.374722222222
85958,17,5.0,46,13.0,10.0,1,30,72,33,10177.615
85968,6,2.0,10,1667.0,5.0,0,5,1,9,341.9505555555556
86032,7,2.0,12,1668.0,4.0,0,0,4,17,4379.0344444444445
86193,75,2.0,147,544.0,12.0,55,704,1137,879,26742.590277777777
86210,8,3.0,10,1837.0,2.0,0,7,7,14,3631.3344444444447
86282,5,2.0,5,651.0,1.0,0,0,1,9,10867.102777777778
86358,3,2.0,4,1142.0,3.0,0,0,2,1,2271.6222222222223
86400,18,1.0,48,17.0,11.0,3,45,76,29,156067.70388888888
86418,5,2.0,6,1142.0,3.0,0,0,7,3,2356.550833333333
86419,3,2.0,2,1403.0,3.0,0,0,0,3,18413.85083333333
86435,7,2.0,8,,0.0,0,6,4,11,40822.68222222223
86468,16,2.0,24,652.0,0.0,0,15,44,61,19210.702777777777
86481,3,4.0,3,16.0,2.0,0,2,1,0,2861.699444444444
86526,7,2.0,14,1667.0,5.0,0,0,1,20,17591.891666666666
86568,7,2.0,8,1463.0,3.0,0,6,2,13,62145.5411111111
86572,4,2.0,4,320.0,0.0,0,3,0,3,11484.106111111112
86641,6,2.0,8,652.0,0.0,0,0,6,9,991.9269444444444
86642,13,5.0,41,1828.0,11.0,0,0,9,69,1880.822222222222
86645,8,5.0,29,760.0,8.0,0,0,5,23,1870.8991666666664
86716,1,2.0,0,1839.0,0.0,0,0,0,0,842.4269444444444
86745,2,2.0,1,1153.0,1.0,0,0,0,1,46.73472222222223
86752,4,2.0,6,264.0,4.0,0,0,0,6,1490.1208333333334
86755,6,2.0,14,1397.0,9.0,0,0,6,9,18383.916944444445
86771,3,2.0,3,2896.0,2.0,0,0,0,3,10052.696666666669
86774,7,5.0,13,2892.0,6.0,0,0,5,16,70.19138888888888
86845,46,2.0,103,52.0,10.0,190,520,184,141,142765.98638888888
86947,9,4.0,24,2888.0,51.0,0,0,12,24,3050.7613888888886
86952,5,4.0,4,,0.0,0,0,3,7,178264.06166666665
87018,6,2.0,10,1043.0,1.0,1,8,1,5,6216.65
87112,10,5.0,26,2886.0,12.0,0,0,10,35,463.5219444444445
87143,4,2.0,4,266.0,2.0,0,0,0,6,3005.4736111111115
87226,2,4.0,1,2896.0,2.0,0,0,0,1,10002.274444444443
87228,4,2.0,3,2896.0,2.0,0,3,0,3,3837.5827777777777
87287,3,2.0,2,1839.0,0.0,0,0,0,3,503.8297222222224
87290,5,4.0,16,2888.0,10.0,0,0,0,10,415.8663888888889
87353,6,2.0,12,984.0,8.0,0,0,2,13,16862.96111111111
87386,4,3.0,4,1465.0,1.0,0,0,1,5,62055.644166666665
87394,12,2.0,31,1055.0,11.0,1,20,15,30,53930.26472222223
87397,9,6.0,15,2880.0,18.0,0,0,2,34,383.87111111111113
87466,4,4.0,3,2932.0,7.0,0,0,0,6,310.9158333333333
87469,6,4.0,11,1838.0,1.0,0,0,0,15,383.77
87490,5,4.0,9,1151.0,3.0,0,0,0,10,156545.28194444446
87677,9,2.0,23,1376.0,6.0,0,0,7,29,17346.402777777777
87787,9,3.0,16,,0.0,0,8,16,12,188937.2772222222
87792,13,2.0,35,1461.0,5.0,0,0,8,70,6874.313055555556
87812,10,2.0,11,208.0,0.0,0,9,14,22,8912.105555555556
87817,14,5.0,45,1787.0,13.0,1,24,26,40,2424.7969444444448
87968,7,2.0,11,673.0,0.0,1,10,4,6,21121.359722222223
87969,7,2.0,16,28.0,9.0,0,0,4,17,35471.68527777778
88050,7,2.0,17,363.0,11.0,0,6,2,13,2526.8069444444445
88053,13,5.0,50,310.0,18.0,0,0,7,71,868.237777777778
88155,18,2.0,101,21.0,32.0,0,0,46,107,2515.3922222222222
88183,14,2.0,32,541.0,6.0,0,0,13,78,8862.579166666665
88229,20,5.0,104,363.0,28.0,6,64,5,115,3631.8263888888887
88239,13,2.0,22,1150.0,4.0,0,12,6,60,98820.7747222222
88284,4,2.0,8,2278.0,6.0,0,0,2,4,6864.715277777779
88350,5,2.0,5,652.0,0.0,0,4,3,3,1640.677222222222
88413,4,2.0,4,599.0,5.0,0,0,1,5,269.0183333333334
88420,3,2.0,2,603.0,1.0,0,0,0,3,11854.8875
88430,5,2.0,5,673.0,0.0,1,6,1,2,8012.469722222222
88438,6,1.0,12,1668.0,4.0,0,0,8,7,4417.442499999999
88463,5,2.0,7,919.0,2.0,0,0,2,8,16120.114444444444
88482,2,2.0,3,1142.0,3.0,0,0,0,1,766.1502777777778
88484,5,5.0,4,1254.0,1.0,0,4,1,5,668.7186111111112
88502,7,3.0,7,1671.0,1.0,0,6,9,6,2182.6869444444446
88506,7,2.0,14,,0.0,0,6,8,7,213541.6141666667
88575,9,2.0,14,54.0,5.0,0,8,3,25,1974.9516666666664
88579,17,2.0,57,321.0,10.0,10,60,33,33,28806.74916666667
88789,3,4.0,3,1406.0,0.0,0,0,0,3,9750.711111111112
88870,55,4.0,145,406.0,14.0,351,756,189,189,8734.648333333334
88882,5,2.0,8,331.0,0.0,0,0,4,6,32129.72
88936,11,6.0,32,2888.0,10.0,0,0,5,50,32781.13138888889
88943,3,2.0,3,1671.0,1.0,0,0,0,3,20595.96083333333
88950,2,2.0,2,919.0,2.0,0,0,0,1,6742.108611111111
88961,8,5.0,22,912.0,8.0,0,0,1,27,3553.7213888888887
89076,5,2.0,4,1402.0,4.0,0,0,0,10,3217.7491666666665
89093,3,2.0,2,917.0,4.0,0,0,0,3,12781.48277777778
89144,16,4.0,30,45.0,8.0,0,0,16,104,156310.30333333334
89160,9,5.0,12,650.0,10.0,0,0,9,27,1215.556388888889
89182,2,2.0,1,565.0,6.0,0,0,0,1,875.5408333333332
89186,2,2.0,4,1672.0,0.0,0,0,0,1,20567.264722222222
89191,8,2.0,34,1795.0,5.0,0,0,1,27,9710.734444444444
89240,3,2.0,2,1671.0,1.0,0,0,0,3,4738.227499999999
89270,9,2.0,14,,0.0,1,14,4,17,24277.051944444444
89310,3,4.0,2,642.0,0.0,0,0,2,1,1314.4625
89344,5,5.0,6,1839.0,0.0,0,0,3,7,615.3733333333333
89397,6,2.0,5,1141.0,4.0,0,0,0,15,124.64805555555556
89407,5,2.0,11,2885.0,13.0,0,0,0,10,344.2747222222222
89431,5,6.0,8,2895.0,3.0,0,0,0,10,1273.0738888888889
89446,7,2.0,11,1404.0,2.0,0,0,1,20,18003.321111111112
89493,8,5.0,18,2891.0,7.0,0,7,6,15,24771.160000000003
89529,5,6.0,8,2893.0,5.0,0,0,0,10,85.47277777777778
89604,2,2.0,2,1839.0,0.0,0,1,0,0,0.6049999999999992
89662,5,6.0,11,2890.0,8.0,0,0,0,10,97.03666666666666
89669,2,2.0,2,652.0,0.0,0,0,1,0,2125.099166666667
89672,10,5.0,22,1830.0,9.0,0,0,13,32,1131.1494444444445
89692,2,2.0,1,481.0,4.0,0,0,0,1,1151.2827777777777
89713,4,2.0,3,1656.0,16.0,0,0,1,5,1149.096388888889
89717,2,2.0,1,1671.0,1.0,0,0,0,1,1148.8838888888888
89771,3,2.0,2,1839.0,0.0,0,2,0,1,736.3305555555555
89819,5,2.0,4,12.0,1.0,0,0,4,6,156207.83444444445
89872,6,2.0,7,1403.0,3.0,0,0,5,10,12657.86
89911,1,2.0,0,998.0,2.0,0,0,0,0,1465.7569444444443
89966,4,2.0,4,468.0,11.0,0,0,0,6,534.4641666666666
90064,20,4.0,58,57.0,10.0,1,36,74,79,22449.06777777778
90139,3,6.0,4,478.0,1.0,0,0,0,3,1827.0683333333336
90173,6,5.0,11,2892.0,6.0,0,0,0,15,552.6486111111111
90195,7,2.0,8,985.0,7.0,0,0,2,19,410.81055555555554
90198,140,2.0,236,,0.0,1891,4836,1890,1113,173968.5475
90224,4,2.0,6,265.0,3.0,0,0,0,6,5180.914999999999
90256,12,2.0,39,,0.0,0,11,5,50,15098.443333333333
90263,14,3.0,21,213.0,3.0,3,33,39,16,93060.49027777778
90268,88,2.0,270,59.0,79.0,1275,1887,367,299,124040.08666666668
90272,5,2.0,6,1838.0,1.0,0,4,0,6,3036.903333333333
90278,3,2.0,3,1670.0,2.0,0,0,1,2,2003.629722222222
90295,3,2.0,2,413.0,3.0,0,0,0,3,10951.78222222222
90348,3,2.0,15,1825.0,14.0,0,0,0,3,9530.904444444444
90363,13,6.0,24,1757.0,2.0,0,0,19,59,147.81166666666667
90369,3,5.0,3,992.0,0.0,0,0,0,3,1800.004722222222
90382,4,2.0,3,336.0,4.0,0,0,0,6,3021.3
90389,5,2.0,8,333.0,7.0,0,0,0,10,3021.059444444444
90392,11,4.0,38,208.0,0.0,0,0,12,43,2304.735277777778
90394,6,4.0,11,448.0,4.0,0,5,3,7,61486.32361111111
90404,6,2.0,11,985.0,7.0,0,5,0,10,10938.586111111112
90405,8,5.0,11,682.0,2.0,0,0,10,18,456.24694444444447
90440,10,2.0,11,21.0,3.0,0,0,23,22,143333.32361111112
90471,17,2.0,23,785.0,2.0,1,30,56,49,11978.274166666668
90512,4,2.0,4,2278.0,6.0,0,0,1,5,8263.22361111111
90526,6,2.0,8,407.0,9.0,0,0,3,12,2451.5669444444447
90538,5,5.0,14,469.0,10.0,0,0,0,10,10917.364166666666
90574,8,4.0,29,2879.0,19.0,0,0,4,24,3142.793611111111
90580,4,2.0,3,999.0,1.0,0,0,3,3,1372.260277777778
90614,10,2.0,18,478.0,1.0,0,0,2,43,10905.648055555555
90624,5,2.0,7,2276.0,8.0,0,0,2,8,103.38305555555556
90704,2,2.0,1,1462.0,4.0,0,0,0,1,1418.550277777778
90707,5,5.0,13,1406.0,0.0,0,0,3,7,767.973888888889
90722,9,2.0,32,394.0,13.0,0,0,9,27,2386.8975
90749,6,2.0,12,472.0,7.0,0,0,7,8,3644.985277777778
90760,3,2.0,5,2894.0,4.0,0,0,0,3,958.7941666666668
90765,5,2.0,8,1755.0,4.0,0,0,4,6,149250.77083333334
90769,5,2.0,7,2896.0,2.0,0,0,1,9,2421.2677777777776
90951,13,2.0,22,2886.0,12.0,0,12,16,50,870.2102777777777
90959,11,5.0,75,2870.0,28.0,0,0,9,46,104.29305555555555
90965,5,2.0,13,467.0,12.0,0,0,0,10,7802.835277777778
90972,2,2.0,1,1402.0,4.0,0,0,0,1,17739.965
90981,3,5.0,5,552.0,5.0,0,2,0,1,6.793333333333332
90983,10,3.0,40,616.0,14.0,0,9,5,31,65135.68999999999
91019,4,2.0,6,1141.0,4.0,0,0,3,3,1082.2158333333332
91022,9,4.0,20,912.0,9.0,0,0,16,20,5636.291666666667
91095,9,2.0,31,1827.0,12.0,1,14,1,20,9390.430833333334
91140,8,5.0,30,1818.0,21.0,0,0,2,26,171.86583333333334
91165,6,2.0,23,393.0,14.0,0,0,4,11,560.568888888889
91184,7,2.0,14,1147.0,7.0,0,0,7,14,3242.443888888889
91197,4,5.0,3,448.0,4.0,0,0,1,5,1513.128888888889
91241,8,2.0,17,1751.0,8.0,0,7,5,16,1385.502222222222
91292,6,2.0,25,1136.0,9.0,0,0,4,11,109418.9272222222
91338,5,3.0,4,,0.0,0,4,2,4,163768.1863888889
91399,4,2.0,8,1670.0,2.0,0,3,1,2,3313.2541666666666
91417,20,2.0,31,921.0,0.0,15,84,41,50,11101.316944444445
91516,31,2.0,85,2364.0,28.0,36,198,110,121,45605.83805555556
91547,5,2.0,4,201.0,5.0,0,0,1,9,155927.4197222222
91571,8,5.0,13,599.0,5.0,0,0,2,26,92.39361111111111
91631,10,2.0,15,679.0,5.0,0,9,14,22,5002.97388888889
91712,7,5.0,6,1138.0,12.0,0,0,1,20,71.71333333333334
91716,5,2.0,12,2275.0,9.0,0,0,1,9,155899.78944444444
91830,3,2.0,2,,0.0,0,0,0,3,865.5752777777778
91875,11,2.0,13,205.0,3.0,0,10,6,39,23688.13
91921,5,5.0,18,1829.0,10.0,0,0,0,10,220.52972222222223
91970,7,2.0,7,677.0,7.0,0,0,7,14,17968.812222222223
91988,9,5.0,37,2885.0,13.0,0,0,7,29,1706.6791666666666
92000,6,2.0,7,1382.0,0.0,0,5,4,6,12296.253888888888
92005,8,2.0,13,1835.0,4.0,0,0,11,17,10749.679444444446
92034,4,2.0,4,993.0,7.0,0,0,0,6,702.04
92080,3,2.0,5,1668.0,4.0,0,0,0,3,3238.918333333333
92087,5,2.0,10,1669.0,3.0,0,0,1,9,4866.395555555556
92099,10,5.0,39,821.0,9.0,3,21,8,13,7613.886388888888
92132,11,2.0,27,88.0,11.0,0,10,16,29,4061.8291666666655
92138,4,2.0,6,1836.0,3.0,0,0,0,6,8451.463055555556
92161,4,5.0,4,1838.0,1.0,0,0,0,6,1891.9994444444444
92170,19,2.0,32,1153.0,1.0,15,78,40,38,13449.238888888887
92176,15,4.0,22,47.0,4.0,6,44,37,18,171659.46305555556
92188,4,2.0,9,2894.0,4.0,0,0,0,6,20.05222222222222
92190,4,2.0,4,1401.0,5.0,0,0,1,5,1704.2716666666663
92210,7,2.0,9,1146.0,8.0,0,0,1,20,693.3277777777778
92322,8,6.0,15,414.0,6.0,0,0,0,28,1559.7097222222224
92347,1,2.0,0,992.0,0.0,0,0,0,0,119.19138888888888
92403,4,3.0,4,1670.0,2.0,0,0,0,6,683.5963888888889
92443,10,6.0,18,1838.0,1.0,0,0,11,34,100.8825
92457,7,2.0,18,1832.0,7.0,0,0,5,16,2662.945555555555
92487,3,2.0,2,1142.0,3.0,0,0,0,3,651.1500000000001
92491,18,4.0,98,2257.0,27.0,0,0,27,126,8064.9725
92508,6,2.0,11,203.0,6.0,0,0,0,15,12891.686111111112
92534,4,2.0,9,985.0,7.0,0,0,0,6,531.7883333333334
92535,6,3.0,7,105.0,0.0,0,0,3,12,51649.45722222222
92575,5,3.0,8,252.0,11.0,0,0,0,10,1495.5883333333336
92613,4,2.0,6,918.0,3.0,0,0,0,6,4801.825555555556
92664,4,2.0,5,265.0,3.0,0,0,0,6,1633.6894444444442
92712,5,2.0,4,920.0,1.0,0,4,0,6,12176.193888888887
92737,20,3.0,128,6.0,78.0,6,64,94,26,136597.26611111112
92770,4,2.0,6,1672.0,0.0,0,0,3,3,102.29833333333336
92798,4,2.0,10,470.0,9.0,0,0,0,6,201.68055555555557
92827,4,2.0,3,2281.0,3.0,0,0,0,6,155665.81694444444
92837,5,5.0,11,1139.0,6.0,0,0,1,9,1266.090277777778
92933,3,1.0,7,1669.0,3.0,0,0,0,3,4877.002777777778
92955,12,2.0,28,191.0,13.0,0,0,32,34,1227.949722222222
93015,27,2.0,87,1746.0,13.0,0,26,118,207,15629.950555555555
93056,6,2.0,17,2889.0,9.0,0,0,2,13,828.4980555555555
93141,24,3.0,38,0.0,4.0,10,95,68,103,196988.38722222223
93146,3,4.0,3,2932.0,7.0,0,0,0,3,4.853333333333333
93186,5,2.0,10,1182.0,6.0,0,0,0,10,4678.328333333334
93188,17,3.0,28,,0.0,0,16,55,65,26181.10638888889
93203,4,2.0,5,1185.0,3.0,0,0,1,5,71252.04583333334
93233,6,2.0,9,919.0,2.0,0,5,2,8,4687.470833333333
93245,7,2.0,10,94.0,3.0,0,6,11,4,11092.874722222225
93274,12,4.0,21,,0.0,0,0,49,17,31387.188055555554
93351,10,2.0,17,1822.0,17.0,0,9,4,32,4625.194999999999
93426,23,2.0,53,1199.0,9.0,15,102,71,65,39145.09888888889
93500,6,2.0,13,2892.0,6.0,0,0,0,15,963.9569444444444
93521,11,2.0,25,672.0,12.0,0,0,3,52,433.3061111111112
93772,43,2.0,93,21.0,5.0,91,406,268,138,170638.07833333334
93839,9,2.0,15,117.0,6.0,0,0,22,14,155516.48222222223
93895,21,4.0,40,2886.0,12.0,0,20,34,156,6226.093055555556
93896,2,5.0,1,1759.0,0.0,0,0,0,1,1637.5924999999995
93908,5,2.0,11,188.0,0.0,0,4,3,3,6472.4925
93959,28,2.0,58,112.0,1.0,3,75,151,149,25531.960555555557
94004,7,2.0,13,1792.0,8.0,0,0,2,19,1387.6669444444449
94017,7,2.0,8,153.0,0.0,0,0,8,13,31282.32555555556
94066,3,2.0,2,,0.0,0,0,0,3,23460.087499999998
94175,8,2.0,19,684.0,0.0,0,7,3,18,29139.97055555556
94199,27,2.0,71,162.0,24.0,15,126,98,112,161690.69166666665
94205,13,2.0,30,388.0,19.0,0,12,4,62,2962.535277777777
94235,3,2.0,2,601.0,3.0,0,0,0,3,76.75222222222224
94238,4,2.0,3,2280.0,4.0,0,0,0,6,155466.9775
94245,4,2.0,4,2280.0,4.0,0,0,0,6,155466.67638888888
94249,2,2.0,1,2281.0,3.0,0,0,0,1,155466.07166666666
94263,2,2.0,1,2281.0,3.0,0,0,0,1,155464.48361111112
94282,4,2.0,4,43.0,1.0,0,3,0,3,1494.2544444444443
94289,6,2.0,5,999.0,1.0,0,0,1,14,2150.556111111111
94354,6,4.0,14,827.0,3.0,0,0,4,11,2325.674444444445
94366,5,2.0,13,167.0,6.0,0,0,3,7,1227.536388888889
94371,5,2.0,9,2894.0,4.0,0,0,0,10,842.9188888888889
94639,3,3.0,2,652.0,0.0,0,0,3,0,931.3922222222222
94648,3,3.0,2,1838.0,1.0,0,0,0,3,8062.137777777778
94802,8,4.0,14,799.0,5.0,0,0,5,23,155398.94222222222
94834,10,5.0,12,319.0,1.0,1,16,5,23,12855.948611111113
94874,5,2.0,4,1465.0,1.0,0,0,0,10,60863.84583333333
94895,14,4.0,28,757.0,11.0,1,24,14,52,6412.277222222223
94922,5,2.0,10,2887.0,11.0,0,0,0,10,784.5591666666667
94979,6,2.0,20,2924.0,15.0,0,0,5,10,7155.263055555556
95044,10,4.0,20,96.0,3.0,6,24,0,15,168712.5388888889
95099,5,5.0,13,985.0,7.0,0,0,4,6,1031.522222222222
95108,4,2.0,3,316.0,6.0,0,0,1,5,2593.896111111111
95212,9,4.0,12,802.0,2.0,0,0,9,27,155317.71805555557
95277,7,2.0,11,137.0,1.0,0,0,1,20,7104.388888888889
95339,4,2.0,6,111.0,2.0,0,0,3,3,59.21305555555556
95530,13,2.0,33,,0.0,1,22,26,29,115241.935
95548,6,2.0,5,2895.0,3.0,0,0,1,14,41216.83305555555
95549,14,2.0,48,1759.0,0.0,1,24,16,50,35944.27138888889
95584,11,5.0,45,52.0,15.0,3,24,12,16,2288.2513888888884
95590,8,2.0,26,1134.0,11.0,0,0,7,21,9083.466111111113
95671,5,2.0,4,1141.0,4.0,0,0,1,9,8918.855555555556
95691,6,2.0,6,1464.0,2.0,0,0,6,9,60738.25
95762,7,5.0,7,82.0,0.0,1,10,1,9,4665.468055555555
95781,5,5.0,10,1670.0,2.0,0,0,2,8,150.69916666666666
95844,15,5.0,46,79.0,13.0,0,14,24,67,155232.2938888889
95904,4,2.0,3,1758.0,1.0,0,0,3,3,188.39916666666667
95913,7,2.0,9,1669.0,3.0,0,0,3,18,2832.5336111111105
95952,13,2.0,33,917.0,12.0,0,12,7,59,2875.9527777777776
96103,5,2.0,13,2891.0,7.0,0,0,0,10,8567.773888888889
96129,3,2.0,2,1141.0,4.0,0,0,0,3,8820.996111111112
96151,4,2.0,3,386.0,5.0,0,0,2,4,10049.748333333331
96163,3,2.0,4,265.0,3.0,0,0,0,3,1075.5825
96229,8,2.0,17,2277.0,7.0,0,7,0,21,155141.92861111113
96232,13,6.0,33,913.0,7.0,0,0,19,59,108.01277777777776
96245,2,2.0,5,1834.0,5.0,0,0,0,1,1742.0444444444445
96362,9,2.0,18,2890.0,8.0,0,8,2,26,983.4166666666666
96485,6,2.0,5,320.0,0.0,0,0,1,14,9530.117777777778
96528,6,2.0,8,1833.0,6.0,0,0,0,15,8517.156388888889
96529,3,2.0,5,364.0,10.0,0,0,0,3,1177.4333333333334
96543,4,2.0,5,651.0,9.0,0,0,0,6,2472.928611111111
96552,2,1.0,1,929.0,0.0,0,1,0,0,46.56583333333335
96563,10,5.0,16,2934.0,5.0,0,9,10,26,350.7352777777778
96567,2,2.0,1,1671.0,1.0,0,0,0,1,19.691111111111116
96579,14,2.0,20,2891.0,7.0,1,24,12,54,100785.16833333332
96624,4,2.0,8,825.0,5.0,0,3,0,3,8502.48972222222
96684,6,2.0,5,224.0,0.0,0,5,4,6,47298.70805555556
96710,4,3.0,4,255.0,8.0,0,0,0,6,343.0780555555556
96753,3,2.0,6,916.0,5.0,0,2,0,1,4148.891944444444
96761,6,2.0,10,830.0,0.0,0,0,5,10,6890.819722222222
96832,18,5.0,38,2383.0,9.0,0,0,51,102,5548.235277777778
96968,39,2.0,73,0.0,6.0,136,374,131,100,198712.135
96976,27,2.0,38,3.0,3.0,28,152,103,68,115083.67277777776
97014,5,3.0,4,684.0,0.0,0,0,0,10,28697.977777777774
97324,6,2.0,7,959.0,17.0,0,0,0,15,13176.320277777775
97362,19,5.0,62,745.0,23.0,1,34,52,84,3839.928888888889
97387,6,2.0,18,358.0,12.0,0,0,1,14,3429.530277777778
97470,16,4.0,45,1368.0,14.0,0,15,13,92,11509.120833333334
97488,3,2.0,3,1835.0,4.0,0,0,0,3,8353.505555555555
97514,4,2.0,3,386.0,5.0,0,0,1,5,217.10416666666669
97656,5,4.0,7,2894.0,4.0,0,0,2,8,429.2788888888889
97664,13,5.0,21,920.0,9.0,0,0,24,54,130786.25555555556
97754,5,4.0,16,823.0,7.0,0,4,0,6,14267.379722222222
97775,4,2.0,11,1399.0,7.0,0,0,0,6,16640.548611111113
97851,8,4.0,9,989.0,11.0,0,0,3,25,1075.740277777778
97881,4,2.0,5,1253.0,2.0,0,0,0,6,136.51666666666665
97944,9,2.0,11,1659.0,13.0,0,8,6,22,3192.2833333333333
97945,6,2.0,11,1658.0,14.0,0,0,7,8,3192.2491666666665
98144,16,2.0,46,211.0,13.0,1,28,31,60,146715.2811111111
98153,1,2.0,0,600.0,4.0,0,0,0,0,22.60194444444444
98158,16,5.0,84,1406.0,0.0,1,28,41,50,16830.408333333333
98160,24,2.0,54,394.0,13.0,15,108,72,81,89453.92499999999
98213,4,2.0,8,593.0,11.0,0,0,0,6,1698.375
98233,5,2.0,9,371.0,3.0,0,0,0,10,25.474722222222223
98244,3,2.0,2,1671.0,1.0,0,0,2,1,2163.7375
98251,11,2.0,31,1050.0,16.0,6,28,4,17,20923.893333333333
98270,7,2.0,14,920.0,9.0,0,6,0,15,717.4247222222223
98285,7,2.0,18,1829.0,10.0,0,0,0,21,647.7569444444445
98304,31,2.0,127,175.0,18.0,190,220,16,39,180346.32666666663
98382,3,2.0,3,416.0,4.0,0,0,0,3,8185.702777777778
98506,6,2.0,9,670.0,3.0,0,5,0,10,7185.7225
98598,4,2.0,6,197.0,9.0,0,0,0,6,154752.64055555555
98603,4,2.0,5,992.0,8.0,0,0,0,6,426.6797222222223
98652,9,2.0,15,765.0,3.0,0,8,1,27,4172.805555555556
98658,13,6.0,51,95.0,17.0,0,0,10,68,52005.05083333333
98669,5,5.0,5,451.0,1.0,1,6,0,3,10144.637499999995
98705,6,2.0,8,2895.0,3.0,0,0,5,10,8141.370833333332
98721,3,6.0,6,987.0,5.0,0,0,0,3,3.170555555555556
98729,10,5.0,22,2886.0,12.0,0,0,3,42,1131.4452777777776
98764,4,2.0,3,999.0,1.0,0,0,3,3,74.16972222222222
98776,2,2.0,2,919.0,2.0,0,0,0,1,3791.396388888889
98781,4,2.0,11,2275.0,9.0,0,0,0,6,154727.9183333333
98782,4,2.0,7,916.0,5.0,0,0,0,6,11193.434722222224
98993,2,2.0,1,14.0,0.0,0,0,1,0,21806.523611111108
98995,3,2.0,3,14.0,0.0,0,2,1,0,55936.7161111111
99063,12,2.0,21,2893.0,5.0,0,0,21,45,556.9155555555556
99080,11,2.0,18,762.0,6.0,0,10,3,42,3775.963333333333
99114,4,2.0,3,163.0,7.0,0,0,3,3,1059.3702777777778
99118,3,2.0,2,997.0,3.0,0,0,0,3,5.631944444444443
99130,4,6.0,10,168.0,5.0,0,0,1,5,45.246388888888895
99181,5,2.0,13,984.0,8.0,0,0,0,10,745.5591666666667
99192,4,2.0,3,1149.0,5.0,0,0,0,6,1372.4294444444445
99233,15,5.0,40,812.0,18.0,1,26,30,48,588.5313888888888
99236,17,2.0,28,51.0,6.0,1,30,49,56,49742.28111111112
99243,7,2.0,11,918.0,3.0,0,6,6,9,5031.694999999999
99324,7,2.0,8,1837.0,2.0,0,0,10,11,8031.577222222222
99356,9,5.0,19,642.0,0.0,0,0,20,16,3363.455833333333
99569,10,4.0,27,2890.0,8.0,0,0,18,27,446.49277777777775
99586,4,3.0,5,1671.0,1.0,0,0,3,3,2198.6702777777778
99592,4,2.0,6,115.0,4.0,0,3,1,2,48640.74305555556
99601,3,2.0,6,1653.0,19.0,0,0,0,3,1137.7369444444446
99611,5,2.0,14,332.0,8.0,0,0,1,9,6657.620555555555
99612,3,2.0,5,1670.0,2.0,0,0,1,2,1928.996666666667
99613,6,2.0,11,654.0,6.0,0,5,0,10,2286.6936111111117
99614,9,2.0,15,824.0,6.0,0,8,9,19,5957.634444444444
99615,10,2.0,34,1793.0,7.0,0,0,5,40,28012.41638888889
99617,8,2.0,10,389.0,2.0,0,0,4,24,6657.4413888888885
99618,8,2.0,11,387.0,4.0,0,0,0,28,5598.933333333333
99619,10,2.0,27,635.0,7.0,0,0,3,42,7354.395
99622,6,2.0,10,205.0,4.0,0,0,1,14,1927.4216666666664
99623,5,2.0,8,739.0,3.0,0,0,1,9,6657.475
99624,4,2.0,4,266.0,2.0,0,0,0,6,37587.12388888889
99627,10,2.0,26,393.0,14.0,0,0,11,34,9535.9975
99639,10,2.0,75,1763.0,37.0,0,0,0,45,28010.536944444444
99680,11,6.0,28,71.0,8.0,0,0,16,39,21458.998888888887
99846,5,2.0,5,1838.0,1.0,0,0,0,10,3955.468333333333
99855,3,2.0,4,920.0,1.0,0,0,1,2,3443.848888888889
99920,22,4.0,76,624.0,18.0,1,40,44,146,911.1625
99929,4,2.0,4,,0.0,0,3,1,2,113597.78916666668
99997,22,2.0,53,13.0,4.0,3,57,98,73,151696.1411111111
100000,23,4.0,40,,0.0,3,60,99,91,178999.6575
100032,4,4.0,4,1150.0,0.0,0,0,2,4,1314.1497222222224
100058,4,5.0,5,652.0,0.0,0,0,3,3,11778.818888888887
100116,6,2.0,8,1373.0,9.0,0,0,0,15,847.3094444444446
100132,6,2.0,15,190.0,8.0,0,0,0,15,16227.428888888888
100159,3,2.0,3,1670.0,2.0,0,0,1,2,1851.5413888888888
100180,59,5.0,142,7.0,10.0,253,828,316,314,139619.16694444444
100270,3,2.0,3,1754.0,5.0,0,0,0,3,21.516111111111112
100476,2,2.0,7,596.0,8.0,0,0,0,1,242.2638888888889
100498,5,2.0,8,2274.0,10.0,0,0,0,10,154452.78055555557
100522,9,3.0,16,,0.0,0,0,10,26,179555.1097222222
100533,21,2.0,54,5428.0,16.0,6,68,55,81,45845.29611111112
100677,4,2.0,8,1666.0,6.0,0,0,2,4,5564.267777777778
100679,4,2.0,8,1666.0,6.0,0,0,1,5,2879.3963888888893
100704,3,2.0,7,479.0,6.0,0,0,0,3,1793.1791666666668
100764,2,2.0,4,600.0,4.0,0,0,0,1,114.26166666666668
100773,6,5.0,19,139.0,8.0,0,0,2,13,154420.4516666667
100816,13,2.0,28,821.0,9.0,0,0,22,56,4437.284722222223
100846,17,3.0,50,278.0,24.0,0,16,17,103,10492.218333333332
100847,1,2.0,0,1756.0,3.0,0,0,0,0,5.550555555555555
100888,5,2.0,6,2891.0,7.0,0,0,0,10,259.9861111111111
100921,10,2.0,12,1151.0,3.0,0,9,4,32,1120.8458333333335
100923,7,5.0,7,1152.0,2.0,0,6,0,15,825.1827777777778
100943,2,2.0,1,1671.0,1.0,0,0,1,0,61.38388888888889
100951,38,2.0,68,,0.0,45,280,216,162,176046.5525
100967,9,2.0,17,638.0,4.0,1,14,7,14,3651.4572222222223
100970,2,2.0,5,5439.0,5.0,0,0,0,1,13349.833333333332
100993,5,2.0,7,265.0,3.0,0,0,1,9,3366.779722222222
101002,6,2.0,8,,0.0,0,5,0,10,52995.20749999999
101027,9,4.0,27,818.0,12.0,1,14,2,19,42952.97194444444
101128,7,5.0,12,818.0,12.0,0,0,0,21,572.8091666666667
101190,46,4.0,79,,0.0,55,385,344,251,137091.21083333332
101245,8,3.0,7,767.0,1.0,0,7,1,20,7749.094166666668
101274,3,5.0,3,642.0,0.0,0,0,2,1,63.59305555555556
101370,9,6.0,33,159.0,8.0,0,0,14,22,744.26
101542,18,3.0,28,,0.0,10,65,51,27,172724.40583333332
101558,4,4.0,7,987.0,5.0,0,0,0,6,410.2597222222223
101669,7,2.0,20,197.0,11.0,0,6,5,10,2539.8433333333337
101746,12,4.0,27,569.0,4.0,1,20,5,40,485.5516666666667
101769,10,2.0,20,152.0,21.0,0,9,6,30,3720.75
101860,6,2.0,5,1758.0,1.0,0,0,3,12,1345.9105555555557
101868,15,5.0,27,1836.0,3.0,0,14,32,59,3857.021388888889
101942,3,2.0,3,1670.0,2.0,0,0,0,3,1616.921111111111
101954,3,2.0,2,,0.0,0,0,2,1,12368.645
101974,11,2.0,15,762.0,6.0,3,24,1,27,4157.496388888889
102021,4,2.0,6,2280.0,4.0,0,0,0,6,154248.6938888889
102037,3,2.0,3,795.0,9.0,0,0,0,3,15984.356666666668
102043,16,2.0,61,1358.0,24.0,0,0,31,89,1450.9316666666668
102186,6,2.0,17,1670.0,2.0,0,0,2,13,2634.617222222222
102279,2,2.0,1,1671.0,1.0,0,1,0,0,264.1725
102300,3,2.0,3,828.0,2.0,0,0,0,3,6045.043333333334
102330,31,4.0,66,211.0,6.0,15,150,121,179,34714.0
102377,2,2.0,2,1670.0,2.0,0,0,0,1,1563.4663888888888
102407,28,4.0,84,61.0,13.0,10,115,132,121,6255.685
102494,3,2.0,4,203.0,3.0,0,0,0,3,154165.26583333334
102523,5,2.0,12,597.0,7.0,0,0,7,3,1015.848888888889
102534,4,2.0,5,194.0,4.0,0,0,0,6,15893.425555555554
102578,46,2.0,134,1148.0,6.0,231,528,158,118,20817.220833333333
102588,7,2.0,9,1668.0,4.0,0,6,3,12,26.06861111111111
102614,3,2.0,2,1671.0,1.0,0,0,1,2,2726.2958333333336
102629,4,2.0,4,919.0,2.0,0,3,0,3,7350.119166666667
102634,3,2.0,3,919.0,2.0,0,0,0,3,4558.460555555555
102639,4,2.0,4,919.0,2.0,0,0,0,6,4558.205
102650,2,2.0,3,1669.0,3.0,0,0,0,1,21.61916666666667
102652,5,6.0,11,765.0,3.0,0,0,4,6,476.3369444444445
102663,8,2.0,12,405.0,2.0,0,0,12,16,118819.00194444443
102679,12,2.0,22,2280.0,4.0,0,11,21,34,13179.901666666668
102699,26,2.0,44,223.0,4.0,36,153,85,51,90577.2588888889
102727,11,2.0,18,2890.0,8.0,0,0,4,51,4441.678055555556
102740,9,5.0,13,767.0,1.0,0,0,10,26,3553.5136111111105
102756,3,2.0,2,2936.0,3.0,0,0,0,3,175.4
102769,2,4.0,1,1839.0,0.0,0,0,0,1,1194.7752777777778
102774,9,2.0,15,401.0,6.0,0,0,4,32,405.3188888888889
102785,6,2.0,10,1667.0,5.0,0,0,2,13,2702.0308333333337
102882,5,2.0,4,1671.0,1.0,0,0,1,9,2685.645555555556
102956,10,5.0,17,205.0,4.0,0,0,7,38,459.4625
103050,4,2.0,6,264.0,4.0,0,0,0,6,1364.2372222222225
103063,5,2.0,4,1661.0,11.0,0,0,2,8,6877.157499999999
103095,8,3.0,15,211.0,7.0,0,0,6,22,9536.18611111111
103104,3,2.0,5,1668.0,4.0,0,2,1,0,22541.498611111117
103235,9,2.0,25,341.0,24.0,0,0,16,20,42548.11472222222
103284,6,2.0,15,2279.0,5.0,0,0,0,15,3801.6291666666666
103330,4,2.0,10,258.0,5.0,0,0,0,6,74.5475
103342,2,2.0,2,602.0,2.0,0,0,1,0,2141.151666666666
103378,6,2.0,14,479.0,6.0,0,5,4,6,16368.690833333334
103386,9,2.0,10,1661.0,11.0,0,8,9,19,1659.371111111111
103393,5,5.0,6,2888.0,10.0,0,0,0,10,4946.455833333333
103419,2,4.0,2,1670.0,2.0,0,0,0,1,2650.9061111111114
103423,3,2.0,2,1671.0,1.0,0,0,0,3,2627.488888888889
103425,3,2.0,4,1669.0,3.0,0,0,0,3,6845.4575
103431,8,2.0,8,413.0,7.0,0,0,2,26,427.8441666666666
103514,5,4.0,9,567.0,4.0,0,0,0,10,6816.335833333333
103530,8,2.0,8,319.0,1.0,0,7,4,17,8841.436944444446
103598,2,2.0,7,1665.0,7.0,0,0,0,1,1368.165
103638,25,2.0,63,1743.0,16.0,10,100,43,147,32678.2925
103662,4,2.0,6,600.0,4.0,0,0,0,6,1165.1102777777778
103686,7,2.0,7,,0.0,1,10,5,5,179090.94
103726,6,2.0,19,820.0,10.0,0,5,1,9,6723.336944444445
103804,4,2.0,3,1668.0,4.0,0,0,0,6,2370.8086111111115
103831,4,2.0,8,1669.0,3.0,0,0,4,2,10.96361111111111
103848,4,2.0,3,82.0,0.0,0,3,1,2,3272.3125
103898,3,2.0,5,1668.0,4.0,0,2,0,1,6756.477222222222
103903,5,5.0,6,2281.0,3.0,0,0,5,5,190.0977777777778
103912,8,2.0,12,568.0,5.0,0,0,3,25,4758.004166666667
103925,5,2.0,7,524.0,12.0,0,0,0,10,1154.4066666666668
103940,6,2.0,19,,0.0,0,0,1,14,1919.3175
103942,5,2.0,8,0.0,4.0,0,4,0,6,544.713888888889
103978,39,4.0,103,249.0,19.0,78,338,142,183,200918.33916666667
103980,3,2.0,3,1152.0,2.0,0,0,0,3,691.3608333333334
104031,5,2.0,22,1750.0,9.0,0,0,1,9,134.81
104079,9,5.0,14,74.0,8.0,0,0,16,20,49.92472222222223
104114,3,2.0,3,1670.0,2.0,0,0,2,1,1298.746111111111
104118,3,2.0,2,1376.0,6.0,0,0,1,2,46.91555555555556
104127,14,4.0,25,374.0,8.0,0,0,9,82,3582.897499999999
104159,6,2.0,15,5420.0,24.0,0,0,2,13,89123.63277777778
104231,3,2.0,4,920.0,1.0,0,2,0,1,2979.356388888889
104236,10,5.0,29,,0.0,0,9,9,27,3505.093055555555
104298,8,2.0,33,1819.0,20.0,0,0,0,28,8829.866944444446
104318,3,2.0,3,1670.0,2.0,0,0,0,3,13701.166944444443
104332,9,2.0,18,1668.0,4.0,1,14,16,5,20926.52611111111
104337,2,2.0,1,601.0,3.0,0,0,0,1,1.3108333333333322
104371,14,2.0,39,1150.0,4.0,1,24,3,63,9552.863055555556
104383,20,2.0,97,20.0,15.0,1,36,44,109,206093.6838888889
104396,4,2.0,3,1759.0,0.0,1,4,0,1,9338.75888888889
104417,11,2.0,12,672.0,1.0,1,18,15,21,3842.304722222222
104461,4,2.0,3,10.0,3.0,0,0,2,4,368.0602777777778
104477,14,4.0,36,17.0,9.0,0,0,36,55,153888.25888888887
104480,3,2.0,4,5439.0,5.0,0,0,0,3,2285.7944444444443
104511,2,2.0,1,10.0,3.0,0,0,0,1,267.4686111111112
104527,3,2.0,2,10.0,3.0,0,0,1,2,5707.197499999998
104540,3,2.0,4,0.0,2.0,0,2,0,1,18455.211944444443
104651,4,2.0,5,2922.0,17.0,0,0,0,6,583.4075
104663,4,2.0,6,2921.0,18.0,0,0,0,6,1317.3997222222222
104763,2,2.0,4,2933.0,6.0,0,0,0,1,51177.01722222222
104859,6,1.0,11,2892.0,6.0,0,0,1,14,3124.3105555555558
104866,6,4.0,8,1835.0,4.0,0,5,2,8,558.2941666666667
104934,14,2.0,57,122.0,31.0,0,0,36,55,9626.3425
104940,4,2.0,4,1833.0,6.0,0,0,0,6,7221.799722222222
104973,9,2.0,10,210.0,2.0,0,0,20,16,173779.87111111113
104977,3,2.0,6,1149.0,5.0,0,0,0,3,549.7155555555556
104993,6,5.0,9,122.0,1.0,0,0,0,15,153810.37305555557
105061,12,5.0,21,680.0,4.0,0,11,18,37,1568.2616666666668
105072,4,2.0,3,1139.0,6.0,0,0,0,6,7203.455
105075,5,5.0,8,1837.0,2.0,0,0,0,10,483.8008333333335
105208,5,2.0,5,993.0,7.0,0,0,4,6,13324.612222222222
105224,5,2.0,5,1153.0,1.0,0,0,0,10,1980.8575
105274,22,2.0,43,202.0,6.0,91,112,2,26,8854.49388888889
105289,6,4.0,12,126.0,5.0,0,0,5,10,11289.688333333334
105292,36,2.0,161,0.0,14.0,6,128,195,301,34579.62611111111
105330,6,2.0,14,94.0,3.0,0,5,7,3,12289.227777777778
105334,14,2.0,38,756.0,12.0,3,33,22,33,4310.347777777778
105343,3,2.0,4,1669.0,3.0,0,0,2,1,1127.1
105417,9,4.0,29,2879.0,19.0,0,8,1,27,4013.078055555556
105444,5,2.0,10,1755.0,4.0,0,0,1,9,5071.826944444445
105445,6,2.0,15,642.0,18.0,0,0,3,12,5049.210555555554
105462,6,2.0,7,988.0,4.0,0,0,2,13,100.46305555555556
105604,2,2.0,1,1671.0,1.0,0,0,0,1,1097.8136111111112
105640,6,2.0,7,113.0,6.0,0,0,1,14,525.1138888888888
105691,4,2.0,6,482.0,3.0,0,0,0,6,1130.5725
105742,10,4.0,13,532.0,4.0,0,9,4,32,153719.37722222222
105797,7,2.0,22,5431.0,13.0,0,6,0,15,123207.01638888888
105815,2,2.0,1,919.0,2.0,0,0,0,1,10168.0225
105881,5,2.0,5,1670.0,2.0,0,0,2,8,1049.489722222222
105882,2,2.0,3,1669.0,3.0,0,0,0,1,1049.3666666666668
105894,20,3.0,50,444.0,13.0,3,51,36,100,69391.93222222221
105904,3,2.0,7,598.0,6.0,0,0,0,3,111.59472222222225
105935,7,5.0,21,168.0,5.0,0,6,1,14,606.7599999999999
105952,7,4.0,7,672.0,1.0,0,6,4,11,9168.9325
105971,5,5.0,10,597.0,7.0,0,0,6,4,619.1922222222222
106022,23,6.0,44,489.0,12.0,10,90,40,113,678.1044444444444
106028,25,3.0,73,146.0,7.0,3,66,86,145,206317.24194444445
106069,6,2.0,11,1793.0,7.0,0,0,1,14,10755.9775
106070,5,6.0,21,2889.0,9.0,0,4,1,5,676.6897222222224
106082,5,2.0,8,205.0,4.0,0,0,0,10,3293.382777777778
106108,3,2.0,2,2935.0,4.0,0,0,0,3,196.99666666666667
106114,5,3.0,7,827.0,3.0,0,0,3,7,7440.515277777777
106123,13,2.0,21,1141.0,13.0,0,12,6,60,5615.965555555556
106172,5,2.0,4,15.0,2.0,0,0,1,9,2036.8202777777776
106253,16,2.0,48,399.0,8.0,1,28,5,86,7036.807777777777
106327,30,1.0,87,200.0,23.0,6,104,152,173,143087.91416666663
106349,2,2.0,2,1670.0,2.0,0,0,0,1,986.3566666666668
106411,20,2.0,54,1826.0,13.0,1,36,57,96,5558.679444444444
106435,6,2.0,18,1833.0,6.0,0,0,1,14,1096.5869444444447
106443,8,2.0,12,1402.0,4.0,1,12,1,14,10074.415833333333
106532,3,5.0,2,1758.0,1.0,0,0,0,3,33.391111111111115
106542,11,2.0,13,1671.0,1.0,0,10,27,18,20302.223611111112
106554,6,4.0,15,985.0,7.0,0,0,1,14,9021.751944444444
106565,4,2.0,4,5436.0,8.0,0,0,0,6,9043.319166666668
106684,5,2.0,4,921.0,0.0,0,4,4,2,1943.3891666666668
106710,4,4.0,5,2277.0,7.0,0,0,0,6,153581.50722222222
106782,6,3.0,7,652.0,0.0,0,0,3,12,55.20861111111111
106806,11,4.0,31,86.0,11.0,1,18,18,18,6981.573055555555
106876,9,4.0,22,1142.0,3.0,0,0,7,29,25301.98722222222
106988,9,2.0,31,269.0,14.0,1,14,13,8,19418.730277777777
107021,6,2.0,6,,0.0,0,0,5,10,116924.84416666668
107133,5,2.0,15,188.0,10.0,0,0,4,6,15270.118333333334
107148,4,2.0,5,41.0,4.0,0,0,0,6,10696.00888888889
107219,3,5.0,3,363.0,2.0,0,0,0,3,2138.829444444445
107245,6,2.0,7,1064.0,2.0,0,0,0,15,27569.218055555557
107264,19,4.0,46,126.0,3.0,6,60,47,58,143027.61055555556
107300,8,2.0,12,1670.0,2.0,3,15,4,6,33949.83833333333
107315,4,2.0,8,1667.0,5.0,0,0,1,5,42579.955
107355,9,2.0,11,826.0,4.0,0,0,7,29,5310.726944444445
107484,8,2.0,24,140.0,9.0,1,12,3,12,153666.38777777777
107485,7,2.0,8,1464.0,2.0,0,0,4,17,31312.62305555556
107552,11,2.0,31,815.0,15.0,0,0,14,41,106922.26555555555
107575,10,2.0,26,1343.0,39.0,0,0,4,41,3416.4622222222224
107578,3,5.0,4,650.0,2.0,0,0,0,3,2665.6694444444443
107627,12,6.0,28,1755.0,4.0,0,0,15,51,176.92027777777776
107682,2,2.0,2,84.0,0.0,0,1,0,0,603.6430555555555
107836,2,2.0,2,919.0,2.0,0,0,0,1,582.7886111111111
107858,4,2.0,3,2280.0,4.0,0,0,1,5,171.32833333333332
107911,10,1.0,16,217.0,1.0,1,16,17,11,31279.719166666662
107949,24,2.0,50,551.0,5.0,0,23,63,190,21726.325000000004
108061,3,3.0,3,1670.0,2.0,0,0,1,2,771.1925
108087,7,2.0,6,1672.0,0.0,1,10,2,8,25171.660555555554
108120,8,2.0,10,,0.0,0,7,12,9,145919.18111111113
108134,7,2.0,25,1.0,6.0,3,12,0,6,14872.161944444444
108153,7,2.0,9,736.0,16.0,0,0,10,11,203948.2138888889
108174,7,6.0,10,670.0,3.0,0,0,3,18,1085.0938888888888
108223,3,2.0,2,339.0,1.0,0,0,0,3,6792.804722222221
108246,12,2.0,43,1823.0,16.0,1,20,13,32,6790.544722222223
108268,5,2.0,6,989.0,3.0,0,0,0,10,458.38416666666666
108293,6,4.0,6,50.0,2.0,0,0,1,14,176836.15472222224
108302,2,2.0,1,917.0,4.0,0,0,0,1,9843.746944444443
108310,5,2.0,23,44.0,10.0,0,0,3,7,34255.37611111111
108347,14,5.0,37,759.0,9.0,0,13,29,49,1834.6238888888888
108363,11,2.0,21,,0.0,3,24,15,13,2738.024722222222
108533,6,2.0,6,1671.0,1.0,0,0,9,6,18941.019722222223
108629,5,2.0,8,2275.0,9.0,0,0,1,9,153305.255
108640,4,2.0,5,1379.0,3.0,0,0,0,6,435.58055555555546
108655,4,2.0,5,1669.0,3.0,0,0,4,2,925.7858333333334
108657,4,3.0,5,652.0,0.0,1,4,0,1,773.1972222222221
108722,4,4.0,7,738.0,4.0,0,0,0,6,532.5294444444444
108726,5,5.0,8,785.0,2.0,0,0,1,9,3001.2475000000004
108734,3,5.0,4,451.0,1.0,0,0,0,3,9.28472222222222
108736,4,1.0,3,1402.0,4.0,0,0,0,6,15023.64361111111
108757,3,2.0,2,118.0,5.0,0,0,0,3,177.50333333333333
108759,1,2.0,0,652.0,0.0,0,0,0,0,0.0436111111111104
108787,12,4.0,24,1145.0,9.0,1,20,7,38,1482.1025
108816,26,2.0,52,320.0,8.0,6,88,65,166,150590.22722222222
108835,8,2.0,18,738.0,4.0,0,0,6,22,806.723888888889
108882,4,3.0,3,,0.0,0,0,0,6,58009.452222222215
108957,8,4.0,19,2891.0,7.0,0,0,12,16,812.1366666666668
108962,5,2.0,11,1366.0,16.0,0,0,0,10,1872.8672222222224
108966,6,5.0,27,2882.0,16.0,0,0,0,15,1626.710277777778
108973,72,2.0,173,596.0,8.0,300,1175,550,531,29106.855833333328
108988,11,2.0,28,1374.0,8.0,0,0,19,36,6546.148055555555
108998,4,2.0,3,478.0,1.0,0,0,0,6,668.3977777777777
108999,4,2.0,7,987.0,5.0,0,0,0,6,526.7122222222224
109039,9,4.0,20,2891.0,7.0,0,8,1,27,2044.8122222222223
109041,6,2.0,7,1837.0,2.0,0,0,0,15,1612.5175000000002
109122,8,5.0,11,205.0,3.0,0,0,7,21,1489.4483333333333
109153,4,2.0,3,2281.0,3.0,0,0,0,6,153239.33194444445
109164,4,2.0,4,2279.0,5.0,0,0,0,6,153238.50666666668
109172,4,2.0,9,2932.0,7.0,0,0,0,6,9703.803611111109
109187,7,2.0,6,2280.0,4.0,0,0,5,16,153237.0547222222
109213,4,2.0,3,2281.0,3.0,0,0,0,6,153235.23277777777
109217,8,2.0,26,202.0,4.0,0,0,9,19,153235.01888888888
109221,4,2.0,3,2278.0,6.0,0,0,0,6,153234.82138888887
109223,4,2.0,7,201.0,5.0,0,0,0,6,153234.74666666667
109227,4,2.0,5,203.0,3.0,0,0,0,6,153234.60444444444
109374,3,2.0,2,920.0,1.0,0,0,0,3,9683.38777777778
109457,2,2.0,2,1670.0,2.0,0,0,0,1,618.5875
109485,9,2.0,19,260.0,8.0,1,14,1,20,2173.188055555556
109520,8,2.0,13,5437.0,7.0,0,7,0,21,99.82111111111112
109560,6,2.0,6,919.0,2.0,0,5,4,6,1998.3
109566,9,4.0,11,638.0,4.0,0,8,2,26,153189.14333333334
109600,5,4.0,13,823.0,7.0,0,0,5,5,2369.580833333334
109652,9,2.0,53,1637.0,35.0,0,0,3,33,4102.834166666667
109694,4,2.0,6,1668.0,4.0,1,4,0,1,568.2183333333332
109739,28,2.0,105,752.0,16.0,0,27,84,267,13776.815555555557
109772,9,2.0,44,2369.0,23.0,0,0,15,21,19416.774722222224
109790,8,2.0,23,277.0,9.0,0,7,8,13,28874.662777777776
109814,3,2.0,2,1672.0,0.0,0,2,0,1,18763.54111111111
109824,10,1.0,19,449.0,7.0,0,0,9,36,4696.827499999999
109831,4,6.0,4,571.0,2.0,0,0,0,6,1.8766666666666656
109851,6,4.0,8,2275.0,9.0,0,0,0,15,153131.55138888888
109921,5,2.0,6,681.0,3.0,0,0,0,10,153122.68083333335
109973,2,2.0,1,1836.0,3.0,0,0,0,1,6524.745
109977,4,2.0,3,2280.0,4.0,0,0,0,6,153117.98861111113
109993,8,3.0,11,1063.0,3.0,0,0,9,19,43957.74305555556
110006,4,3.0,4,1670.0,2.0,0,3,1,2,18118.529166666667
110031,5,4.0,4,1838.0,1.0,0,0,0,10,6514.547222222223
110094,9,2.0,17,1833.0,6.0,0,8,2,26,1502.6202777777778
110135,9,2.0,20,968.0,24.0,0,0,4,32,3175.254722222222
110161,19,2.0,84,241.0,42.0,6,60,72,33,171793.4047222222
110179,4,2.0,3,403.0,4.0,0,0,0,6,7948.808333333332
110190,9,6.0,23,2889.0,9.0,0,0,13,23,2349.934166666667
110241,10,2.0,34,815.0,15.0,1,16,9,19,4913.219444444444
110290,15,6.0,22,1380.0,2.0,0,0,49,56,342.5561111111111
110308,2,2.0,3,1379.0,3.0,0,0,0,1,768.3083333333333
110312,4,2.0,11,1665.0,7.0,0,0,3,3,4202.733055555556
110335,4,4.0,4,604.0,0.0,0,0,2,4,30249.591944444444
110387,5,5.0,13,1663.0,9.0,0,0,5,5,2350.222777777778
110398,3,2.0,3,1670.0,2.0,0,0,0,3,2681.187777777777
110403,2,2.0,1,1671.0,1.0,0,0,0,1,1604.2333333333331
110613,16,4.0,33,663.0,10.0,0,0,51,69,2404.650277777778
110620,5,5.0,7,2282.0,2.0,0,0,4,6,263.6091666666667
110650,24,5.0,53,,0.0,1,44,100,131,63403.861388888894
110689,12,2.0,41,1204.0,4.0,0,0,18,48,148189.4922222222
110718,25,2.0,80,2268.0,16.0,15,114,70,101,25307.27861111111
110726,10,2.0,56,346.0,28.0,0,9,7,29,5801.456944444445
110760,8,2.0,21,817.0,13.0,0,0,2,26,2236.8883333333333
110781,4,2.0,4,2893.0,5.0,0,0,0,6,6387.376944444444
110800,11,4.0,27,664.0,9.0,0,0,6,49,6266.414444444445
110851,5,2.0,10,732.0,10.0,0,0,0,10,7794.060277777777
110880,8,4.0,13,,0.0,0,7,6,15,28939.51861111111
110890,6,4.0,10,1835.0,4.0,0,0,2,13,6379.836388888889
110894,47,2.0,163,0.0,34.0,406,522,110,43,165202.09083333332
110916,8,2.0,15,2893.0,5.0,0,0,4,24,1334.8
111081,6,4.0,5,1758.0,1.0,0,0,0,15,8393.076111111111
111117,5,3.0,10,825.0,5.0,0,4,0,6,6079.818888888889
111152,21,2.0,61,6.0,15.0,36,108,49,17,19428.577222222222
111207,13,2.0,26,645.0,4.0,0,12,20,46,114480.39944444444
111213,6,6.0,8,1755.0,4.0,0,0,2,13,137.47333333333333
111284,4,2.0,4,2282.0,2.0,0,0,0,6,152928.94305555557
111335,14,5.0,17,683.0,1.0,0,13,31,47,13141.406944444449
111352,8,2.0,26,1011.0,10.0,0,0,15,13,67843.23222222221
111383,6,5.0,8,1835.0,4.0,0,5,2,8,455.5022222222222
111429,5,2.0,5,1839.0,0.0,3,6,0,1,1158.8830555555555
111475,9,2.0,15,1061.0,5.0,1,14,13,8,135519.90166666667
111524,3,2.0,9,384.0,7.0,0,2,0,1,2040.9619444444445
111546,1,2.0,0,1669.0,3.0,0,0,0,0,258.6480555555556
111565,2,2.0,1,1669.0,3.0,0,0,0,1,255.2133333333333
111576,16,4.0,82,187.0,31.0,0,15,24,81,3825.352777777778
111627,4,2.0,3,989.0,3.0,0,0,0,6,7703.194166666666
111688,6,2.0,8,207.0,1.0,0,0,3,12,8996.182222222222
111730,3,5.0,3,1186.0,2.0,0,0,2,1,67705.60388888889
111757,2,2.0,2,1185.0,3.0,0,0,0,1,385.31138888888887
111809,5,2.0,9,177.0,2.0,0,0,4,6,67476.39444444445
111831,3,5.0,5,1184.0,4.0,0,0,1,2,1899.0280555555555
111930,5,2.0,5,1839.0,0.0,0,4,1,5,11080.662777777778
111963,6,2.0,10,668.0,5.0,0,0,3,12,1061.911388888889
111987,9,5.0,29,1174.0,14.0,3,18,6,9,15936.619722222224
112049,3,4.0,8,1181.0,7.0,0,0,0,3,3003.7061111111107
112058,4,2.0,3,1376.0,6.0,0,0,0,6,49.52027777777779
112073,5,5.0,5,652.0,0.0,0,4,0,6,1201.3113888888888
112089,10,2.0,12,4.0,3.0,0,0,31,14,18980.27416666667
112105,7,2.0,47,1020.0,24.0,0,0,1,20,5588.894166666665
112209,5,2.0,10,1364.0,18.0,0,0,0,10,1397.4913888888889
112250,11,4.0,22,820.0,10.0,0,10,14,31,8090.311944444445
112255,12,2.0,22,,0.0,0,11,4,51,10296.044444444444
112308,19,4.0,70,912.0,9.0,0,18,16,137,6500.0175
112349,4,2.0,8,652.0,0.0,0,3,3,0,999.486388888889
112367,9,2.0,12,919.0,2.0,0,8,11,17,54444.07222222223
112435,6,3.0,11,1669.0,3.0,0,0,4,11,19001.511666666665
112467,5,2.0,6,767.0,1.0,0,0,1,9,6167.705277777777
112483,9,2.0,29,2929.0,10.0,0,0,9,27,132.06027777777777
112494,3,2.0,4,2284.0,0.0,0,0,0,3,34.02555555555556
112496,6,2.0,10,2934.0,5.0,0,0,1,14,242.2186111111111
112508,13,2.0,23,1833.0,6.0,0,12,20,46,604.2966666666666
112541,6,2.0,8,2936.0,3.0,0,0,0,15,21454.87805555556
112550,10,2.0,13,151.0,2.0,3,21,12,9,167682.07638888888
112579,5,2.0,7,764.0,4.0,0,0,4,6,6152.658888888889
112606,5,2.0,10,1668.0,4.0,0,0,7,3,155.535
112713,11,2.0,18,1135.0,19.0,0,0,15,40,185591.9486111111
112720,3,2.0,2,1182.0,6.0,0,0,0,3,67529.23666666666
112731,4,2.0,3,202.0,4.0,0,0,0,6,152732.82722222223
112732,16,2.0,30,138.0,13.0,0,0,31,89,9218.263333333332
112911,8,2.0,18,100.0,5.0,0,0,15,13,840.1808333333333
112920,3,2.0,3,1671.0,1.0,0,0,0,3,1543.6652777777776
112955,1,2.0,0,1185.0,3.0,0,0,0,0,1.078333333333332
112973,9,4.0,44,152.0,19.0,1,14,0,21,115563.81444444443
112978,9,6.0,28,2271.0,13.0,0,0,5,31,152709.3325
113008,3,2.0,2,1757.0,2.0,0,0,0,3,3.0438888888888886
113010,3,2.0,5,1755.0,4.0,0,0,0,3,117.9161111111111
113016,4,2.0,4,418.0,2.0,0,0,0,6,83.64083333333333
113025,3,2.0,2,921.0,0.0,0,0,3,0,9580.628888888888
113101,2,2.0,1,1671.0,1.0,0,0,1,0,309.5055555555556
113112,5,2.0,9,673.0,0.0,0,0,0,10,12982.096388888887
113121,8,5.0,11,925.0,4.0,0,0,8,20,109.1825
113128,8,2.0,10,18.0,3.0,0,7,4,17,3265.271111111111
113181,3,4.0,2,208.0,0.0,0,2,0,1,908.6391666666666
113188,3,2.0,2,2933.0,6.0,0,0,0,3,141.10666666666663
113227,12,2.0,18,1669.0,3.0,1,20,20,25,8011.144722222223
113228,6,2.0,7,592.0,12.0,0,0,0,15,1044.645
113229,2,2.0,1,602.0,2.0,0,0,0,1,23073.757222222222
113243,2,2.0,3,973.0,3.0,0,0,0,1,23159.553611111107
113261,6,2.0,6,1671.0,1.0,0,0,6,9,2668.738333333333
113264,5,2.0,21,1830.0,9.0,0,0,1,9,172.51055555555556
113282,2,2.0,2,452.0,0.0,0,1,0,0,27.06861111111112
113287,5,2.0,8,1039.0,5.0,0,0,1,9,9108.9125
113321,4,2.0,4,82.0,0.0,0,3,0,3,31.7775
113354,6,2.0,15,1036.0,8.0,0,0,0,15,9103.00777777778
113357,2,3.0,1,1671.0,1.0,0,0,1,0,0.7599999999999985
113367,5,2.0,5,2282.0,2.0,0,0,0,10,152636.30055555556
113391,3,2.0,6,1668.0,4.0,0,0,2,1,43.67694444444443
113464,13,2.0,53,,0.0,0,12,11,55,3506.7572222222225
113562,7,2.0,12,120.0,3.0,0,0,0,21,139.18361111111113
113564,4,2.0,3,5439.0,5.0,0,0,0,6,931.9386111111112
113578,3,2.0,2,1671.0,1.0,0,0,1,2,230.1383333333333
113580,16,2.0,35,23.0,4.0,1,28,54,37,94909.96805555555
113591,19,2.0,43,988.0,4.0,1,34,41,95,24219.02972222222
113614,9,2.0,19,1672.0,0.0,0,0,18,18,26542.278611111116
113663,4,2.0,5,166.0,5.0,0,0,0,6,49.3375
113683,3,2.0,6,1667.0,5.0,0,0,0,3,998.6527777777776
113733,6,2.0,19,599.0,5.0,0,0,2,13,13998.170833333334
113838,4,5.0,3,191.0,7.0,0,0,0,6,14308.234444444442
113856,6,5.0,12,1755.0,4.0,0,5,4,6,1374.3644444444444
113921,3,2.0,2,1671.0,1.0,0,0,1,2,125.30944444444444
114063,7,2.0,22,126.0,12.0,0,6,0,15,4372.309444444445
114104,3,2.0,5,1670.0,2.0,0,0,1,2,13466.16138888889
114106,8,2.0,15,667.0,6.0,0,0,7,21,1956.6494444444447
114109,4,2.0,3,2279.0,5.0,0,0,0,6,152542.71694444446
114118,9,2.0,15,825.0,5.0,0,0,6,30,6671.111944444445
114127,5,2.0,4,,0.0,0,0,0,10,67569.60777777777
114129,3,2.0,2,785.0,0.0,0,0,0,3,9006.394999999999
114142,12,2.0,31,319.0,9.0,0,11,19,36,2659.0925
114155,2,2.0,1,,0.0,0,0,0,1,111621.78722222222
114156,4,2.0,3,,0.0,0,3,2,1,134388.08388888888
114158,2,2.0,1,,0.0,0,0,0,1,112811.54722222225
114274,3,2.0,2,1754.0,5.0,0,0,0,3,27.41638888888889
114322,5,2.0,6,285.0,1.0,0,0,4,6,32952.46222222222
114356,6,2.0,6,671.0,2.0,0,0,5,10,1875.165555555556
114365,15,2.0,112,0.0,39.0,21,56,15,13,108752.71444444444
114366,8,2.0,13,649.0,3.0,0,0,1,27,3257.6994444444445
114427,9,2.0,14,987.0,5.0,0,0,6,30,750.7263888888889
114438,3,2.0,2,2936.0,3.0,0,0,0,3,75.82694444444444
114450,4,2.0,10,1372.0,10.0,0,0,0,6,1083.7558333333334
114480,4,2.0,3,1153.0,1.0,0,0,0,6,2231.534166666667
114541,5,2.0,6,89.0,3.0,0,4,5,1,171591.36000000002
114627,7,2.0,19,763.0,5.0,0,0,0,21,5860.169166666667
114687,4,4.0,3,2281.0,3.0,0,0,0,6,152450.45805555556
114716,6,6.0,11,2892.0,6.0,0,0,0,15,20.578888888888887
114742,5,2.0,8,282.0,4.0,0,0,1,9,35399.85333333333
114744,7,2.0,8,1670.0,2.0,0,6,3,12,18430.44
114782,5,2.0,8,552.0,4.0,0,0,0,10,5742.18888888889
114808,5,6.0,7,,0.0,0,4,1,5,34.14361111111111
114827,17,5.0,22,208.0,0.0,0,0,42,94,3014.9944444444445
114882,5,4.0,11,1398.0,8.0,0,0,0,10,14164.841111111107
114921,7,5.0,22,1827.0,12.0,0,0,2,19,788.2375
114927,3,5.0,2,1839.0,0.0,0,2,0,1,1847.8752777777777
114930,21,4.0,34,1152.0,2.0,0,20,84,106,2621.703055555556
114973,4,2.0,5,,0.0,0,0,0,6,26.341944444444444
115005,2,2.0,1,43.0,2.0,0,0,0,1,39.99722222222222
115030,2,2.0,2,1672.0,0.0,0,0,1,0,18746.60916666667
115065,3,3.0,6,566.0,5.0,0,0,0,3,145.29833333333335
115119,7,5.0,11,,0.0,0,0,1,20,764.1175000000001
115150,6,2.0,7,1463.0,3.0,0,0,5,10,81778.05277777778
115153,4,2.0,6,2936.0,3.0,0,0,0,6,10871.583888888888
115176,57,4.0,154,324.0,4.0,105,630,451,410,156075.91777777777
115186,5,2.0,5,1671.0,1.0,0,4,2,4,24157.728333333333
115199,53,2.0,145,4.0,22.0,136,612,311,319,98618.42527777776
115214,3,2.0,7,27.0,3.0,0,0,1,2,14702.903333333334
115253,9,4.0,32,5430.0,14.0,3,18,5,10,178983.58055555556
115274,3,3.0,4,1671.0,1.0,0,0,2,1,5.836111111111111
115289,7,2.0,13,5435.0,9.0,0,0,2,19,1274.2847222222222
115295,1,2.0,0,1668.0,4.0,0,0,0,0,3509.2555555555555
115305,3,3.0,7,1670.0,2.0,0,0,0,3,1444.6255555555556
115308,14,5.0,71,748.0,20.0,1,24,5,61,5785.470833333333
115330,5,2.0,6,2281.0,3.0,0,0,0,10,152376.83527777778
115334,10,2.0,30,262.0,3.0,0,0,23,22,64949.45222222223
115337,10,2.0,17,,0.0,0,9,0,36,740.503611111111
115342,7,2.0,17,188.0,10.0,0,0,1,20,14112.78361111111
115349,14,2.0,23,1039.0,5.0,10,45,14,22,27524.63777777778
115429,10,2.0,23,,0.0,0,9,16,20,154843.75166666668
115461,4,1.0,3,,0.0,0,0,0,6,1723.3794444444443
115519,10,2.0,25,363.0,11.0,0,0,18,27,29573.867500000008
115561,4,5.0,4,451.0,1.0,0,3,1,2,7719.100277777778
115636,6,2.0,7,920.0,1.0,0,0,2,13,1035.765
115638,3,2.0,7,1182.0,6.0,0,0,2,1,1708.3419444444444
115642,7,2.0,21,821.0,9.0,0,0,1,20,67090.09527777779
115658,10,2.0,11,17.0,2.0,0,9,4,32,159845.73194444444
115659,5,2.0,5,204.0,2.0,0,0,0,10,152305.41444444444
115680,4,2.0,4,1672.0,0.0,0,0,3,3,17927.931666666664
115695,2,2.0,1,1668.0,4.0,0,0,0,1,601.6772222222222
115724,4,2.0,5,1835.0,4.0,0,0,0,6,5707.646111111111
115880,5,2.0,6,2281.0,3.0,0,0,0,10,152281.5636111111
115891,14,5.0,66,746.0,22.0,0,13,4,74,2423.5750000000003
115926,6,2.0,15,1397.0,9.0,0,0,2,13,1922.0897222222225
116013,7,2.0,9,1670.0,2.0,0,0,8,13,14574.0775
116020,4,2.0,7,1.0,4.0,0,0,4,2,57742.80833333333
116040,3,3.0,2,1671.0,1.0,0,0,2,1,16774.292222222222
116083,46,2.0,80,399.0,8.0,300,525,133,77,144549.89527777777
116093,7,5.0,8,1827.0,12.0,0,0,1,20,619.3241666666667
116097,2,2.0,1,1671.0,1.0,0,0,0,1,12048.155
116098,3,2.0,3,1670.0,2.0,0,0,0,3,3188.859166666666
116099,2,2.0,2,1670.0,2.0,0,0,0,1,5048.853611111111
116102,2,2.0,2,1670.0,2.0,0,0,0,1,5048.767777777777
116108,6,5.0,11,1831.0,8.0,0,0,0,15,618.6894444444445
116170,9,5.0,61,70.0,29.0,0,0,1,35,4073.636111111111
116210,27,2.0,97,164.0,7.0,3,72,69,207,2504.6947222222225
116286,2,2.0,2,1670.0,2.0,0,0,0,1,5027.216944444445
116357,8,4.0,25,1826.0,13.0,0,0,3,25,2533.248611111111
116365,9,2.0,13,1784.0,16.0,0,0,4,32,2510.248611111112
116392,5,4.0,22,1836.0,3.0,0,0,1,9,1803.167222222222
116418,10,4.0,19,2936.0,3.0,0,0,0,45,822.8066666666667
116427,4,2.0,3,60.0,7.0,0,0,2,4,5616.326111111112
116541,3,2.0,4,1672.0,0.0,0,2,1,0,17815.94777777778
116542,5,2.0,6,673.0,0.0,0,4,2,4,5530.3163888888885
116544,3,2.0,3,1671.0,1.0,0,0,2,1,948.7263888888888
116551,6,2.0,13,1750.0,9.0,0,0,0,15,294.55333333333334
116562,27,2.0,66,53.0,6.0,55,176,44,76,3103.218333333333
116588,5,2.0,4,1672.0,0.0,1,6,0,3,9506.809444444443
116606,2,2.0,1,1672.0,0.0,0,0,0,1,2536.1502777777782
116653,16,2.0,26,455.0,6.0,3,39,21,57,11342.418611111112
116692,59,2.0,217,,0.0,595,840,200,76,123720.89833333332
116803,4,2.0,5,1672.0,0.0,0,3,0,3,17758.3675
116829,4,4.0,7,671.0,2.0,0,0,0,6,9947.541666666666
116924,9,2.0,15,767.0,1.0,0,0,6,30,2982.381111111111
116957,2,2.0,1,600.0,4.0,0,0,0,1,0.3186111111111096
117061,25,4.0,86,311.0,9.0,3,66,84,147,12770.095
117153,8,5.0,18,2928.0,11.0,0,0,1,27,469.5622222222222
117160,5,2.0,9,991.0,9.0,0,0,4,6,324.8261111111111
117224,3,4.0,3,1839.0,0.0,0,2,0,1,2494.214722222222
117233,13,,29,1.0,3.0,1,22,33,22,161512.44583333336
117285,2,3.0,2,1670.0,2.0,0,0,0,1,7.077222222222221
117292,2,2.0,2,1670.0,2.0,0,0,0,1,791.5022222222221
117363,15,5.0,53,1775.0,25.0,3,36,14,52,2449.8847222222225
117388,4,2.0,3,1758.0,1.0,0,0,0,6,7458.389444444445
117566,6,2.0,8,1830.0,9.0,0,0,3,12,330.7375
117625,3,4.0,6,1183.0,5.0,0,0,0,3,1004.2727777777776
117683,3,2.0,3,95.0,2.0,0,0,2,1,20722.299722222226
117754,7,2.0,13,330.0,1.0,0,0,4,17,27715.549166666668
117848,6,2.0,5,1671.0,1.0,0,0,6,9,14228.56027777778
117851,2,2.0,2,1064.0,2.0,0,0,0,1,25977.777777777777
117907,4,2.0,4,1670.0,2.0,0,3,0,3,222.54277777777776
118003,9,2.0,31,410.0,10.0,0,0,4,32,2784.2988888888885
118014,30,5.0,151,652.0,0.0,1,56,136,242,3699.272777777777
118018,5,2.0,15,2273.0,11.0,0,0,2,8,151893.64777777778
118023,4,2.0,7,100.0,5.0,0,0,2,4,6713.166666666666
118025,9,2.0,20,211.0,6.0,0,8,3,25,61323.00749999999
118050,14,3.0,20,18.0,2.0,6,40,18,27,181560.095
118117,8,5.0,18,2388.0,4.0,0,0,6,22,20653.665833333333
118212,5,2.0,11,375.0,7.0,0,0,2,8,13610.294166666668
118238,6,2.0,6,,0.0,0,5,4,6,15697.798611111111
118308,3,2.0,4,185.0,3.0,0,0,0,3,56667.31138888888
118501,7,2.0,17,2928.0,11.0,0,0,7,14,155290.84805555557
118503,4,5.0,3,652.0,0.0,0,0,0,6,7650.84611111111
118572,3,2.0,3,919.0,2.0,0,2,0,1,992.9566666666668
118629,5,2.0,10,45.0,6.0,0,0,5,5,36234.79638888889
118639,6,2.0,8,88.0,11.0,0,0,0,15,3628.5233333333335
118644,4,2.0,5,918.0,3.0,0,0,0,6,1561.4605555555554
118649,4,2.0,6,414.0,6.0,0,0,0,6,5206.160277777777
118656,4,2.0,3,1837.0,2.0,0,0,0,6,11319.225555555557
118673,1,2.0,0,652.0,0.0,0,0,0,0,510.6686111111111
118680,4,2.0,8,193.0,5.0,0,0,0,6,13530.613333333336
118685,14,5.0,53,628.0,21.0,1,24,20,46,18284.654166666667
118721,7,2.0,25,,0.0,0,0,5,16,1843.7741666666664
118759,4,2.0,3,2281.0,3.0,0,0,0,6,151780.47805555555
118761,4,2.0,3,2281.0,3.0,0,0,0,6,151780.3558333333
118784,5,2.0,10,1670.0,2.0,0,0,4,6,353.7830555555556
118789,9,5.0,28,,0.0,0,0,2,34,390.0580555555556
118801,5,2.0,10,1834.0,5.0,0,0,0,10,142.0186111111111
118828,5,2.0,6,137.0,1.0,0,0,3,7,88079.4213888889
118852,4,2.0,3,475.0,4.0,0,0,0,6,70.14222222222222
118858,5,2.0,5,2282.0,2.0,0,0,0,10,151774.77055555556
118865,6,2.0,23,1393.0,13.0,0,0,0,15,13511.001111111107
118877,9,4.0,29,,0.0,1,14,1,20,6692.06388888889
118899,11,2.0,30,70.0,14.0,1,18,19,17,14196.62527777778
118923,3,2.0,4,1670.0,2.0,0,0,1,2,364.6113888888889
118933,37,4.0,129,,0.0,6,132,161,367,173401.65333333332
119034,26,2.0,65,24.0,8.0,6,88,54,177,32812.46555555556
119045,24,2.0,48,,0.0,6,80,54,136,19367.953055555558
119061,12,2.0,36,87.0,14.0,0,11,26,29,199640.9955555556
119063,6,2.0,6,1832.0,7.0,0,0,0,15,5157.461944444445
119071,6,2.0,35,117.0,21.0,0,5,0,10,382.7011111111111
119091,4,2.0,6,43.0,8.0,0,0,4,2,7099.49388888889
119094,9,4.0,31,5431.0,13.0,0,8,2,26,5153.423055555554
119109,14,6.0,28,601.0,3.0,0,13,34,44,38.67583333333333
119165,8,3.0,12,422.0,3.0,0,7,5,16,186641.22833333333
119167,3,2.0,4,1758.0,1.0,0,2,0,1,5844.464166666667
119194,4,2.0,3,,0.0,0,3,2,1,110818.95222222224
119199,12,2.0,16,0.0,5.0,10,35,3,18,169507.5413888889
119251,4,2.0,4,2280.0,4.0,0,0,0,6,151730.8261111111
119252,4,2.0,4,2280.0,4.0,0,0,0,6,151730.7813888889
119294,4,2.0,3,1671.0,1.0,0,0,1,5,487.06944444444446
119312,5,2.0,5,2280.0,4.0,0,0,0,10,151728.52388888889
119326,4,2.0,7,89.0,8.0,0,0,3,3,3820.2077777777777
119346,5,2.0,5,168.0,5.0,0,0,2,8,13462.879166666666
119384,9,2.0,17,421.0,4.0,0,0,14,22,172722.91361111111
119441,8,2.0,31,12.0,14.0,0,7,5,16,1717.0788888888887
119494,19,5.0,64,751.0,17.0,6,60,12,93,5115.5575
119621,11,6.0,40,1820.0,19.0,0,0,11,44,2584.5411111111107
119625,9,4.0,17,1797.0,3.0,0,0,0,36,444.75111111111113
119631,4,4.0,6,160.0,13.0,0,0,0,6,1221.5258333333331
119659,8,5.0,18,68.0,6.0,0,7,12,9,178455.92111111112
119696,20,2.0,53,669.0,4.0,0,19,26,145,7462.710555555555
119746,9,2.0,22,1663.0,9.0,1,14,11,10,11895.379166666666
119796,13,2.0,24,2.0,4.0,0,0,38,40,10489.581388888888
119827,3,2.0,6,1667.0,5.0,0,0,0,3,2779.6733333333336
119847,4,1.0,3,1671.0,1.0,0,0,0,6,13959.245555555555
119862,2,2.0,1,1671.0,1.0,0,0,0,1,2775.643611111111
119865,5,5.0,10,1667.0,5.0,0,0,0,10,2578.4944444444445
119867,3,1.0,3,1670.0,2.0,0,0,0,3,2578.3780555555554
119927,7,5.0,12,146.0,7.0,0,0,11,10,4560.020277777778
119938,3,2.0,2,1666.0,6.0,0,0,0,3,39.91833333333334
119966,8,5.0,33,,0.0,0,0,0,28,5037.67888888889
119968,3,2.0,2,1671.0,1.0,0,0,0,3,3.063611111111109
119977,21,,62,7.0,5.0,36,108,29,37,171231.4425
119979,4,2.0,4,766.0,2.0,0,3,0,3,5037.793888888888
120009,2,6.0,1,1671.0,1.0,0,0,0,1,0.1383333333333312
120023,4,2.0,17,2278.0,6.0,0,0,0,6,1363.7677777777778
120026,4,2.0,3,656.0,4.0,0,0,0,6,715.0305555555555
120030,47,5.0,159,592.0,14.0,78,442,323,238,46254.2763888889
120049,10,6.0,13,1406.0,0.0,0,9,10,26,13357.365277777775
120055,3,2.0,8,1752.0,7.0,0,0,0,3,555.6080555555556
120104,5,2.0,4,989.0,3.0,0,0,1,9,6432.295555555556
120153,3,2.0,6,1670.0,2.0,0,2,0,1,849.02
120168,12,2.0,34,,0.0,0,0,9,57,2709.2991666666667
120176,5,2.0,4,2280.0,4.0,0,0,0,10,151606.60805555555
120198,48,2.0,97,77.0,3.0,528,495,89,16,83132.92222222225
120200,2,2.0,2,1670.0,2.0,0,0,0,1,136.87555555555556
120209,11,2.0,12,1146.0,8.0,0,0,9,46,2533.800555555556
120244,3,2.0,2,1670.0,2.0,0,0,2,1,4687.6113888888885
120272,3,2.0,2,1671.0,1.0,0,0,0,3,2530.7977777777774
120300,4,2.0,3,2935.0,4.0,0,0,0,6,342.15083333333337
120411,9,4.0,25,765.0,3.0,0,0,0,36,2179.320555555556
120463,5,5.0,7,1838.0,1.0,0,4,0,6,806.4633333333334
120473,3,4.0,5,826.0,4.0,0,0,0,3,3407.9749999999995
120659,4,2.0,9,492.0,9.0,0,0,0,6,520.4311111111111
120670,4,1.0,7,66.0,4.0,0,3,0,3,332.2863888888889
120682,12,2.0,30,643.0,30.0,0,0,7,59,982.7375
120689,5,2.0,4,208.0,0.0,0,4,0,6,981.2172222222224
120738,10,2.0,34,,0.0,0,0,1,44,150735.56194444443
120813,5,6.0,7,2280.0,4.0,0,0,0,10,151538.84194444446
120821,7,6.0,20,,0.0,0,0,0,21,4944.874722222223
120845,6,2.0,9,1837.0,2.0,0,0,2,13,2425.319722222222
120855,9,4.0,19,477.0,2.0,0,0,8,28,7054.824166666666
120875,17,4.0,46,,0.0,0,0,15,121,4479.6141666666645
120956,4,2.0,9,987.0,5.0,0,0,1,5,549.9236111111111
120983,13,1.0,16,1207.0,1.0,0,0,9,69,66529.2525
120984,3,1.0,2,920.0,1.0,0,0,0,3,307.85
120988,2,2.0,1,1669.0,3.0,0,0,0,1,2432.0227777777777
121003,6,5.0,6,992.0,0.0,0,0,1,14,76.77027777777778
121033,6,2.0,11,,0.0,0,0,2,13,6407.428055555555
121039,5,2.0,5,1667.0,5.0,0,0,0,10,2420.059166666667
121072,5,2.0,8,1834.0,5.0,0,0,0,10,679.5352777777778
121084,69,4.0,225,87.0,10.0,351,1134,453,408,25042.249722222223
121114,8,4.0,11,2270.0,14.0,0,0,0,28,151467.9125
121152,2,2.0,1,1671.0,1.0,0,0,0,1,13774.911944444444
121171,3,2.0,3,1666.0,6.0,0,0,0,3,189.5602777777778
121178,6,2.0,6,1660.0,12.0,0,0,2,13,2390.6986111111114
121192,4,2.0,4,1661.0,11.0,0,0,0,6,2388.6511111111117
121235,5,2.0,7,655.0,5.0,0,0,3,7,6871.449444444444
121255,2,2.0,1,997.0,3.0,0,0,0,1,2643.826666666667
121314,10,4.0,24,489.0,12.0,0,0,16,29,111572.2352777778
121318,4,2.0,7,1664.0,8.0,0,0,0,6,2372.6975
121409,2,3.0,3,1669.0,3.0,0,0,0,1,4216.485277777778
121414,20,2.0,96,982.0,39.0,1,36,60,93,55929.58916666667
121501,1,2.0,0,1669.0,3.0,0,0,0,0,4210.145
121505,2,2.0,1,1664.0,8.0,0,0,0,1,835.4975
121540,49,2.0,233,,0.0,120,528,310,218,150694.58361111113
121615,8,2.0,35,35.0,21.0,3,15,2,8,6317.640555555556
121704,12,2.0,30,2385.0,7.0,1,20,11,34,37313.82611111111
121712,6,4.0,7,1404.0,2.0,0,0,5,10,532.4263888888888
121729,10,5.0,20,787.0,0.0,15,24,1,5,4796.871111111112
121730,3,2.0,3,1464.0,2.0,0,0,0,3,22485.28750000001
121833,4,2.0,7,1402.0,4.0,0,0,0,6,6.754166666666666
121925,2,2.0,1,1666.0,6.0,0,0,0,1,787.2411111111112
121946,10,3.0,13,,0.0,0,9,17,19,196986.8808333333
121947,27,3.0,35,,0.0,15,126,82,128,195694.2708333333
122021,3,2.0,5,1668.0,4.0,0,0,1,2,340.095
122031,4,2.0,4,568.0,5.0,0,0,0,6,2736.393888888889
122083,11,5.0,15,601.0,3.0,1,18,20,16,128.87
122092,21,2.0,24,171.0,1.0,10,80,62,58,39752.26138888889
122238,12,2.0,33,5429.0,15.0,1,20,20,25,19057.973055555554
122307,5,2.0,8,827.0,3.0,0,0,0,10,12115.4925
122314,3,2.0,7,63.0,4.0,0,0,2,1,18.15861111111111
122347,3,2.0,3,1671.0,1.0,0,0,0,3,490.7188888888888
122367,5,6.0,9,1402.0,4.0,0,0,0,10,13015.943611111112
122393,2,1.0,1,390.0,1.0,0,0,0,1,166.54777777777778
122482,4,2.0,3,651.0,1.0,0,0,0,6,2536.345277777777
122488,3,2.0,4,,0.0,0,0,1,2,13483.370833333332
122501,7,4.0,19,,0.0,0,0,0,21,4676.1722222222215
122522,4,2.0,3,568.0,5.0,0,0,0,6,6086.414444444445
122548,6,2.0,10,824.0,6.0,0,0,2,13,3093.098055555555
122727,4,2.0,8,2935.0,4.0,0,0,0,6,455.48888888888894
122782,8,2.0,10,1669.0,3.0,0,7,13,8,8933.684722222224
122847,7,2.0,6,118.0,5.0,0,0,2,19,1702.6108333333332
122850,4,6.0,11,1667.0,5.0,0,0,3,3,386.6711111111111
122910,4,5.0,8,1671.0,1.0,0,0,1,5,21.810555555555556
122913,9,2.0,14,825.0,5.0,0,8,4,24,3047.1308333333336
123005,7,4.0,12,,0.0,0,0,0,21,408.4166666666666
123054,5,2.0,4,475.0,4.0,0,0,0,10,6019.588333333333
123059,6,6.0,11,2893.0,5.0,0,0,5,10,123574.43555555557
123063,32,4.0,92,1016.0,28.0,120,256,80,40,37289.98305555555
123124,7,2.0,13,1839.0,0.0,1,10,2,8,3800.9966666666655
123253,6,2.0,9,669.0,4.0,0,5,2,8,1969.918333333333
123258,7,2.0,9,285.0,1.0,0,0,16,5,38251.07277777778
123285,2,2.0,1,918.0,3.0,0,0,1,0,55.33916666666669
123317,6,6.0,14,672.0,1.0,0,0,5,10,608.3622222222223
123347,3,2.0,2,168.0,3.0,0,0,1,2,48.57666666666667
123354,4,2.0,4,168.0,3.0,0,0,0,6,47.79
123388,9,3.0,34,68.0,11.0,0,0,3,33,6267.375
123409,7,2.0,8,990.0,2.0,0,0,2,19,1015.46
123444,2,2.0,1,48.0,5.0,0,0,0,1,94.2652777777778
123520,8,2.0,7,51.0,0.0,0,0,12,16,80492.59888888888
123570,4,2.0,3,473.0,6.0,0,0,0,6,202.85694444444445
123604,4,2.0,4,1671.0,1.0,0,0,5,1,1801.2358333333332
123664,7,2.0,8,1672.0,0.0,0,6,10,5,16727.90388888889
123692,5,2.0,10,1168.0,20.0,0,0,0,10,66076.61194444445
123708,4,3.0,4,1184.0,4.0,0,0,0,6,66746.81555555556
123713,3,2.0,2,1181.0,7.0,0,0,0,3,66792.9225
123791,7,6.0,21,763.0,5.0,1,10,0,10,467.123611111111
123858,21,4.0,58,1031.0,13.0,28,104,26,52,9545.713333333337
123887,3,2.0,2,1671.0,1.0,0,0,2,1,20153.22027777778
123890,2,2.0,1,1671.0,1.0,0,0,0,1,10876.21777777778
123918,7,6.0,22,979.0,13.0,0,0,10,11,29.219166666666663
123956,2,2.0,1,1184.0,4.0,0,0,0,1,65922.8988888889
123970,4,2.0,11,281.0,5.0,0,0,1,5,42142.25472222222
123974,7,5.0,13,762.0,6.0,0,0,0,21,4485.555833333334
123981,4,2.0,5,472.0,7.0,0,0,0,6,5897.610833333334
124076,6,2.0,11,1667.0,5.0,0,0,1,14,118.4575
124090,8,2.0,21,668.0,5.0,0,7,12,9,1886.3877777777773
124158,3,2.0,4,1669.0,3.0,0,2,0,1,57.150000000000006
124190,5,2.0,4,1463.0,3.0,0,0,0,10,4467.395555555556
124234,9,6.0,17,2276.0,8.0,0,0,1,35,151057.15666666668
124304,13,4.0,25,1146.0,8.0,0,0,10,68,2038.6311111111115
124307,23,4.0,82,966.0,10.0,10,90,54,99,25853.46166666667
124412,13,2.0,26,1747.0,12.0,0,0,27,51,9978.035833333335
124431,8,4.0,11,670.0,3.0,0,0,1,27,10080.36138888889
124448,7,6.0,23,191.0,15.0,0,0,6,15,151033.7036111111
124450,6,2.0,12,2275.0,9.0,0,0,0,15,151033.6261111111
124452,9,2.0,18,2275.0,9.0,0,8,2,26,151033.49611111113
124457,4,1.0,5,1671.0,1.0,0,3,0,3,5400.998888888889
124468,4,2.0,6,1669.0,3.0,0,0,0,6,130.37583333333333
124474,5,2.0,6,1663.0,9.0,0,4,0,6,144.83333333333334
124488,3,2.0,4,1670.0,2.0,0,0,0,3,135.31555555555556
124497,12,2.0,32,1371.0,11.0,0,0,9,57,3261.700277777778
124554,4,2.0,4,2385.0,7.0,0,0,0,6,909.3738888888888
124561,36,2.0,99,41.0,3.0,3,99,216,312,31536.840833333332
124563,9,2.0,16,,0.0,0,0,7,29,1142.3033333333333
124621,4,2.0,4,1180.0,8.0,0,0,1,5,65639.82833333334
124638,9,2.0,20,1666.0,6.0,0,0,7,29,9148.6175
124641,34,4.0,108,43.0,7.0,120,288,91,62,144899.47722222222
124661,2,4.0,1,1184.0,4.0,0,0,0,1,406.7897222222223
124662,4,4.0,11,1173.0,15.0,0,0,0,6,65980.75416666667
124665,3,3.0,4,918.0,3.0,0,0,0,3,88.63305555555554
124683,6,2.0,16,928.0,1.0,0,0,0,15,4819.980555555555
124685,8,2.0,19,2382.0,10.0,0,7,1,20,3986.901666666666
124717,3,3.0,2,1671.0,1.0,0,0,2,1,139.2275
124743,4,2.0,4,377.0,5.0,0,0,0,6,12722.786111111112
124748,2,2.0,2,1186.0,2.0,0,0,0,1,14395.355
124769,8,4.0,14,5437.0,7.0,0,0,0,28,5248.899166666666
124789,11,2.0,34,1145.0,9.0,0,0,17,38,150976.8125
124929,14,4.0,25,1150.0,4.0,0,0,3,88,10962.97
124936,5,2.0,5,1832.0,7.0,0,0,0,10,4365.297777777778
124946,9,4.0,26,239.0,5.0,0,0,1,35,1362.0919444444444
124990,13,2.0,24,1147.0,7.0,0,0,14,64,24974.69388888889
125093,4,2.0,3,1379.0,3.0,0,0,0,6,51.5525
125124,6,2.0,12,666.0,7.0,0,5,1,9,307.9716666666666
125146,9,2.0,21,93.0,12.0,0,0,2,34,3718.2697222222223
125151,5,2.0,8,637.0,5.0,0,4,0,6,205862.33972222224
125197,7,2.0,15,20.0,5.0,0,6,6,9,186347.79277777777
125282,36,2.0,144,403.0,54.0,21,203,136,270,79288.80666666667
125291,5,4.0,11,985.0,7.0,0,0,0,10,694.4583333333334
125295,6,2.0,8,2280.0,4.0,0,0,0,15,150914.9986111111
125332,4,2.0,5,379.0,3.0,0,3,0,3,1.3749999999999984
125351,4,6.0,7,670.0,3.0,0,0,0,6,45.549166666666665
125356,4,2.0,3,989.0,3.0,0,0,0,6,148.33055555555558
125389,10,2.0,29,1140.0,5.0,0,0,2,43,4050.045
125394,2,2.0,3,1669.0,3.0,0,0,0,1,3702.161944444445
125434,4,5.0,3,768.0,0.0,0,3,0,3,178.57888888888888
125622,4,2.0,5,1839.0,0.0,0,3,1,2,617.5719444444445
125746,7,2.0,20,5430.0,14.0,0,6,0,15,6312.3825
125747,5,3.0,7,64.0,3.0,0,4,2,4,65842.1227777778
125755,2,2.0,1,,0.0,0,0,0,1,165803.92277777777
125768,5,2.0,6,319.0,1.0,0,4,3,3,17543.65888888889
125776,3,2.0,2,2936.0,3.0,0,0,0,3,20.02888888888889
125801,5,2.0,4,379.0,3.0,0,0,4,6,12599.754444444445
125872,2,2.0,2,1186.0,2.0,0,0,0,1,257.2336111111111
125884,3,2.0,2,1759.0,0.0,0,0,2,1,2280.1375000000003
125888,17,2.0,36,,0.0,1,30,44,61,150035.64694444445
125950,7,2.0,10,669.0,4.0,0,0,5,16,307.1902777777778
125956,3,2.0,2,1666.0,6.0,0,0,0,3,590.5038888888889
125998,22,2.0,39,124.0,5.0,1,40,57,133,206036.2888888889
126003,6,2.0,10,5439.0,5.0,0,0,4,11,502.4088888888889
126063,3,2.0,4,1185.0,3.0,0,0,1,2,407.0525
126069,6,2.0,6,738.0,4.0,0,0,0,15,6078.088333333333
126094,4,2.0,4,1671.0,1.0,0,0,0,6,73.31166666666667
126109,3,5.0,4,1669.0,3.0,0,0,0,3,99.5525
126116,3,2.0,2,1671.0,1.0,0,0,2,1,13121.452222222222
126212,15,2.0,42,,0.0,1,26,39,39,83529.38305555555
126237,7,2.0,17,475.0,4.0,0,0,5,16,291.85527777777776
126266,51,4.0,259,98.0,21.0,91,518,378,288,49220.07555555555
126268,7,5.0,12,670.0,3.0,0,0,3,18,48.96888888888888
126312,7,2.0,9,760.0,10.0,0,0,3,18,5608.0005555555545
126320,4,2.0,6,914.0,7.0,0,0,0,6,49545.96055555555
126365,3,2.0,2,1667.0,5.0,0,0,0,3,24.29472222222222
126379,60,3.0,177,,0.0,406,899,241,224,193236.82416666663
126418,4,1.0,4,1671.0,1.0,0,0,0,6,40.48805555555556
126421,8,5.0,9,1839.0,0.0,0,7,3,18,4180.984166666667
126439,9,2.0,17,447.0,9.0,0,0,6,30,535.6936111111111
126453,25,2.0,153,281.0,50.0,6,84,101,109,181097.0261111111
126468,7,5.0,10,500.0,1.0,0,6,3,12,2665.3816666666667
126492,5,2.0,5,990.0,2.0,0,4,0,6,4176.034722222223
126592,16,2.0,40,918.0,2.0,1,28,34,57,42430.80694444444
126612,5,2.0,5,1182.0,6.0,0,0,2,8,65646.07833333334
126686,5,2.0,9,,0.0,0,4,5,1,109841.00472222222
126704,5,6.0,6,327.0,1.0,0,0,5,5,385.4522222222222
126740,12,4.0,14,,0.0,15,36,5,10,187508.4330555556
126742,23,5.0,54,531.0,5.0,1,42,89,121,149663.29527777777
126765,6,2.0,23,357.0,8.0,0,0,1,14,14802.496111111112
126779,5,2.0,8,1667.0,5.0,3,6,0,1,3834.704722222223
126829,26,4.0,74,651.0,22.0,1,48,28,248,119920.82666666668
126869,8,2.0,11,475.0,4.0,0,0,0,28,5564.938055555555
126919,63,2.0,319,898.0,102.0,325,962,495,171,176353.43444444443
126941,5,2.0,7,667.0,6.0,0,0,0,10,3539.6972222222225
126947,3,2.0,3,208.0,0.0,0,2,0,1,3158.343055555556
126978,5,2.0,5,642.0,0.0,0,0,1,9,2599.101944444444
127003,16,5.0,49,812.0,18.0,0,15,28,77,2623.135555555555
127099,2,2.0,3,1669.0,3.0,0,0,0,1,3513.336388888889
127102,2,2.0,2,1670.0,2.0,0,0,0,1,3513.2938888888893
127118,5,3.0,11,2279.0,5.0,0,0,0,10,24322.518333333333
127142,3,3.0,9,672.0,1.0,0,2,0,1,1271.5180555555555
127159,3,2.0,2,207.0,1.0,0,0,2,1,1147.7941666666666
127211,6,4.0,9,366.0,4.0,0,0,0,15,202.68388888888887
127259,11,4.0,58,,0.0,0,10,10,35,675.526388888889
127277,6,2.0,6,2282.0,2.0,0,0,0,15,150698.94555555555
127291,6,2.0,8,495.0,6.0,0,0,0,15,104158.62277777778
127457,5,2.0,5,642.0,0.0,0,0,0,10,5500.265277777778
127506,6,2.0,5,917.0,4.0,0,0,0,15,308.5861111111111
127514,5,2.0,8,670.0,3.0,0,0,2,8,1236.5844444444444
127539,39,2.0,76,,0.0,171,380,112,78,162887.7147222222
127662,2,2.0,2,1672.0,0.0,0,0,0,1,20267.29833333333
127703,5,5.0,4,739.0,3.0,0,0,0,10,28.10388888888889
127724,8,2.0,15,2279.0,5.0,0,0,0,28,150624.92638888888
127727,2,2.0,1,1671.0,1.0,0,0,0,1,3418.9625
127731,2,2.0,1,1672.0,0.0,0,0,0,1,22992.03138888889
127732,2,2.0,1,1671.0,1.0,0,0,0,1,3418.843333333333
127733,2,2.0,2,1670.0,2.0,0,0,0,1,3418.8005555555555
127734,2,2.0,1,1671.0,1.0,0,0,0,1,3715.195
127736,2,2.0,1,1671.0,1.0,0,0,0,1,3418.740555555556
127737,2,2.0,2,1670.0,2.0,0,0,0,1,3418.6894444444447
127741,4,6.0,3,683.0,1.0,0,3,0,3,5593.6425
127750,2,2.0,2,1670.0,2.0,0,0,0,1,3417.9138888888883
127751,3,2.0,3,1670.0,2.0,0,0,0,3,3417.740277777778
127752,2,2.0,3,1669.0,3.0,0,0,0,1,3417.696111111112
127792,3,2.0,4,670.0,3.0,0,2,0,1,1166.8105555555555
127806,3,2.0,2,672.0,1.0,0,0,0,3,356.38388888888886
127873,3,4.0,3,673.0,0.0,0,2,1,0,16.245
127903,18,2.0,69,5420.0,24.0,0,17,62,74,77430.6775
127905,4,4.0,4,825.0,5.0,0,0,2,4,104061.42972222222
127907,5,2.0,8,1375.0,7.0,0,0,0,10,147.82
127915,5,4.0,4,1153.0,1.0,0,0,1,9,1387.6547222222223
127928,6,2.0,8,764.0,4.0,0,0,0,15,210.8022222222222
127997,5,4.0,6,827.0,3.0,0,0,0,10,567.3833333333333
127998,6,4.0,10,6.0,3.0,0,5,0,10,516.1324999999999
128010,4,2.0,6,1184.0,4.0,0,0,2,4,65564.50833333333
128025,23,2.0,33,2268.0,16.0,0,22,98,133,20028.198888888888
128070,6,4.0,8,671.0,2.0,3,9,0,3,1129.9225
128119,5,2.0,5,1798.0,2.0,0,0,1,9,18778.702222222222
128127,4,2.0,3,567.0,4.0,0,0,0,6,29008.031666666662
128223,4,2.0,5,1462.0,4.0,0,0,0,6,19.34638888888889
128249,5,1.0,4,672.0,1.0,1,6,0,3,2612.313611111111
128304,5,2.0,5,1671.0,1.0,0,0,5,5,16178.911111111112
128311,7,3.0,18,1667.0,5.0,0,0,3,18,6236.5005555555545
128322,39,4.0,84,916.0,5.0,36,270,146,289,17760.30277777778
128398,13,2.0,32,25.0,1.0,0,12,23,43,25494.823055555556
128478,4,3.0,6,2388.0,4.0,0,0,0,6,596.3597222222222
128556,6,2.0,7,155.0,0.0,0,0,1,14,234.82805555555552
128604,4,5.0,16,1658.0,14.0,0,0,2,4,3302.911666666667
128647,10,4.0,29,441.0,16.0,0,0,22,23,65215.31138888889
128659,13,6.0,36,303.0,19.0,0,12,19,47,65.11583333333333
128676,16,5.0,32,647.0,5.0,0,0,31,89,1139.0861111111112
128741,4,2.0,4,2282.0,2.0,0,0,0,6,216.375
128833,2,4.0,1,1839.0,0.0,0,1,0,0,173.02666666666667
128863,6,2.0,6,738.0,4.0,0,0,0,15,5283.291388888889
128900,3,2.0,3,990.0,2.0,0,0,0,3,663.6252777777778
128905,10,2.0,10,1460.0,6.0,0,0,1,44,5278.725277777778
128924,9,4.0,13,734.0,8.0,0,0,6,30,5426.2477777777785
128927,11,4.0,30,816.0,14.0,0,0,6,49,1217.9469444444444
128970,4,3.0,4,1671.0,1.0,0,3,1,2,7467.426666666666
128996,31,2.0,67,1035.0,9.0,105,240,64,56,196375.8325
129078,2,2.0,1,1839.0,0.0,0,0,0,1,1750.1258333333335
129119,3,6.0,2,1839.0,0.0,0,0,2,1,1699.3030555555556
129129,4,2.0,4,657.0,3.0,0,0,0,6,5252.991388888889
129181,4,5.0,3,1839.0,0.0,0,3,0,3,3836.038333333333
129268,12,2.0,11,2284.0,0.0,10,35,11,10,60345.87055555556
129288,7,5.0,7,651.0,9.0,0,0,0,21,55.07111111111112
129306,18,2.0,34,,0.0,0,17,36,100,10418.568055555555
129333,9,2.0,15,668.0,5.0,0,0,5,31,2094.633333333333
129492,6,5.0,8,731.0,11.0,0,0,0,15,1690.4033333333332
129531,5,2.0,8,655.0,5.0,0,0,0,10,5205.194444444444
129602,11,2.0,21,68.0,10.0,0,0,18,37,23787.527777777777
129605,5,2.0,4,2281.0,3.0,0,0,0,10,150379.75333333333
129606,5,2.0,4,2281.0,3.0,0,0,0,10,150379.70611111113
129628,10,5.0,11,2274.0,10.0,0,0,2,43,150376.9138888889
129692,3,1.0,3,1670.0,2.0,0,0,0,3,3164.8197222222225
129737,7,4.0,8,735.0,7.0,0,0,0,21,1783.1577777777777
129794,7,2.0,14,375.0,7.0,0,0,1,20,254.13333333333333
129795,7,4.0,14,402.0,5.0,0,0,5,16,5487.442222222222
129801,3,2.0,2,673.0,0.0,0,2,0,1,5035.706666666667
129808,10,2.0,38,37.0,21.0,0,0,11,34,5296.828333333335
129811,8,2.0,15,816.0,14.0,0,0,0,28,4359.187777777778
129875,22,2.0,36,3.0,2.0,45,120,57,9,169675.60194444444
129916,6,2.0,7,2278.0,6.0,0,0,1,14,3252.741944444445
129921,13,2.0,21,0.0,2.0,1,22,35,20,46833.74388888889
129941,54,4.0,156,5429.0,15.0,210,693,354,174,150318.36555555556
129953,29,4.0,77,312.0,8.0,0,0,113,293,35325.40583333333
130050,2,2.0,1,1669.0,3.0,0,0,0,1,3095.867777777777
130078,42,2.0,161,2337.0,55.0,28,272,377,184,74941.5275
130080,12,2.0,33,759.0,9.0,0,0,1,65,9813.56
130152,7,5.0,13,,0.0,0,0,1,20,3693.1033333333335
130202,2,2.0,3,1669.0,3.0,0,0,0,1,3755.820277777778
130206,6,5.0,10,445.0,11.0,0,0,0,15,211.2786111111111
130234,16,5.0,31,327.0,1.0,3,39,16,62,684.0294444444444
130239,3,2.0,2,2284.0,0.0,0,2,0,1,38.373333333333335
130299,8,2.0,21,820.0,10.0,0,7,0,21,8211.240833333333
130327,42,,76,0.0,6.0,36,297,303,225,192869.14222222223
130336,1,2.0,0,1839.0,0.0,0,0,0,0,211.0711111111111
130337,7,2.0,10,765.0,5.0,0,0,3,18,4416.369166666666
130359,20,6.0,68,557.0,0.0,15,84,37,54,47658.81694444445
130384,4,2.0,4,208.0,0.0,0,3,0,3,2690.248611111112
130398,4,2.0,4,1670.0,2.0,0,0,1,5,3056.8711111111115
130404,2,3.0,2,2282.0,2.0,0,0,0,1,4583.819722222224
130418,5,2.0,6,684.0,0.0,0,4,1,5,637.4369444444444
130532,3,2.0,2,1184.0,4.0,0,0,0,3,65754.74666666666
130536,6,3.0,12,1141.0,4.0,0,5,0,10,4378.278333333334
130605,7,2.0,15,47.0,8.0,0,6,2,13,820.5391666666667
130644,15,2.0,31,52.0,6.0,0,14,48,43,150244.1525
130665,7,2.0,9,449.0,3.0,0,0,2,19,801.9416666666666
130719,21,4.0,40,384.0,7.0,0,20,26,164,50830.12222222221
130849,4,3.0,5,31.0,3.0,0,0,2,4,59513.28361111111
130853,7,2.0,11,1462.0,4.0,0,6,5,10,5044.948888888888
130894,4,5.0,9,1665.0,7.0,0,0,0,6,104.25194444444446
130944,6,2.0,6,389.0,2.0,0,0,0,15,122.25666666666666
130969,9,2.0,19,2275.0,9.0,0,0,2,34,150218.6511111111
131000,5,4.0,10,1670.0,2.0,0,0,3,7,268.1338888888889
131007,10,2.0,30,,0.0,0,0,6,39,10223.996388888889
131016,30,2.0,64,127.0,4.0,1,56,165,213,289.75777777777773
131020,10,4.0,28,528.0,8.0,0,9,5,31,812.0636111111112
131068,7,2.0,6,921.0,0.0,1,10,3,7,3341.770833333333
131153,12,4.0,68,746.0,22.0,0,11,18,37,3608.766944444445
131175,5,2.0,5,470.0,9.0,0,0,0,10,2283.644444444444
131182,5,2.0,9,921.0,0.0,0,4,1,5,16179.27
131230,11,2.0,15,2893.0,5.0,0,0,2,53,418.5733333333333
131238,6,2.0,9,2280.0,4.0,0,0,0,15,507.92083333333335
131293,5,2.0,8,2931.0,8.0,0,0,0,10,10367.744722222222
131320,3,1.0,2,1183.0,5.0,0,0,1,2,64983.84638888888
131321,5,2.0,9,590.0,4.0,0,0,3,7,64817.02888888889
131323,4,3.0,5,1183.0,5.0,0,0,1,5,64816.489166666666
131324,2,2.0,1,1185.0,3.0,0,0,0,1,65373.761666666665
131390,4,2.0,3,,0.0,0,0,2,4,94554.84527777776
131405,6,3.0,11,825.0,5.0,0,5,0,10,9537.3725
131443,3,2.0,3,555.0,1.0,0,0,1,2,9965.5775
131456,102,4.0,223,2929.0,10.0,1540,2576,691,344,180707.4425
131470,14,5.0,36,97.0,7.0,1,24,19,47,15862.827777777778
131477,13,2.0,54,210.0,25.0,1,22,20,35,19840.416388888887
131480,12,4.0,20,98.0,6.0,0,11,29,26,24090.510555555556
131483,4,2.0,6,1184.0,4.0,1,4,0,1,128297.79583333332
131487,6,4.0,7,2389.0,3.0,0,5,0,10,230.51083333333327
131498,3,2.0,10,1668.0,4.0,0,2,0,1,3337.0763888888887
131536,18,2.0,24,803.0,1.0,0,17,49,87,10358.7925
131604,7,2.0,11,1062.0,4.0,0,6,4,11,34082.46055555555
131626,10,5.0,23,2888.0,10.0,0,0,1,44,451.64638888888896
131633,3,2.0,10,1058.0,8.0,0,0,0,3,7447.680833333333
131651,11,4.0,14,1146.0,8.0,0,0,9,46,15146.618055555557
131696,6,4.0,8,988.0,4.0,0,5,1,9,5553.9527777777785
131775,3,2.0,6,5432.0,12.0,0,0,0,3,13848.92111111111
131869,2,2.0,2,650.0,2.0,0,0,0,1,23.206111111111117
131899,7,2.0,8,2931.0,8.0,0,0,3,18,120.50611111111112
131918,6,5.0,6,2282.0,2.0,0,0,0,15,184.7575
132023,8,5.0,11,670.0,3.0,0,0,6,22,3009.2355555555555
132154,7,2.0,7,2282.0,2.0,0,0,0,21,150094.73111111112
132175,9,2.0,13,1367.0,15.0,0,8,4,24,4912.768055555556
132255,7,2.0,17,,0.0,0,6,4,11,58478.34777777778
132262,6,2.0,6,2896.0,2.0,0,0,0,15,200.8152777777778
132264,3,2.0,4,1185.0,3.0,0,0,1,2,64876.1088888889
132300,7,2.0,19,628.0,2.0,0,6,1,14,3365.436944444444
132340,27,2.0,60,80.0,13.0,21,140,79,111,125196.04583333334
132395,4,2.0,4,1186.0,2.0,0,0,3,3,64705.37027777777
132430,12,5.0,56,1808.0,31.0,0,0,4,62,3477.2072222222223
132431,13,4.0,21,668.0,5.0,0,0,10,68,150070.37333333335
132489,9,2.0,13,2268.0,16.0,0,8,0,28,150065.2975
132563,8,5.0,8,391.0,4.0,0,7,7,14,174146.59527777776
132583,9,5.0,20,599.0,5.0,0,0,4,32,1395.5777777777778
132600,4,4.0,3,787.0,0.0,0,0,0,6,1317.3752777777777
132610,2,2.0,4,1668.0,4.0,0,0,0,1,1011.1377777777776
132621,3,2.0,3,12.0,3.0,0,0,1,2,4.890833333333332
132653,4,2.0,4,987.0,5.0,0,0,0,6,114.4
132759,38,5.0,204,1805.0,34.0,36,261,152,254,129542.7563888889
132817,4,2.0,7,1671.0,1.0,0,0,2,4,4494.886111111111
133000,4,5.0,3,652.0,0.0,0,0,1,5,621.2963888888889
133008,5,4.0,4,989.0,3.0,0,0,2,8,5337.819166666667
133011,5,2.0,11,1667.0,5.0,0,0,0,10,12317.227777777778
133014,2,2.0,1,1672.0,0.0,0,0,0,1,9079.284722222224
133023,2,2.0,1,176.0,3.0,0,0,0,1,4.498611111111111
133046,4,2.0,7,1184.0,4.0,0,0,0,6,64627.24999999999
133062,3,2.0,2,1184.0,4.0,0,0,0,3,64623.49444444445
133067,1,2.0,0,1186.0,2.0,0,0,0,0,13098.226388888888
133134,1,3.0,0,1186.0,2.0,0,0,0,0,12144.079444444444
133140,2,2.0,1,1185.0,3.0,0,0,0,1,177.7261111111111
133148,2,4.0,1,1185.0,3.0,0,0,0,1,65832.46111111112
133155,8,2.0,12,604.0,2.0,0,0,10,18,103436.61888888889
133179,2,5.0,1,1183.0,5.0,0,0,0,1,64948.105
133184,4,2.0,4,1671.0,1.0,0,0,0,6,15596.523055555555
133217,17,4.0,23,316.0,4.0,0,16,28,92,2392.429166666667
133233,5,4.0,6,1759.0,0.0,0,0,0,10,741.2577777777777
133241,6,4.0,6,1462.0,4.0,0,0,2,13,59464.38805555556
133282,21,2.0,42,,0.0,0,20,47,143,11823.690833333334
133286,15,2.0,67,1791.0,9.0,0,0,11,94,2907.3097222222223
133453,10,4.0,21,201.0,7.0,0,9,8,28,2748.6277777777777
133472,6,2.0,8,1669.0,3.0,0,0,8,7,3082.795
133506,14,2.0,23,207.0,7.0,0,13,5,73,149935.5261111111
133509,1,4.0,0,1182.0,6.0,0,0,0,0,133.00833333333333
133561,3,2.0,4,1669.0,3.0,0,0,0,3,7284.509444444444
133564,7,2.0,12,2283.0,1.0,0,6,2,13,4877.864444444444
133566,3,2.0,5,1378.0,4.0,0,0,0,3,164882.82916666666
133582,3,2.0,3,2282.0,2.0,0,0,0,3,5064.684722222222
133585,7,2.0,7,1671.0,1.0,0,0,11,10,21963.46972222222
133590,11,2.0,26,144.0,12.0,0,0,20,35,26466.17055555556
133642,7,2.0,6,103.0,2.0,0,0,8,13,43944.89944444445
133651,6,2.0,6,1832.0,7.0,0,0,0,15,232.97611111111112
133662,2,2.0,1,1835.0,4.0,0,0,0,1,4839.959722222222
133713,5,2.0,8,763.0,5.0,0,0,0,10,3320.7325
133718,11,2.0,11,604.0,0.0,0,10,23,22,179899.1461111111
133751,5,4.0,15,,0.0,0,4,0,6,1348.535
133787,21,2.0,31,,0.0,36,108,26,40,177716.0686111111
133863,20,4.0,51,16.0,9.0,0,19,38,133,543.9491666666667
133864,10,4.0,28,2888.0,10.0,0,0,5,40,2342.3697222222218
133874,9,3.0,15,6.0,5.0,1,14,2,19,38149.74055555555
133965,1,2.0,0,1185.0,3.0,0,0,0,0,16065.376111111113
133974,1,6.0,0,1183.0,5.0,0,0,0,0,87.70361111111112
133984,7,1.0,12,150.0,6.0,0,6,6,9,175084.5361111111
134017,2,5.0,2,787.0,0.0,0,1,0,0,4.494444444444444
134066,9,2.0,10,2274.0,10.0,0,0,0,36,17086.899722222224
134123,3,5.0,3,786.0,1.0,0,2,0,1,424.9891666666667
134130,4,2.0,3,208.0,3.0,0,0,1,5,157.39666666666665
134317,24,4.0,34,389.0,2.0,1,44,73,158,6250.854444444444
134323,2,1.0,1,668.0,5.0,0,0,0,1,2777.461388888889
134342,3,2.0,2,1184.0,4.0,0,0,0,3,64501.3036111111
134370,7,4.0,16,822.0,8.0,0,0,0,21,3059.891388888889
134401,13,2.0,41,670.0,3.0,0,0,22,56,9434.26361111111
134436,8,2.0,22,0.0,9.0,0,7,11,10,168120.71944444443
134445,13,2.0,30,,0.0,0,12,16,50,2858.081111111111
134503,13,4.0,37,489.0,12.0,0,0,6,72,960.9966666666668
134523,18,5.0,68,1366.0,16.0,0,0,51,102,5095.376666666667
134599,1,2.0,0,1186.0,2.0,0,0,0,0,13756.700833333334
134600,2,2.0,1,1186.0,2.0,0,0,0,1,65385.6961111111
134606,3,4.0,2,1187.0,1.0,0,0,0,3,65294.79166666666
134614,7,2.0,8,1074.0,7.0,1,10,0,10,4116.1802777777775
134617,2,5.0,2,1186.0,2.0,0,0,0,1,13204.301111111112
134667,3,2.0,3,828.0,2.0,0,0,2,1,1625.927777777778
134690,8,2.0,7,364.0,6.0,0,0,4,24,1251.1527777777778
134693,4,2.0,5,787.0,0.0,0,0,0,6,342.76083333333327
134708,13,2.0,18,4.0,5.0,6,36,23,13,31145.644166666665
134774,2,2.0,2,1670.0,2.0,0,0,0,1,8012.743055555555
134785,3,4.0,2,207.0,1.0,0,2,0,1,210.69333333333333
134787,4,4.0,3,2279.0,5.0,0,0,0,6,149777.89277777777
134814,9,2.0,25,281.0,5.0,0,8,7,21,31238.018888888888
134875,4,2.0,3,2283.0,1.0,0,0,2,4,4034.8858333333337
134901,12,2.0,16,826.0,4.0,0,11,3,52,1602.098611111111
134976,5,2.0,4,593.0,1.0,0,0,2,8,64538.25805555555
135142,11,2.0,14,24.0,1.0,0,0,8,47,149743.09083333332
135196,7,5.0,14,2277.0,7.0,0,0,0,21,130.08777777777777
135211,11,5.0,25,728.0,14.0,0,0,8,47,4709.542777777779
135249,3,2.0,2,1186.0,2.0,0,0,0,3,64364.756944444445
135263,7,2.0,7,,0.0,0,0,4,17,59472.76305555555
135268,46,2.0,90,0.0,11.0,136,493,201,205,121383.58166666668
135278,4,2.0,7,1756.0,3.0,0,0,0,6,883.7155555555557
135292,7,2.0,20,87.0,11.0,0,0,1,20,4653.499722222223
135300,48,2.0,128,4.0,16.0,105,495,223,305,26538.919166666667
135547,10,4.0,12,1795.0,5.0,0,0,14,31,1127.4633333333334
135636,80,2.0,250,251.0,32.0,1378,1431,197,154,185239.9313888889
135663,4,2.0,4,42.0,5.0,0,0,1,5,1958.6561111111116
135711,6,2.0,5,473.0,6.0,0,0,0,15,4516.4175000000005
135737,14,4.0,44,,0.0,0,0,21,70,1491.0233333333333
135794,3,2.0,5,31.0,3.0,0,2,0,1,58975.2
135926,7,2.0,8,283.0,3.0,0,6,7,8,41094.33555555556
135937,6,1.0,8,1671.0,1.0,0,5,4,6,2486.355555555556
135963,5,2.0,7,766.0,2.0,0,0,2,8,4584.566944444445
135998,6,2.0,7,548.0,8.0,0,0,1,14,3368.726388888889
136002,8,3.0,14,,0.0,0,7,4,17,79766.09222222221
136063,11,5.0,26,332.0,8.0,0,0,5,50,3391.8499999999995
136072,6,3.0,8,673.0,0.0,0,5,2,8,12338.31361111111
136087,4,2.0,7,1670.0,2.0,0,0,2,4,2782.8722222222223
136216,11,5.0,37,1787.0,13.0,0,0,1,54,433.3797222222222
136235,6,3.0,6,1380.0,2.0,0,0,1,14,650.7430555555555
136275,6,2.0,5,387.0,4.0,0,0,0,15,647.54
136292,11,2.0,23,1465.0,1.0,0,10,11,34,65513.46722222221
136294,3,2.0,2,1671.0,1.0,0,2,0,1,16442.956388888888
136456,9,2.0,22,,0.0,0,0,1,35,406.94027777777774
136467,8,2.0,16,2278.0,6.0,0,7,5,16,3154.6247222222223
136495,12,2.0,26,1142.0,12.0,0,0,13,53,2014.0488888888888
136528,3,2.0,2,1671.0,1.0,0,0,2,1,11897.962222222222
136574,1,2.0,0,1186.0,2.0,0,0,0,0,12995.728333333333
136580,15,2.0,35,664.0,9.0,0,0,19,86,7093.277777777779
136606,9,5.0,17,668.0,5.0,0,0,1,35,149576.13305555555
136670,4,2.0,19,5433.0,11.0,0,3,0,3,1637.655277777778
136678,5,5.0,5,1797.0,3.0,0,0,0,10,605.393611111111
136696,7,2.0,7,2278.0,6.0,0,0,0,21,149571.2675
136756,8,6.0,20,1128.0,17.0,0,7,1,20,1103.2288888888888
136871,25,4.0,44,48.0,4.0,15,114,91,80,180281.81027777775
136877,6,3.0,9,,0.0,0,5,2,8,164480.7463888889
136897,17,,22,,0.0,36,72,9,19,159331.41499999998
136915,33,2.0,85,1075.0,6.0,10,140,88,290,3957.8675
136922,8,2.0,10,736.0,6.0,0,0,0,28,985.4388888888888
136959,5,4.0,6,,0.0,0,4,1,5,170816.5261111111
136978,7,3.0,12,2390.0,2.0,0,6,4,11,14041.540833333334
136980,4,5.0,6,604.0,0.0,0,0,0,6,18262.58027777778
136985,6,2.0,5,568.0,5.0,0,0,1,14,2701.383333333333
137189,58,2.0,140,56.0,12.0,351,837,217,248,145419.99833333335
137213,9,2.0,15,986.0,6.0,0,0,4,32,810.6544444444444
137223,15,4.0,32,104.0,9.0,0,14,33,58,2701.2516666666666
137231,12,2.0,28,,0.0,0,0,4,62,3855.195277777778
137306,7,6.0,7,,0.0,1,10,0,10,386.9675
137450,52,2.0,139,1.0,25.0,171,627,272,256,88442.025
137523,16,4.0,31,209.0,8.0,0,0,23,97,24753.175
137535,5,2.0,9,,0.0,0,0,0,10,5570.893611111111
137556,3,2.0,4,2936.0,3.0,0,0,0,3,115.5725
137685,12,4.0,30,167.0,5.0,0,0,6,60,4264.769722222222
137688,16,2.0,34,105.0,6.0,6,48,37,29,172083.25027777778
137853,10,2.0,42,906.0,23.0,0,0,17,28,2400.481111111111
137892,3,2.0,6,1667.0,5.0,0,0,0,3,3356.3977777777773
138012,6,5.0,8,1756.0,3.0,0,0,3,12,196.60222222222225
138015,5,2.0,6,1153.0,1.0,0,0,4,6,481.5086111111111
138191,11,2.0,30,43.0,15.0,1,18,3,33,3699.998055555556
138215,7,2.0,8,331.0,0.0,0,6,1,14,164397.65166666667
138242,5,2.0,7,1670.0,2.0,0,0,2,8,610.261111111111
138500,9,5.0,27,,0.0,0,8,1,27,463.4755555555556
138540,5,2.0,7,1755.0,4.0,0,0,3,7,7.4175
138676,3,4.0,2,1759.0,0.0,0,0,0,3,166.56444444444443
138692,7,2.0,9,988.0,4.0,0,6,0,15,4172.3825
138852,4,2.0,3,167.0,4.0,0,0,1,5,73.07444444444445
138900,7,2.0,22,1752.0,7.0,0,0,6,15,5856.486666666665
138957,13,4.0,71,173.0,35.0,0,12,18,48,7016.713055555556
139057,4,2.0,15,1667.0,5.0,0,3,0,3,5736.692777777779
139159,7,2.0,6,1671.0,1.0,1,10,5,5,11519.500833333334
139202,9,4.0,19,494.0,7.0,0,0,6,30,2996.7819444444444
139240,9,2.0,24,19.0,5.0,0,0,11,25,2690.4919444444445
139334,2,2.0,2,1670.0,2.0,0,1,0,0,768.7
139354,4,3.0,4,,0.0,0,0,1,5,54016.39861111112
139362,12,5.0,26,602.0,2.0,3,27,5,31,1031.6427777777776
139418,4,3.0,4,1671.0,1.0,0,0,3,3,206.6797222222222
139529,8,5.0,13,,0.0,0,0,0,28,2666.577222222222
139557,3,3.0,2,1671.0,1.0,0,0,2,1,2051.8175
139565,2,1.0,2,1670.0,2.0,0,0,0,1,2051.2566666666667
139572,12,4.0,17,757.0,11.0,0,0,2,64,2663.5588888888888
139633,8,2.0,23,1373.0,9.0,0,0,2,26,687.963611111111
139646,2,2.0,2,1186.0,2.0,0,1,0,0,13208.439444444444
139649,6,2.0,25,591.0,13.0,0,0,0,15,853.4736111111112
139798,11,2.0,25,661.0,12.0,0,0,4,51,319.11305555555555
139802,22,6.0,89,898.0,22.0,0,21,97,113,1992.617777777778
139883,4,2.0,3,1669.0,3.0,0,0,0,6,265.74388888888893
139923,3,2.0,5,1184.0,4.0,0,0,1,2,64181.36972222223
139956,4,5.0,3,767.0,1.0,0,3,0,3,2631.157777777778
140087,4,2.0,3,765.0,3.0,0,0,0,6,2159.343333333333
140136,8,2.0,7,1377.0,5.0,0,0,3,25,4496.136388888888
140467,17,3.0,38,198.0,14.0,1,30,39,66,12733.576944444443
140550,2,2.0,1,1672.0,0.0,0,1,0,0,447.1575
140562,24,2.0,84,0.0,19.0,15,108,113,40,129912.64138888888
140612,12,2.0,33,757.0,13.0,0,0,5,61,3646.1625
140616,4,3.0,4,921.0,0.0,0,0,2,4,15116.61888888889
140637,3,2.0,3,208.0,0.0,0,2,0,1,1587.065
140644,2,3.0,1,2284.0,0.0,0,0,0,1,38062.02055555555
140655,4,3.0,4,2282.0,2.0,0,0,0,6,3480.345833333333
140718,20,2.0,36,103.0,8.0,10,75,72,33,161722.9263888889
140767,18,5.0,35,995.0,5.0,0,17,26,110,1495.6825
140789,18,2.0,132,,0.0,0,17,36,100,171431.98916666667
140870,4,2.0,6,1672.0,0.0,0,3,0,3,7458.966111111112
140910,4,2.0,5,1670.0,2.0,0,0,1,5,3729.3327777777777
140931,19,5.0,57,,0.0,0,18,31,122,9126.04638888889
140944,12,2.0,22,1752.0,7.0,0,11,19,36,416.7836111111111
140949,4,4.0,10,0.0,7.0,1,4,1,0,627.7411111111112
140990,3,2.0,3,602.0,2.0,0,0,2,1,42.02805555555556
140994,3,2.0,4,1063.0,3.0,0,0,1,2,68785.02666666667
141038,7,2.0,16,1798.0,2.0,0,6,4,11,11919.435555555556
141061,26,5.0,60,1790.0,10.0,0,0,75,250,232.97916666666677
141198,8,2.0,8,995.0,5.0,0,0,9,19,144437.00194444446
141210,3,2.0,2,672.0,1.0,0,2,0,1,4690.319166666666
141295,12,5.0,27,1146.0,8.0,0,0,1,65,3119.6116666666667
141317,8,2.0,10,272.0,11.0,0,0,2,26,6763.724999999999
141346,2,2.0,2,1186.0,2.0,0,1,0,0,13044.999166666668
141455,17,5.0,27,601.0,3.0,0,16,42,78,181.62527777777777
141641,23,2.0,59,1789.0,11.0,21,112,22,98,178778.8475
141734,6,2.0,17,5434.0,10.0,0,0,1,14,678.8133333333333
141784,8,2.0,14,75.0,4.0,0,0,6,22,3483.188055555556
141815,6,2.0,5,,0.0,0,0,12,3,158227.45305555555
141866,6,4.0,11,600.0,4.0,0,0,0,15,336.5102777777778
142004,11,2.0,15,652.0,0.0,1,18,19,17,102485.7622222222
142371,3,2.0,4,1185.0,3.0,0,2,0,1,15106.310555555556
142376,5,4.0,8,30.0,4.0,0,0,5,5,64621.9038888889
142377,3,2.0,3,1186.0,2.0,0,0,0,3,64621.825833333336
142461,5,4.0,7,2388.0,4.0,0,4,0,6,697.8522222222222
142549,6,2.0,6,2282.0,2.0,0,0,5,10,3245.214166666666
142568,5,2.0,6,1379.0,3.0,0,0,3,7,73.33611111111111
142822,4,2.0,6,1379.0,3.0,0,0,0,6,891.0327777777777
142853,10,5.0,15,1461.0,5.0,0,0,10,35,4366.73861111111
142918,9,6.0,9,388.0,3.0,0,0,6,30,357.9191666666667
143033,5,2.0,4,986.0,6.0,0,0,0,10,489.0183333333334
143038,42,2.0,129,425.0,32.0,136,425,203,97,167749.20388888888
143065,21,4.0,77,1181.0,27.0,3,54,68,85,67805.20777777777
143089,6,2.0,5,639.0,3.0,0,0,7,8,137589.4388888889
143130,10,2.0,33,444.0,12.0,0,0,11,34,4415.513333333334
143174,9,2.0,25,916.0,13.0,0,0,2,34,2541.5091666666667
143178,8,4.0,15,1824.0,15.0,0,0,3,25,1148.8636111111111
143248,7,2.0,8,635.0,7.0,0,6,0,15,138097.50444444444
143273,5,2.0,8,478.0,1.0,0,0,0,10,6367.263611111112
143316,9,6.0,20,,0.0,0,0,0,36,8880.261111111111
143326,4,2.0,7,987.0,5.0,0,3,0,3,740.9202777777779
143398,17,2.0,26,670.0,3.0,28,72,20,16,48199.335277777776
143503,6,2.0,8,1669.0,3.0,0,0,2,13,420.2825
143524,1,2.0,0,413.0,3.0,0,0,0,0,7803.295277777777
143587,6,2.0,9,410.0,6.0,0,0,3,12,4268.882222222223
143665,3,2.0,5,148.0,0.0,0,0,3,0,138040.29416666666
143682,3,3.0,3,1670.0,2.0,0,0,0,3,1625.125
143770,6,2.0,6,1143.0,2.0,0,5,0,10,4006.205277777778
143771,6,4.0,11,986.0,6.0,0,5,0,10,7098.091111111111
143782,8,5.0,13,1753.0,6.0,1,12,0,15,958.5111111111112
143826,9,2.0,35,123.0,33.0,0,8,5,23,3635.1566666666663
143887,5,2.0,9,1379.0,3.0,0,0,0,10,869.4758333333334
143917,9,6.0,11,669.0,4.0,0,0,2,34,4138.125
143963,4,2.0,10,1062.0,4.0,0,0,4,2,30415.5525
143996,9,2.0,17,129.0,4.0,3,18,4,11,23115.405555555557
144018,4,2.0,21,552.0,19.0,0,0,1,5,17097.598611111112
144037,5,1.0,20,277.0,9.0,0,4,0,6,30752.994166666667
144040,7,2.0,10,27.0,3.0,0,6,0,15,1556.2161111111109
144053,2,2.0,1,1671.0,1.0,0,0,0,1,11103.652222222225
144114,5,2.0,12,96.0,5.0,0,4,2,4,137392.5686111111
144158,4,1.0,4,1206.0,2.0,0,0,1,5,12289.024166666666
144193,2,2.0,3,1672.0,0.0,0,0,0,1,1926.746111111111
144462,4,2.0,6,,0.0,0,0,1,5,985.6980555555556
144496,11,2.0,16,1459.0,7.0,1,18,14,22,31755.472222222223
144533,18,2.0,87,586.0,18.0,0,17,36,100,138675.50694444444
144795,13,2.0,15,404.0,3.0,6,36,16,20,150608.85749999998
144868,5,2.0,4,683.0,1.0,0,4,3,3,102188.80166666668
144877,8,5.0,17,764.0,4.0,0,0,7,21,2135.5616666666665
144896,10,4.0,24,2886.0,12.0,0,0,0,45,1629.33
145054,8,2.0,51,744.0,24.0,1,12,0,15,2523.9658333333336
145075,8,2.0,12,646.0,3.0,1,12,8,7,167301.97972222223
145142,6,2.0,18,666.0,7.0,1,8,0,6,6521.9319444444445
145313,16,3.0,36,30.0,1.0,0,15,77,28,77739.92305555556
145333,4,2.0,13,24.0,8.0,0,0,2,4,748.2272222222223
145338,5,2.0,6,405.0,11.0,0,0,2,8,3500.991666666667
145347,6,2.0,7,410.0,6.0,0,0,1,14,3697.6425
145369,3,2.0,3,1186.0,2.0,0,0,1,2,63306.74166666666
145377,8,5.0,25,756.0,12.0,0,0,0,28,407.5872222222222
145384,7,4.0,10,592.0,2.0,0,0,2,19,63460.937777777785
145388,9,2.0,15,636.0,6.0,0,0,2,34,148677.41472222222
145466,5,4.0,6,1669.0,3.0,0,0,3,7,60.71111111111111
145506,2,2.0,1,1671.0,1.0,0,0,0,1,1439.331388888889
145523,13,1.0,33,68.0,4.0,1,22,25,30,29132.201944444445
145532,8,2.0,18,236.0,8.0,0,0,17,11,75.18027777777777
145577,10,4.0,20,72.0,7.0,0,0,26,19,8348.012499999999
145589,4,5.0,3,1460.0,6.0,0,0,0,6,511.5327777777778
145696,2,2.0,2,1672.0,0.0,0,0,0,1,1432.240277777778
145741,7,2.0,15,1753.0,6.0,0,6,7,8,99.2988888888889
145845,4,2.0,4,26.0,6.0,0,0,1,5,670.7133333333334
145858,10,4.0,46,28.0,30.0,0,0,15,30,7313.606388888889
145994,14,5.0,23,474.0,5.0,0,13,4,74,15695.239444444444
146034,2,2.0,1,1751.0,8.0,0,0,0,1,27.53888888888889
146058,2,2.0,2,1672.0,0.0,0,0,0,1,3151.6369444444445
146075,20,2.0,105,228.0,56.0,1,36,30,123,148571.27166666667
146076,7,2.0,15,133.0,5.0,0,6,0,15,10097.916944444443
146166,5,2.0,10,1143.0,2.0,0,4,0,6,2481.23
146328,9,2.0,8,761.0,7.0,0,0,0,36,1387.2641666666666
146398,2,2.0,2,1672.0,0.0,0,0,0,1,14619.107777777775
146432,4,2.0,4,1671.0,1.0,0,3,0,3,10771.878055555557
146438,4,2.0,4,1671.0,1.0,0,3,0,3,20577.07833333333
146458,39,4.0,90,550.0,6.0,120,368,101,152,159305.35694444444
146466,18,5.0,31,377.0,5.0,0,0,52,101,3995.837777777778
146472,4,4.0,3,920.0,1.0,0,0,3,3,501.9347222222223
146509,4,2.0,5,1671.0,1.0,0,0,0,6,1354.0094444444446
146537,4,2.0,6,169.0,4.0,0,0,0,6,2665.8580555555554
146538,14,5.0,26,,0.0,0,13,2,76,2874.758333333333
146748,7,2.0,18,761.0,7.0,0,0,0,21,3438.962777777778
146785,7,3.0,7,1153.0,1.0,0,6,4,11,2955.3291666666664
146797,8,5.0,8,1399.0,7.0,0,0,0,28,1471.7166666666667
147256,7,4.0,13,759.0,9.0,0,0,0,21,2207.01
147419,45,2.0,92,57.0,11.0,325,494,120,51,114490.39555555556
147420,2,3.0,2,208.0,0.0,0,1,0,0,869.9491666666668
147452,2,2.0,3,1672.0,0.0,0,0,0,1,20220.50388888889
147496,5,2.0,4,1143.0,2.0,0,0,0,10,2561.918611111111
147741,8,2.0,9,401.0,6.0,0,0,3,25,699.3122222222222
147777,91,2.0,202,2837.0,102.0,703,2014,778,600,175360.86388888888
147878,9,5.0,18,202.0,6.0,0,8,5,23,6221.110555555556
147883,15,2.0,26,644.0,5.0,3,36,16,50,2543.824722222222
147904,4,2.0,8,669.0,4.0,0,3,0,3,2187.468888888889
147934,3,2.0,4,2281.0,3.0,0,0,0,3,148394.45972222224
147938,6,2.0,6,99.0,4.0,0,0,4,11,790.6555555555556
147961,6,2.0,9,1143.0,2.0,0,5,0,10,2192.624722222222
147999,3,4.0,6,,0.0,0,0,0,3,117.40916666666666
148233,9,2.0,15,,0.0,0,0,0,36,624.6919444444445
148458,10,5.0,22,,0.0,0,9,1,35,40082.54555555555
148466,4,2.0,3,669.0,4.0,0,0,1,5,767.0955555555554
148613,5,4.0,9,987.0,5.0,0,4,0,6,3727.864722222222
148624,38,3.0,61,0.0,5.0,105,345,194,59,188902.5752777778
148794,22,2.0,66,,0.0,1,40,117,73,195452.1688888889
148810,11,2.0,29,5433.0,11.0,1,18,5,31,64678.39749999999
148881,4,3.0,6,1142.0,3.0,0,3,0,3,2855.1086111111117
148889,16,5.0,81,1815.0,24.0,0,15,7,98,1100.476111111111
149121,3,2.0,2,1379.0,3.0,0,0,0,3,186.59694444444443
149126,10,4.0,32,994.0,6.0,3,21,12,9,8404.556111111111
149134,3,2.0,2,557.0,0.0,0,0,0,3,19600.2125
149208,8,2.0,15,1141.0,4.0,0,0,1,27,3211.646944444444
149230,24,5.0,40,1377.0,5.0,6,80,72,118,183.40833333333333
149336,27,5.0,117,743.0,25.0,0,26,111,214,1351.9947222222222
149588,4,2.0,6,1670.0,2.0,0,0,3,3,5741.035555555555
149685,6,4.0,6,670.0,3.0,0,0,0,15,146.93638888888887
149949,4,5.0,4,787.0,0.0,0,0,1,5,1082.1750000000002
149962,6,2.0,9,668.0,5.0,0,5,0,10,126.1911111111111
150087,11,2.0,20,1834.0,5.0,0,0,1,54,9077.970833333333
150099,14,2.0,18,591.0,13.0,0,13,31,47,683.4697222222223
150140,6,2.0,9,1671.0,1.0,0,0,6,9,22025.22472222222
150147,4,5.0,5,787.0,0.0,0,3,2,1,65.31055555555555
150232,16,4.0,40,661.0,12.0,10,55,20,35,3383.5036111111112
150311,5,5.0,5,1670.0,2.0,0,0,2,8,1068.667777777778
150351,10,2.0,13,,0.0,0,0,17,28,49652.00444444444
150388,3,4.0,3,320.0,0.0,0,2,0,1,5.198333333333332
150481,2,4.0,3,1669.0,3.0,0,0,1,0,922.6897222222224
150590,16,2.0,51,229.0,15.0,1,28,18,73,3063.246388888889
150759,5,2.0,5,671.0,2.0,0,0,0,10,2396.613333333333
150761,9,5.0,21,1831.0,8.0,0,0,3,33,1051.9347222222225
150925,12,2.0,34,181.0,7.0,3,27,26,10,172479.495
150994,5,4.0,10,240.0,4.0,0,0,0,10,5182.22472222222
151002,6,2.0,69,334.0,31.0,0,5,1,9,12982.576666666668
151074,9,5.0,20,,0.0,0,8,3,25,636.1566666666666
151501,6,4.0,9,165.0,5.0,1,8,0,6,17962.818333333333
151686,15,2.0,25,,0.0,0,14,27,64,149158.84
151734,4,2.0,4,786.0,1.0,0,3,0,3,1430.215
151803,4,2.0,4,1668.0,4.0,0,0,2,4,178.95444444444445
151826,15,5.0,22,1154.0,0.0,3,36,14,52,58406.255277777775
151909,6,2.0,7,997.0,3.0,0,0,4,11,15928.026388888888
151916,2,2.0,5,599.0,5.0,0,0,0,1,9465.4475
151920,5,2.0,8,1835.0,4.0,0,0,0,10,1405.3708333333334
151983,4,2.0,5,320.0,0.0,0,0,1,5,1935.4219444444443
152182,4,3.0,4,1671.0,1.0,0,0,0,6,778.8036111111112
152275,9,2.0,23,5432.0,12.0,3,18,1,14,13772.678888888888
152334,9,2.0,21,,0.0,0,0,0,36,891.2033333333334
152370,5,2.0,9,2280.0,4.0,0,0,0,10,147938.66611111112
152373,7,4.0,19,2383.0,9.0,0,6,3,12,2011.4244444444448
152406,5,2.0,4,63.0,4.0,0,0,5,5,145977.2163888889
152429,12,5.0,23,765.0,3.0,0,11,9,46,1343.3241666666668
152521,8,2.0,9,6.0,13.0,0,0,17,11,158567.46333333332
152588,6,1.0,8,648.0,1.0,0,0,6,9,166473.3558333333
152668,4,4.0,3,500.0,1.0,0,3,0,3,19.686666666666667
152853,4,2.0,4,990.0,2.0,0,0,2,4,3653.345
152863,3,5.0,2,652.0,0.0,0,0,0,3,1.9036111111111105
152910,7,2.0,15,914.0,7.0,0,6,0,15,175.45555555555555
152927,9,2.0,25,,0.0,0,0,0,36,2808.9997222222228
152946,2,4.0,3,1669.0,3.0,0,0,1,0,682.0291666666668
152978,10,2.0,16,,0.0,0,0,3,42,1630.1522222222222
152994,6,2.0,15,141.0,26.0,0,0,3,12,1864.9741666666664
153043,3,2.0,3,1186.0,2.0,0,0,2,1,62806.986388888894
153066,2,1.0,2,1670.0,2.0,0,0,0,1,669.9005555555555
153207,24,2.0,36,1254.0,1.0,0,23,99,154,808.0958333333334
153381,2,3.0,2,1670.0,2.0,0,0,0,1,639.7263888888889
153454,9,2.0,19,764.0,4.0,0,0,19,17,2779.778611111112
153480,21,5.0,38,188.0,10.0,0,20,70,120,794.3880555555555
153519,5,2.0,12,5438.0,6.0,0,4,0,6,405.5075
153547,17,5.0,35,762.0,6.0,0,16,39,81,778.4636111111112
153667,5,5.0,4,,0.0,0,4,3,3,84762.44416666667
153679,4,2.0,8,2387.0,5.0,0,0,0,6,2565.316111111111
153681,6,4.0,12,1152.0,2.0,0,0,4,11,2793.3630555555555
153767,6,2.0,8,1837.0,2.0,0,0,0,15,1199.9002777777778
153783,5,2.0,9,13.0,2.0,0,0,2,8,32188.00388888889
153865,7,2.0,9,768.0,0.0,0,6,3,12,896.105
153907,6,2.0,15,2384.0,8.0,0,0,0,15,2066.8727777777776
154018,7,4.0,14,670.0,3.0,0,0,4,17,2620.95
154086,3,2.0,5,1669.0,3.0,0,0,0,3,11.864722222222222
154132,3,2.0,9,550.0,6.0,0,0,0,3,3292.883611111112
154133,2,2.0,1,1671.0,1.0,0,0,0,1,2216.080555555556
154161,5,2.0,6,565.0,6.0,0,0,3,7,1493.9250000000002
154206,11,2.0,13,287.0,15.0,0,10,5,40,6315.630555555556
154272,7,5.0,13,,0.0,0,0,1,20,693.3458333333334
154337,3,2.0,3,1186.0,2.0,0,0,0,3,63379.03944444444
154426,5,2.0,37,975.0,17.0,0,0,1,9,6198.57
154680,5,2.0,4,1406.0,0.0,0,0,1,9,1443.7513888888889
154704,5,2.0,9,2275.0,9.0,0,0,0,10,147694.6975
154801,4,1.0,3,1463.0,3.0,0,0,0,6,9416.115555555556
154826,4,2.0,4,1186.0,2.0,0,0,2,4,62567.67777777778
154878,5,2.0,6,985.0,7.0,0,0,0,10,430.8352777777778
154892,120,5.0,277,26.0,18.0,1326,3536,1238,1040,153322.54111111112
154914,4,2.0,8,238.0,6.0,0,0,2,4,105.94444444444446
154926,7,2.0,13,2391.0,1.0,0,0,8,13,31390.56638888889
155066,7,2.0,9,984.0,8.0,0,0,2,19,2454.258611111111
155186,4,2.0,4,1672.0,0.0,0,0,2,4,6682.416666666666
155192,5,5.0,11,1458.0,8.0,0,0,0,10,10475.155555555555
155256,7,2.0,18,121.0,10.0,0,6,0,15,3236.9925
155325,62,2.0,140,,0.0,91,672,538,590,154602.0811111111
155328,13,2.0,24,1653.0,19.0,0,0,11,67,734.8936111111111
155393,4,4.0,3,,0.0,0,3,2,1,149654.81638888887
155681,7,5.0,9,1463.0,3.0,0,0,7,14,10785.888055555555
155696,11,2.0,23,1463.0,3.0,0,0,7,48,2754.913611111111
155708,9,4.0,33,,0.0,1,14,1,20,834.8736111111111
155789,5,2.0,4,221.0,6.0,0,0,5,5,148430.3722222222
155838,5,4.0,12,1665.0,7.0,0,0,0,10,7319.09
155928,8,1.0,26,93.0,11.0,0,7,6,15,21963.29583333333
156052,8,2.0,8,1149.0,5.0,0,0,3,25,90.84888888888888
156082,43,2.0,88,124.0,5.0,55,352,275,221,43344.05638888889
156102,2,2.0,1,673.0,0.0,0,1,0,0,459.6105555555555
156111,2,2.0,2,146.0,5.0,0,0,0,1,242.06944444444443
156301,4,2.0,3,2281.0,3.0,0,0,0,6,147435.1536111111
156388,8,2.0,10,,0.0,0,7,1,20,71666.6313888889
156397,2,2.0,3,1759.0,0.0,0,0,0,1,3087.2891666666665
156424,9,2.0,19,20.0,9.0,0,8,7,21,100879.69833333332
156493,51,4.0,96,,0.0,28,344,391,512,93868.40277777778
156605,6,2.0,13,1.0,8.0,0,5,4,6,31381.439444444444
156769,2,4.0,4,1668.0,4.0,0,1,0,0,178.88416666666666
156776,2,2.0,2,1670.0,2.0,0,0,0,1,178.53166666666667
156928,7,3.0,7,1671.0,1.0,3,12,0,6,11880.559444444443
156936,10,6.0,17,764.0,4.0,0,0,0,45,194.6897222222222
156953,5,2.0,5,568.0,3.0,0,0,0,10,771.1680555555555
156979,49,2.0,147,136.0,17.0,21,294,295,566,161304.59555555554
157057,6,6.0,7,1150.0,4.0,0,0,0,15,1457.273888888889
157061,7,2.0,12,763.0,5.0,0,0,5,16,2270.025277777778
157131,9,4.0,32,1781.0,19.0,0,0,3,33,2674.898333333333
157133,8,4.0,37,1775.0,25.0,0,0,1,27,3944.230555555556
157135,7,4.0,14,1792.0,8.0,0,0,2,19,2675.593055555556
157136,11,2.0,19,1126.0,19.0,0,0,3,52,3132.889722222222
157144,17,2.0,97,885.0,44.0,0,0,22,114,4299.040555555555
157210,9,4.0,21,5434.0,10.0,0,8,1,27,5844.330833333333
157334,16,2.0,80,,0.0,3,39,35,43,74548.16111111111
157348,8,4.0,24,47.0,11.0,0,0,10,18,866.2511111111112
157354,18,2.0,53,531.0,16.0,1,32,32,88,19247.39277777778
157374,3,2.0,4,207.0,1.0,0,2,0,1,2269.651666666666
157401,9,4.0,12,1406.0,0.0,0,0,2,34,403.7511111111111
157445,6,4.0,21,2384.0,8.0,0,5,2,8,5357.824722222222
157511,5,2.0,4,14.0,1.0,0,0,6,4,147273.915
157554,3,2.0,3,4.0,2.0,0,0,0,3,88231.4936111111
157572,5,2.0,4,1376.0,6.0,0,0,0,10,246.07888888888888
157638,3,2.0,3,1668.0,4.0,0,0,0,3,74.64861111111111
157669,8,2.0,20,2275.0,9.0,0,0,11,17,2943.161111111111
157681,18,4.0,116,363.0,44.0,0,0,64,89,88695.99444444444
157792,5,2.0,7,765.0,3.0,0,4,0,6,2160.71
157796,8,2.0,14,1835.0,4.0,0,7,0,21,666.6066666666667
157846,44,2.0,153,0.0,17.0,136,459,201,150,162504.12416666665
158038,5,3.0,6,639.0,3.0,0,0,0,10,17559.535277777777
158080,10,2.0,14,34.0,17.0,0,0,8,37,2543.9241666666667
158181,3,2.0,2,1668.0,4.0,0,0,0,3,3.2091666666666647
158217,8,2.0,14,1040.0,4.0,0,0,14,14,2974.5163888888883
158218,2,2.0,1,223.0,1.0,0,0,1,0,139087.93777777778
158353,11,2.0,25,187.0,1.0,0,0,19,36,2882.343055555556
158481,4,2.0,3,786.0,1.0,0,3,0,3,556.2986111111111
158608,5,2.0,6,4.0,3.0,0,0,0,10,2454.741111111111
158629,6,5.0,7,97.0,1.0,0,0,2,13,2988.2472222222223
158743,3,2.0,2,2281.0,3.0,0,0,0,3,2543.926111111111
158754,4,2.0,5,2278.0,6.0,0,0,0,6,1527.6419444444446
158756,5,2.0,7,2277.0,7.0,0,0,0,10,1530.9930555555557
158765,4,2.0,4,207.0,1.0,0,3,2,1,1070.516111111111
158917,5,2.0,4,663.0,10.0,0,0,1,9,865.8891666666666
158927,12,4.0,28,907.0,13.0,0,0,1,65,819.3880555555556
158968,25,2.0,38,566.0,5.0,45,150,51,54,175552.94944444444
159107,44,2.0,75,231.0,0.0,120,448,206,172,63284.49833333334
159236,4,2.0,5,1752.0,7.0,0,0,0,6,6596.6883333333335
159328,11,4.0,40,1372.0,10.0,0,10,12,33,765.1713888888889
159445,6,2.0,13,2890.0,8.0,0,0,0,15,7345.593611111111
159494,61,2.0,137,24.0,8.0,105,690,510,525,134915.10861111112
159511,8,2.0,8,208.0,0.0,6,16,4,2,4838.8075
159554,11,2.0,16,,0.0,0,10,20,25,5195.630277777777
159567,2,2.0,1,1187.0,1.0,0,0,0,1,10435.253611111111
159569,3,3.0,2,1187.0,1.0,0,0,0,3,61799.97916666666
159587,5,2.0,8,2389.0,3.0,0,4,2,4,14204.401666666668
159646,3,2.0,2,1836.0,3.0,0,0,0,3,1918.4638888888887
159786,6,2.0,10,203.0,5.0,0,0,0,15,279.0172222222222
159894,4,2.0,3,2391.0,1.0,0,0,3,3,918.3261111111112
159898,3,1.0,2,593.0,1.0,0,0,1,2,159092.33583333337
159947,10,4.0,22,234.0,10.0,0,9,1,35,3911.021944444444
159967,9,2.0,11,51.0,1.0,0,8,9,19,172214.77527777778
160000,8,4.0,17,1373.0,9.0,0,0,3,25,1747.8102777777776
160003,3,2.0,2,1669.0,3.0,0,0,0,3,7074.532222222222
160019,7,2.0,8,70.0,10.0,0,0,15,6,6277.920555555555
160030,4,2.0,4,218.0,4.0,1,4,1,0,158297.37833333336
160161,3,3.0,2,,0.0,0,0,2,1,177713.42694444445
160212,8,6.0,16,653.0,7.0,0,7,0,21,1891.644166666667
160268,9,5.0,17,2931.0,8.0,0,0,2,34,1239.8686111111112
160295,10,4.0,13,1671.0,1.0,6,24,3,12,47764.65138888889
160344,4,2.0,3,2281.0,3.0,0,0,0,6,1322.2733333333333
160397,4,2.0,4,82.0,3.0,0,0,2,4,8616.388055555555
160454,28,2.0,106,0.0,38.0,1,52,139,186,186826.1744444444
160462,3,2.0,2,1669.0,3.0,0,0,2,1,9199.744722222222
160500,8,2.0,15,672.0,1.0,1,12,6,9,3129.2027777777776
160623,3,4.0,9,1666.0,6.0,1,2,0,0,159.05
160771,17,2.0,40,738.0,4.0,21,70,24,21,167216.63833333334
160845,4,2.0,6,652.0,0.0,0,0,4,2,7826.4025
160917,3,2.0,2,1669.0,3.0,0,0,0,3,6951.896944444445
161138,7,2.0,8,92.0,2.0,0,6,6,9,13852.579444444444
161205,3,2.0,3,1672.0,0.0,0,0,0,3,33540.953055555554
161206,4,2.0,3,1671.0,1.0,0,0,0,6,22842.16083333333
161243,3,2.0,2,5441.0,3.0,0,0,0,3,15.294444444444444
161338,8,2.0,15,,0.0,0,7,9,12,62663.94972222223
161365,46,5.0,143,733.0,9.0,120,480,203,232,2839.4044444444444
161410,3,2.0,4,2281.0,3.0,0,0,0,3,2184.353611111111
161449,4,2.0,13,237.0,7.0,0,0,1,5,1277.8330555555556
161466,14,2.0,54,69.0,14.0,0,0,37,54,30938.18277777778
161546,8,3.0,24,321.0,13.0,0,0,1,27,5568.0630555555545
161597,5,2.0,7,1672.0,0.0,0,4,1,5,12333.093888888889
161623,5,2.0,22,643.0,17.0,0,4,0,6,7497.965555555556
161716,3,2.0,2,1379.0,3.0,0,0,0,3,31.972500000000004
161751,6,4.0,10,1203.0,5.0,0,0,6,9,22453.33361111111
161757,2,2.0,1,1668.0,4.0,0,0,0,1,1.86222222222222
162020,21,4.0,45,535.0,12.0,1,38,54,117,37956.91861111111
162024,5,2.0,4,391.0,4.0,0,0,5,5,76177.90166666667
162039,2,4.0,1,1406.0,0.0,0,1,0,0,8294.899444444443
162090,12,2.0,39,2267.0,17.0,1,20,8,37,146643.12638888886
162144,3,2.0,3,1671.0,1.0,0,0,0,3,14979.78527777778
162251,5,2.0,7,1670.0,2.0,0,4,2,4,5609.760555555555
162283,35,5.0,88,640.0,9.0,28,216,146,205,53818.51472222223
162285,4,2.0,5,1670.0,2.0,0,0,0,6,1769.663888888889
162326,8,2.0,17,1134.0,11.0,0,0,6,22,1036.3480555555557
162350,5,2.0,6,,0.0,0,0,0,10,751.6149999999999
162394,2,2.0,1,1671.0,1.0,0,0,0,1,6382.588333333333
162534,4,5.0,6,787.0,0.0,0,3,0,3,1.0149999999999983
162572,9,2.0,38,653.0,20.0,0,0,5,31,1043.848611111111
162648,20,6.0,32,671.0,2.0,0,19,75,96,1148.2530555555554
162655,3,2.0,2,1671.0,1.0,0,0,1,2,8783.503888888888
162700,4,2.0,6,122.0,5.0,0,3,0,3,161976.6886111111
162754,2,5.0,1,1672.0,0.0,0,0,1,0,15.219166666666666
162882,7,5.0,17,783.0,4.0,0,6,3,12,4399.621944444443
162990,9,2.0,36,140.0,16.0,0,8,0,28,1682.9352777777776
162992,3,2.0,4,1672.0,0.0,0,0,3,0,5658.022222222222
163176,2,2.0,1,763.0,5.0,0,0,1,0,159483.96277777778
163188,34,2.0,83,409.0,11.0,36,225,214,86,3230.093611111111
163228,8,6.0,19,758.0,10.0,0,0,0,28,243.97361111111104
163344,4,2.0,3,786.0,1.0,0,3,0,3,1373.8752777777777
163371,8,2.0,8,1671.0,1.0,0,0,8,20,3466.4513888888887
163528,10,2.0,16,912.0,17.0,0,0,23,22,3119.087777777778
163551,19,2.0,26,606.0,0.0,45,90,10,26,170748.37444444443
163562,8,1.0,12,2281.0,3.0,1,12,10,5,20087.83777777778
163568,8,2.0,12,,0.0,0,0,1,27,1522.9363888888888
163577,15,4.0,23,673.0,0.0,21,56,16,12,5180.853611111111
163630,4,5.0,4,786.0,1.0,0,0,3,3,389.49194444444447
163738,6,3.0,8,94.0,4.0,0,0,2,13,1319.5744444444445
163739,4,2.0,4,93.0,5.0,0,0,2,4,20634.507222222222
163789,5,2.0,4,,0.0,0,0,5,5,154208.2227777778
163812,4,2.0,3,2281.0,3.0,0,0,0,6,146389.63749999998
163918,26,5.0,44,381.0,10.0,1,48,119,157,1652.5302777777777
163923,5,4.0,8,5439.0,5.0,0,4,0,6,485.6855555555556
163924,5,2.0,6,,0.0,0,0,0,10,157575.52055555556
163964,11,3.0,76,22.0,25.0,0,10,17,28,168949.4102777778
164021,10,5.0,35,1.0,5.0,1,16,15,13,10933.473888888888
164043,5,5.0,20,754.0,14.0,0,0,1,9,1276.7405555555556
164066,7,6.0,6,1838.0,1.0,0,0,8,13,4.981666666666666
164138,6,2.0,6,1464.0,2.0,0,0,3,12,75730.71916666668
164140,7,2.0,8,89.0,5.0,0,0,7,14,2136.7419444444445
164197,4,2.0,4,825.0,5.0,0,0,1,5,41.54444444444444
164385,4,2.0,5,921.0,0.0,0,0,3,3,2900.463333333333
164453,8,5.0,8,652.0,0.0,0,0,13,15,2998.3930555555557
164625,8,4.0,19,2379.0,13.0,0,7,5,16,4116.327222222222
164648,6,2.0,6,389.0,6.0,0,0,7,8,156290.2763888889
164657,5,2.0,4,1378.0,4.0,0,0,0,10,680.4838888888889
164718,4,2.0,5,148.0,0.0,0,0,2,4,4.201388888888888
164759,13,2.0,30,313.0,18.0,0,0,23,55,161264.4272222222
164842,10,2.0,14,,0.0,1,16,13,15,93260.76666666666
164925,11,3.0,32,325.0,15.0,0,0,13,42,577.6416666666667
164927,10,5.0,16,418.0,2.0,1,16,11,17,341.9269444444445
164931,8,2.0,9,910.0,19.0,0,0,6,22,576.8022222222223
165039,9,2.0,12,911.0,18.0,0,0,21,15,4514.761944444444
165070,3,2.0,5,1670.0,2.0,0,2,0,1,6021.4527777777785
165094,7,2.0,26,755.0,13.0,0,0,4,17,1144.371666666667
165169,14,4.0,21,102.0,3.0,0,0,27,64,485.4016666666666
165179,6,5.0,11,1668.0,4.0,0,5,2,8,6009.86111111111
165287,9,3.0,14,764.0,4.0,0,0,8,28,315.1822222222222
165332,3,2.0,4,1063.0,3.0,0,0,0,3,13622.030555555555
165400,10,2.0,11,96.0,2.0,0,9,3,33,1116.55
165519,2,2.0,1,1671.0,1.0,0,0,0,1,5980.903888888889
165558,12,3.0,21,,0.0,10,35,8,13,24342.017222222217
165591,7,5.0,7,40.0,13.0,0,0,11,10,671.8380555555555
165691,5,5.0,9,787.0,0.0,0,4,2,4,1255.3408333333334
165868,2,2.0,1,1671.0,1.0,0,0,0,1,89.12972222222223
165875,3,2.0,2,1671.0,1.0,0,0,0,3,87.04388888888889
165877,5,2.0,8,126.0,9.0,0,0,0,10,2279.0161111111115
165901,6,4.0,7,1671.0,1.0,0,0,3,12,82.39
165943,6,2.0,19,663.0,10.0,0,5,6,4,170106.57972222223
165955,6,2.0,10,119.0,4.0,0,5,0,10,185891.1625
165998,6,2.0,13,2277.0,7.0,0,0,3,12,146126.81055555557
166004,3,2.0,4,2281.0,3.0,0,0,0,3,146125.83638888889
166138,3,2.0,2,996.0,4.0,0,0,0,3,1024.3766666666668
166187,8,2.0,17,1670.0,2.0,1,12,3,12,3113.085
166202,5,2.0,4,997.0,3.0,0,0,2,8,1014.5702777777776
166240,12,2.0,35,438.0,19.0,1,20,33,12,150096.67555555556
166254,53,2.0,273,995.0,49.0,210,672,278,218,83994.13555555556
166417,2,2.0,1,1836.0,3.0,0,0,0,1,606.7644444444444
166419,4,2.0,9,110.0,1.0,0,0,1,5,51646.0875
166502,10,2.0,9,2.0,1.0,0,9,13,23,32623.91833333333
166529,8,2.0,14,1141.0,4.0,0,0,1,27,182.94583333333333
166541,24,2.0,77,7.0,2.0,120,128,9,19,165439.96027777778
166591,8,2.0,15,295.0,6.0,0,7,6,15,167162.58222222223
166593,2,2.0,1,1671.0,1.0,0,0,0,1,3.403888888888889
166595,11,4.0,19,1143.0,2.0,1,18,7,29,51.76111111111111
166608,7,5.0,8,984.0,8.0,0,0,3,18,384.3877777777778
166613,7,2.0,22,757.0,11.0,0,6,0,15,45506.59777777777
166673,4,6.0,6,989.0,3.0,0,0,0,6,153.14083333333332
166681,5,2.0,4,1378.0,4.0,0,0,1,9,25.764166666666668
166713,5,5.0,9,762.0,6.0,0,0,0,10,287.9422222222222
166815,5,2.0,12,1833.0,6.0,0,0,2,8,193.86666666666667
166861,3,2.0,2,,0.0,0,0,0,3,179.39638888888888
166929,5,2.0,11,279.0,7.0,0,0,4,6,39649.537500000006
166935,2,2.0,2,1670.0,2.0,0,0,0,1,5809.774166666666
166948,5,2.0,5,91.0,7.0,0,0,0,10,1530.4755555555555
166967,3,2.0,2,1668.0,4.0,0,0,0,3,7.466944444444445
166996,5,2.0,12,5430.0,14.0,0,0,0,10,7167.445000000001
167038,12,5.0,19,5441.0,3.0,0,11,16,39,2777.4433333333336
167041,6,2.0,5,2281.0,3.0,0,0,4,11,162693.41861111112
167082,5,2.0,4,672.0,1.0,0,4,0,6,98.6825
167091,5,2.0,6,41.0,3.0,0,4,0,6,163386.61805555556
167141,2,2.0,3,1669.0,3.0,0,1,0,0,5788.771111111111
167150,3,2.0,4,568.0,3.0,0,0,1,2,625.7419444444445
167170,2,2.0,1,1836.0,3.0,0,0,0,1,912.8683333333332
167225,8,2.0,12,331.0,0.0,0,0,4,24,21779.3475
167475,28,2.0,75,0.0,14.0,6,96,154,122,144158.95222222223
167569,3,2.0,3,766.0,2.0,0,0,0,3,840.8963888888889
167572,8,2.0,16,74.0,7.0,1,12,10,5,22694.759722222225
167601,6,2.0,9,,0.0,0,0,7,8,160927.6797222222
167644,3,2.0,3,652.0,0.0,0,2,0,1,887.8083333333334
167662,4,2.0,9,5437.0,7.0,0,0,0,6,19.33805555555556
167676,2,3.0,1,652.0,0.0,0,0,1,0,4200.748611111111
167902,5,2.0,4,684.0,0.0,1,6,2,1,162626.70055555555
167912,4,4.0,3,16.0,0.0,0,0,0,6,145886.33444444445
167951,26,2.0,35,184.0,2.0,3,69,163,90,67999.37972222222
167961,3,2.0,3,2390.0,2.0,0,2,0,1,7.212777777777777
168098,11,4.0,36,1035.0,9.0,10,30,5,10,8227.184444444443
168185,5,5.0,4,786.0,1.0,1,6,0,3,776.1238888888888
168206,4,2.0,7,783.0,4.0,0,3,0,3,123.70805555555556
168255,5,2.0,7,471.0,8.0,0,0,0,10,1192.983888888889
168350,6,5.0,10,102.0,3.0,0,0,3,12,24.46305555555556
168371,2,2.0,3,1752.0,7.0,0,0,0,1,144.7302777777778
168416,5,2.0,4,74.0,6.0,0,4,2,4,158498.02583333338
168454,10,5.0,16,1150.0,4.0,0,0,6,39,779.9458333333332
168490,7,2.0,17,1831.0,8.0,0,0,0,21,750.0380555555555
168658,3,2.0,3,,0.0,0,2,0,1,10585.986944444445
168893,8,2.0,12,763.0,5.0,0,0,0,28,686.7052777777777
168910,7,2.0,6,991.0,1.0,0,0,2,19,2366.5774999999994
169093,9,2.0,23,,0.0,1,14,9,12,6618.850277777778
169214,8,5.0,22,1136.0,9.0,0,0,8,20,1828.3716666666664
169297,5,2.0,6,130.0,3.0,0,0,4,6,21535.082777777778
169436,3,2.0,2,673.0,0.0,0,2,0,1,171.54083333333332
169476,6,2.0,5,,0.0,0,0,10,5,73349.34722222222
169483,6,2.0,9,386.0,9.0,0,0,3,12,727.2755555555555
169513,10,2.0,16,,0.0,0,0,1,44,1150.0941666666668
169521,9,2.0,29,0.0,11.0,6,20,2,8,142775.83277777777
169557,4,2.0,14,291.0,11.0,0,0,0,6,37890.925833333335
169563,2,2.0,3,1142.0,3.0,0,0,0,1,212.0938888888889
169589,6,2.0,8,2283.0,1.0,0,0,0,15,29643.40861111111
169620,51,4.0,173,527.0,9.0,55,440,408,372,1304.5947222222223
169638,42,2.0,128,,0.0,10,185,348,318,28266.80138888889
169753,4,5.0,5,,0.0,0,0,0,6,3.3511111111111105
169756,4,2.0,7,765.0,5.0,0,0,1,5,25.16138888888889
169767,5,6.0,12,2275.0,9.0,0,0,1,9,2686.465555555555
169771,2,2.0,2,1672.0,0.0,0,0,0,1,4098.094722222222
169774,2,2.0,3,1672.0,0.0,0,0,0,1,4098.0225
169777,70,5.0,249,370.0,36.0,253,1081,639,442,183703.47861111112
169804,4,1.0,4,1671.0,1.0,0,0,0,6,4679.546111111111
169882,2,2.0,2,1186.0,2.0,0,1,0,0,9082.297222222223
169943,16,6.0,41,272.0,11.0,0,15,26,79,407.6588888888889
169949,3,2.0,2,2284.0,0.0,0,0,2,1,1944.6222222222225
169951,14,5.0,47,,0.0,1,24,6,60,5210.290833333333
169991,24,4.0,69,,0.0,6,80,60,130,2686.8625
169992,3,2.0,4,331.0,0.0,0,0,0,3,21445.47611111111
170021,16,4.0,33,980.0,12.0,0,0,39,81,54937.15083333333
170024,4,2.0,4,,0.0,0,0,1,5,28989.98416666667
170070,10,2.0,13,1143.0,2.0,0,9,14,22,264.09166666666664
170182,6,2.0,8,783.0,4.0,0,0,4,11,532.9722222222223
170194,3,2.0,3,2935.0,4.0,0,0,0,3,1076.8747222222223
170201,3,4.0,2,2936.0,3.0,0,0,0,3,30.834444444444443
170228,2,2.0,1,54.0,3.0,0,0,0,1,914.5711111111112
170264,5,4.0,4,786.0,1.0,0,4,0,6,517.8975
170272,23,4.0,71,112.0,1.0,0,22,88,143,3729.283333333333
170365,6,4.0,11,208.0,0.0,0,5,4,6,3411.096388888889
170416,6,2.0,15,,0.0,0,0,2,13,12504.570555555556
170429,7,2.0,11,921.0,0.0,0,0,0,21,64.6402777777778
170434,2,2.0,1,1142.0,3.0,0,0,0,1,6589.235277777778
170445,2,2.0,1,105.0,0.0,0,0,0,1,10726.579166666666
170588,3,2.0,11,5435.0,9.0,0,2,0,1,14453.096388888893
170609,22,2.0,37,1150.0,4.0,28,112,57,34,15140.995
170621,4,2.0,12,25.0,7.0,0,0,1,5,2157.2883333333334
170693,15,5.0,28,386.0,5.0,0,14,37,54,8031.464166666667
170727,14,2.0,21,17.0,5.0,0,13,28,50,158962.18694444446
170782,3,2.0,2,554.0,2.0,0,0,0,3,10.559166666666666
170799,7,2.0,16,3.0,0.0,1,10,4,6,95975.60611111112
170811,6,2.0,11,1147.0,7.0,0,0,1,14,145537.4261111111
170864,6,6.0,6,478.0,1.0,0,5,6,4,11725.524722222222
170876,3,2.0,2,,0.0,0,0,0,3,136.1677777777778
170928,13,4.0,26,920.0,9.0,0,0,35,43,6055.095833333333
170948,2,2.0,2,1670.0,2.0,0,1,0,0,5314.659722222219
171003,6,4.0,17,760.0,10.0,0,0,0,15,145515.22694444447
171025,4,2.0,10,5436.0,8.0,0,0,0,6,9056.833888888888
171053,6,2.0,7,404.0,3.0,0,0,1,14,1609.4116666666664
171180,2,2.0,5,566.0,5.0,0,0,0,1,80.56166666666667
171210,10,2.0,15,1149.0,5.0,0,9,0,36,145493.61055555556
171228,6,2.0,10,147.0,6.0,0,0,2,13,2186.4577777777777
171314,2,2.0,2,1404.0,2.0,0,0,0,1,237.50972222222225
171329,4,2.0,11,236.0,8.0,0,0,0,6,3592.768333333333
171366,16,4.0,32,2271.0,13.0,1,28,12,79,145473.39361111113
171369,3,2.0,5,95.0,2.0,0,2,0,1,3484.4033333333336
171451,4,2.0,4,79.0,1.0,0,3,0,3,142744.3088888889
171549,10,1.0,19,1.0,2.0,0,9,20,16,159845.00333333336
171561,30,1.0,85,320.0,8.0,10,125,146,154,18437.266666666663
171721,6,2.0,5,151.0,0.0,0,5,2,8,166733.5275
171802,9,6.0,17,673.0,0.0,0,0,6,30,24.56861111111111
171920,6,2.0,8,,0.0,0,5,7,3,164952.8738888889
171924,7,2.0,19,5431.0,13.0,0,6,3,12,3226.4602777777773
172001,8,2.0,15,795.0,9.0,0,0,12,16,8135.576111111111
172077,9,2.0,18,986.0,6.0,0,0,8,28,18975.614166666663
172094,5,2.0,14,1672.0,0.0,0,4,1,5,19523.540833333333
172104,13,4.0,24,8.0,3.0,6,36,7,29,80246.89083333334
172180,5,2.0,4,137.0,1.0,0,4,0,6,60443.4886111111
172194,5,2.0,5,2282.0,2.0,0,0,0,10,43.93944444444443
172203,9,2.0,16,995.0,5.0,0,0,9,27,20864.875555555554
172227,7,4.0,17,2386.0,6.0,0,0,6,15,2208.8986111111108
172249,4,2.0,3,207.0,1.0,0,3,0,3,449.435
172300,3,2.0,2,1153.0,1.0,0,0,0,3,7183.975277777778
172434,9,2.0,13,601.0,5.0,0,8,13,15,166793.63166666668
172530,26,2.0,59,308.0,8.0,55,165,72,33,8214.830833333333
172580,2,2.0,1,1153.0,1.0,0,0,0,1,297.4030555555555
172633,3,2.0,2,786.0,1.0,0,0,0,3,1774.5749999999998
172690,4,2.0,9,238.0,6.0,0,0,1,5,286.0830555555556
172691,11,3.0,22,2281.0,3.0,1,18,16,20,14842.282222222222
172700,6,5.0,13,68.0,6.0,0,0,3,12,574.661388888889
172706,5,2.0,8,1151.0,3.0,0,0,3,7,7143.465
172808,10,6.0,23,312.0,10.0,0,9,21,15,997.7983333333332
172817,44,2.0,155,33.0,41.0,55,363,220,308,39273.262777777774
172903,5,6.0,6,573.0,0.0,0,0,0,10,9602.513055555555
172956,7,2.0,12,2280.0,4.0,0,6,0,15,220.0305555555556
173069,5,2.0,15,,0.0,0,0,1,9,2286.187777777778
173166,3,2.0,3,97.0,1.0,0,0,0,3,210.79833333333332
173206,6,2.0,17,1832.0,7.0,0,0,0,15,87.35277777777777
173280,7,4.0,9,1142.0,3.0,0,0,2,19,414.2416666666667
173293,2,2.0,2,1670.0,2.0,0,0,0,1,5021.797777777778
173309,4,2.0,3,2284.0,0.0,0,0,1,5,2210.6286111111112
173384,4,4.0,4,2284.0,0.0,0,3,2,1,1001.9752777777778
173569,20,2.0,48,442.0,14.0,6,64,37,83,17094.891944444444
173634,10,2.0,22,1457.0,9.0,0,9,3,33,19976.137777777774
173695,5,5.0,4,319.0,1.0,0,0,2,8,324.4605555555556
173754,3,2.0,2,1671.0,1.0,0,0,0,3,94.11499999999998
173789,2,2.0,1,1151.0,3.0,0,0,0,1,7912.733055555555
173838,4,2.0,3,2391.0,1.0,1,4,0,1,2443.96
173903,2,2.0,1,1672.0,0.0,0,1,0,0,395.5363888888888
173938,12,5.0,28,,0.0,0,11,19,36,1180.5516666666667
173956,5,2.0,4,924.0,5.0,0,0,0,10,1831.1744444444444
174022,6,2.0,5,786.0,1.0,0,0,3,12,599.9199999999998
174049,32,2.0,85,2355.0,37.0,28,192,155,121,5135.325000000001
174072,8,4.0,25,230.0,5.0,0,7,3,18,1314.3383333333331
174087,6,2.0,21,1672.0,0.0,0,5,4,6,16910.84638888889
174103,6,2.0,9,188.0,0.0,0,5,3,7,187584.11611111116
174113,6,2.0,7,2929.0,10.0,0,0,0,15,81.91861111111112
174257,9,2.0,8,,0.0,1,14,15,6,109715.91
174320,15,5.0,30,1200.0,8.0,3,36,28,38,22462.198888888888
174397,23,2.0,93,2349.0,43.0,15,102,24,112,43366.12
174441,6,2.0,9,54.0,13.0,0,0,2,13,49915.26861111111
174566,3,5.0,5,652.0,0.0,0,2,0,1,1356.006666666667
174578,9,2.0,20,,0.0,0,0,9,27,137573.6263888889
174583,6,2.0,8,1462.0,4.0,0,0,0,15,6797.514166666666
174651,22,4.0,58,30.0,2.0,55,121,27,28,167944.7238888889
174693,2,2.0,2,1670.0,2.0,0,0,0,1,7291.871111111111
174910,4,2.0,4,2275.0,9.0,0,0,0,6,145024.3877777778
175000,8,2.0,10,,0.0,0,7,8,13,104077.76361111112
175106,5,2.0,7,786.0,1.0,0,0,1,9,6360.373333333334
175197,4,2.0,3,548.0,8.0,0,0,0,6,928.6641666666668
175217,4,2.0,3,787.0,0.0,0,3,1,2,7.900277777777777
175220,6,4.0,12,671.0,2.0,0,5,0,10,12179.466944444446
175368,9,5.0,14,787.0,0.0,1,14,3,18,5107.921111111111
175380,1,2.0,0,2935.0,4.0,0,0,0,0,18432.824166666665
175531,1,2.0,0,1672.0,0.0,0,0,0,0,16.02111111111111
175568,16,2.0,53,2266.0,18.0,0,15,30,75,144955.91916666666
175649,5,5.0,8,787.0,0.0,0,0,2,8,99.36166666666666
175696,6,2.0,6,1150.0,4.0,0,0,3,12,174219.35527777777
175787,56,1.0,126,0.0,9.0,210,735,374,221,157508.94472222222
175797,5,1.0,8,2388.0,4.0,0,4,0,6,4812.355277777778
175888,4,4.0,8,273.0,10.0,0,0,1,5,2926.193055555556
175916,5,2.0,7,1142.0,3.0,0,4,0,6,240.12638888888887
176079,39,2.0,94,1750.0,9.0,6,140,243,352,26719.758611111112
176100,9,2.0,27,2275.0,9.0,0,0,0,36,144887.89055555555
176148,3,4.0,2,652.0,0.0,0,2,0,1,811.593888888889
176182,11,2.0,48,3.0,25.0,0,10,7,38,37122.43222222222
176191,6,2.0,8,988.0,4.0,0,0,0,15,329.4430555555556
176228,3,5.0,3,787.0,0.0,0,0,1,2,160.92833333333334
176229,4,2.0,4,97.0,1.0,0,3,0,3,386.7158333333333
176331,2,4.0,1,1671.0,1.0,0,0,1,0,214.71916666666667
176506,5,2.0,4,1672.0,0.0,0,4,3,3,10531.154722222222
176564,15,2.0,27,327.0,1.0,15,54,15,21,17356.985277777778
176604,3,2.0,2,1668.0,4.0,0,0,0,3,4985.379166666667
176754,2,2.0,2,573.0,0.0,0,1,0,0,1151.6675
176782,8,2.0,21,1832.0,7.0,0,0,8,20,599.9405555555555
176868,5,3.0,5,208.0,0.0,0,4,0,6,974.8197222222224
176919,13,2.0,28,1772.0,28.0,0,12,22,44,3433.848055555556
176971,5,2.0,4,1671.0,1.0,0,0,3,7,7010.930555555555
177059,6,2.0,10,655.0,5.0,0,0,1,14,173209.4838888889
177097,11,2.0,17,,0.0,3,24,20,8,141846.16472222222
177173,4,6.0,5,1141.0,4.0,0,0,0,6,40.744166666666665
177175,144,3.0,423,13.0,5.0,5460,4095,624,117,176429.81694444444
177405,5,2.0,5,995.0,5.0,0,4,3,3,172156.0913888889
177528,4,2.0,3,,0.0,0,0,0,6,103762.68833333332
177610,5,6.0,5,1152.0,2.0,0,0,3,7,6518.110277777778
177620,5,2.0,4,5436.0,8.0,0,0,0,10,472.8349999999999
177722,5,2.0,4,1153.0,1.0,0,0,1,9,6503.978611111112
177964,10,4.0,22,73.0,6.0,0,0,7,38,4517.023888888889
177972,11,2.0,25,103.0,2.0,0,10,4,41,6016.028055555556
177977,3,2.0,2,1153.0,1.0,0,0,0,3,7380.68611111111
178138,5,2.0,9,164.0,6.0,1,6,0,3,367.1536111111111
178313,5,2.0,10,1669.0,3.0,0,0,1,9,3581.190555555556
178324,44,2.0,199,133.0,53.0,10,195,305,436,86948.19194444444
178452,2,2.0,1,1672.0,0.0,0,0,0,1,3373.616944444444
178555,5,2.0,4,476.0,3.0,0,0,2,8,308.1675
178559,6,2.0,5,475.0,4.0,0,0,1,14,311.13916666666665
178584,3,2.0,7,1672.0,0.0,0,2,0,1,816.6555555555556
178611,8,2.0,7,207.0,1.0,0,7,10,11,2365.428888888889
178614,3,1.0,2,319.0,1.0,0,0,0,3,11.200833333333334
178701,2,2.0,1,600.0,4.0,0,0,0,1,1.738333333333332
178909,5,2.0,5,,0.0,0,4,4,2,173158.45222222223
178988,6,2.0,13,984.0,8.0,0,0,2,13,2683.1275
178992,3,2.0,2,917.0,3.0,0,0,0,3,53679.84666666667
179117,8,2.0,15,123.0,0.0,0,7,8,13,174958.3063888889
179129,5,2.0,9,986.0,6.0,0,0,1,9,9169.50027777778
179316,3,2.0,2,915.0,6.0,0,0,0,3,48.1625
179373,3,3.0,3,95.0,2.0,0,2,1,0,9048.75027777778
179498,7,4.0,20,70.0,9.0,0,0,11,10,3859.218333333333
179533,14,2.0,20,552.0,5.0,0,13,25,53,42210.24833333334
179548,10,5.0,14,652.0,0.0,0,9,17,19,75.61666666666667
179567,21,2.0,35,2276.0,8.0,3,54,56,97,91232.72833333336
179573,6,2.0,34,973.0,19.0,0,0,1,14,670.6372222222224
179624,3,2.0,3,206.0,2.0,0,2,0,1,18.3575
179784,5,2.0,18,761.0,9.0,0,0,0,10,672.7430555555555
179790,4,4.0,5,1669.0,3.0,0,0,4,2,1679.440833333333
179816,7,2.0,22,2278.0,6.0,0,0,8,13,32130.97555555556
179822,25,5.0,98,121.0,32.0,0,0,104,196,549.2419444444445
179845,16,2.0,37,22.0,13.0,1,28,21,70,22646.04666666667
179857,4,2.0,8,5438.0,6.0,0,0,2,4,329.5183333333334
179863,8,2.0,13,14.0,1.0,0,0,8,20,53809.3225
179971,3,1.0,2,652.0,0.0,0,2,0,1,1134.0883333333336
180078,14,4.0,20,1151.0,3.0,0,13,27,51,1883.8652777777777
180102,5,5.0,5,785.0,2.0,0,4,2,4,34.42055555555556
180169,3,2.0,3,1460.0,6.0,0,0,0,3,4563.303055555555
180185,1,2.0,0,553.0,3.0,0,0,0,0,6.374444444444444
180199,4,2.0,5,137.0,1.0,0,3,0,3,56922.71972222223
180241,42,4.0,81,2928.0,11.0,36,297,277,251,160718.66472222222
180341,7,2.0,13,201.0,7.0,1,10,0,10,1346.3205555555555
180357,6,4.0,11,2281.0,3.0,0,0,0,15,100.26527777777778
180366,9,5.0,19,,0.0,0,8,0,28,987.5088888888888
180415,2,2.0,1,2282.0,2.0,0,0,0,1,144307.51166666666
180423,3,2.0,3,377.0,5.0,0,0,0,3,6042.7427777777775
180455,6,2.0,6,,0.0,0,0,0,15,132.75416666666666
180502,5,2.0,12,2383.0,9.0,1,6,0,3,2352.4177777777777
180518,3,1.0,2,1671.0,1.0,0,0,2,1,6512.73
180552,11,4.0,25,1754.0,5.0,0,10,6,39,1608.0469444444443
180568,16,3.0,25,0.0,5.0,0,15,56,49,64549.16555555555
180574,4,2.0,6,1672.0,0.0,0,3,0,3,22268.80777777778
180576,4,2.0,5,785.0,2.0,0,0,0,6,31.311388888888885
180577,5,2.0,13,1672.0,0.0,0,0,4,6,15635.4325
180578,2,2.0,1,320.0,0.0,0,0,0,1,62.31
180620,16,4.0,36,2931.0,8.0,1,28,37,54,11356.534444444444
180727,8,5.0,8,1464.0,2.0,0,0,4,24,30840.820277777777
180739,7,2.0,6,1759.0,0.0,0,6,3,12,168763.0763888889
180816,3,2.0,2,1755.0,4.0,0,0,1,2,58.00972222222222
180861,2,2.0,1,5443.0,1.0,0,0,0,1,26058.41055555556
180873,4,2.0,4,1670.0,2.0,0,0,2,4,6542.711388888889
180921,4,2.0,6,2388.0,4.0,0,3,0,3,2284.5825
180931,6,2.0,10,2389.0,3.0,0,0,2,13,11087.225
180950,8,2.0,16,794.0,10.0,0,7,1,20,4006.5988888888887
181033,14,2.0,21,79.0,1.0,10,45,12,24,33031.78222222222
181039,2,3.0,1,1672.0,0.0,0,0,0,1,15572.206666666669
181137,7,2.0,26,437.0,20.0,0,6,6,9,141595.10805555555
181351,1,2.0,0,1754.0,5.0,0,0,0,0,1.6655555555555543
181364,12,2.0,20,1751.0,8.0,0,0,19,47,16959.452777777777
181383,5,2.0,13,2930.0,9.0,0,0,0,10,2224.596666666667
181415,3,2.0,2,552.0,4.0,0,0,0,3,446.2583333333333
181454,14,5.0,42,916.0,4.0,6,40,9,36,2459.456666666667
181559,6,2.0,13,144.0,9.0,0,0,6,9,311.84916666666663
181576,5,2.0,6,320.0,2.0,0,0,2,8,62.76083333333333
181585,4,2.0,3,553.0,3.0,0,0,1,5,5873.682222222223
181600,2,2.0,1,553.0,3.0,0,0,0,1,60.40194444444444
181692,2,5.0,3,5437.0,7.0,0,0,0,1,43.288611111111095
181808,3,2.0,3,626.0,4.0,0,0,0,3,8.13861111111111
181823,3,2.0,3,917.0,3.0,0,0,0,3,18.37833333333333
181850,5,2.0,8,921.0,0.0,0,4,0,6,13993.759166666669
181859,2,2.0,1,,0.0,0,0,0,1,162513.9125
181860,28,5.0,52,617.0,13.0,15,132,63,168,40851.06666666666
181967,2,2.0,4,365.0,0.0,0,0,0,1,2407.075555555555
181975,9,3.0,18,550.0,6.0,0,0,9,27,63945.06138888889
182051,4,5.0,10,787.0,0.0,0,3,1,2,5978.505555555555
182084,2,2.0,1,553.0,3.0,0,0,0,1,13.659444444444444
182107,10,5.0,20,2384.0,8.0,1,16,12,16,27141.97388888889
182117,8,2.0,14,,0.0,0,0,5,23,2369.7425000000003
182124,5,2.0,12,5428.0,16.0,0,0,0,10,5780.954166666665
182130,1,2.0,0,996.0,4.0,0,0,0,0,303.60805555555555
182323,10,2.0,15,353.0,25.0,0,0,22,23,200298.67
182451,8,3.0,23,2272.0,12.0,0,0,6,22,940.0077777777776
182554,7,3.0,13,646.0,3.0,0,0,0,21,50609.82916666666
182627,21,2.0,51,48.0,1.0,66,108,8,28,145266.54055555555
182771,7,6.0,7,1143.0,2.0,0,6,3,12,178522.09555555554
182914,4,4.0,3,684.0,0.0,1,4,0,1,42.21361111111111
182954,12,3.0,40,73.0,15.0,0,11,15,40,64760.8338888889
183037,6,2.0,7,331.0,0.0,0,5,1,9,158837.5836111111
183059,4,3.0,4,71.0,2.0,0,0,1,5,9926.843055555551
183120,4,2.0,3,1672.0,0.0,0,0,3,3,18281.22055555556
183156,8,2.0,18,311.0,20.0,0,0,0,28,27797.80305555556
183230,3,2.0,2,,0.0,1,2,0,0,153525.07722222223
183289,3,2.0,3,990.0,2.0,0,2,0,1,145.84
183302,3,2.0,5,567.0,4.0,0,0,0,3,409.1333333333333
183364,5,4.0,6,,0.0,0,4,4,2,174086.70694444445
183373,6,2.0,10,1753.0,6.0,0,0,0,15,9936.373055555556
183586,19,5.0,30,138.0,0.0,0,18,45,108,45353.43222222223
183639,7,5.0,12,1461.0,5.0,0,0,7,14,5587.839444444443
183683,9,2.0,30,633.0,16.0,1,14,1,20,16943.63111111111
183733,6,1.0,7,1.0,0.0,0,5,0,10,124.64055555555557
183841,10,2.0,20,24.0,5.0,0,9,18,18,179934.12416666665
183890,7,2.0,20,672.0,1.0,0,6,0,15,1647.4597222222224
183905,4,2.0,8,684.0,0.0,0,0,1,5,2293.012222222222
183999,8,2.0,13,358.0,7.0,0,0,2,26,144.1563888888889
184013,7,2.0,13,400.0,7.0,0,6,8,7,82462.3125
184182,8,6.0,16,1154.0,0.0,0,7,2,19,9523.945833333331
184207,5,5.0,5,668.0,5.0,0,0,0,10,1595.1555555555556
184228,5,1.0,9,1670.0,2.0,0,0,4,6,4689.05111111111
184244,3,2.0,4,1670.0,2.0,0,0,0,3,1072.64
184294,3,2.0,2,670.0,3.0,0,0,0,3,1585.5380555555555
184346,3,2.0,2,5438.0,6.0,0,0,0,3,5490.072222222223
184463,4,3.0,3,2284.0,0.0,0,3,0,3,173.5413888888889
184539,2,2.0,2,,0.0,0,0,1,0,160050.92027777777
184549,12,4.0,19,495.0,6.0,0,0,6,60,4223.121388888889
184613,5,2.0,11,0.0,4.0,0,4,1,5,67126.57055555556
184646,6,2.0,7,1064.0,2.0,1,8,5,1,29478.355000000003
184681,3,6.0,3,1464.0,2.0,0,0,0,3,21.22861111111111
184883,2,2.0,1,1671.0,1.0,0,1,0,0,5918.425555555556
184931,7,5.0,22,671.0,2.0,0,0,5,16,114.72472222222224
184956,2,5.0,2,54.0,2.0,0,0,0,1,65.57083333333333
185000,17,4.0,43,78.0,71.0,3,42,16,75,80774.5488888889
185073,11,5.0,12,1758.0,1.0,1,18,10,26,54062.21555555556
185202,4,2.0,3,,0.0,0,0,0,6,2161.898888888889
185270,18,2.0,34,2267.0,17.0,0,17,38,98,35778.57361111111
185272,2,3.0,1,1672.0,0.0,0,0,0,1,2783.5566666666664
185346,4,2.0,4,990.0,2.0,0,0,1,5,733.48
185493,6,4.0,12,551.0,5.0,0,0,2,13,11318.199722222222
185627,5,1.0,8,324.0,4.0,0,0,0,10,1041.8733333333332
185669,8,2.0,17,1462.0,4.0,0,0,5,23,27450.70444444444
185719,3,2.0,2,1668.0,4.0,0,0,0,3,21.124166666666667
185729,1,2.0,0,1672.0,0.0,0,0,0,0,15328.227777777778
185776,4,2.0,10,,0.0,0,3,0,3,2366.450555555556
185819,6,2.0,7,830.0,3.0,0,0,0,15,506.6775
185846,5,2.0,8,2270.0,14.0,0,0,3,7,143545.93944444443
185847,4,2.0,3,2280.0,4.0,0,0,1,5,143545.86194444445
185852,3,2.0,2,2279.0,5.0,0,0,0,3,143545.3286111111
185965,18,4.0,31,667.0,6.0,0,0,45,108,1198.7794444444444
186103,6,2.0,28,85.0,18.0,0,5,5,5,735.506388888889
186163,7,2.0,7,,0.0,0,0,4,17,2952.662222222222
186252,3,2.0,2,1672.0,0.0,0,2,0,1,7441.552777777779
186383,19,6.0,25,140.0,16.0,66,84,6,15,151578.32055555555
186516,5,2.0,11,5439.0,5.0,0,0,2,8,13769.588611111112
186549,8,2.0,24,444.0,13.0,0,7,6,15,151192.81055555557
186621,3,2.0,2,52.0,4.0,0,0,0,3,352.1741666666667
186683,2,2.0,1,1463.0,3.0,0,0,0,1,362.675
186723,4,2.0,5,0.0,3.0,0,3,0,3,500.4847222222222
186745,6,5.0,13,217.0,5.0,0,5,4,6,1548.9847222222222
186754,8,2.0,21,2387.0,5.0,0,7,2,19,1425.1269444444445
186789,41,2.0,88,88.0,6.0,36,288,274,222,23413.43388888889
186873,4,2.0,3,2280.0,4.0,0,0,0,6,354.1011111111111
186999,10,3.0,18,804.0,0.0,1,16,4,24,11402.861666666666
187066,5,2.0,5,,0.0,0,0,4,6,2907.597777777777
187117,4,2.0,9,5435.0,9.0,0,0,0,6,408.18916666666667
187301,6,2.0,12,2276.0,8.0,0,0,0,15,983.5233333333332
187303,2,4.0,3,770.0,0.0,0,0,0,1,211.01222222222225
187435,50,2.0,136,4.0,2.0,171,589,194,271,67758.57222222222
187485,3,2.0,2,1153.0,1.0,0,0,2,1,4986.728055555554
187503,9,4.0,13,2389.0,3.0,0,8,7,21,336.2572222222222
187508,24,2.0,92,174.0,43.0,10,95,44,127,59896.515
187529,1,2.0,0,1463.0,3.0,0,0,0,0,43.38805555555555
187631,12,2.0,16,2281.0,3.0,1,20,13,32,699.3355555555555
187699,3,3.0,5,1669.0,3.0,0,0,0,3,450.9427777777778
187755,3,6.0,3,1152.0,2.0,0,0,0,3,4321.565833333333
187768,19,2.0,42,40.0,10.0,6,60,42,63,53051.46194444444
188020,2,2.0,1,1154.0,0.0,0,0,0,1,7380.538055555557
188075,5,3.0,5,1671.0,1.0,0,4,5,1,244.9977777777778
188090,5,2.0,5,1152.0,2.0,0,4,1,5,4866.637500000001
188217,5,2.0,6,64.0,3.0,0,4,0,6,59044.966666666674
188374,6,2.0,11,921.0,0.0,3,9,0,3,185969.57694444444
188500,2,2.0,1,361.0,4.0,0,0,0,1,223.14444444444445
188533,4,2.0,10,1138.0,7.0,0,0,1,5,99.85805555555557
188557,19,1.0,33,59.0,13.0,0,18,62,91,22982.80444444445
188586,3,3.0,2,970.0,6.0,0,0,0,3,144.72055555555556
188598,13,4.0,19,19.0,1.0,3,30,5,40,191336.22
188640,2,2.0,1,992.0,0.0,0,0,0,1,12.629444444444443
188807,2,2.0,1,1671.0,1.0,0,0,0,1,215.90222222222224
188828,3,2.0,4,2929.0,10.0,0,0,0,3,9145.993333333334
188836,3,2.0,2,,0.0,0,0,0,3,142529.60222222222
188938,10,2.0,18,1754.0,5.0,1,16,9,19,63295.34805555555
188959,7,2.0,13,2891.0,7.0,0,6,1,14,2344.9891666666663
188967,3,5.0,7,2280.0,4.0,0,0,0,3,24.041666666666668
189097,6,2.0,8,283.0,3.0,0,0,1,14,19990.65
189102,2,4.0,1,1671.0,1.0,0,0,0,1,2665.9063888888886
189172,2,1.0,3,973.0,3.0,0,0,0,1,22.829722222222223
189225,4,2.0,7,106.0,5.0,0,0,1,5,3884.7277777777776
189229,9,2.0,29,989.0,11.0,0,0,14,22,37357.88722222222
189289,70,2.0,163,1032.0,12.0,253,1081,636,445,19295.576944444445
189295,5,5.0,4,388.0,7.0,0,0,0,10,2631.998333333333
189296,6,2.0,8,82.0,7.0,0,0,2,13,2187.946388888889
189308,31,4.0,86,2372.0,20.0,10,130,76,249,28357.36833333333
189312,3,1.0,4,57.0,4.0,0,2,0,1,609.3611111111111
189315,3,1.0,2,57.0,4.0,0,0,1,2,608.9786111111109
189316,3,1.0,2,58.0,3.0,0,0,0,3,608.7791666666667
189378,11,2.0,14,265.0,5.0,0,0,26,29,61607.96111111112
189461,40,5.0,87,2895.0,3.0,55,319,214,192,10015.129444444445
189485,11,5.0,17,0.0,3.0,3,24,13,15,40822.39361111111
189492,2,1.0,1,58.0,3.0,0,0,0,1,582.1602777777778
189495,2,1.0,1,58.0,3.0,0,0,0,1,582.13
189496,5,1.0,11,54.0,7.0,0,0,4,6,2325.589722222222
189558,4,6.0,3,1154.0,0.0,0,0,1,5,4014.524166666667
189563,4,2.0,4,1671.0,1.0,0,0,0,6,99.30111111111113
189604,3,2.0,2,2938.0,1.0,0,0,0,3,36841.249444444446
189682,4,2.0,5,1669.0,3.0,0,0,1,5,1832.9725
189719,14,2.0,29,210.0,21.0,0,0,24,67,2564.490555555556
189743,5,2.0,4,1462.0,4.0,0,0,0,10,1109.3030555555556
189839,2,2.0,4,1141.0,4.0,0,0,0,1,3.1194444444444427
189853,5,3.0,10,2277.0,7.0,0,0,2,8,766.5747222222221
189982,11,2.0,22,125.0,4.0,0,10,6,39,22518.89111111111
190020,6,2.0,40,957.0,19.0,0,0,0,15,979.3838888888888
190150,2,6.0,3,1669.0,3.0,0,0,1,0,0.646944444444444
190173,4,4.0,5,801.0,3.0,0,0,2,4,187593.22055555557
190203,4,2.0,3,1378.0,4.0,0,0,1,5,157615.4527777778
190210,3,2.0,3,1062.0,4.0,0,0,0,3,327.56972222222214
190256,9,6.0,13,1378.0,4.0,0,0,1,35,16.045277777777777
190281,7,2.0,10,2283.0,1.0,0,0,0,21,2650.4475
190395,3,4.0,4,147.0,9.0,0,0,0,3,11001.771388888888
190425,6,4.0,11,5437.0,7.0,0,0,3,12,471.9769444444445
190532,4,2.0,7,1669.0,3.0,0,0,0,6,13021.699166666664
190541,5,2.0,6,2897.0,1.0,0,0,3,7,1985.8019444444444
190557,2,2.0,1,684.0,0.0,0,0,0,1,38935.19777777777
190561,5,2.0,17,5433.0,11.0,0,0,2,8,145501.25694444444
190568,3,2.0,4,1670.0,2.0,0,0,0,3,766.4499999999999
190627,3,5.0,2,148.0,0.0,0,2,0,1,185347.44166666668
190710,5,2.0,5,,0.0,0,4,2,4,53108.36749999999
190728,4,2.0,6,1672.0,0.0,0,3,0,3,905.8713888888888
190747,4,2.0,6,1671.0,1.0,0,3,0,3,1651.5880555555557
190749,3,2.0,11,1058.0,8.0,0,0,1,2,9791.615555555556
190764,3,5.0,7,382.0,0.0,0,2,0,1,845.0027777777777
190774,10,4.0,12,,0.0,3,21,8,13,57589.69722222223
190777,5,1.0,7,1670.0,2.0,0,0,4,6,89.77055555555556
190899,4,2.0,4,1671.0,1.0,1,4,0,1,7069.417222222224
190907,7,5.0,11,999.0,1.0,0,6,2,13,615.1869444444444
191021,8,2.0,20,1457.0,9.0,0,0,7,21,1890.1113888888888
191046,19,2.0,73,0.0,7.0,6,60,46,59,57416.851388888885
191150,6,2.0,11,2281.0,3.0,0,0,3,12,314.4986111111112
191154,4,2.0,5,1154.0,0.0,0,0,3,3,58.35
191160,5,2.0,4,59.0,2.0,0,0,2,8,625.015
191169,6,3.0,5,59.0,2.0,0,0,0,15,624.4963888888889
191206,7,2.0,6,2279.0,5.0,0,0,9,12,380.0930555555556
191220,7,4.0,19,1790.0,10.0,0,0,6,15,113.4063888888889
191236,8,2.0,13,1150.0,4.0,0,0,5,23,639.9411111111111
191248,8,4.0,30,88.0,11.0,0,0,5,23,333.3886111111111
191408,4,2.0,6,1461.0,5.0,0,0,0,6,5529.609444444444
191470,4,2.0,10,11.0,3.0,0,3,0,3,20187.403611111116
191488,6,2.0,6,2283.0,1.0,0,0,1,14,7510.524444444443
191500,2,2.0,2,1670.0,2.0,0,0,0,1,602.7786111111111
191506,4,2.0,4,2898.0,0.0,0,3,0,3,337.8255555555556
191529,3,2.0,5,302.0,8.0,0,0,0,3,69.89805555555556
191541,7,2.0,12,604.0,0.0,0,0,2,19,1250.901111111111
191749,6,1.0,8,602.0,2.0,0,5,0,10,415.4241666666667
191758,6,2.0,6,986.0,6.0,0,0,2,13,434.2641666666667
191773,6,2.0,5,1664.0,8.0,0,0,4,11,15350.067777777778
191821,4,2.0,6,912.0,8.0,0,0,0,6,1742.7930555555554
191830,11,2.0,29,2380.0,12.0,1,18,7,29,26466.9375
191835,9,4.0,34,1784.0,16.0,0,0,9,27,1191.3730555555555
191910,6,1.0,11,1665.0,7.0,0,0,2,13,528.7169444444444
191992,22,3.0,36,324.0,4.0,15,96,47,73,31177.398888888885
192009,5,2.0,7,2895.0,3.0,0,0,0,10,1702.8230555555556
192170,9,2.0,24,664.0,9.0,0,8,2,26,6568.161111111111
192204,7,2.0,16,,0.0,0,0,0,21,22983.57472222222
192211,5,2.0,4,2278.0,6.0,0,0,0,10,142310.21666666667
192213,4,2.0,3,2280.0,4.0,0,0,3,3,142309.98666666666
192237,4,4.0,11,93.0,4.0,0,3,1,2,1624.9769444444446
192255,10,2.0,17,921.0,0.0,0,9,9,27,31124.36527777778
192292,2,2.0,2,2390.0,2.0,0,0,0,1,1615.2444444444443
192312,4,2.0,6,,0.0,0,3,1,2,13020.040833333334
192336,3,2.0,3,2934.0,5.0,0,0,0,3,92.24416666666669
192346,4,2.0,3,239.0,5.0,0,0,1,5,810.7844444444445
192366,6,2.0,32,,0.0,0,0,3,12,1719.676111111111
192420,5,4.0,6,1042.0,2.0,3,6,0,1,143521.69472222222
192445,3,5.0,2,1463.0,3.0,0,0,0,3,1598.8602777777778
192457,12,5.0,29,2389.0,3.0,1,20,10,35,4306.390833333333
192469,10,5.0,21,2387.0,5.0,0,9,7,29,1877.2458333333332
192718,4,2.0,3,992.0,8.0,0,0,0,6,70.56555555555556
192729,12,2.0,22,2275.0,9.0,0,11,34,21,142206.35472222223
192791,5,2.0,5,11.0,1.0,1,6,2,1,30101.94805555556
192891,7,2.0,9,2895.0,3.0,1,10,0,10,22859.256944444445
192914,21,5.0,40,2891.0,7.0,15,90,44,61,16803.194444444445
193011,13,2.0,40,242.0,21.0,0,12,2,64,9718.745277777778
193017,8,4.0,23,1789.0,11.0,0,0,7,21,150.15222222222224
193062,4,6.0,3,,0.0,0,0,0,6,1506.4969444444444
193068,9,2.0,18,20.0,7.0,0,0,10,26,451.11722222222215
193223,8,2.0,20,71.0,8.0,0,0,11,17,8608.924166666666
193246,4,2.0,7,1669.0,3.0,0,0,2,4,8179.284444444444
193271,3,2.0,2,23.0,4.0,0,0,0,3,427.31638888888887
193316,9,4.0,17,2278.0,6.0,0,8,6,22,142138.89583333334
193391,5,1.0,4,2391.0,1.0,0,4,1,5,1447.031388888889
193479,3,2.0,3,475.0,4.0,0,0,1,2,482.205
193519,4,5.0,4,1670.0,2.0,0,0,3,3,2246.7213888888887
193526,3,2.0,2,2391.0,1.0,0,0,0,3,3887.5727777777774
193586,4,5.0,7,1758.0,1.0,0,0,0,6,21.82333333333333
193623,10,2.0,20,1464.0,2.0,0,9,15,21,12358.260833333334
193625,25,2.0,83,801.0,3.0,21,126,58,95,49651.43111111112
193629,4,2.0,3,238.0,6.0,0,0,0,6,256.8438888888889
193782,5,2.0,5,983.0,9.0,0,0,0,10,415.3536111111111
193797,4,2.0,3,2280.0,4.0,0,0,0,6,142050.5388888889
193799,6,4.0,10,669.0,4.0,0,0,3,12,235.35222222222225
193802,5,2.0,9,2266.0,18.0,0,0,0,10,142049.86694444445
193803,4,2.0,5,2280.0,4.0,0,0,0,6,142049.8111111111
193863,4,2.0,11,,0.0,0,0,1,5,1582.459444444445
193933,3,2.0,3,2896.0,2.0,0,0,2,1,1364.148888888889
193966,9,4.0,22,2277.0,7.0,0,0,6,30,546.5147222222222
193977,5,2.0,9,1463.0,3.0,0,0,0,10,20265.133611111112
194042,2,2.0,1,2282.0,2.0,0,0,0,1,142014.54694444445
194095,9,2.0,10,16.0,2.0,1,14,7,14,158090.2375
194102,6,2.0,6,,0.0,0,0,2,13,9909.037777777778
194184,7,4.0,11,1669.0,3.0,0,0,3,18,1321.1825
194185,2,5.0,1,1671.0,1.0,0,0,0,1,2223.739444444445
194227,6,2.0,6,985.0,7.0,0,0,1,14,27.104166666666664
194234,3,2.0,2,1669.0,3.0,0,0,0,3,2134.471666666667
194241,4,2.0,3,1667.0,5.0,0,0,0,6,4314.736666666667
194266,4,3.0,3,188.0,7.0,0,0,1,5,46.115
194281,6,2.0,7,982.0,10.0,0,5,0,10,643.7652777777778
194287,4,2.0,5,1670.0,2.0,0,0,0,6,1125.605277777778
194334,2,2.0,2,20.0,7.0,0,0,1,0,116.4597222222222
194340,2,1.0,1,76.0,4.0,0,0,0,1,6300.9575
194383,2,2.0,1,1672.0,0.0,0,0,0,1,7590.286944444444
194402,10,5.0,20,1790.0,10.0,0,0,13,32,1154.1427777777778
194412,4,2.0,5,2284.0,0.0,0,0,2,4,482.15055555555546
194473,4,3.0,4,1154.0,0.0,0,3,0,3,18441.661111111112
194493,10,5.0,16,668.0,5.0,1,16,3,25,65.82083333333333
194528,4,2.0,5,56.0,5.0,0,0,0,6,50.23694444444445
194554,1,2.0,0,1151.0,3.0,0,0,0,0,3.583333333333332
194721,3,2.0,2,148.0,0.0,0,2,0,1,2116.501944444444
194773,6,2.0,11,51.0,10.0,0,0,1,14,891.2019444444445
194780,5,2.0,5,58.0,3.0,0,0,0,10,890.7024999999998
194804,4,2.0,7,,0.0,0,3,0,3,8516.704166666666
194821,6,2.0,21,2284.0,0.0,0,0,6,9,191.17388888888888
194834,9,2.0,27,,0.0,0,0,3,33,146038.3397222222
194913,7,2.0,11,1062.0,4.0,0,6,7,8,42237.91916666667
194954,5,2.0,8,987.0,5.0,0,0,0,10,47.48916666666666
194968,6,2.0,11,2274.0,10.0,0,0,1,14,141864.1391666667
194977,4,2.0,4,2279.0,5.0,0,0,0,6,141863.42055555555
194980,4,2.0,5,241.0,3.0,0,0,0,6,141863.2161111111
195000,2,4.0,1,2898.0,0.0,0,1,0,0,1150.8649999999998
195030,6,2.0,5,5.0,1.0,1,8,2,4,80705.7075
195108,6,2.0,8,57.0,4.0,0,0,1,14,123.5922222222222
195153,4,2.0,5,1756.0,3.0,0,0,0,6,390.1188888888888
195172,1,2.0,0,1667.0,5.0,0,0,0,0,1625.6902777777775
195388,5,2.0,6,313.0,3.0,0,0,4,6,7668.36138888889
195481,5,2.0,18,221.0,10.0,0,0,0,10,1267.674166666667
195502,5,3.0,5,,0.0,0,0,0,10,1333.6783333333333
195512,4,2.0,6,988.0,4.0,0,0,0,6,1169.2588888888888
195555,4,2.0,5,989.0,3.0,0,0,0,6,1719.3394444444446
195598,33,2.0,65,2387.0,5.0,15,162,235,116,4427.81472222222
195716,16,2.0,33,421.0,4.0,21,63,19,17,172273.8927777778
195905,7,2.0,17,5434.0,10.0,0,6,5,10,5266.947777777777
195926,2,4.0,2,,0.0,0,1,0,0,3.5638888888888878
195955,1,3.0,0,191.0,4.0,0,0,0,0,15.537777777777778
195956,8,4.0,22,1140.0,5.0,1,12,4,11,1564.3269444444445
195992,8,2.0,13,388.0,3.0,0,7,6,15,833.6522222222222
196008,5,5.0,8,997.0,3.0,0,4,1,5,24.31638888888889
196072,3,3.0,5,97.0,0.0,0,0,0,3,4.8933333333333335
196078,23,3.0,35,0.0,5.0,28,120,42,63,196524.56972222225
196080,3,2.0,2,1153.0,1.0,0,0,2,1,33.39861111111111
196094,7,5.0,13,5440.0,4.0,0,0,0,21,360.25638888888886
196130,4,2.0,4,316.0,4.0,0,0,1,5,21.42388888888889
196175,31,2.0,51,43.0,8.0,78,234,68,85,130485.62
196265,3,2.0,4,1671.0,1.0,0,0,2,1,647.1319444444445
196286,4,2.0,8,1140.0,5.0,0,0,2,4,7646.740555555556
196287,5,3.0,4,390.0,5.0,0,0,4,6,738.1474999999999
196317,4,2.0,8,982.0,10.0,0,0,1,5,287.8038888888889
196380,5,2.0,22,963.0,13.0,0,0,0,10,11017.478611111112
196388,5,5.0,6,242.0,2.0,0,0,0,10,167.11861111111114
196506,9,2.0,14,604.0,0.0,0,0,4,32,255.04083333333332
196515,4,4.0,5,,0.0,0,0,2,4,9490.91222222222
196584,18,4.0,31,421.0,4.0,28,80,27,18,171735.26444444447
196650,4,2.0,3,920.0,0.0,0,3,2,1,194574.32277777776
196653,5,3.0,6,,0.0,3,6,1,0,73761.26138888889
196662,3,2.0,2,76.0,3.0,0,0,1,2,23.7675
196716,2,2.0,1,2898.0,0.0,0,0,1,0,845.1066666666668
196735,4,3.0,13,50.0,20.0,0,0,1,5,843.558888888889
196791,2,2.0,1,1154.0,0.0,0,0,1,0,90.66
196915,6,2.0,6,658.0,2.0,0,5,5,5,2348.007222222222
197024,4,2.0,5,1670.0,2.0,0,0,3,3,517.833611111111
197065,7,2.0,14,2385.0,7.0,0,6,1,14,580.3036111111112
197084,4,2.0,4,983.0,9.0,0,0,0,6,353.445
197106,4,2.0,3,1668.0,4.0,0,0,0,6,1651.66
197108,4,2.0,3,1668.0,4.0,0,0,0,6,3832.255277777778
197120,4,2.0,3,1381.0,1.0,0,0,1,5,156442.11388888888
197127,4,2.0,5,323.0,11.0,0,0,0,6,357.67
197263,12,2.0,20,124.0,5.0,0,11,12,43,29923.099999999995
197341,20,2.0,42,,0.0,3,51,26,110,27803.829722222217
197446,3,2.0,5,992.0,0.0,0,0,1,2,458.0561111111112
197474,12,2.0,58,166.0,29.0,0,0,31,35,165136.5088888889
197581,9,2.0,24,2935.0,4.0,0,0,4,32,42359.04805555556
197649,16,2.0,25,47.0,4.0,15,60,27,18,141357.07083333333
197667,5,2.0,8,1206.0,2.0,0,0,2,8,7882.125
197781,7,1.0,21,45.0,2.0,0,0,0,21,17498.46722222222
197853,3,2.0,2,1187.0,1.0,0,0,0,3,22.835833333333333
197855,10,5.0,19,2891.0,7.0,0,0,6,39,239.2194444444445
197975,2,4.0,1,2897.0,1.0,0,0,0,1,166.42777777777778
198062,14,2.0,20,2389.0,3.0,3,33,6,49,25084.49472222222
198090,9,3.0,12,0.0,4.0,0,8,12,16,195285.3738888889
198154,3,3.0,2,500.0,1.0,0,0,1,2,134456.50166666668
198276,5,2.0,17,387.0,8.0,0,0,0,10,129.04944444444445
198346,6,2.0,14,5435.0,9.0,0,5,6,4,12791.18722222222
198408,10,2.0,18,,0.0,0,9,9,27,140512.78999999998
198435,7,2.0,7,5438.0,6.0,0,0,4,17,14486.415
198479,3,4.0,3,2390.0,2.0,0,0,0,3,999.6461111111108
198490,3,2.0,4,973.0,3.0,0,0,0,3,355.6786111111111
198515,9,2.0,45,366.0,29.0,0,8,5,23,4173.569722222223
198533,14,2.0,79,170.0,20.0,0,0,9,82,137443.5
198538,3,2.0,3,1670.0,2.0,0,0,0,3,2226.802777777778
198546,6,2.0,8,593.0,11.0,0,0,5,10,1258.8336111111112
198548,4,2.0,3,1671.0,1.0,0,0,0,6,9098.621388888889
198598,6,2.0,18,304.0,27.0,0,5,3,7,199116.1663888889
198614,2,4.0,1,1671.0,1.0,0,1,0,0,1087.0072222222225
198626,12,2.0,17,4.0,1.0,1,20,28,17,120052.3202777778
198660,11,4.0,31,1014.0,7.0,0,10,9,36,1411.2405555555556
198676,2,2.0,1,2936.0,3.0,0,0,0,1,14.930277777777777
198802,7,2.0,14,0.0,3.0,0,6,5,10,32280.47638888889
198823,6,2.0,9,1668.0,4.0,0,0,2,13,7284.110000000001
198829,12,6.0,24,36.0,8.0,0,11,41,14,103.8438888888889
198843,5,1.0,7,1670.0,2.0,0,4,5,1,324.79833333333335
198859,6,4.0,9,13.0,2.0,0,0,12,3,198588.00583333336
198895,5,2.0,4,2935.0,4.0,0,0,0,10,423.2191666666666
198936,17,2.0,38,26.0,11.0,3,42,59,32,40410.39388888889
198964,28,2.0,48,11.0,14.0,10,115,179,74,80374.20249999998
198995,2,2.0,3,,0.0,0,0,0,1,31.056388888888883
199033,3,2.0,2,,0.0,0,0,0,3,1.885555555555555
199060,5,2.0,6,2271.0,13.0,0,0,0,10,141212.9438888889
199067,7,2.0,12,1670.0,2.0,0,0,2,19,1205.9225
199068,7,2.0,13,1670.0,2.0,0,0,4,17,2159.970277777778
199101,4,3.0,3,,0.0,0,0,2,4,165855.36666666667
199107,5,4.0,5,2391.0,1.0,0,0,1,9,332.0025
199159,27,6.0,81,2373.0,19.0,3,72,127,149,3819.9216666666666
199163,4,2.0,3,987.0,5.0,0,0,0,6,184.34944444444443
199171,4,2.0,4,2898.0,0.0,0,0,0,6,381.4886111111112
199201,7,4.0,9,1670.0,2.0,0,0,11,10,2114.958333333333
199234,4,2.0,6,1671.0,1.0,0,0,2,4,331.7319444444444
199289,9,2.0,12,2389.0,3.0,1,14,16,5,885.7527777777777
199310,4,2.0,3,2934.0,5.0,0,0,0,6,6.428333333333333
199399,3,2.0,3,,0.0,0,0,0,3,642.5561111111111
199425,5,2.0,7,1798.0,2.0,0,0,1,9,137.48472222222222
199430,10,4.0,19,,0.0,6,24,3,12,141885.06305555557
199507,5,2.0,10,564.0,7.0,0,4,4,2,7964.241944444444
199567,5,2.0,6,128.0,3.0,0,0,0,10,328.5233333333333
199607,7,5.0,15,2386.0,6.0,0,0,5,16,366.2341666666666
199692,17,2.0,64,1.0,14.0,1,30,25,80,46129.015555555554
199704,3,2.0,2,304.0,6.0,0,0,0,3,102.21444444444444
199705,4,2.0,5,386.0,5.0,0,0,0,6,449.3930555555555
199737,8,2.0,19,1150.0,4.0,0,0,4,24,141116.41666666666
199756,9,5.0,14,73.0,6.0,0,0,20,16,59.39055555555554
199791,4,3.0,4,1670.0,2.0,0,0,3,3,3329.6966666666667
199819,22,2.0,60,324.0,4.0,28,112,50,41,9454.470277777778
199830,2,2.0,1,1671.0,1.0,0,0,0,1,232.80444444444447
199897,9,2.0,19,2385.0,7.0,1,14,1,20,1167.5144444444445
199927,4,2.0,4,1145.0,9.0,0,0,0,6,141058.97055555557
200094,2,2.0,2,1145.0,0.0,0,0,0,1,16.575277777777778
200097,3,3.0,3,1670.0,2.0,0,0,0,3,1957.5275
200142,4,2.0,11,5.0,8.0,0,3,2,1,20441.31194444445
200188,3,2.0,4,1670.0,2.0,0,0,0,3,1946.2175
200278,4,2.0,4,1670.0,2.0,0,0,2,4,1156.128888888889
200373,5,5.0,11,563.0,8.0,0,4,1,5,10531.342222222222
200413,3,2.0,2,1671.0,1.0,0,0,0,3,3308.3822222222225
200479,2,2.0,1,2392.0,0.0,0,0,0,1,1667.0719444444444
200498,21,5.0,43,224.0,7.0,6,68,45,91,16609.56
200568,3,2.0,2,2894.0,4.0,0,0,0,3,158.7313888888889
200591,3,2.0,6,1667.0,5.0,0,0,0,3,472.7458333333334
200680,3,2.0,4,983.0,9.0,0,0,0,3,163.9391666666667
200689,4,2.0,11,,0.0,1,4,0,1,125.54916666666664
200735,3,2.0,4,1149.0,5.0,0,0,0,3,909.6525
200745,8,2.0,9,912.0,8.0,0,0,9,19,472.79638888888894
200881,2,2.0,1,207.0,4.0,0,0,0,1,2.347777777777776
200976,3,2.0,4,2895.0,3.0,0,2,0,1,450.85138888888895
201147,1,2.0,0,2392.0,0.0,0,0,0,0,351.02166666666665
201198,22,2.0,69,2388.0,4.0,36,117,47,31,17431.62638888889
201207,6,2.0,10,924.0,5.0,1,8,0,6,147.87972222222223
201250,5,5.0,8,1463.0,3.0,0,0,0,10,146.09583333333333
201257,4,2.0,4,499.0,2.0,0,0,1,5,45.40361111111111
201288,8,4.0,36,5424.0,20.0,0,7,7,14,494.7036111111112
201307,76,2.0,161,,0.0,406,1363,739,342,167001.18305555556
201323,6,5.0,7,2936.0,3.0,0,0,2,13,320.2077777777778
201324,3,1.0,3,1670.0,2.0,0,0,0,3,1765.2533333333336
201355,5,1.0,6,4.0,3.0,0,0,4,6,220.8355555555556
201400,3,2.0,4,498.0,3.0,0,0,0,3,53.379444444444445
201442,10,2.0,16,2385.0,7.0,0,9,6,30,1091.361388888889
201493,4,2.0,5,11.0,2.0,0,0,3,3,608.5930555555556
201504,2,3.0,1,1671.0,1.0,0,0,0,1,3126.402222222222
201560,3,2.0,8,497.0,4.0,0,0,0,3,118.45666666666668
201581,33,2.0,83,420.0,5.0,171,266,36,55,139620.5263888889
201596,2,1.0,2,1461.0,5.0,0,0,0,1,138.5863888888889
201624,3,2.0,3,1151.0,3.0,0,0,0,3,744.9872222222223
201663,10,6.0,17,1796.0,4.0,3,21,8,13,406.81555555555553
201743,7,2.0,13,77.0,6.0,1,10,3,7,4838.628333333334
201777,2,2.0,1,5439.0,5.0,0,0,0,1,222.39277777777775
201801,6,4.0,7,804.0,0.0,0,0,4,11,4825.653611111111
201822,14,5.0,26,1150.0,4.0,1,24,24,42,87.8438888888889
201996,8,2.0,17,1147.0,7.0,0,0,0,28,674.8433333333334
202142,4,6.0,3,,0.0,0,0,3,3,1.371944444444443
202157,12,2.0,17,46.0,5.0,3,27,6,30,29230.07861111111
202180,3,2.0,2,1154.0,0.0,0,0,0,3,646.9155555555556
202206,7,4.0,14,1671.0,1.0,0,0,10,11,62.875
202251,47,2.0,133,13.0,4.0,120,496,269,196,149887.37305555554
202346,5,5.0,9,5439.0,5.0,0,0,0,10,767.5947222222222
202391,3,1.0,6,227.0,4.0,0,0,0,3,142.13416666666666
202393,5,2.0,4,223.0,8.0,0,0,1,9,2212.0488888888885
202506,4,2.0,21,5428.0,16.0,0,3,0,3,90.97555555555556
202636,3,2.0,8,30.0,8.0,0,0,0,3,7106.849444444445
202644,3,3.0,4,1669.0,3.0,0,0,0,3,1519.89
202717,2,2.0,2,5441.0,3.0,0,0,0,1,9.009444444444444
202868,5,2.0,5,301.0,1.0,0,0,6,4,1751.976666666667
202906,5,2.0,8,5436.0,8.0,0,0,4,6,16308.428333333331
203077,21,1.0,45,326.0,2.0,3,54,86,67,9857.57527777778
203086,12,2.0,20,2389.0,3.0,1,20,14,31,9102.675833333333
203114,2,2.0,1,1669.0,3.0,0,0,0,1,2.7305555555555543
203137,10,2.0,34,295.0,7.0,0,0,19,26,3460.438888888889
203170,5,2.0,4,1149.0,5.0,0,0,1,9,179.28555555555556
203254,1,2.0,0,1672.0,0.0,0,0,0,0,699.0127777777778
203264,6,2.0,15,1058.0,8.0,0,0,10,5,38242.05944444444
203303,3,2.0,2,,0.0,0,0,1,2,148274.99722222224
203365,3,2.0,7,496.0,5.0,0,0,0,3,335.4141666666667
203439,12,2.0,20,2389.0,3.0,1,20,11,34,13987.583055555557
203482,4,2.0,4,2390.0,2.0,0,0,0,6,802.7722222222221
203848,3,2.0,2,1668.0,4.0,0,0,0,3,2679.6675
203927,84,2.0,203,1027.0,17.0,1275,1683,303,225,52388.86944444444
203992,12,2.0,26,224.0,7.0,0,11,31,24,838.5233333333333
204028,3,2.0,2,1669.0,3.0,0,0,0,3,465.5997222222224
204072,4,3.0,6,969.0,7.0,0,0,0,6,30.23333333333333
204186,7,2.0,11,2276.0,8.0,0,0,0,21,140288.43166666664
204285,36,2.0,70,26.0,1.0,91,308,148,83,146801.7527777778
204341,2,2.0,3,1669.0,3.0,0,0,0,1,676.5663888888889
204347,2,4.0,2,1670.0,2.0,0,0,1,0,2482.6736111111104
204348,5,2.0,5,1670.0,2.0,0,0,3,7,6282.162499999999
204386,2,2.0,2,971.0,5.0,0,0,0,1,1787.3216666666667
204389,1,2.0,0,1463.0,3.0,0,0,0,0,462.77138888888896
204405,1,1.0,0,1463.0,3.0,0,0,0,0,459.0283333333334
204411,5,2.0,8,1672.0,0.0,0,0,2,8,18231.0125
204475,3,2.0,4,1670.0,2.0,0,2,0,1,2526.136111111111
204532,3,1.0,5,4.0,3.0,0,0,0,3,509.8566666666667
204572,4,2.0,3,1669.0,3.0,0,0,1,5,2527.1625000000004
204647,3,2.0,2,919.0,1.0,0,0,0,3,35.65
204680,3,2.0,2,151.0,2.0,0,0,1,2,1342.247777777778
204740,7,6.0,15,653.0,7.0,0,0,3,18,168.1975
204777,7,2.0,25,2269.0,15.0,0,0,0,21,889.8922222222222
204839,8,2.0,20,73.0,8.0,0,7,8,13,16924.33611111111
204882,10,6.0,26,23.0,2.0,0,0,21,24,98.36
204942,5,2.0,5,1672.0,0.0,0,4,0,6,12215.006666666666
204944,13,2.0,24,300.0,7.0,1,22,23,32,140135.33416666667
205055,5,2.0,5,23.0,2.0,0,0,1,9,434.2541666666667
205150,2,3.0,1,1671.0,1.0,0,1,0,0,2327.31
205202,16,2.0,64,625.0,24.0,1,28,56,35,141010.22722222222
205358,3,1.0,2,1463.0,3.0,0,0,0,3,5191.263055555556
205363,2,1.0,1,1463.0,3.0,0,0,0,1,268.15333333333336
205366,2,1.0,1,1463.0,3.0,0,0,0,1,268.0283333333334
205564,7,4.0,6,226.0,1.0,0,6,2,13,137388.115
205575,2,2.0,1,2934.0,5.0,0,0,0,1,22.85194444444445
205647,13,2.0,16,1154.0,0.0,3,30,30,15,6540.685833333333
205668,6,5.0,17,986.0,6.0,1,8,0,6,347.59944444444443
205690,3,2.0,3,921.0,0.0,0,0,2,1,5909.799166666667
205716,1,2.0,0,,0.0,0,0,0,0,478.8636111111112
205717,5,2.0,6,2.0,3.0,0,4,4,2,166291.27305555553
205792,3,2.0,11,1667.0,5.0,0,2,0,1,900.8972222222224
205817,6,6.0,15,2889.0,9.0,0,0,0,15,8.715277777777777
205845,7,2.0,11,920.0,0.0,1,10,1,9,29001.69138888889
205865,11,2.0,11,87.0,5.0,0,0,19,36,523.8186111111111
205946,9,3.0,11,,0.0,0,8,23,5,193790.5825
205974,13,1.0,21,1152.0,2.0,1,22,9,46,12995.939444444444
206000,9,2.0,20,,0.0,1,14,13,8,59547.62861111111
206003,2,2.0,1,1671.0,1.0,0,0,0,1,2255.1175
206029,28,4.0,66,1150.0,4.0,15,132,123,108,7155.389444444445
206066,2,2.0,2,1670.0,2.0,0,0,0,1,588.7583333333333
206080,4,2.0,5,1063.0,3.0,0,0,1,5,4444.789722222223
206177,2,3.0,1,1671.0,1.0,0,0,0,1,2213.974444444445
206178,3,1.0,2,1671.0,1.0,0,0,0,3,2213.8708333333334
206257,6,2.0,8,,0.0,0,0,8,7,1488.502222222222
206353,7,2.0,13,1757.0,2.0,0,0,0,21,20835.66972222222
206376,5,2.0,15,2279.0,5.0,0,4,2,4,9551.367777777778
206408,81,4.0,274,986.0,58.0,1485,1430,236,89,58307.23999999999
206448,5,3.0,7,31.0,3.0,0,0,3,7,55452.25916666667
206530,5,5.0,13,2895.0,3.0,0,0,2,8,65.72166666666666
206561,12,5.0,23,2387.0,5.0,0,11,1,54,50231.99861111112
206639,3,2.0,2,1669.0,3.0,0,0,0,3,2154.720277777778
206659,10,3.0,24,0.0,4.0,6,24,4,11,92447.50999999998
206682,6,2.0,11,2914.0,25.0,0,0,0,15,484.7702777777779
206762,5,2.0,4,987.0,5.0,0,0,0,10,174.50666666666666
206775,5,4.0,6,921.0,0.0,0,0,3,7,564.4933333333335
206803,11,2.0,25,552.0,5.0,0,0,26,29,15916.385555555556
206853,7,3.0,10,305.0,2.0,0,0,7,14,99971.58722222224
206859,11,4.0,20,672.0,1.0,0,0,5,50,10223.819444444443
206901,3,2.0,7,978.0,14.0,0,0,0,3,500.4272222222222
206905,4,2.0,4,1670.0,2.0,0,0,0,6,7737.346944444444
206915,3,3.0,3,1670.0,2.0,0,0,0,3,701.5233333333333
206917,7,4.0,8,1152.0,2.0,0,0,0,21,143.40055555555557
206937,10,5.0,24,5437.0,7.0,1,16,14,14,9720.384444444444
206990,5,2.0,8,1800.0,0.0,0,4,3,3,5685.883055555556
207156,29,5.0,168,3.0,42.0,78,208,71,49,99460.45305555555
207182,2,2.0,4,1668.0,4.0,0,0,0,1,3334.735277777778
207195,5,2.0,14,1056.0,10.0,0,4,0,6,28161.248888888887
207266,2,2.0,1,684.0,0.0,0,1,0,0,1083.8969444444444
207298,6,2.0,24,1143.0,2.0,0,0,0,15,5607.738055555556
207306,5,3.0,8,23.0,3.0,0,0,1,9,16920.526388888888
207309,2,1.0,1,1462.0,4.0,0,0,0,1,12931.33861111111
207327,4,2.0,7,1203.0,5.0,0,0,0,6,24177.460000000003
207349,2,1.0,1,1671.0,1.0,0,0,0,1,1977.7741666666664
207436,3,2.0,4,1672.0,0.0,0,0,0,3,5725.596388888889
207477,6,2.0,17,2386.0,6.0,0,5,0,10,1429.4163888888888
207486,8,2.0,8,2280.0,4.0,0,0,6,22,139640.615
207487,6,2.0,8,2275.0,9.0,0,0,2,13,139640.5313888889
207558,6,2.0,5,2892.0,6.0,0,0,5,10,290.53527777777776
207822,1,2.0,0,2936.0,3.0,0,0,0,0,17.593888888888888
207834,5,4.0,4,1672.0,0.0,1,6,2,1,13964.948055555556
207949,9,2.0,34,1044.0,22.0,0,8,11,17,4515.771666666664
208004,2,2.0,5,2930.0,9.0,0,0,0,1,413.2986111111111
208172,5,2.0,32,351.0,14.0,0,0,3,7,24774.405277777776
208190,4,2.0,8,2925.0,14.0,0,0,0,6,59113.41972222221
208309,10,2.0,57,46.0,34.0,0,0,19,26,78783.16333333334
208318,5,2.0,4,987.0,5.0,0,0,2,8,23.39666666666667
208376,3,3.0,3,1671.0,1.0,0,2,0,1,1791.3377777777778
208386,10,2.0,14,,0.0,10,25,3,7,59079.20111111111
208427,18,3.0,31,10.0,1.0,15,72,48,18,198125.44527777776
208555,18,5.0,32,0.0,1.0,3,45,70,35,34030.52611111111
208683,7,3.0,8,305.0,2.0,0,6,1,14,7317.746944444445
208781,5,2.0,5,2280.0,4.0,0,0,0,10,139376.08472222224
208789,12,4.0,16,47.0,4.0,1,20,27,18,173459.3225
208842,3,2.0,3,985.0,7.0,0,0,0,3,187.87194444444444
208843,18,5.0,42,910.0,10.0,0,0,53,100,24102.29583333333
208870,3,2.0,6,2934.0,5.0,0,0,0,3,20.551666666666662
208923,88,2.0,140,17.0,1.0,861,1932,673,362,147439.64944444445
208927,3,2.0,2,2392.0,0.0,0,2,0,1,2306.4213888888894
209033,12,4.0,30,2891.0,7.0,0,11,10,45,1117.9780555555556
209087,3,2.0,3,550.0,6.0,0,0,0,3,58.59722222222223
209093,2,2.0,1,153.0,0.0,0,0,0,1,154249.68555555557
209097,13,1.0,34,116.0,13.0,1,22,21,34,13537.103055555555
209104,3,2.0,6,1149.0,5.0,0,0,0,3,537.7327777777778
209107,1,2.0,0,1672.0,0.0,0,0,0,0,3831.986944444444
209189,16,5.0,74,160.0,30.0,10,55,11,44,107456.67055555557
209242,13,2.0,21,5438.0,6.0,3,30,21,24,9570.755277777778
209352,6,4.0,6,2391.0,1.0,0,0,6,9,6554.873333333333
209494,2,2.0,1,553.0,3.0,0,0,0,1,0.5724999999999985
209503,11,2.0,16,921.0,0.0,0,10,23,22,28042.08583333333
209524,3,2.0,3,1670.0,2.0,0,0,0,3,133.60277777777776
209607,3,2.0,3,,0.0,0,0,0,3,124046.86250000002
209679,5,2.0,5,1374.0,8.0,0,0,0,10,6358.705555555555
209717,4,2.0,4,378.0,0.0,0,0,0,6,981.854722222222
209753,4,4.0,3,80.0,2.0,0,0,1,5,148347.65694444446
209807,5,2.0,9,5439.0,5.0,0,4,0,6,5911.7891666666665
209866,4,3.0,4,553.0,3.0,0,0,0,6,573.0563888888889
209884,4,2.0,4,,0.0,0,0,0,6,211.69166666666663
209972,8,2.0,12,1128.0,17.0,0,0,0,28,766.748611111111
210001,4,2.0,12,5434.0,10.0,0,3,2,1,4869.736666666667
210117,2,2.0,1,2897.0,1.0,0,1,0,0,2.788055555555553
210132,4,3.0,6,2392.0,0.0,0,0,4,2,11347.2675
210141,2,2.0,3,1756.0,3.0,0,0,0,1,98.06666666666666
210148,18,2.0,50,43.0,9.0,10,65,33,45,155694.58583333332
210160,2,2.0,1,601.0,3.0,0,0,0,1,418.4488888888889
210164,12,3.0,21,,0.0,0,11,19,36,137215.01722222223
210222,3,3.0,5,1062.0,4.0,0,2,0,1,7377.317500000001
210247,3,4.0,3,1463.0,3.0,0,0,0,3,7441.540833333333
210269,20,5.0,82,2365.0,27.0,1,36,22,131,40004.79194444445
210284,2,2.0,2,1672.0,0.0,0,1,0,0,3644.718333333333
210286,2,2.0,3,1672.0,0.0,0,0,0,1,5398.116388888889
210443,3,2.0,2,1755.0,4.0,0,0,0,3,4.123333333333331
210658,16,4.0,22,12.0,3.0,21,63,22,14,168952.93833333335
210744,6,2.0,16,1657.0,15.0,0,5,0,10,1717.5147222222222
211030,5,2.0,20,,0.0,0,0,0,10,206.16944444444448
211116,2,2.0,1,1463.0,3.0,0,0,0,1,28.35472222222222
211120,3,2.0,2,920.0,1.0,0,0,0,3,5569.798333333334
211195,3,2.0,3,5440.0,4.0,0,0,0,3,68.4825
211270,3,3.0,2,1463.0,3.0,0,0,0,3,578.1163888888889
211271,2,3.0,1,1463.0,3.0,0,0,0,1,57.74194444444446
211272,3,3.0,6,281.0,5.0,0,0,0,3,46438.1536111111
211281,2,1.0,1,1463.0,3.0,0,0,0,1,2.606388888888888
211360,6,2.0,5,496.0,5.0,0,0,0,15,19.301388888888887
211461,6,2.0,10,1671.0,1.0,0,5,4,6,12356.387777777778
211518,2,2.0,1,1671.0,1.0,0,0,0,1,1125.0905555555555
211587,6,4.0,13,2895.0,3.0,0,5,6,4,4584.693333333334
211729,6,6.0,11,1141.0,4.0,0,0,5,10,477.93611111111113
211748,2,2.0,1,1672.0,0.0,0,0,0,1,2759.1230555555558
211846,6,2.0,13,2277.0,7.0,0,0,1,14,63.42138888888889
211852,2,4.0,10,2274.0,10.0,0,0,0,1,424.9472222222222
211992,4,2.0,4,569.0,2.0,0,0,3,3,20.185
212000,11,2.0,18,921.0,0.0,10,30,7,8,27516.554722222227
212005,5,2.0,5,,0.0,1,6,2,1,63652.04972222222
212090,5,2.0,4,227.0,4.0,0,0,0,10,79.08805555555556
212272,3,2.0,2,598.0,6.0,0,0,0,3,94.50361111111113
212273,14,3.0,19,,0.0,1,24,34,32,168969.95222222223
212316,13,5.0,47,173.0,22.0,1,22,7,48,50877.87027777778
212366,14,2.0,43,2351.0,41.0,0,0,14,77,7017.456111111112
212376,7,2.0,9,2391.0,1.0,0,6,0,15,8022.165833333334
212439,5,2.0,8,1140.0,5.0,0,0,1,9,143.61583333333334
212478,7,2.0,23,,0.0,3,12,0,6,161453.94055555557
212509,9,6.0,28,1154.0,0.0,0,8,8,20,410.3025
212532,2,2.0,2,556.0,0.0,0,0,0,1,0.4288888888888872
212556,19,2.0,27,1151.0,3.0,6,60,40,65,2397.131944444445
212626,3,4.0,3,2282.0,2.0,0,0,0,3,242.9088888888889
212641,8,2.0,8,2279.0,5.0,0,0,6,22,5562.015
212682,1,2.0,0,553.0,4.0,0,0,0,0,1.1216666666666666
212710,2,6.0,2,921.0,0.0,0,0,1,0,9.885555555555555
212747,9,2.0,12,1670.0,2.0,0,8,9,19,8265.076944444445
212779,30,3.0,60,40.0,4.0,28,176,164,67,19102.216666666667
212798,7,2.0,6,2897.0,1.0,0,6,2,13,7992.560833333334
212831,20,3.0,52,,0.0,3,51,43,93,184830.76666666663
212892,1,2.0,0,226.0,2.0,0,0,0,0,471.7572222222223
213004,13,3.0,34,10.0,18.0,0,12,15,51,81735.87027777778
213037,2,3.0,2,1670.0,2.0,0,1,0,0,762.3641666666668
213097,3,2.0,3,1672.0,0.0,0,0,2,1,763.4969444444445
213101,2,2.0,1,493.0,8.0,0,0,0,1,66.30111111111111
213103,4,2.0,8,2387.0,5.0,0,3,0,3,596.8047222222222
213117,18,2.0,58,587.0,19.0,1,32,30,90,63386.22888888889
213163,18,2.0,45,0.0,6.0,6,56,37,54,40154.45388888889
213186,18,1.0,53,301.0,15.0,15,72,22,44,27232.61277777778
213228,8,2.0,10,74.0,6.0,0,7,8,13,18281.66888888889
213333,2,2.0,2,2935.0,4.0,0,0,0,1,5.86361111111111
213344,2,4.0,1,2898.0,0.0,0,1,0,0,138.9297222222222
213394,11,2.0,14,3.0,0.0,3,24,16,12,6047.27111111111
213415,12,2.0,11,2.0,1.0,1,20,35,10,132093.1963888889
213494,3,3.0,4,1672.0,0.0,0,2,0,1,61930.801388888896
213512,5,2.0,10,192.0,6.0,0,4,0,6,1204.092777777778
213611,3,2.0,3,34.0,2.0,0,0,0,3,11.303333333333333
213620,2,2.0,1,2391.0,1.0,0,0,0,1,2.218888888888889
213628,7,5.0,7,,0.0,0,0,14,7,29322.236111111117
213782,4,2.0,4,1670.0,2.0,0,3,2,1,1920.092222222222
213881,5,2.0,7,381.0,1.0,0,4,0,6,172.1486111111111
213915,10,2.0,17,23.0,6.0,0,9,27,9,97354.04611111112
213922,6,2.0,9,,0.0,0,0,5,10,6934.356666666667
213945,109,3.0,224,26.0,11.0,2278,2788,540,280,171829.38138888887
213946,8,3.0,30,,0.0,0,0,11,17,170778.09805555554
214256,5,2.0,6,1672.0,0.0,0,4,0,6,16297.729722222222
214306,16,2.0,35,1150.0,4.0,10,55,7,48,14092.338055555556
214373,10,4.0,17,1149.0,5.0,0,9,5,31,138165.14833333332
214405,12,2.0,29,13.0,7.0,3,27,11,25,54012.258888888886
214548,17,2.0,49,0.0,8.0,10,60,25,41,116322.74611111112
214591,2,1.0,1,1671.0,1.0,0,0,1,0,527.6041666666666
214719,5,3.0,5,1154.0,0.0,0,0,4,6,1431.263611111111
214843,7,3.0,22,61.0,10.0,0,0,2,19,10937.54888888889
214874,12,4.0,22,5439.0,5.0,1,20,19,26,143851.01777777777
214985,6,2.0,16,320.0,8.0,0,0,0,15,32009.63444444444
215042,6,2.0,14,5438.0,6.0,1,8,0,6,979.3811111111108
215055,52,5.0,154,2384.0,8.0,136,595,330,265,65797.99694444444
215072,3,2.0,3,592.0,2.0,0,0,2,1,177938.5363888889
215083,34,2.0,109,86.0,25.0,21,189,211,140,131527.2852777778
215159,3,2.0,4,2389.0,3.0,0,0,0,3,216.61416666666665
215405,79,4.0,170,6.0,9.0,780,1560,305,436,168088.0975
215567,4,2.0,13,2385.0,7.0,0,0,2,4,4976.9369444444455
215590,4,3.0,9,149.0,7.0,0,0,2,4,3881.45
215598,2,2.0,4,,0.0,0,1,0,0,65.71305555555556
215730,3,3.0,2,1671.0,1.0,0,0,0,3,193.83166666666665
215771,10,2.0,15,1150.0,4.0,0,0,22,23,537.8158333333333
215797,8,2.0,19,319.0,12.0,0,0,7,21,5404.951111111112
215814,2,2.0,1,1672.0,0.0,0,0,0,1,190.2705555555556
215817,3,2.0,2,,0.0,0,2,0,1,814.9130555555556
215848,3,2.0,4,1185.0,3.0,0,0,0,3,52749.54805555556
215981,9,2.0,20,1746.0,13.0,0,0,1,35,1297.8033333333333
215985,4,2.0,3,551.0,5.0,0,0,0,6,48.98972222222223
215995,6,3.0,9,1154.0,0.0,3,9,0,3,11430.964166666668
215997,10,1.0,27,270.0,13.0,3,21,11,10,182301.36583333332
216018,2,2.0,2,1670.0,2.0,0,0,0,1,135.0211111111111
216022,6,5.0,14,1152.0,2.0,1,8,2,4,5320.527499999999
216025,3,2.0,2,1151.0,3.0,0,0,0,3,554.9147222222223
216101,7,2.0,10,103.0,5.0,0,6,6,9,11348.400555555556
216112,4,2.0,4,1668.0,4.0,0,0,0,6,22.64638888888889
216120,2,2.0,2,1670.0,2.0,0,0,0,1,116.25805555555556
216202,2,2.0,1,1671.0,1.0,0,0,0,1,96.57805555555557
216218,10,2.0,21,1749.0,10.0,1,16,7,21,6237.639722222222
216308,23,2.0,75,33.0,14.0,136,102,7,8,181427.4088888889
216335,4,2.0,6,2934.0,5.0,0,0,0,6,15031.4925
216396,1,2.0,0,992.0,0.0,0,0,0,0,35353.171111111114
216430,18,4.0,33,1792.0,8.0,1,32,52,68,2133.825277777778
216452,3,2.0,2,1669.0,3.0,0,0,0,3,140.10000000000002
216466,25,2.0,45,310.0,6.0,1,46,89,164,18000.619444444445
216512,1,2.0,0,2936.0,3.0,0,0,0,0,766.1527777777778
216613,14,2.0,33,45.0,4.0,28,48,2,13,56499.87305555555
216714,14,5.0,24,1759.0,0.0,0,0,22,69,28344.37111111111
216736,4,2.0,7,1795.0,5.0,0,0,0,6,666.9377777777777
216773,2,4.0,2,1154.0,0.0,0,1,0,0,149.84833333333333
216778,2,2.0,2,1672.0,0.0,0,0,0,1,9428.300833333336
216827,25,2.0,54,,0.0,0,24,163,113,137635.88166666668
216848,3,3.0,5,567.0,4.0,0,2,0,1,364.8727777777778
216895,8,3.0,8,0.0,1.0,0,7,11,10,193060.81166666665
216902,7,2.0,14,2.0,4.0,0,6,4,11,30533.131944444445
216952,6,3.0,6,,0.0,0,5,5,5,182651.32611111112
216977,9,2.0,22,168.0,4.0,1,14,4,17,1165.1652777777776
217000,5,2.0,9,1755.0,4.0,0,0,2,8,689.9427777777778
217069,4,3.0,4,1671.0,1.0,0,0,1,5,608.8722222222223
217120,49,2.0,117,2370.0,22.0,171,570,216,219,25342.800000000003
217269,3,2.0,4,1670.0,2.0,0,0,0,3,3142.591388888889
217275,2,2.0,1,1669.0,3.0,0,0,0,1,695.4875
217276,3,2.0,2,1670.0,2.0,0,0,0,3,27877.097500000003
217287,3,2.0,4,1063.0,3.0,0,2,0,1,2372.2513888888884
217327,3,2.0,2,1671.0,1.0,0,0,0,3,2022.293055555556
217358,3,2.0,6,1063.0,3.0,0,0,0,3,1131.753333333333
217434,7,2.0,11,0.0,1.0,0,6,0,15,150248.19166666668
217444,3,2.0,3,165.0,5.0,0,0,0,3,51.3286111111111
217474,3,1.0,3,1672.0,0.0,0,0,1,2,3101.541111111112
217529,4,2.0,4,1154.0,0.0,0,3,2,1,202.01472222222225
217560,9,2.0,21,186.0,9.0,0,0,6,30,8054.980555555556
217604,6,3.0,29,2378.0,14.0,0,5,1,9,1179.2594444444446
217607,3,5.0,2,1671.0,1.0,0,2,0,1,1970.016111111111
217620,3,3.0,4,194.0,4.0,0,0,0,3,3848.229444444444
217750,4,2.0,4,1671.0,1.0,0,0,0,6,3555.954444444445
217776,5,2.0,7,1671.0,1.0,0,0,1,9,162.9061111111111
217863,3,2.0,2,1672.0,0.0,0,0,2,1,4211.088055555556
217886,10,4.0,16,311.0,5.0,0,9,7,29,84.55472222222222
218021,3,2.0,4,989.0,3.0,0,0,0,3,376.9841666666667
218070,6,4.0,16,1061.0,5.0,0,0,5,10,7081.140277777778
218093,22,2.0,49,5434.0,10.0,10,85,63,73,125809.65444444444
218223,51,2.0,85,266.0,4.0,153,594,154,374,133161.98361111112
218248,3,2.0,2,1153.0,1.0,0,0,2,1,34.550000000000004
218277,34,5.0,86,2930.0,9.0,28,208,177,148,65283.05527777778
218415,25,2.0,95,188.0,39.0,21,126,81,72,138763.78999999998
218421,2,2.0,1,1672.0,0.0,0,0,1,0,2887.058611111111
218433,4,5.0,24,1022.0,22.0,1,4,1,0,1395.292777777778
218574,5,4.0,10,,0.0,3,6,0,1,56817.32833333335
218654,5,2.0,4,2934.0,5.0,0,0,2,8,132937.6511111111
218685,2,2.0,5,83.0,3.0,0,0,0,1,1725.4130555555555
218832,2,2.0,1,1461.0,5.0,0,0,0,1,12.711388888888887
218837,9,2.0,22,59.0,20.0,0,0,7,29,2468.06
218840,11,4.0,17,804.0,0.0,1,18,7,29,151035.6886111111
218917,44,2.0,162,572.0,34.0,105,435,208,198,176165.24083333334
218961,2,2.0,1,204.0,7.0,0,0,0,1,2394.375277777778
219021,26,2.0,53,169.0,24.0,15,120,77,113,97633.91583333332
219180,8,2.0,12,547.0,0.0,1,12,4,11,93571.09944444444
219444,5,2.0,11,2388.0,4.0,1,6,0,3,11896.218888888889
219505,3,2.0,2,1154.0,0.0,0,0,0,3,1293.9655555555555
219572,1,2.0,0,1464.0,2.0,0,0,0,0,66330.27944444444
219625,23,2.0,42,2898.0,0.0,105,120,25,3,6041.294444444445
219705,21,5.0,60,20.0,19.0,1,38,111,60,2140.248888888889
219896,3,4.0,5,1672.0,0.0,1,2,0,0,8952.691388888888
219908,2,1.0,1,1463.0,3.0,0,0,0,1,23.399722222222223
219983,3,3.0,3,1672.0,0.0,0,0,0,3,2927.057777777778
220174,1,2.0,0,5441.0,3.0,0,0,0,0,50.51277777777778
220187,9,2.0,11,69.0,2.0,0,8,7,21,16239.175555555554
220195,5,4.0,13,2930.0,9.0,0,4,2,4,15.428055555555556
220266,11,2.0,24,2927.0,12.0,6,28,3,18,240.82027777777776
220325,2,2.0,4,1062.0,4.0,0,0,0,1,2848.101944444444
220390,5,3.0,17,63.0,8.0,0,4,0,6,6294.606388888889
220433,8,4.0,11,1150.0,4.0,3,15,3,7,1067.845
220450,7,6.0,6,1153.0,1.0,0,0,13,8,9.114166666666666
220464,13,5.0,30,1759.0,0.0,0,0,19,59,418.94000000000005
220496,1,2.0,0,2284.0,0.0,0,0,0,0,6696.269444444444
220497,3,2.0,3,1670.0,2.0,0,0,0,3,3023.536111111111
220626,12,2.0,32,297.0,10.0,0,11,8,47,136692.96833333332
220640,3,2.0,2,1672.0,0.0,0,0,2,1,340.71388888888885
220698,2,2.0,2,2392.0,0.0,0,0,1,0,1013.6333333333334
220700,3,2.0,4,1671.0,1.0,0,0,0,3,1064.5308333333332
220741,2,2.0,1,5439.0,5.0,0,0,0,1,238.17388888888888
220811,3,5.0,2,1672.0,0.0,0,0,3,0,19.51638888888889
220839,2,2.0,3,1669.0,3.0,0,0,0,1,288.50305555555553
221068,2,1.0,2,1670.0,2.0,0,0,0,1,239.64694444444444
221154,20,3.0,35,106.0,5.0,6,64,49,71,178011.05555555556
221217,14,5.0,36,1142.0,12.0,3,33,34,21,333.5669444444444
221289,5,2.0,8,,0.0,0,0,1,9,30.08555555555556
221490,6,2.0,14,544.0,3.0,0,5,1,9,15089.136111111113
221597,5,2.0,11,74.0,6.0,0,0,4,6,922.1586111111112
221598,4,2.0,7,,0.0,0,0,1,5,178.98277777777776
221599,4,2.0,4,77.0,3.0,0,0,2,4,792.7377777777778
221602,5,2.0,8,212.0,2.0,0,0,4,6,51459.61333333333
221619,13,2.0,24,211.0,20.0,0,0,4,74,36078.74833333334
221706,12,2.0,17,22.0,4.0,6,32,13,15,127866.0375
221797,10,4.0,28,1033.0,11.0,0,9,6,30,44903.691388888896
221825,3,2.0,3,1672.0,0.0,0,2,1,0,8183.163055555556
221826,2,2.0,1,1461.0,5.0,0,0,0,1,271.6641666666667
221975,11,5.0,28,97.0,0.0,3,24,6,22,1187.2602777777777
222129,1,2.0,0,1186.0,2.0,0,0,0,0,51.566944444444445
222134,8,2.0,16,1141.0,13.0,0,0,0,28,4863.6869444444455
222220,8,2.0,17,1204.0,4.0,0,0,2,26,45305.59138888889
222297,7,2.0,25,2279.0,5.0,0,6,10,5,6345.296666666666
222300,7,3.0,10,2391.0,1.0,0,6,0,15,3018.9283333333333
222494,2,2.0,1,76.0,4.0,0,0,0,1,598.9805555555556
222509,6,2.0,27,68.0,15.0,1,8,0,6,34744.20666666667
222730,2,2.0,1,5437.0,7.0,0,0,0,1,18.69555555555556
222901,2,2.0,1,1145.0,9.0,0,0,0,1,7821.445555555555
223147,3,2.0,2,,0.0,0,0,0,3,134615.73
223192,2,2.0,2,551.0,5.0,0,0,0,1,188.29027777777776
223238,11,4.0,23,152.0,11.0,3,24,2,26,10879.675
223247,10,5.0,19,1665.0,7.0,1,16,15,13,170.0538888888889
223255,12,2.0,35,,0.0,0,0,4,62,58440.71722222222
223373,3,2.0,2,551.0,5.0,0,0,0,3,160.59055555555554
223578,3,2.0,5,1666.0,6.0,0,0,1,2,1285.2830555555556
223607,4,2.0,10,2392.0,0.0,0,0,0,6,573.0511111111111
223693,1,3.0,0,1672.0,0.0,0,0,0,0,1678.715
223744,6,5.0,16,2898.0,0.0,0,0,7,8,651.8469444444445
223764,5,2.0,14,0.0,3.0,0,4,2,4,68123.4388888889
223905,4,2.0,5,1186.0,2.0,0,3,0,3,51648.34916666667
223909,20,2.0,39,517.0,40.0,3,51,45,91,125947.56
223943,7,2.0,18,4.0,9.0,0,0,5,16,44638.93194444445
223988,14,2.0,51,,0.0,0,13,4,74,65874.95444444445
223997,3,2.0,2,972.0,4.0,0,0,0,3,258.69944444444445
224058,4,2.0,6,387.0,4.0,0,0,0,6,206.44416666666663
224128,16,2.0,62,29.0,15.0,3,39,26,52,41457.71805555555
224134,3,2.0,5,2392.0,0.0,0,0,0,3,1198.8494444444443
224209,14,2.0,46,0.0,12.0,1,24,27,39,96469.31583333334
224227,12,4.0,19,20.0,3.0,0,11,29,26,18407.05416666667
224231,4,2.0,5,356.0,9.0,0,0,0,6,94.77333333333334
224331,7,2.0,24,1146.0,8.0,0,0,4,17,220.77583333333337
224503,3,2.0,18,274.0,12.0,0,2,0,1,19844.6175
224514,2,2.0,1,554.0,3.0,0,0,0,1,180.53222222222223
224598,3,2.0,17,640.0,9.0,0,0,0,3,82.04388888888889
224607,4,3.0,15,2388.0,4.0,0,0,0,6,172.2786111111111
224628,6,2.0,10,,0.0,0,0,4,11,353.6569444444445
224638,6,2.0,7,1063.0,3.0,0,5,1,9,2343.8830555555555
224692,48,4.0,118,0.0,14.0,378,560,47,143,93463.92666666668
224732,3,3.0,4,1671.0,1.0,0,0,0,3,6187.1516666666685
224818,9,2.0,14,1150.0,4.0,0,0,25,11,3170.7588888888886
224819,2,3.0,2,41.0,3.0,0,0,1,0,827.0338888888889
224820,8,5.0,43,304.0,27.0,6,16,0,6,15379.843055555555
224856,2,2.0,1,,0.0,0,0,0,1,34.03888888888889
224959,2,2.0,1,1671.0,1.0,0,0,0,1,22.529722222222222
224999,6,2.0,10,1152.0,2.0,0,0,1,14,3249.256111111111
225060,4,2.0,4,1149.0,5.0,0,0,0,6,166.6627777777778
225120,4,1.0,3,9.0,3.0,0,0,2,4,705.6202777777778
225174,8,3.0,7,,0.0,1,12,10,5,180122.33666666667
225290,2,2.0,1,1154.0,0.0,0,0,0,1,2242.084722222222
225345,3,5.0,4,1672.0,0.0,0,2,0,1,6054.235277777778
225563,7,2.0,16,386.0,6.0,0,0,2,19,13189.2425
225565,4,2.0,8,5439.0,5.0,0,0,2,4,38.49166666666667
225680,48,2.0,142,203.0,14.0,105,495,239,289,58486.36777777778
225805,3,6.0,2,1154.0,0.0,0,0,1,2,5.329722222222221
225811,12,2.0,34,2387.0,5.0,0,11,12,43,1782.6608333333334
225825,3,2.0,2,1151.0,3.0,0,0,0,3,0.4152777777777767
225832,4,2.0,18,5430.0,14.0,0,3,0,3,76.7136111111111
225837,5,2.0,11,1746.0,13.0,0,0,0,10,600.9733333333335
225887,4,3.0,6,74.0,9.0,0,0,0,6,101.87694444444443
225910,7,2.0,18,2.0,10.0,0,6,5,10,108480.29361111112
225920,4,6.0,6,,0.0,1,4,1,0,12861.093888888889
225941,4,2.0,5,5434.0,10.0,0,0,0,6,11825.41222222222
225952,7,2.0,6,1198.0,10.0,0,0,4,17,10342.569444444443
225953,6,2.0,6,,0.0,0,0,13,2,34179.54833333334
226071,15,2.0,26,1785.0,15.0,0,0,38,67,39696.35833333334
226204,1,5.0,0,2898.0,0.0,0,0,0,0,17.50611111111111
226223,2,2.0,8,1672.0,0.0,0,1,0,0,7226.096666666667
226305,4,2.0,4,1672.0,0.0,0,3,2,1,7224.230277777778
226375,5,2.0,11,546.0,10.0,0,4,1,5,29537.16388888889
226408,4,2.0,12,1058.0,8.0,0,3,0,3,3717.9816666666666
226439,10,2.0,49,2317.0,75.0,0,0,9,36,8013.656388888889
226462,5,2.0,4,1755.0,4.0,0,0,0,10,1824.8516666666667
226522,3,2.0,3,1750.0,9.0,0,0,0,3,1251.463611111111
226534,4,2.0,11,5436.0,8.0,0,0,1,5,1060.735
226597,3,1.0,8,1462.0,4.0,0,0,1,2,737.9863888888889
226612,4,2.0,9,1796.0,4.0,0,0,2,4,1381.578888888889
226933,25,2.0,32,2390.0,2.0,15,114,70,101,28593.56527777778
227009,3,2.0,2,,0.0,0,0,1,2,5640.481388888889
227011,5,2.0,8,1039.0,5.0,0,0,0,10,2451.806666666667
227053,5,2.0,13,1201.0,7.0,0,0,0,10,1134.2624999999998
227087,7,3.0,11,,0.0,0,6,2,13,29923.24
227093,7,2.0,10,1672.0,0.0,0,6,1,14,12209.734444444444
227139,2,2.0,1,1672.0,0.0,0,0,0,1,35.53472222222222
227144,1,2.0,0,1672.0,0.0,0,0,0,0,810.4158333333334
227159,6,2.0,7,,0.0,0,0,5,10,3605.802777777778
227234,6,5.0,6,1154.0,0.0,0,5,5,5,118.67833333333334
227240,7,2.0,13,1787.0,13.0,0,0,0,21,2046.3441666666668
227267,16,4.0,34,1792.0,8.0,0,0,22,98,2371.589444444444
227305,46,2.0,157,0.0,21.0,300,525,85,125,126046.39861111112
227307,6,3.0,8,194.0,4.0,0,5,3,7,1125.3355555555554
227313,5,2.0,9,53.0,5.0,0,0,0,10,4767.297777777778
227334,2,2.0,1,1669.0,3.0,0,0,0,1,35.754999999999995
227353,6,6.0,16,1154.0,0.0,0,0,3,12,105.2186111111111
227366,5,2.0,6,283.0,3.0,0,4,3,3,26549.924166666664
227402,2,2.0,2,1672.0,0.0,0,0,1,0,744.8499999999999
227458,9,4.0,29,2383.0,9.0,0,0,18,18,1588.863888888889
227489,4,2.0,5,5436.0,8.0,0,0,3,3,20138.481944444444
227491,3,2.0,4,5436.0,8.0,0,0,0,3,775.7230555555557
227567,6,2.0,25,640.0,9.0,0,5,0,10,704.0827777777778
227611,17,2.0,42,,0.0,0,16,47,73,133754.52083333334
227690,5,2.0,7,1147.0,7.0,0,0,0,10,777.8430555555556
227707,1,2.0,0,210.0,4.0,0,0,0,0,753.528888888889
227963,4,5.0,6,994.0,6.0,0,0,0,6,163.37027777777777
227993,4,2.0,7,75.0,5.0,0,0,3,3,72.77083333333334
228020,3,5.0,4,,0.0,0,0,1,2,585.0272222222222
228441,9,4.0,22,2385.0,7.0,0,8,1,27,10230.58861111111
228448,12,1.0,18,253.0,31.0,0,0,27,39,134155.47305555557
228567,3,2.0,3,1671.0,1.0,0,0,0,3,27.21805555555555
228603,3,2.0,3,968.0,8.0,0,0,0,3,6399.459444444445
228799,5,2.0,7,1671.0,1.0,0,0,3,7,32.74944444444444
228829,18,5.0,40,5429.0,15.0,0,17,44,92,14130.484166666663
228861,2,2.0,1,2387.0,5.0,0,0,0,1,1525.1675
228923,4,2.0,3,2898.0,0.0,0,3,1,2,7299.365
228962,5,2.0,6,1671.0,1.0,0,0,6,4,16830.47333333333
229024,15,4.0,39,1789.0,11.0,15,54,17,19,7337.309722222222
229047,6,2.0,10,283.0,3.0,0,5,3,7,17277.951111111113
229072,3,3.0,3,207.0,5.0,0,0,0,3,1774.2791666666667
229076,2,2.0,3,1139.0,6.0,0,0,0,1,1457.888333333333
229081,2,2.0,1,1151.0,3.0,0,0,0,1,87.775
229090,3,6.0,4,328.0,0.0,0,0,1,2,58.10666666666667
229168,15,2.0,35,20.0,9.0,0,14,42,49,29039.608333333334
229182,2,2.0,1,77.0,2.0,0,0,0,1,3.354444444444444
229183,2,2.0,1,76.0,3.0,0,0,0,1,3.18
229224,12,2.0,56,203.0,20.0,0,0,11,55,123462.8002777778
229362,5,2.0,7,,0.0,0,0,2,8,567.6469444444444
229371,7,2.0,21,1126.0,28.0,0,0,3,18,5281.425555555554
229437,7,2.0,10,95.0,13.0,0,0,1,20,222.315
229438,8,2.0,24,237.0,7.0,0,0,7,21,20336.13555555556
229455,4,2.0,4,2898.0,0.0,1,4,0,1,31922.52
229471,4,2.0,3,1.0,0.0,0,3,0,3,346.3575
229473,27,2.0,56,10.0,6.0,28,152,53,118,34930.440833333334
229545,3,2.0,2,1671.0,1.0,0,0,1,2,164.7863888888889
229575,4,2.0,5,75.0,4.0,0,0,1,5,5047.103333333334
229583,3,2.0,3,2390.0,2.0,0,0,1,2,318.6586111111111
229594,2,3.0,2,1672.0,0.0,0,0,0,1,8926.838055555556
229722,8,2.0,14,83.0,5.0,0,0,5,23,2485.162222222222
229807,5,2.0,6,1670.0,2.0,0,0,5,5,10526.090833333335
229814,2,1.0,2,165.0,2.0,0,0,1,0,4967.985
229824,4,3.0,3,,0.0,0,0,3,3,178529.07472222223
229925,18,2.0,35,80.0,4.0,3,45,26,79,131316.5861111111
229972,2,5.0,4,2935.0,4.0,0,0,0,1,147.01583333333332
229993,2,3.0,2,1670.0,2.0,0,0,0,1,25.40083333333334
230038,4,2.0,3,921.0,0.0,0,3,3,0,8785.63388888889
230051,2,3.0,2,1672.0,0.0,0,0,0,1,719.3694444444444
230077,4,2.0,3,2391.0,1.0,1,4,0,1,2351.023888888889
230081,6,2.0,7,184.0,2.0,0,0,0,15,49116.65388888889
230099,4,2.0,8,193.0,5.0,0,3,0,3,229.48638888888888
230104,5,2.0,19,,0.0,0,0,5,5,334.88694444444445
230183,3,6.0,3,54.0,3.0,0,2,0,1,53.11861111111111
230270,1,4.0,0,2934.0,5.0,0,0,0,0,19.5775
230281,9,2.0,16,1758.0,1.0,1,14,7,14,10235.515833333337
230328,2,2.0,1,1672.0,0.0,0,0,0,1,8094.759166666667
230339,1,2.0,0,2934.0,5.0,0,0,0,0,0.1449999999999984
230349,5,2.0,11,140.0,16.0,0,0,0,10,307.4686111111111
230357,4,2.0,5,147.0,9.0,0,0,0,6,83.58222222222223
230373,2,6.0,1,1154.0,0.0,0,0,1,0,2.7375
230397,5,1.0,6,2389.0,3.0,0,0,2,8,2335.383611111111
230401,28,3.0,61,298.0,3.0,28,160,78,112,14792.93972222222
230439,2,2.0,2,361.0,4.0,0,0,0,1,1537.051111111111
230584,3,2.0,6,1672.0,0.0,0,0,0,3,15763.965277777776
230603,4,2.0,11,,0.0,0,0,0,6,3600.453888888889
230606,33,2.0,88,537.0,10.0,10,140,119,259,86554.96638888889
230610,2,2.0,1,,0.0,0,0,0,1,20440.16361111111
230611,2,2.0,1,,0.0,0,0,0,1,28577.94861111111
230616,6,2.0,8,5440.0,4.0,0,5,1,9,145.4561111111111
230703,3,2.0,6,20.0,5.0,0,0,1,2,66286.18527777778
230729,2,2.0,1,1153.0,1.0,0,0,0,1,0.8622222222222217
230833,3,1.0,4,1671.0,1.0,0,0,2,1,211.49166666666667
230840,8,2.0,13,1749.0,10.0,0,0,5,23,1225.8241666666668
230849,2,2.0,1,1756.0,3.0,0,0,0,1,15.461666666666666
230899,11,3.0,16,18.0,2.0,1,18,14,22,184746.085
230909,25,2.0,73,1.0,6.0,3,66,94,137,24186.403055555555
230915,2,2.0,1,741.0,1.0,0,0,0,1,52.40166666666667
230938,2,2.0,1,2934.0,5.0,0,0,0,1,3.5349999999999984
230947,3,2.0,5,5440.0,4.0,0,0,0,3,188.3947222222222
230959,14,2.0,33,10.0,8.0,1,24,41,25,125270.47527777776
230973,1,3.0,0,553.0,3.0,0,0,0,0,11.796944444444444
231120,3,2.0,3,1186.0,2.0,0,2,0,1,48864.96111111112
231137,2,2.0,1,52.0,1.0,0,0,0,1,1118.8738888888888
231150,3,1.0,5,1671.0,1.0,0,0,0,3,5847.673055555556
231157,2,2.0,1,1151.0,3.0,0,0,0,1,123.47666666666666
231199,2,2.0,1,627.0,3.0,0,0,0,1,426.8613888888889
231200,7,4.0,9,208.0,6.0,0,0,4,17,150.99138888888888
231211,4,2.0,6,1672.0,0.0,0,3,1,2,9761.423333333332
231226,4,2.0,7,2392.0,0.0,0,0,2,4,25595.737222222226
231278,4,2.0,4,2934.0,5.0,0,0,0,6,78.82638888888889
231363,3,4.0,5,1672.0,0.0,0,2,0,1,15635.447499999998
231367,4,1.0,4,1153.0,1.0,0,0,1,5,528.8869444444445
231372,4,2.0,6,973.0,3.0,0,0,0,6,92.88305555555556
231534,3,3.0,4,1671.0,1.0,0,0,0,3,2337.2033333333334
231541,49,5.0,116,1036.0,8.0,105,510,307,254,55478.41388888889
231548,7,5.0,20,0.0,5.0,1,10,0,10,22649.104444444445
231585,4,2.0,8,2386.0,6.0,0,3,0,3,1860.04
231621,2,2.0,3,152.0,4.0,0,0,0,1,2321.2444444444445
231758,4,2.0,4,,0.0,0,3,0,3,5.162777777777777
231770,4,2.0,6,1061.0,5.0,0,0,0,6,70.85499999999999
231839,2,2.0,4,567.0,4.0,0,1,0,0,1096.173888888889
231870,3,4.0,3,363.0,2.0,0,0,0,3,21.34916666666667
231965,10,2.0,19,122.0,10.0,6,24,8,7,15810.474166666669
231978,4,3.0,3,1671.0,1.0,0,0,1,5,24260.94555555556
231995,12,2.0,24,1773.0,27.0,0,0,10,56,12581.76611111111
232002,7,2.0,13,1154.0,0.0,0,0,1,20,8790.649999999998
232015,2,4.0,1,1672.0,0.0,0,1,0,0,2.3605555555555537
232016,4,2.0,3,624.0,6.0,0,0,0,6,765.3716666666667
232053,4,2.0,6,285.0,1.0,0,3,0,3,16826.008611111112
232064,3,2.0,3,592.0,2.0,0,2,0,1,13226.2975
232156,3,2.0,2,591.0,3.0,0,0,0,3,48626.24611111111
232227,16,2.0,47,0.0,21.0,10,55,23,32,102303.51777777776
232247,3,2.0,3,1150.0,4.0,0,0,0,3,675.5763888888889
232327,3,3.0,7,547.0,9.0,0,0,0,3,2.6891666666666665
232339,4,2.0,4,2935.0,4.0,0,0,0,6,167.44416666666666
232351,6,2.0,6,2932.0,7.0,0,0,0,15,29.19166666666667
232368,10,5.0,28,644.0,5.0,0,9,14,22,3181.730833333333
232393,2,2.0,1,2933.0,6.0,0,0,0,1,16.57638888888889
232405,7,2.0,8,406.0,1.0,1,10,2,8,133788.48694444445
232417,2,2.0,3,34.0,4.0,0,0,0,1,152.98583333333335
232427,2,2.0,2,1154.0,0.0,0,1,0,0,4.158888888888888
232469,9,2.0,29,2379.0,13.0,0,0,4,32,6397.301944444445
232480,4,2.0,7,620.0,10.0,0,0,0,6,527.3144444444443
232503,3,2.0,2,1755.0,4.0,0,0,0,3,22.113611111111112
232512,5,1.0,12,148.0,8.0,0,4,0,6,67.62722222222222
232544,2,3.0,4,1062.0,4.0,0,0,0,1,45.79861111111112
232567,19,4.0,71,1771.0,29.0,0,18,49,104,3624.469722222222
232583,1,2.0,0,,0.0,0,0,0,0,0.0
232598,12,3.0,25,109.0,2.0,1,20,26,19,177180.94416666668
232623,6,2.0,7,0.0,2.0,0,5,2,8,18232.40055555556
232695,8,2.0,12,76.0,5.0,1,12,3,12,10502.01277777778
232706,5,2.0,7,616.0,14.0,0,0,0,10,8641.118333333332
232766,15,2.0,21,,0.0,6,44,22,33,92793.20611111113
232780,2,2.0,1,2387.0,5.0,0,0,0,1,455.5775
232798,8,5.0,29,5430.0,14.0,1,12,1,14,396.7172222222222
232801,3,2.0,4,1063.0,3.0,0,0,2,1,7352.228611111112
232809,2,2.0,1,1059.0,7.0,0,0,0,1,5449.536388888889
232817,5,2.0,14,277.0,9.0,0,0,2,8,25729.68138888889
232951,9,2.0,17,2390.0,2.0,1,14,2,19,403.1977777777778
232985,3,2.0,4,1063.0,3.0,0,0,0,3,20187.383055555558
233077,3,2.0,3,2390.0,2.0,0,0,1,2,35546.34777777777
233085,2,2.0,2,1670.0,2.0,0,0,0,1,128.28083333333336
233164,3,2.0,6,2935.0,4.0,0,0,1,2,10472.848333333335
233292,3,2.0,3,2935.0,4.0,0,0,0,3,258.82
233307,6,2.0,5,1753.0,6.0,0,0,3,12,68348.6161111111
233317,19,4.0,41,1000.0,0.0,15,78,49,29,123953.53305555556
233352,3,3.0,4,1063.0,3.0,0,0,2,1,8620.094444444445
233374,2,3.0,1,2938.0,1.0,0,0,0,1,3246.876666666667
233453,10,6.0,11,11.0,0.0,6,24,6,9,20299.02083333333
233457,3,2.0,3,972.0,4.0,0,0,0,3,16.490000000000002
233460,5,2.0,4,,0.0,1,6,2,1,129034.5327777778
233461,10,2.0,57,50.0,28.0,0,0,21,24,9537.371666666666
233462,4,2.0,3,,0.0,0,0,4,2,160452.59972222222
233463,10,2.0,64,605.0,44.0,0,0,12,33,49199.98416666666
233587,2,2.0,1,972.0,4.0,0,0,0,1,16.53722222222222
233643,5,2.0,11,264.0,6.0,0,0,0,10,28185.58388888889
233720,4,2.0,7,2392.0,0.0,0,3,0,3,1773.8
233831,3,3.0,8,1059.0,7.0,0,0,0,3,8524.937777777777
233901,4,4.0,4,1672.0,0.0,0,0,0,6,72.42472222222223
233968,5,2.0,9,1463.0,3.0,0,0,0,10,157.2811111111111
233972,5,2.0,11,1143.0,11.0,0,0,0,10,5214.903611111111
233973,6,2.0,14,1670.0,2.0,0,5,5,5,5985.571944444444
234238,2,2.0,2,1672.0,0.0,0,0,1,0,19149.333333333336
234291,8,2.0,19,,0.0,0,7,9,12,159035.23277777777
234331,3,5.0,3,5442.0,2.0,0,0,0,3,126.99527777777776
234392,5,2.0,10,388.0,4.0,0,0,2,8,561.3080555555555
234435,3,5.0,3,2937.0,2.0,0,0,1,2,3058.169722222222
234465,3,2.0,5,1672.0,0.0,0,2,0,1,5104.117222222222
234470,9,2.0,81,368.0,27.0,0,8,11,17,5223.512777777778
234485,12,2.0,54,2923.0,16.0,1,20,22,23,81393.31916666667
234613,2,2.0,1,5441.0,3.0,0,0,0,1,63.53527777777778
234615,2,2.0,1,627.0,3.0,0,0,0,1,81.96138888888889
234673,6,2.0,7,2390.0,2.0,0,5,3,7,9118.180555555558
234675,7,4.0,15,5435.0,9.0,0,6,3,12,171.5186111111111
234686,4,2.0,4,2925.0,14.0,0,0,0,6,34491.907222222224
234695,7,1.0,41,13.0,20.0,0,6,0,15,8495.826944444445
234737,4,2.0,3,392.0,0.0,0,3,2,1,85902.96722222221
234740,9,2.0,20,,0.0,0,8,11,17,5068.049722222224
234742,4,2.0,4,592.0,2.0,0,0,0,6,47914.5
234851,8,5.0,49,2369.0,23.0,0,7,1,20,45756.49111111112
234864,2,2.0,1,1790.0,10.0,0,0,0,1,21.85833333333333
234908,6,5.0,19,1789.0,11.0,0,0,3,12,439.0780555555555
234916,10,6.0,33,1785.0,15.0,1,16,6,22,140.98527777777778
234940,2,6.0,2,1154.0,0.0,0,0,1,0,57.4525
234960,2,2.0,1,2936.0,3.0,0,0,0,1,20.37611111111111
234973,15,2.0,42,0.0,16.0,6,44,32,23,117805.9425
235041,3,2.0,4,1753.0,6.0,0,0,0,3,96.8672222222222
235053,4,4.0,6,5440.0,4.0,0,0,1,5,78.325
235168,3,2.0,3,1154.0,0.0,0,0,0,3,3143.5116666666663
235169,3,2.0,5,283.0,3.0,0,2,0,1,24705.741388888884
235203,10,2.0,11,328.0,0.0,1,16,22,6,133184.15416666667
235207,4,6.0,8,388.0,7.0,0,0,0,6,19.31
235213,3,3.0,2,1671.0,1.0,0,0,1,2,5602.796666666667
235260,3,2.0,2,1464.0,2.0,0,0,0,3,377.5863888888889
235261,3,2.0,2,1464.0,2.0,0,0,0,3,377.5227777777777
235262,3,2.0,2,1463.0,3.0,0,0,0,3,1244.871666666667
235272,7,5.0,10,1797.0,3.0,0,6,2,13,238.5436111111111
235273,3,6.0,4,393.0,2.0,0,0,0,3,9.470555555555556
235317,4,4.0,8,390.0,2.0,0,3,0,3,177.0236111111111
235335,4,2.0,12,2382.0,10.0,0,0,0,6,414.7052777777778
235355,3,5.0,7,1794.0,6.0,0,0,1,2,27.65083333333334
235395,3,2.0,4,1150.0,4.0,0,0,2,1,23.956666666666663
235499,9,2.0,16,1775.0,25.0,0,0,4,32,8278.898333333334
235504,2,2.0,1,970.0,6.0,0,0,0,1,1219.8994444444445
235512,11,2.0,40,1.0,26.0,0,10,13,32,34731.4925
235648,2,2.0,1,1063.0,3.0,0,0,0,1,310.20388888888886
235650,1,3.0,0,1672.0,0.0,0,0,0,0,4864.370833333333
235712,1,2.0,0,1672.0,0.0,0,0,0,0,123.58583333333333
235735,2,2.0,2,2936.0,3.0,0,0,0,1,51.20194444444444
235740,5,1.0,7,235.0,6.0,0,0,4,6,7274.206666666667
235768,4,2.0,9,5438.0,6.0,0,3,0,3,21.952222222222225
235830,3,2.0,3,604.0,2.0,0,2,0,1,175.55138888888888
235897,4,3.0,9,2386.0,6.0,0,0,0,6,950.0644444444443
235923,18,5.0,56,1746.0,13.0,0,0,32,121,48473.85333333333
235978,7,3.0,13,,0.0,3,12,2,4,186093.23722222223
236071,4,2.0,6,638.0,11.0,0,0,2,4,11567.473333333335
236134,3,2.0,2,388.0,4.0,0,0,0,3,192.1797222222222
236155,3,2.0,10,1059.0,7.0,0,2,0,1,11894.632777777775
236157,2,2.0,2,1670.0,2.0,0,0,0,1,189.00944444444443
236208,3,2.0,2,1202.0,6.0,0,0,0,3,55.21333333333333
236365,11,2.0,19,1145.0,0.0,3,24,7,21,15411.333333333334
236408,8,2.0,43,342.0,23.0,0,0,0,28,2968.0822222222223
236472,1,2.0,0,627.0,3.0,0,0,0,0,0.2038888888888872
236476,4,2.0,6,621.0,9.0,0,0,0,6,7830.591388888889
236479,3,2.0,5,23.0,4.0,0,0,1,2,995.1063888888888
236514,10,2.0,19,94.0,2.0,1,16,5,23,20057.40222222222
236541,49,2.0,109,5426.0,18.0,231,594,213,138,142920.6211111111
236595,2,2.0,3,1755.0,4.0,0,0,0,1,77.92194444444445
236599,14,2.0,40,0.0,32.0,1,24,23,43,32204.661944444444
236602,2,2.0,2,,0.0,0,1,0,0,127.02944444444444
236612,2,2.0,1,626.0,4.0,0,0,0,1,1.710277777777776
236620,2,2.0,1,627.0,3.0,0,0,0,1,0.4861111111111104
236639,1,3.0,0,1061.0,5.0,0,0,0,0,96.75694444444446
236700,2,4.0,3,241.0,3.0,0,0,0,1,2.827222222222222
236721,32,3.0,70,42.0,2.0,78,247,86,85,126059.3625
236839,17,2.0,31,,0.0,6,52,37,41,136975.95944444445
236873,7,2.0,10,361.0,4.0,0,0,0,21,19321.9425
236910,4,2.0,5,2389.0,3.0,0,0,0,6,1171.197222222222
236920,3,2.0,9,223.0,5.0,0,2,0,1,4421.1825
236940,7,3.0,14,1672.0,0.0,0,6,4,11,52148.15055555555
236946,4,3.0,5,552.0,4.0,0,0,0,6,335.1747222222223
236947,10,5.0,29,5434.0,10.0,0,0,15,30,148.54222222222222
236989,13,2.0,50,0.0,12.0,21,42,5,10,101415.59444444445
237027,65,2.0,162,261.0,25.0,820,984,164,112,130973.21694444444
237071,4,2.0,3,626.0,4.0,0,0,1,5,23115.34972222222
237091,2,2.0,1,2386.0,6.0,0,0,0,1,805.2927777777777
237104,2,2.0,1,1154.0,0.0,0,0,1,0,114.32833333333332
237202,8,2.0,13,444.0,0.0,0,0,21,7,148343.0288888889
237233,2,2.0,1,1671.0,1.0,0,0,0,1,3107.985555555556
237283,9,2.0,12,990.0,10.0,0,0,12,24,1658.818888888889
237343,4,2.0,10,2385.0,7.0,0,0,1,5,72.21388888888889
237357,6,5.0,18,12.0,11.0,0,0,1,14,57.335833333333326
237426,6,4.0,12,2388.0,4.0,0,0,5,10,240.9694444444445
237473,5,2.0,12,1064.0,2.0,0,0,2,8,14831.092777777778
237538,3,2.0,9,278.0,8.0,0,0,0,3,25875.06972222221
237556,3,2.0,2,,0.0,0,0,0,3,3.752777777777776
237566,3,2.0,3,626.0,4.0,0,0,0,3,675.0605555555555
237572,3,2.0,2,1154.0,0.0,0,0,0,3,1251.1263888888889
237592,33,2.0,122,3.0,22.0,10,140,181,197,49956.58111111111
237596,4,2.0,5,322.0,6.0,0,0,1,5,31.32277777777778
237623,105,5.0,373,0.0,56.0,1035,2714,1317,394,117560.11916666669
237682,3,2.0,3,91.0,3.0,0,0,0,3,145.38916666666665
237686,6,2.0,5,1793.0,7.0,0,0,0,15,1439.6627777777776
237955,6,2.0,13,5434.0,10.0,0,0,3,12,548.8291666666667
237964,44,2.0,84,349.0,16.0,21,259,322,344,88763.82083333333
237977,13,5.0,42,1744.0,15.0,3,30,17,28,13352.225
237995,8,3.0,10,,0.0,1,12,7,8,176989.51277777777
238005,5,5.0,7,5440.0,4.0,0,4,0,6,286.9208333333334
238032,1,2.0,0,1154.0,0.0,0,0,0,0,513.2855555555556
238050,6,3.0,6,1064.0,2.0,3,9,0,3,14805.27527777778
238058,3,5.0,3,1462.0,4.0,0,0,0,3,76.1075
238088,6,2.0,13,1791.0,9.0,0,0,5,10,307.1477777777777
238109,8,2.0,13,,0.0,0,0,11,17,135995.00805555555
238210,3,2.0,3,1150.0,4.0,0,0,0,3,67.8127777777778
238290,5,2.0,6,553.0,3.0,0,4,1,5,99.59305555555557
238305,2,2.0,1,1463.0,3.0,0,0,0,1,51.050833333333344
238328,2,6.0,1,1154.0,0.0,0,1,0,0,6.14861111111111
238364,2,6.0,1,390.0,5.0,0,0,0,1,35.79472222222222
238381,5,2.0,7,78.0,3.0,0,0,1,9,9236.92888888889
238393,3,2.0,2,1463.0,3.0,0,0,0,3,71.15194444444445
238492,3,2.0,2,,0.0,0,0,0,3,2824.593611111111
238493,18,2.0,30,2385.0,7.0,1,32,32,88,15651.43611111111
238498,5,2.0,6,1204.0,4.0,0,0,0,10,132440.6975
238509,5,2.0,4,,0.0,0,0,5,5,68431.72611111111
238551,1,2.0,0,1672.0,0.0,0,0,0,0,1931.5638888888889
238612,3,2.0,3,1064.0,2.0,0,0,2,1,8523.352777777778
238632,10,2.0,13,,0.0,6,24,14,1,66787.18166666667
238696,8,2.0,21,489.0,12.0,0,0,3,25,1433.893611111111
238704,6,2.0,8,388.0,7.0,0,0,4,11,679.283611111111
238820,5,2.0,4,,0.0,0,0,2,8,61764.74972222222
238847,5,2.0,9,1794.0,6.0,0,0,0,10,472.0288888888889
238848,2,3.0,3,1797.0,3.0,0,0,0,1,581.2027777777778
238960,12,2.0,21,,0.0,0,0,19,47,141690.06472222222
239123,3,2.0,2,1792.0,8.0,0,0,0,3,309.2511111111112
239201,9,4.0,32,2377.0,15.0,0,8,3,25,11547.694444444443
239254,30,2.0,84,1.0,7.0,28,176,128,103,77933.21222222222
239303,7,2.0,9,1787.0,13.0,0,0,2,19,149.60333333333332
239369,4,2.0,6,218.0,10.0,0,0,0,6,3869.284722222223
239373,11,3.0,20,40.0,4.0,0,0,16,39,47261.64222222222
239405,4,4.0,3,1794.0,6.0,0,0,0,6,36.11
239439,7,2.0,6,1153.0,1.0,0,0,7,14,147.29361111111112
239441,5,5.0,11,1794.0,6.0,0,0,0,10,27.06277777777778
239461,7,2.0,8,,0.0,0,0,7,14,91278.1875
239499,6,2.0,11,626.0,4.0,0,5,2,8,44066.69861111111
239505,3,3.0,9,1058.0,8.0,0,0,0,3,19490.96833333333
239672,4,4.0,3,160.0,3.0,0,0,0,6,8.800555555555555
239701,28,2.0,63,97.0,0.0,28,160,61,129,12964.0325
239716,4,2.0,8,66.0,12.0,0,0,1,5,342.32972222222224
239753,3,2.0,3,1671.0,1.0,0,0,1,2,490.5669444444444
239806,5,2.0,5,,0.0,0,4,6,0,124591.0297222222
239873,3,2.0,2,,0.0,0,0,0,3,4661.39111111111
239953,3,2.0,2,1755.0,4.0,0,0,0,3,124.1925
239976,5,2.0,23,0.0,6.0,3,6,0,1,21335.825
240053,11,4.0,44,1781.0,19.0,1,18,8,28,146270.13055555554
240083,3,1.0,3,1462.0,4.0,0,0,0,3,14012.2025
240106,9,2.0,21,958.0,18.0,0,0,2,34,1662.8555555555558
240108,2,2.0,3,1151.0,3.0,0,0,0,1,51.88777777777777
240111,6,2.0,9,1669.0,3.0,1,8,0,6,9046.335555555555
240114,3,2.0,10,1672.0,0.0,0,0,0,3,6361.823333333334
240129,3,2.0,14,1462.0,4.0,0,0,0,3,7949.139722222222
240131,3,2.0,5,134.0,4.0,0,0,0,3,71075.65611111111
240169,21,3.0,72,0.0,8.0,36,108,28,38,175824.17027777777
240174,6,2.0,7,1152.0,2.0,0,0,3,12,10489.94111111111
240186,5,2.0,8,5434.0,10.0,0,0,4,6,5630.822222222222
240238,2,5.0,1,999.0,1.0,0,0,0,1,97.5086111111111
240240,1,5.0,0,5439.0,5.0,0,0,0,0,60.41583333333333
240245,2,4.0,5,206.0,5.0,0,0,0,1,46033.68388888889
240254,2,1.0,2,1672.0,0.0,0,1,0,0,3766.883055555555
240267,5,2.0,9,49.0,4.0,0,4,6,0,33743.83194444444
240273,5,2.0,7,168.0,4.0,0,0,0,10,162.18805555555556
240275,3,2.0,6,2390.0,2.0,0,0,0,3,356.8986111111111
240340,2,2.0,1,1754.0,5.0,0,0,0,1,94.09694444444445
240357,8,2.0,7,,0.0,3,15,5,5,128628.16833333332
240358,2,2.0,1,5438.0,6.0,0,0,0,1,1357.015
240408,8,2.0,11,166.0,6.0,0,0,7,21,5067.419722222224
240420,2,2.0,5,2934.0,5.0,0,0,0,1,3575.5919444444444
240457,1,3.0,0,2388.0,4.0,0,0,0,0,1.1905555555555536
240463,16,1.0,37,27.0,5.0,3,39,55,23,38207.03055555555
240504,5,2.0,7,1152.0,2.0,0,0,0,10,131934.36833333332
240521,4,5.0,5,1459.0,7.0,0,0,1,5,9512.3
240542,3,5.0,15,1200.0,8.0,0,0,0,3,875.0497222222225
240543,6,2.0,14,1749.0,10.0,0,0,1,14,383.7105555555556
240552,40,2.0,104,528.0,19.0,36,279,167,298,6680.865833333333
240562,3,1.0,2,280.0,4.0,0,0,0,3,117.1922222222222
240627,6,2.0,27,1195.0,13.0,0,0,2,13,13487.22
240633,2,2.0,1,5437.0,7.0,0,0,0,1,537.153888888889
240665,4,2.0,4,129.0,4.0,0,0,1,5,247.62388888888887
240745,2,2.0,1,1150.0,4.0,0,0,0,1,29.93500000000001
240773,2,1.0,3,161.0,2.0,0,0,0,1,202.9625
240859,13,2.0,39,166.0,22.0,1,22,15,40,55556.59694444445
240872,7,5.0,12,228.0,3.0,0,6,3,12,407.8783333333333
240884,4,2.0,14,618.0,12.0,0,0,0,6,16159.099166666669
240934,3,2.0,7,5435.0,9.0,0,0,0,3,327.2955555555556
240962,8,4.0,15,1063.0,3.0,0,7,7,14,393.53083333333336
240977,13,5.0,14,,0.0,6,36,22,14,125786.56027777778
240992,3,2.0,5,1672.0,0.0,0,0,0,3,3577.1755555555555
240997,7,5.0,7,1799.0,1.0,0,0,4,17,5115.655833333333
241015,11,4.0,33,12.0,17.0,0,0,10,45,131808.38833333334
241047,11,2.0,26,0.0,6.0,1,18,7,29,83237.39416666667
241151,3,3.0,2,1204.0,4.0,0,0,0,3,93.5175
241203,25,4.0,63,1029.0,15.0,45,150,49,56,99578.9775
241272,3,4.0,4,627.0,3.0,0,0,0,3,213.63916666666665
241304,6,4.0,17,2391.0,1.0,0,5,2,8,318.2419444444444
241316,5,3.0,6,,0.0,0,0,2,8,334.6830555555556
241440,10,2.0,20,555.0,1.0,0,9,6,30,11059.53638888889
241442,8,2.0,18,1671.0,1.0,0,7,10,11,13683.41027777778
241469,9,4.0,36,86.0,8.0,0,0,10,26,131717.98805555556
241497,2,2.0,1,2282.0,2.0,0,0,0,1,131713.5711111111
241528,10,2.0,18,1153.0,1.0,1,16,10,18,21168.172222222223
241592,6,2.0,12,1753.0,6.0,0,0,1,14,218.2205555555556
241621,4,3.0,4,2283.0,1.0,0,0,0,6,369.2113888888889
241694,5,4.0,12,5435.0,9.0,0,0,1,9,125.48333333333332
241758,6,2.0,12,385.0,7.0,0,0,1,14,14037.922777777778
241774,12,2.0,18,267.0,3.0,3,27,10,26,113129.78611111113
241796,4,2.0,26,2371.0,21.0,0,0,2,4,21076.801944444444
241861,2,2.0,1,1463.0,3.0,0,0,0,1,7354.8875
241942,6,2.0,11,1149.0,5.0,0,0,7,8,603.9661111111111
241948,3,2.0,2,1463.0,3.0,0,0,0,3,1396.175
241991,4,2.0,4,2279.0,5.0,0,0,0,6,131595.53694444447
242036,12,2.0,30,1194.0,14.0,0,0,1,65,3806.711111111111
242037,11,2.0,17,311.0,1.0,0,10,2,43,14297.113055555556
242044,3,2.0,7,,0.0,0,0,1,2,924.7077777777778
242068,7,4.0,11,282.0,4.0,1,10,4,6,33216.23138888888
242095,2,2.0,6,1672.0,0.0,0,1,0,0,5410.604722222224
242111,4,2.0,4,1149.0,5.0,0,0,0,6,9556.557222222222
242122,15,4.0,29,2389.0,3.0,3,36,15,51,13329.142499999998
242123,8,4.0,11,996.0,4.0,0,7,0,21,10255.430277777778
242149,3,2.0,2,1756.0,3.0,0,0,0,3,1.554444444444444
242150,3,2.0,4,1.0,2.0,0,0,1,2,2937.696388888889
242189,2,2.0,1,566.0,5.0,0,0,0,1,119.69305555555556
242218,4,5.0,4,921.0,0.0,1,4,1,0,4931.349166666667
242300,7,3.0,17,34.0,3.0,0,6,7,8,190240.11277777777
242313,12,3.0,15,0.0,3.0,3,27,11,25,183370.93527777775
242381,5,2.0,4,1065.0,1.0,0,0,0,10,2683.2363888888885
242382,5,6.0,29,381.0,14.0,0,4,1,5,508.6491666666666
242418,19,2.0,34,51.0,1.0,45,90,13,23,175147.43916666665
242425,4,4.0,5,2278.0,6.0,0,3,0,3,131479.48527777777
242594,6,2.0,5,2269.0,15.0,0,0,3,12,131449.47055555554
242610,4,2.0,12,74.0,7.0,0,3,0,3,23698.86277777778
242621,33,2.0,92,109.0,20.0,36,216,99,177,143409.44555555555
242693,17,2.0,37,3.0,8.0,21,70,16,29,123188.8272222222
242704,4,2.0,6,86.0,8.0,0,0,0,6,4.819444444444442
242734,3,2.0,2,1755.0,4.0,0,0,0,3,3836.900277777778
242790,3,5.0,2,1154.0,0.0,0,0,0,3,131407.68027777778
242799,13,4.0,38,2273.0,11.0,3,30,19,26,6597.161944444444
242823,5,4.0,7,2388.0,4.0,0,0,3,7,835.8425
242829,17,2.0,47,108.0,3.0,3,42,34,57,184048.4508333333
242833,11,2.0,26,2380.0,12.0,0,10,8,37,4461.386666666667
242845,14,2.0,53,49.0,14.0,0,13,46,32,7065.122777777778
242881,9,2.0,15,1153.0,1.0,1,14,0,21,4751.711944444445
242979,4,1.0,3,1203.0,5.0,0,0,0,6,131374.79055555555
242999,10,5.0,23,1459.0,7.0,0,0,10,35,13091.2625
243028,7,4.0,15,2275.0,9.0,0,0,0,21,319.3036111111111
243034,4,2.0,5,,0.0,0,0,0,6,288.12333333333333
243091,8,2.0,8,323.0,5.0,0,0,5,23,665.4761111111111
243109,2,5.0,2,390.0,2.0,0,0,0,1,10200.261388888888
243181,4,2.0,4,1672.0,0.0,0,0,3,3,5374.369722222223
243258,53,3.0,104,29.0,8.0,820,492,29,37,176243.45694444445
243313,5,2.0,7,2268.0,16.0,0,0,2,8,131285.19916666666
243315,13,5.0,21,1154.0,0.0,6,36,24,12,504.3319444444445
243324,55,2.0,101,29.0,6.0,253,736,288,208,153908.03833333333
243362,4,3.0,7,1063.0,3.0,0,0,0,6,1650.4447222222225
243379,9,5.0,15,,0.0,1,14,4,17,1165.013333333333
243424,3,2.0,4,78.0,3.0,0,2,0,1,8034.779166666666
243471,2,2.0,1,5441.0,3.0,0,0,0,1,3.653888888888887
243484,5,2.0,11,1749.0,10.0,0,0,0,10,24.35611111111111
243486,4,2.0,10,,0.0,0,0,0,6,11244.714722222225
243487,2,2.0,1,5440.0,4.0,0,0,0,1,14.678333333333336
243488,3,2.0,4,5432.0,12.0,0,0,0,3,2101.330833333333
243504,24,4.0,66,543.0,14.0,28,128,40,80,136797.87722222222
243629,3,2.0,5,1060.0,6.0,0,0,2,1,1731.4433333333336
243649,3,2.0,3,1672.0,0.0,0,2,0,1,12824.911944444444
243726,10,2.0,41,2362.0,30.0,0,0,18,27,4475.256388888889
243757,9,5.0,27,2379.0,13.0,0,8,2,26,149111.22694444444
243797,10,3.0,14,0.0,1.0,0,9,18,18,174223.43027777778
243882,2,2.0,2,5437.0,7.0,0,0,0,1,109.95638888888888
243902,11,1.0,19,31.0,7.0,1,18,1,35,28628.22472222222
244017,12,2.0,29,2382.0,10.0,1,20,12,33,45084.93333333333
244060,9,2.0,11,997.0,3.0,0,8,4,24,2955.590277777778
244062,2,2.0,2,1000.0,0.0,0,0,1,0,50.22
244078,19,2.0,67,93.0,25.0,0,18,80,73,19914.84361111111
244128,7,5.0,17,644.0,5.0,0,0,2,19,10379.443055555555
244135,31,2.0,72,0.0,14.0,78,234,78,75,87011.66861111112
244179,5,2.0,14,67.0,4.0,0,0,7,3,1777.0524999999998
244193,5,4.0,5,2278.0,6.0,0,0,1,9,131067.83916666669
244235,2,2.0,1,5440.0,4.0,0,0,0,1,180.5258333333333
244238,3,2.0,2,,0.0,0,0,0,3,3466.7575
244273,28,2.0,65,58.0,26.0,6,96,137,139,50556.2875
244288,4,2.0,3,2280.0,4.0,0,0,1,5,131046.19027777776
244290,2,2.0,8,5421.0,23.0,0,0,0,1,4350.252777777778
244334,7,2.0,26,187.0,8.0,0,0,4,17,1066.7119444444445
244347,58,2.0,185,0.0,3.0,378,840,190,245,152483.08277777777
244366,6,2.0,6,5430.0,14.0,0,0,3,12,6679.394722222221
244455,22,2.0,88,0.0,22.0,21,105,59,46,46546.73083333335
244485,8,2.0,7,,0.0,0,0,7,21,29213.340833333332
244554,6,5.0,8,5440.0,4.0,0,0,1,14,193.7186111111111
244624,9,2.0,16,2273.0,11.0,0,0,3,33,130951.73083333332
244677,3,2.0,2,2280.0,4.0,0,0,0,3,130945.49333333332
244753,5,2.0,5,2278.0,6.0,0,0,1,9,130926.79333333332
244859,1,2.0,0,,0.0,0,0,0,0,1526.5997222222222
245009,6,3.0,12,,0.0,0,0,2,13,181.92222222222225
245096,3,2.0,5,,0.0,0,2,0,1,50.95472222222223
245098,6,5.0,12,1038.0,6.0,0,0,6,9,6752.708888888889
245131,4,2.0,8,5435.0,9.0,0,0,1,5,1704.8380555555557
245274,7,2.0,15,622.0,8.0,0,0,0,21,8927.167777777779
245349,4,4.0,4,2273.0,11.0,0,0,0,6,130758.35055555556
245365,4,2.0,3,2281.0,3.0,0,0,0,6,130756.16694444444
245367,5,2.0,6,2274.0,10.0,0,4,0,6,130755.83888888887
245370,4,6.0,6,2274.0,10.0,0,0,0,6,130755.78138888888
245394,4,2.0,4,2279.0,5.0,0,0,0,6,130753.15611111112
245418,61,2.0,151,3.0,6.0,276,888,213,453,139883.99694444446
245424,5,2.0,8,1184.0,4.0,1,6,1,2,45374.13
245505,2,2.0,1,1154.0,0.0,0,0,1,0,3222.461388888889
245615,1,2.0,0,1756.0,3.0,0,0,0,0,433.6869444444444
245619,3,2.0,7,1754.0,5.0,0,0,0,3,160.60361111111112
245653,5,6.0,6,1152.0,2.0,0,0,4,6,2430.478888888889
245673,2,2.0,2,972.0,4.0,0,0,0,1,138.9422222222222
245689,2,2.0,1,973.0,3.0,0,0,0,1,134.73055555555555
245770,10,2.0,55,304.0,27.0,0,0,13,32,19910.0775
245783,2,2.0,8,1058.0,8.0,0,0,0,1,2405.282222222222
245819,2,2.0,1,2281.0,3.0,0,0,0,1,130634.39638888888
245878,2,5.0,1,2281.0,3.0,0,0,0,1,130614.94583333332
245883,2,2.0,1,2281.0,3.0,0,0,0,1,130614.64388888888
245930,5,2.0,4,1754.0,5.0,0,0,0,10,217.1013888888889
245931,4,4.0,3,2279.0,5.0,0,0,0,6,130607.80027777776
246012,10,5.0,23,5435.0,9.0,0,9,2,34,1536.3122222222223
246061,4,2.0,3,2391.0,1.0,0,0,0,6,535.2469444444445
246062,5,2.0,6,2278.0,6.0,0,0,1,9,130587.80388888888
246063,5,2.0,12,2268.0,16.0,0,0,0,10,130587.75
246115,3,2.0,3,1000.0,0.0,0,0,2,1,5852.098611111112
246138,9,4.0,11,2392.0,0.0,0,0,8,28,7044.759166666667
246190,6,6.0,7,11.0,1.0,0,5,3,7,130570.47
246236,10,4.0,15,2263.0,21.0,0,9,8,28,130564.97194444443
246273,3,2.0,4,284.0,2.0,0,0,1,2,46582.31055555554
246275,2,2.0,2,1672.0,0.0,0,0,0,1,2339.226111111111
246283,9,2.0,11,1149.0,5.0,1,14,17,4,3167.1280555555554
246400,17,2.0,25,,0.0,10,60,42,24,134518.79861111112
246424,2,1.0,4,1062.0,4.0,0,0,0,1,2299.425
246558,1,2.0,0,1063.0,3.0,0,0,0,0,2260.0425
246560,24,4.0,53,2384.0,8.0,1,44,85,146,10740.66611111111
246717,2,3.0,1,1672.0,0.0,0,0,1,0,1.313888888888887
247147,5,2.0,6,1152.0,2.0,0,0,4,6,4364.695
247225,5,4.0,6,,0.0,0,0,1,9,11631.270277777778
247323,9,4.0,22,2269.0,15.0,1,14,3,18,130399.37333333337
247486,39,4.0,119,9.0,28.0,351,324,58,8,113576.55555555556
247507,18,2.0,47,1049.0,17.0,15,72,39,27,12683.8625
247583,1,2.0,0,1154.0,0.0,0,0,0,0,146.82944444444445
247609,2,2.0,2,1064.0,2.0,0,0,0,1,15474.311111111112
247764,11,2.0,20,,0.0,6,28,11,10,39756.80055555556
247833,24,4.0,33,736.0,16.0,28,128,41,79,47314.82638888889
247963,6,3.0,6,1672.0,0.0,0,0,6,9,2066.4119444444445
247996,11,2.0,47,41.0,17.0,1,18,9,27,111618.7888888889
248017,3,2.0,2,2281.0,3.0,0,0,0,3,130295.97444444444
248054,12,2.0,15,,0.0,15,36,5,10,21366.746944444443
248071,9,5.0,19,328.0,0.0,0,0,6,30,1937.815
248201,2,2.0,1,973.0,3.0,0,0,0,1,111.91638888888887
248226,1,2.0,0,2936.0,3.0,0,0,0,0,68.90694444444445
248277,4,5.0,3,1154.0,0.0,0,3,2,1,951.7494444444444
248342,10,2.0,20,0.0,6.0,6,24,2,13,34574.04583333334
248343,4,5.0,6,2936.0,3.0,0,3,0,3,29.459166666666665
248378,2,6.0,1,2278.0,6.0,0,0,0,1,130249.79666666666
248407,10,5.0,22,,0.0,0,0,12,33,10580.001388888888
248448,2,2.0,1,1187.0,1.0,0,0,0,1,15470.146666666667
248450,4,2.0,7,4.0,2.0,0,0,1,5,45212.920000000006
248566,5,4.0,11,1204.0,4.0,0,4,0,6,289.77750000000003
248590,1,2.0,0,,0.0,0,0,0,0,26102.85138888889
248606,6,2.0,10,2935.0,4.0,0,0,1,14,33.5675
248687,1,2.0,0,973.0,3.0,0,0,0,0,16.95277777777778
248695,1,2.0,0,1797.0,3.0,0,0,0,0,573.3875
248705,2,2.0,2,1798.0,2.0,0,0,0,1,2348.819444444444
248746,2,2.0,3,1672.0,0.0,0,0,0,1,2259.9308333333333
248825,12,5.0,34,2383.0,9.0,0,11,13,42,2549.725
248952,5,2.0,8,1669.0,3.0,0,0,0,10,6433.911111111111
248970,71,2.0,535,159.0,248.0,78,754,760,893,59904.46055555556
249086,4,2.0,3,567.0,4.0,0,0,0,6,504.9649999999999
249136,28,3.0,91,2234.0,50.0,10,115,76,177,130102.73166666666
249168,3,2.0,2,2934.0,5.0,0,0,0,3,361.6605555555556
249187,3,2.0,3,1672.0,0.0,0,0,3,0,1858.4325
249322,9,2.0,15,541.0,6.0,0,0,0,36,2767.68
249462,2,2.0,1,1060.0,6.0,0,0,0,1,2762.351388888889
249572,3,2.0,5,1755.0,4.0,0,0,0,3,294.1594444444445
249593,14,6.0,34,27.0,7.0,3,33,27,28,1427.2327777777778
249616,2,2.0,2,1672.0,0.0,0,0,1,0,126.74027777777778
249686,2,2.0,2,1672.0,0.0,0,1,0,0,1779.227777777778
249710,5,2.0,5,70.0,11.0,0,4,0,6,6782.976111111111
249782,34,6.0,115,,0.0,15,168,147,231,26082.060833333333
249801,33,2.0,69,0.0,10.0,105,270,109,44,153066.695
249810,3,2.0,5,2388.0,4.0,0,0,2,1,277.1613888888889
249923,2,2.0,1,2391.0,1.0,0,0,0,1,3.0877777777777773
249978,3,2.0,2,2392.0,0.0,0,0,2,1,2494.4941666666664
249996,2,1.0,1,1205.0,3.0,0,0,0,1,19.72361111111111
249998,4,4.0,4,2273.0,11.0,0,0,0,6,129944.46916666668
250004,6,6.0,11,1038.0,6.0,1,8,1,5,124024.4188888889
250005,12,2.0,19,86.0,8.0,0,11,14,41,7663.5713888888895
250006,7,2.0,10,2275.0,9.0,0,0,0,21,129943.93138888889
250064,1,2.0,0,1151.0,3.0,0,0,0,0,1.1316666666666648
250072,5,2.0,14,11.0,3.0,0,0,4,6,12192.733055555556
250091,8,3.0,16,182.0,4.0,0,0,13,15,95282.7227777778
250105,4,2.0,3,43.0,6.0,0,0,2,4,102614.85194444444
250187,22,2.0,44,414.0,11.0,66,120,26,19,135759.0288888889
250214,5,2.0,9,1672.0,0.0,0,4,1,5,3731.2672222222222
250216,8,3.0,7,19.0,1.0,0,0,6,22,181805.93444444443
250269,4,2.0,12,2277.0,7.0,0,3,0,3,3041.1544444444444
250342,2,2.0,3,969.0,7.0,0,0,0,1,1402.8791666666666
250371,5,2.0,15,124.0,9.0,0,0,1,9,4030.886111111111
250392,12,2.0,64,406.0,51.0,0,0,17,49,135158.4086111111
250406,3,3.0,2,1671.0,1.0,0,0,0,3,516.3575
250438,4,2.0,3,2283.0,1.0,0,0,2,4,129888.3672222222
250442,4,2.0,4,2283.0,1.0,0,0,0,6,129888.20722222223
250446,6,2.0,5,269.0,1.0,0,5,1,9,129887.99583333336
250474,4,2.0,7,1463.0,3.0,0,0,0,6,5382.183333333333
250583,5,2.0,5,2392.0,0.0,0,4,3,3,2417.3141666666666
250666,6,2.0,6,1755.0,4.0,0,5,0,10,4159.512222222222
250858,7,1.0,20,2274.0,10.0,0,0,1,20,457.9713888888889
250864,5,2.0,8,213.0,4.0,0,0,1,9,153.45694444444445
250900,15,5.0,53,1780.0,20.0,1,26,4,74,1133.0247222222224
250983,19,2.0,24,35.0,2.0,1,34,62,74,135653.22583333333
251162,9,2.0,21,2354.0,38.0,0,0,14,22,142762.26361111112
251267,1,2.0,0,90.0,4.0,0,0,0,0,45.79361111111111
251300,2,2.0,2,1757.0,2.0,0,0,0,1,32.170833333333334
251327,4,2.0,5,390.0,2.0,0,0,2,4,60.0625
251354,9,4.0,30,5426.0,18.0,0,0,7,29,6637.042777777779
251382,4,2.0,5,2274.0,10.0,0,0,2,4,129750.8275
251513,8,4.0,15,2278.0,6.0,0,7,0,21,129735.0402777778
251530,6,2.0,5,2936.0,3.0,0,0,0,15,4906.811388888889
251614,5,4.0,13,2277.0,7.0,0,0,0,10,435.9866666666667
251615,4,4.0,5,2281.0,3.0,0,3,0,3,3030.4708333333333
251669,8,2.0,22,100.0,19.0,1,12,0,15,9702.45388888889
251703,5,2.0,8,1151.0,3.0,0,0,5,5,78.01083333333334
251707,6,,11,16.0,4.0,0,5,2,8,186883.6938888889
251824,1,3.0,0,99.0,2.0,0,0,0,0,0.026388888888888
251939,5,6.0,7,,0.0,0,4,3,3,1097.9827777777778
251958,3,2.0,3,2282.0,2.0,0,0,0,3,1618.5741666666663
251986,9,2.0,13,638.0,11.0,0,0,2,34,129655.62638888888
252033,12,2.0,42,,0.0,1,20,30,15,65639.45555555556
252049,2,2.0,1,1154.0,0.0,0,0,0,1,2.253888888888888
252063,8,6.0,21,390.0,2.0,0,0,3,25,60.50305555555556
252085,2,6.0,1,1758.0,1.0,0,1,0,0,7.259444444444443
252104,4,1.0,5,1672.0,0.0,0,0,1,5,13275.825555555555
252207,3,6.0,5,1151.0,3.0,0,0,3,0,1129.7075
252214,5,3.0,14,1.0,4.0,0,0,2,8,8288.5425
252241,9,2.0,15,2391.0,1.0,0,0,13,23,48371.25138888889
252288,12,2.0,20,111.0,7.0,6,32,18,10,153422.9411111111
252344,3,2.0,4,969.0,7.0,0,0,0,3,454.5388888888889
252372,3,2.0,2,2391.0,1.0,0,0,0,3,6767.754444444445
252435,2,2.0,1,973.0,3.0,0,0,0,1,176.30638888888888
252529,1,2.0,0,90.0,4.0,0,0,0,0,20.97222222222222
252536,2,3.0,2,740.0,2.0,0,0,0,1,1654.2227777777775
252541,1,2.0,0,973.0,3.0,0,0,0,0,85.09194444444444
252554,8,4.0,7,,0.0,0,7,1,20,189189.60305555555
252732,5,2.0,5,97.0,4.0,0,0,1,9,9.275555555555556
252750,19,4.0,62,186.0,28.0,1,34,61,75,647.1255555555556
252941,8,2.0,15,383.0,9.0,0,0,8,20,2177.8183333333336
252950,2,2.0,2,,0.0,0,0,0,1,15022.133333333331
252955,3,2.0,2,2278.0,6.0,0,0,0,3,129499.20388888888
252984,6,4.0,20,2274.0,10.0,0,0,1,14,544.1763888888889
253001,5,2.0,13,5437.0,7.0,0,4,0,6,410.8036111111112
253032,2,2.0,2,1672.0,0.0,0,0,0,1,1242.9255555555555
253076,13,2.0,26,48.0,6.0,0,0,33,45,17359.040277777778
253141,2,2.0,1,1151.0,3.0,0,0,0,1,2.087499999999998
253143,12,2.0,21,47.0,4.0,3,27,21,15,119999.01583333334
253150,8,2.0,13,1011.0,10.0,0,7,4,17,150777.48805555556
253288,12,2.0,23,207.0,7.0,1,20,11,34,353.33444444444444
253299,3,3.0,9,5438.0,6.0,0,2,0,1,177.205
253374,5,4.0,6,2282.0,2.0,0,0,4,6,129420.40055555556
253391,3,2.0,2,2281.0,3.0,0,0,0,3,129416.49972222224
253394,7,2.0,16,1144.0,1.0,0,0,11,10,3228.3711111111115
253470,4,2.0,6,1150.0,4.0,0,0,0,6,723.253611111111
253472,3,4.0,5,2280.0,4.0,0,0,0,3,129406.5775
253489,2,2.0,1,5439.0,5.0,0,0,0,1,284.93111111111114
253501,2,2.0,2,1672.0,0.0,0,0,0,1,1164.6427777777778
253570,2,2.0,1,1755.0,4.0,0,0,0,1,12.268611111111111
253655,4,2.0,3,2391.0,1.0,0,0,3,3,6548.625
253818,5,2.0,5,2391.0,1.0,0,0,3,7,1947.2158333333327
253830,18,2.0,137,0.0,43.0,21,77,21,34,117054.2613888889
253870,38,2.0,48,102.0,9.0,276,336,47,44,143710.88361111112
253888,7,2.0,14,1143.0,11.0,0,0,0,21,13824.16472222222
253889,14,2.0,67,453.0,4.0,1,24,24,42,129296.93833333332
253936,2,1.0,4,327.0,4.0,0,0,0,1,3526.525277777778
254011,2,2.0,1,2281.0,3.0,0,0,0,1,22.729444444444447
254019,2,5.0,1,1187.0,1.0,0,1,0,0,794.6338888888888
254031,27,2.0,56,128.0,4.0,6,92,123,130,121117.90416666667
254056,11,2.0,15,1147.0,7.0,0,0,19,36,129289.09916666668
254139,44,2.0,86,10.0,11.0,171,475,192,108,118539.30166666668
254175,7,2.0,8,386.0,6.0,0,0,2,19,559.0258333333334
254238,7,2.0,13,,0.0,0,0,1,20,3840.271111111111
254316,5,3.0,6,35.0,3.0,0,0,2,8,43.4688888888889
254332,2,4.0,1,,0.0,0,0,0,1,122.48638888888888
254337,12,2.0,14,,0.0,1,20,4,41,36377.51138888889
254373,2,2.0,1,5440.0,4.0,0,0,0,1,63.89583333333333
254378,2,2.0,1,5437.0,7.0,0,0,0,1,138.5863888888889
254519,54,2.0,187,1.0,14.0,300,725,167,239,65320.2716666667
254755,7,3.0,34,,0.0,0,6,4,11,11806.318055555555
254790,2,2.0,4,5440.0,4.0,0,0,0,1,3.2666666666666666
254966,5,2.0,19,2267.0,17.0,0,0,0,10,129118.0775
254978,3,2.0,2,,0.0,0,0,3,0,33592.25527777778
255022,2,5.0,1,362.0,3.0,0,0,0,1,8.962499999999999
255073,4,2.0,4,2282.0,2.0,0,3,0,3,129097.54555555557
255077,3,2.0,4,363.0,2.0,0,0,0,3,4388.016944444444
255081,2,2.0,1,1062.0,4.0,0,0,0,1,862.4558333333332
255086,4,2.0,6,133.0,0.0,0,0,2,4,129096.44194444444
255088,4,2.0,7,2280.0,4.0,0,0,1,5,129096.38222222222
255107,17,2.0,43,,0.0,10,60,18,48,121312.51194444444
255119,11,2.0,21,41.0,5.0,0,0,14,41,63498.67305555554
255123,30,2.0,70,327.0,1.0,15,144,50,226,9352.90972222222
255137,2,3.0,1,1672.0,0.0,0,0,0,1,853.9922222222222
255187,5,2.0,7,212.0,2.0,0,0,0,10,129080.9075
255205,3,2.0,8,565.0,6.0,0,2,0,1,4326.574166666667
255337,3,2.0,2,5439.0,5.0,0,2,0,1,1450.1030555555558
255366,8,6.0,19,554.0,2.0,0,7,5,16,1338.9280555555556
255400,9,6.0,12,1206.0,2.0,0,0,16,20,55.67944444444446
255408,11,2.0,44,260.0,23.0,0,0,18,37,22958.62027777778
255432,6,2.0,10,973.0,3.0,0,0,4,11,443.5033333333333
255449,1,2.0,0,1672.0,0.0,0,0,0,0,717.0972222222223
255494,7,5.0,18,1670.0,2.0,3,12,3,3,1737.8313888888888
255569,7,2.0,15,2276.0,8.0,0,0,0,21,622.4022222222222
255705,3,3.0,5,1063.0,3.0,0,0,0,3,5086.897222222222
255863,8,4.0,26,2383.0,9.0,0,0,2,26,5434.493888888889
255872,5,2.0,5,1154.0,0.0,0,0,3,7,247.8055555555555
255881,4,5.0,3,2277.0,7.0,0,0,0,6,128934.03722222222
255958,6,2.0,9,1152.0,2.0,0,0,2,13,5608.198888888888
256003,5,2.0,14,2275.0,9.0,0,0,0,10,3892.116111111111
256006,1,2.0,0,,0.0,0,0,0,0,1034.836388888889
256084,10,2.0,23,259.0,6.0,1,16,8,20,25217.80777777778
256126,8,5.0,9,,0.0,0,7,5,16,9747.545277777775
256135,4,2.0,23,229.0,13.0,0,3,0,3,9251.702222222222
256180,33,4.0,161,134.0,93.0,36,216,152,124,143077.97833333333
256243,8,2.0,20,303.0,4.0,0,0,6,22,128871.41611111112
256252,9,2.0,15,113.0,20.0,0,8,4,24,128870.60777777775
256269,5,2.0,6,124.0,9.0,0,0,2,8,128868.32555555557
256272,9,2.0,15,598.0,8.0,0,0,8,28,867.3827777777777
256311,7,5.0,42,2377.0,15.0,0,6,3,12,13330.23138888889
256410,3,2.0,2,,0.0,0,2,1,0,155851.0636111111
256469,2,2.0,1,2936.0,3.0,0,0,0,1,103.2875
256534,5,2.0,5,1671.0,1.0,0,0,2,8,589.1258333333333
256558,4,2.0,11,16.0,7.0,0,3,1,2,186.02
256610,2,5.0,3,126.0,3.0,0,0,0,1,3657.383055555555
256640,4,2.0,4,1753.0,6.0,0,0,0,6,6320.058611111111
256644,3,2.0,2,,0.0,0,0,0,3,556.3622222222223
256726,5,3.0,7,213.0,4.0,0,0,1,9,5059.002222222223
256734,2,2.0,1,363.0,2.0,0,0,0,1,0.2786111111111088
256766,6,2.0,18,1671.0,1.0,0,0,0,15,548.9708333333334
256833,5,2.0,4,128.0,5.0,0,0,0,10,128747.11611111111
256835,8,5.0,7,119.0,14.0,0,7,3,18,128746.93805555555
256854,3,2.0,3,1672.0,0.0,0,0,2,1,4133.115555555556
256877,3,2.0,3,,0.0,0,2,0,1,166.73166666666668
256898,3,2.0,2,1755.0,4.0,0,0,0,3,1.510555555555555
256927,5,5.0,10,1672.0,0.0,0,0,6,4,279.1772222222222
256932,13,2.0,22,,0.0,0,0,9,69,5284.179166666667
256944,3,2.0,2,1756.0,3.0,0,0,0,3,19.796388888888888
256988,3,2.0,5,457.0,4.0,0,0,2,1,5740.850277777778
257026,4,2.0,12,1669.0,3.0,0,0,0,6,10179.906944444449
257075,5,2.0,10,129.0,4.0,0,0,1,9,128706.83722222222
257117,21,2.0,52,379.0,13.0,0,0,76,134,2338.2761111111117
257121,19,3.0,60,,0.0,6,60,30,75,34060.19111111111
257191,3,2.0,2,1753.0,6.0,0,0,0,3,73.93277777777777
257197,39,2.0,120,0.0,24.0,45,290,165,241,47623.87027777778
257206,4,1.0,7,1672.0,0.0,0,0,3,3,10386.915
257247,9,3.0,29,246.0,19.0,1,14,9,12,43976.028333333335
257338,3,2.0,2,99.0,5.0,0,0,0,3,2068.7877777777776
257375,6,2.0,10,388.0,4.0,0,0,7,8,709.4544444444444
257430,5,4.0,10,2387.0,5.0,0,0,3,7,46.22416666666666
257458,5,2.0,10,2389.0,3.0,1,6,0,3,12358.114722222224
257463,4,3.0,8,387.0,5.0,0,0,1,5,1145.1197222222222
257488,8,2.0,21,910.0,10.0,0,7,4,17,9310.522222222222
257538,4,4.0,8,1754.0,5.0,0,0,2,4,1403.0013888888889
257592,4,2.0,3,387.0,5.0,0,0,0,6,138.60277777777776
257616,2,2.0,1,1756.0,3.0,0,0,0,1,0.2563888888888871
257649,6,2.0,8,1755.0,4.0,0,0,0,15,2313.753333333333
257694,2,4.0,1,5439.0,5.0,0,0,0,1,274.37638888888887
257721,3,5.0,2,1203.0,5.0,0,0,0,3,9.663611111111113
257725,2,2.0,2,1672.0,0.0,0,0,0,1,347.24083333333334
257728,4,2.0,6,283.0,3.0,0,0,0,6,12184.514444444443
257765,5,2.0,6,30.0,4.0,0,4,0,6,140040.5652777778
257781,24,3.0,40,19.0,8.0,21,119,57,79,22307.82333333333
257870,11,3.0,14,,0.0,10,30,7,8,177426.14916666667
257877,5,2.0,4,1461.0,5.0,0,0,0,10,2128.173333333333
257920,2,1.0,1,128.0,1.0,0,0,0,1,25.461111111111112
257938,18,3.0,55,2380.0,12.0,1,32,64,56,26298.52694444444
257985,4,2.0,8,70.0,2.0,0,0,1,5,11134.061666666666
257998,3,5.0,14,641.0,8.0,0,0,0,3,207.9872222222222
258006,12,3.0,25,449.0,8.0,6,32,14,14,18907.29694444445
258039,5,2.0,8,5440.0,4.0,0,4,0,6,4401.899444444444
258175,8,2.0,16,2390.0,2.0,0,0,1,27,362.05
258179,3,2.0,2,973.0,3.0,0,0,0,3,173.76444444444445
258259,1,6.0,0,1154.0,0.0,0,0,0,0,26.22583333333333
258277,13,2.0,23,299.0,8.0,1,22,12,43,128431.5275
258291,6,4.0,6,453.0,4.0,0,0,5,10,182429.8452777778
258377,13,2.0,73,182.0,29.0,1,22,29,26,38368.13111111111
258405,10,2.0,44,170.0,18.0,0,9,7,29,28622.272777777776
258411,6,2.0,21,969.0,7.0,0,0,1,14,196.1538888888889
258474,3,1.0,3,127.0,2.0,0,0,0,3,21.21
258625,18,5.0,36,57.0,6.0,0,17,32,104,6836.44888888889
258650,6,3.0,13,90.0,6.0,1,8,2,4,6072.745
258667,4,2.0,4,2932.0,7.0,0,0,0,6,116.61
258793,2,2.0,2,2936.0,3.0,0,0,0,1,71.18611111111112
258819,2,2.0,1,5440.0,4.0,0,0,0,1,26.079722222222223
258917,23,4.0,47,1747.0,12.0,10,90,48,105,9775.907222222222
259038,3,2.0,5,991.0,1.0,0,2,0,1,676.0597222222224
259103,2,2.0,1,973.0,3.0,0,0,0,1,70.4636111111111
259115,7,2.0,7,555.0,2.0,0,0,3,18,128286.12666666663
259117,16,2.0,28,1753.0,6.0,3,39,19,59,1205.7736111111112
259119,6,2.0,6,215.0,13.0,1,8,1,5,11322.669999999998
259139,2,2.0,2,5442.0,2.0,0,0,0,1,174.94194444444446
259140,4,2.0,12,76.0,7.0,0,0,4,2,15360.868055555557
259167,5,2.0,5,,0.0,0,0,8,2,74149.55833333335
259197,2,2.0,1,97.0,4.0,0,0,0,1,194.5644444444445
259198,4,1.0,4,284.0,2.0,0,0,0,6,33330.611666666664
259325,8,2.0,20,306.0,6.0,3,15,0,10,6580.843333333333
259332,7,2.0,14,627.0,3.0,0,0,4,17,25782.21888888889
259356,81,3.0,229,2.0,33.0,1081,1598,433,128,186571.2519444445
259422,6,3.0,6,,0.0,0,0,10,5,153899.35722222223
259431,16,2.0,20,61.0,2.0,3,39,26,52,3997.688888888889
259486,3,4.0,5,5440.0,4.0,0,0,2,1,154.36
259599,3,2.0,2,224.0,4.0,0,0,0,3,4.141388888888887
259617,2,2.0,1,2936.0,3.0,0,0,0,1,0.8858333333333328
259640,44,2.0,77,176.0,10.0,231,484,130,101,145483.43
259800,4,2.0,6,1798.0,2.0,0,0,4,2,130.3725
259804,2,2.0,1,2392.0,0.0,0,0,0,1,763.2044444444444
259945,8,2.0,36,19.0,40.0,0,7,6,15,37733.68722222222
259956,4,2.0,6,,0.0,0,3,2,1,16102.010000000002
259993,11,2.0,13,116.0,2.0,3,24,15,13,17022.186944444446
260247,4,2.0,12,1057.0,9.0,0,3,1,2,90.73583333333332
260259,2,2.0,1,77.0,4.0,0,0,0,1,4936.114444444445
260264,36,2.0,75,0.0,15.0,136,323,99,72,121556.73638888888
260296,11,2.0,20,,0.0,3,24,22,6,137059.03444444446
260322,3,2.0,4,1672.0,0.0,0,0,1,2,2534.2233333333334
260337,11,2.0,12,1153.0,1.0,0,0,22,33,6417.177777777778
260484,3,2.0,7,77.0,4.0,0,2,0,1,4935.222499999999
260527,4,2.0,4,2275.0,9.0,0,0,0,6,4114.163888888889
260562,12,2.0,14,0.0,2.0,15,36,9,6,121937.27027777776
260563,2,2.0,1,2279.0,5.0,0,0,0,1,26.85944444444445
260605,2,2.0,1,2280.0,4.0,0,0,0,1,191.6955555555556
260633,5,2.0,11,1058.0,8.0,0,0,2,8,37.71833333333333
260652,5,4.0,14,,0.0,0,0,2,8,4697.307777777779
260657,6,5.0,18,2273.0,11.0,0,0,1,14,1721.0402777777776
260667,4,4.0,5,66.0,5.0,0,0,1,5,128108.09166666667
260803,4,2.0,9,303.0,4.0,0,0,2,4,220.76083333333327
260823,3,2.0,2,2280.0,4.0,0,0,0,3,128092.12277777778
260846,5,2.0,4,2280.0,4.0,0,0,1,9,128090.13388888889
261037,35,2.0,67,2383.0,9.0,120,304,97,74,116588.66
261040,3,2.0,6,2387.0,5.0,0,0,0,3,151.4975
261043,9,2.0,20,240.0,4.0,0,0,8,28,123.79444444444444
261136,3,2.0,2,1464.0,2.0,0,0,1,2,25802.76027777778
261270,1,2.0,0,1063.0,3.0,0,0,0,0,121.61416666666668
261315,3,2.0,3,1149.0,5.0,0,0,0,3,112.76166666666668
261527,5,2.0,9,78.0,4.0,0,4,1,5,635.3752777777778
261544,4,1.0,7,100.0,4.0,0,0,3,3,4496.171666666667
261593,2,2.0,2,970.0,6.0,0,0,0,1,117.97916666666666
261605,1,2.0,0,5440.0,4.0,0,0,0,0,755.1280555555556
261606,2,2.0,2,1672.0,0.0,0,0,1,0,3128.585555555556
261633,17,5.0,28,262.0,8.0,3,42,24,67,43518.62777777779
261696,1,2.0,0,1672.0,0.0,0,0,0,0,49.65805555555556
261707,4,2.0,8,5438.0,6.0,0,0,0,6,1259.147222222222
261711,2,3.0,1,1061.0,5.0,0,0,0,1,669.786111111111
261723,1,2.0,0,5440.0,4.0,0,0,0,0,91.4888888888889
261778,5,2.0,14,73.0,8.0,1,6,0,3,105581.65361111112
261826,6,2.0,9,5439.0,5.0,0,5,1,9,38046.20944444445
262031,9,1.0,22,5435.0,9.0,0,0,17,19,5654.488888888889
262037,6,2.0,9,471.0,14.0,0,5,1,9,11803.294444444444
262116,9,2.0,21,966.0,10.0,1,14,7,14,27771.765
262199,5,4.0,10,,0.0,0,0,2,8,233.6011111111111
262236,10,2.0,31,56.0,15.0,0,0,12,33,127886.9822222222
262325,3,2.0,4,1063.0,3.0,0,0,2,1,2281.7591666666667
262387,5,4.0,7,213.0,4.0,0,4,3,3,15280.467222222222
262578,8,2.0,45,2264.0,20.0,0,0,0,28,2577.640555555556
262708,6,2.0,8,5440.0,4.0,1,8,0,6,885.6816666666666
262821,5,2.0,4,1671.0,1.0,0,0,0,10,9247.926388888887
262894,4,2.0,13,2268.0,16.0,0,0,1,5,30260.79222222223
262899,3,1.0,2,128.0,1.0,0,0,0,3,43.25027777777778
262917,3,1.0,2,1462.0,4.0,0,0,0,3,6461.266666666666
262948,2,2.0,1,1020.0,1.0,0,0,0,1,6351.073611111111
263103,2,2.0,1,1063.0,3.0,0,0,0,1,168.9386111111111
263114,26,3.0,60,42.0,5.0,45,160,35,85,168036.2147222222
263185,4,3.0,10,284.0,2.0,0,3,0,3,10293.980277777777
263200,2,2.0,2,5437.0,7.0,0,0,0,1,119.32222222222222
263211,4,2.0,6,111.0,7.0,0,0,0,6,113.80027777777778
263213,22,2.0,51,5431.0,13.0,3,57,57,114,50990.173888888894
263226,2,2.0,1,25.0,1.0,0,0,0,1,6.401388888888889
263244,5,2.0,11,5437.0,7.0,0,0,2,8,1011.291388888889
263309,6,2.0,9,66.0,9.0,0,0,4,11,2380.9547222222222
263345,20,2.0,36,555.0,2.0,28,96,22,44,149874.895
263370,3,3.0,2,,0.0,0,2,1,0,181018.85805555555
263373,3,2.0,2,,0.0,0,0,2,1,86796.1338888889
263381,14,2.0,32,53.0,8.0,0,0,49,42,29720.14
263406,2,2.0,1,5421.0,23.0,0,1,0,0,914.3877777777776
263433,31,2.0,81,78.0,8.0,1,58,207,199,110648.615
263468,2,3.0,1,1672.0,0.0,0,0,0,1,1751.4883333333332
263545,4,3.0,13,,0.0,0,3,0,3,42723.5325
263567,3,2.0,3,220.0,2.0,0,0,0,3,169.83888888888887
263569,2,2.0,4,5440.0,4.0,0,0,0,1,63.08416666666668
263581,4,2.0,5,5436.0,8.0,0,0,0,6,1243.1569444444444
263608,4,5.0,6,1062.0,4.0,0,3,0,3,91241.24333333332
263750,11,1.0,25,7.0,10.0,0,0,20,35,9290.838333333331
263760,2,4.0,1,1063.0,3.0,0,0,0,1,185.7025
263846,11,5.0,22,5438.0,6.0,0,10,15,30,993.7811111111112
263865,3,5.0,8,222.0,6.0,0,2,0,1,745.1516666666666
263992,11,6.0,26,2384.0,8.0,0,0,21,34,710.3727777777779
264067,3,2.0,2,388.0,4.0,0,0,0,3,80.14111111111112
264072,1,2.0,0,2936.0,3.0,0,0,0,0,19.628055555555555
264090,3,2.0,4,1756.0,3.0,0,0,0,3,23.15277777777777
264102,10,3.0,42,,0.0,0,0,12,33,1191.2183333333332
264129,11,6.0,40,,0.0,3,24,5,23,2425.6197222222218
264231,2,2.0,1,,0.0,0,0,0,1,75767.32166666667
264235,15,6.0,76,2373.0,19.0,1,26,36,42,675.2491666666666
264245,7,2.0,35,2369.0,23.0,0,0,1,20,313.5611111111112
264270,13,2.0,13,51.0,1.0,10,40,15,13,146689.21444444446
264274,5,2.0,8,1787.0,13.0,0,0,2,8,802.4733333333334
264412,29,2.0,139,2331.0,61.0,36,180,93,97,99120.86138888888
264498,1,2.0,0,392.0,0.0,0,0,0,0,50.31472222222224
264543,3,2.0,2,,0.0,0,0,0,3,212.3777777777778
264560,11,4.0,27,537.0,10.0,1,18,0,36,1954.5566666666668
264609,3,3.0,6,5439.0,5.0,0,0,2,1,1333.3691666666668
264624,4,3.0,17,638.0,11.0,0,3,0,3,6784.737222222222
264628,4,4.0,9,97.0,0.0,0,3,0,3,1592.0916666666667
264683,11,5.0,17,2933.0,6.0,0,0,19,36,266.05055555555555
264873,8,5.0,9,5441.0,3.0,1,12,0,15,2059.013055555555
264914,2,2.0,1,5431.0,13.0,0,0,0,1,298.8825
264915,2,2.0,1,5441.0,3.0,0,0,0,1,2256.214166666666
265014,4,2.0,3,549.0,8.0,0,0,0,6,86.25750000000001
265047,8,2.0,11,646.0,3.0,1,12,0,15,92547.27666666669
265109,4,2.0,4,2.0,5.0,0,0,5,1,312.7494444444444
265126,9,3.0,8,,0.0,3,18,2,13,122871.71527777778
265165,8,2.0,28,2380.0,12.0,0,0,8,20,12043.372222222224
265203,5,2.0,14,2274.0,10.0,0,0,0,10,127405.06555555556
265300,6,2.0,10,259.0,6.0,1,8,0,6,20659.379722222224
265325,6,2.0,7,389.0,3.0,0,0,5,10,10129.51027777778
265333,5,2.0,24,958.0,18.0,0,4,0,6,1339.0716666666667
265367,8,2.0,8,5430.0,14.0,0,0,0,28,7686.672777777778
265383,10,2.0,20,1200.0,8.0,0,0,2,43,18712.61
265393,23,3.0,54,20.0,2.0,36,126,28,63,147579.57805555555
265394,4,1.0,6,32.0,2.0,0,0,0,6,2456.5458333333336
265414,5,2.0,14,1058.0,8.0,0,0,0,10,82.00805555555556
265453,2,2.0,3,1672.0,0.0,0,0,0,1,1436.543611111111
265461,5,6.0,4,,0.0,0,0,2,8,2220.8580555555554
265464,3,2.0,2,79.0,3.0,0,0,0,3,4.937777777777777
265492,15,2.0,26,383.0,9.0,0,0,5,100,6668.6080555555545
265534,4,2.0,7,5440.0,4.0,0,0,0,6,33520.33416666667
265536,11,2.0,20,1751.0,8.0,1,18,5,31,5727.693333333334
265552,1,4.0,0,5438.0,6.0,0,0,0,0,63.74527777777777
265564,6,4.0,8,80.0,2.0,0,0,6,9,163.6761111111111
265566,3,2.0,3,2390.0,2.0,0,0,0,3,3279.9447222222225
265573,11,3.0,15,1060.0,6.0,6,28,10,11,4357.016388888889
265677,4,2.0,5,304.0,3.0,0,0,0,6,127345.65666666666
265680,4,3.0,8,1753.0,6.0,0,0,3,3,287.70944444444444
265692,13,5.0,21,2935.0,4.0,0,0,31,47,71.05499999999999
265736,22,5.0,52,195.0,16.0,3,57,55,116,38882.79666666666
265760,4,2.0,4,387.0,5.0,0,0,4,2,3408.8922222222227
265784,9,3.0,36,,0.0,3,18,3,12,157964.285
265806,11,2.0,25,1154.0,0.0,3,24,11,17,363.7411111111111
265847,7,2.0,23,35.0,5.0,0,6,4,11,20592.738611111112
265863,3,2.0,3,93.0,8.0,0,0,0,3,862.0155555555556
265871,26,2.0,75,20.0,19.0,21,133,44,127,19586.871944444443
265900,7,2.0,14,328.0,0.0,1,10,8,2,90.44833333333337
265936,8,5.0,14,,0.0,0,0,13,15,24085.357222222225
265940,7,4.0,29,2270.0,14.0,0,0,3,18,977.8325
266047,3,2.0,3,15.0,2.0,0,0,1,2,127270.46694444444
266151,4,1.0,4,1672.0,0.0,0,0,3,3,2512.586388888889
266171,1,2.0,0,5440.0,4.0,0,0,0,0,2.9230555555555537
266208,3,2.0,3,1462.0,4.0,0,0,0,3,11310.443888888887
266252,5,2.0,47,0.0,28.0,1,6,2,1,9727.858333333335
266321,1,2.0,0,5441.0,3.0,0,0,0,0,70.70527777777778
266331,6,1.0,10,260.0,5.0,0,5,2,8,42530.81277777778
266332,3,2.0,2,5440.0,4.0,0,0,0,3,69.15916666666666
266371,9,2.0,15,5428.0,16.0,0,0,8,28,15124.469166666668
266432,14,5.0,19,,0.0,21,49,9,12,154988.5263888889
266541,2,2.0,3,1672.0,0.0,0,0,0,1,109147.18305555556
266554,23,3.0,71,0.0,6.0,15,102,43,93,175736.70333333334
266754,8,2.0,10,,0.0,0,7,9,12,27051.68166666666
266785,8,4.0,23,1795.0,5.0,1,12,8,7,26050.362222222226
266835,7,2.0,17,155.0,8.0,0,0,3,18,4988.087777777779
266904,6,2.0,14,47.0,6.0,1,8,1,5,19280.089166666665
266930,5,1.0,10,1203.0,5.0,0,0,0,10,3501.5575
266932,19,4.0,41,313.0,3.0,0,18,58,95,24235.726111111115
266933,9,2.0,24,5435.0,9.0,1,14,5,16,10872.877777777778
266971,3,2.0,6,,0.0,0,0,0,3,7819.763888888889
266985,21,2.0,36,0.0,7.0,105,90,6,9,136890.72666666668
267036,1,2.0,0,5440.0,4.0,0,0,0,0,369.2805555555556
267050,5,5.0,6,226.0,2.0,0,0,4,6,300.1616666666667
267085,2,2.0,4,5440.0,4.0,0,0,0,1,2377.926111111112
267179,3,2.0,2,,0.0,0,0,0,3,23497.766111111112
267225,6,3.0,12,,0.0,0,5,1,9,3128.0275
267286,13,5.0,19,1759.0,0.0,6,36,15,21,13305.829722222225
267302,4,2.0,4,1202.0,6.0,0,0,1,5,144.27694444444444
267387,4,2.0,3,2281.0,3.0,0,0,0,6,127079.0675
267416,7,2.0,10,,0.0,0,6,2,13,19946.18083333333
267477,3,3.0,2,1057.0,9.0,0,0,2,1,1783.2658333333334
267478,2,4.0,2,1672.0,0.0,0,0,1,0,1124.575
267557,6,3.0,22,5432.0,12.0,0,5,0,10,436.0122222222222
267645,18,2.0,32,5438.0,6.0,10,65,25,53,134111.14444444445
267847,5,2.0,6,,0.0,0,4,3,3,86117.24138888888
267888,42,2.0,127,,0.0,105,405,237,114,128023.45527777776
268036,7,2.0,8,,0.0,0,0,3,18,544.3369444444445
268235,2,2.0,1,148.0,5.0,0,0,0,1,100.56972222222224
268242,9,2.0,15,61.0,2.0,1,14,14,7,40.48694444444445
268260,2,2.0,1,1671.0,1.0,0,0,0,1,24.2025
268309,9,2.0,28,175.0,0.0,0,0,22,14,43621.80527777779
268311,10,2.0,18,1459.0,7.0,0,0,10,35,152318.2827777778
268377,5,1.0,11,37.0,8.0,0,0,5,5,739.385
268414,1,2.0,0,1154.0,0.0,0,0,0,0,51.36472222222223
268448,6,1.0,7,1020.0,1.0,0,0,5,10,12327.605277777777
268459,8,2.0,22,1034.0,10.0,1,12,8,7,172200.0247222222
268901,2,2.0,3,1672.0,0.0,0,0,0,1,955.0030555555556
269023,4,2.0,10,1135.0,19.0,0,0,1,5,1590.6416666666664
269062,13,2.0,29,26.0,3.0,3,30,24,21,130464.5211111111
269125,7,2.0,9,20.0,7.0,0,0,2,19,32766.15111111111
269257,6,2.0,8,,0.0,0,5,0,10,29830.95555555556
269318,7,2.0,16,2277.0,7.0,0,0,0,21,126858.24
269402,3,2.0,10,5435.0,9.0,0,2,0,1,375.97833333333335
269442,40,2.0,135,20.0,42.0,136,391,144,109,105529.72416666664
269472,8,6.0,14,58.0,1.0,0,0,6,22,8431.996666666666
269561,11,4.0,32,917.0,3.0,0,10,6,39,2451.58
269566,9,5.0,21,5433.0,11.0,0,8,3,25,39328.6275
269633,2,2.0,1,1063.0,3.0,0,0,0,1,872.9780555555557
269682,3,2.0,2,97.0,0.0,0,0,1,2,141.7227777777778
269697,2,2.0,1,5440.0,4.0,0,0,0,1,237.80166666666665
269736,2,4.0,3,2392.0,0.0,0,0,0,1,132.4047222222222
269739,4,4.0,5,1063.0,3.0,0,3,0,3,14674.713888888888
269812,9,2.0,19,150.0,3.0,0,0,1,35,41759.00638888889
269832,7,5.0,13,916.0,4.0,1,10,7,3,1928.7116666666664
269922,3,1.0,2,1462.0,4.0,0,0,0,3,34.80861111111112
270030,6,2.0,13,2277.0,7.0,0,0,0,15,88.71083333333334
270075,2,2.0,1,1797.0,3.0,0,0,0,1,0.5744444444444424
270110,2,2.0,2,1795.0,5.0,0,0,0,1,330.47916666666674
270237,3,2.0,5,1062.0,4.0,0,0,1,2,43322.72277777777
270264,2,2.0,1,,0.0,0,0,0,1,68989.06027777778
270292,37,2.0,116,0.0,19.0,55,286,157,168,116442.34833333334
270298,4,2.0,5,1672.0,0.0,0,0,1,5,24538.005555555552
270302,3,2.0,5,1062.0,4.0,0,0,0,3,30373.06722222222
270377,2,3.0,3,0.0,2.0,0,1,0,0,1542.3763888888889
270702,7,2.0,8,7.0,2.0,10,10,1,0,118766.2736111111
270715,4,2.0,5,113.0,5.0,0,0,0,6,12789.449166666667
270768,2,1.0,2,1463.0,3.0,0,0,0,1,133.16611111111112
270798,2,3.0,1,1463.0,3.0,0,0,0,1,10867.639722222222
270804,5,2.0,10,2389.0,3.0,0,4,0,6,2094.0069444444443
270814,3,2.0,3,153.0,2.0,0,2,0,1,3582.756388888889
270893,5,2.0,6,390.0,2.0,0,0,4,6,12239.428055555556
270955,4,2.0,7,1672.0,0.0,0,3,0,3,4756.608055555556
271154,4,3.0,9,5439.0,5.0,0,0,0,6,358.59527777777777
271166,14,2.0,39,25.0,20.0,0,0,22,69,136483.29499999998
271222,27,2.0,80,209.0,14.0,45,170,50,86,171990.4061111111
271293,2,5.0,2,1464.0,2.0,0,0,0,1,1584.656111111111
271343,3,2.0,4,,0.0,0,2,0,1,142679.2761111111
271386,10,1.0,16,0.0,6.0,1,16,12,16,148399.6663888889
271405,31,2.0,102,5.0,7.0,55,220,108,82,148218.69
271422,5,2.0,17,5430.0,14.0,0,0,4,6,12934.007777777775
271841,7,2.0,11,421.0,4.0,0,0,3,18,43803.82361111111
271863,20,2.0,32,43.0,9.0,15,84,40,51,150926.0536111111
271910,2,2.0,1,,0.0,0,0,0,1,150184.12972222222
271952,8,4.0,11,,0.0,0,0,8,20,49395.379166666666
271989,4,3.0,5,1672.0,0.0,0,3,0,3,26552.46194444444
272079,2,2.0,1,1151.0,3.0,0,0,0,1,358.9041666666667
272151,3,2.0,5,2919.0,20.0,0,0,2,1,289.2363888888889
272267,6,3.0,9,,0.0,1,8,1,5,114378.78472222222
272292,19,4.0,70,30.0,22.0,3,48,31,89,143222.39194444445
272318,3,3.0,3,,0.0,0,2,0,1,131774.71083333337
272381,8,5.0,12,1461.0,5.0,0,7,6,15,153931.20222222223
272455,6,4.0,11,556.0,1.0,0,0,4,11,2759.3597222222224
272620,10,2.0,33,594.0,12.0,1,16,8,20,165585.9272222222
272624,5,5.0,18,1154.0,0.0,0,0,4,6,1388.6155555555556
272698,4,2.0,3,,0.0,0,0,4,2,152026.73527777777
272847,15,2.0,77,397.0,60.0,1,26,25,53,35729.026666666665
272882,6,2.0,20,1672.0,0.0,1,8,2,4,13184.25777777778
272963,7,2.0,15,45.0,5.0,0,6,3,12,45220.139722222215
272974,4,2.0,3,116.0,2.0,0,0,0,6,4.782777777777778
273022,6,2.0,12,16.0,5.0,0,0,3,12,9871.327222222222
273025,8,2.0,27,12.0,15.0,0,0,3,25,44479.39611111111
273050,4,2.0,11,109.0,9.0,0,0,1,5,8323.830555555556
273056,3,2.0,2,1463.0,3.0,0,0,0,3,1112.5972222222224
273189,3,2.0,5,77.0,4.0,0,2,0,1,4172.760833333334
273336,16,2.0,48,1138.0,16.0,0,15,28,77,11122.390833333337
273424,4,2.0,7,1150.0,4.0,0,0,0,6,1496.003333333333
273456,37,4.0,109,2.0,15.0,55,286,162,163,62709.62972222222
273459,5,2.0,6,84.0,2.0,0,0,0,10,24860.82527777778
273507,6,2.0,22,1057.0,9.0,0,0,0,15,4380.227777777779
273597,2,2.0,1,2281.0,3.0,0,0,0,1,126242.01694444443
273751,3,2.0,5,30.0,4.0,0,0,2,1,41027.76611111111
273785,29,4.0,66,5423.0,21.0,10,120,98,178,14056.283888888887
273808,1,3.0,0,1463.0,3.0,0,0,0,0,943.6636111111112
273829,2,2.0,1,2933.0,6.0,0,0,0,1,360.0825
273984,2,2.0,1,5440.0,4.0,0,0,0,1,11272.596944444444
274076,2,2.0,1,1061.0,5.0,0,0,0,1,3.5908333333333315
274086,2,2.0,1,8.0,2.0,0,0,0,1,118.88388888888888
274100,8,2.0,42,0.0,16.0,3,15,4,6,55939.318055555545
274106,2,2.0,1,74.0,7.0,0,0,0,1,18418.846944444445
274115,2,2.0,2,1672.0,0.0,0,0,0,1,2263.7666666666664
274144,2,2.0,1,,0.0,0,0,0,1,45765.36166666666
274156,5,3.0,12,1041.0,3.0,0,4,0,6,943.9969444444444
274161,2,1.0,2,1672.0,0.0,0,0,0,1,3.9502777777777776
274199,2,2.0,4,1672.0,0.0,0,1,0,0,211.91694444444445
274300,2,4.0,2,1061.0,5.0,0,0,0,1,5446.803333333333
274309,5,2.0,7,5440.0,4.0,0,0,4,6,936.6886111111112
274398,6,2.0,7,1042.0,2.0,1,8,3,3,115689.53805555556
274402,2,2.0,1,1151.0,3.0,0,0,0,1,18.024722222222223
274452,22,3.0,95,186.0,30.0,3,57,82,89,106317.13916666668
274509,4,2.0,3,602.0,4.0,0,0,2,4,88266.14972222222
274521,5,2.0,8,2390.0,2.0,0,0,0,10,13910.913611111111
274542,6,4.0,18,51.0,12.0,0,0,3,12,126087.895
274624,12,2.0,25,47.0,5.0,0,0,24,42,125905.44694444444
274626,23,2.0,55,80.0,16.0,66,132,27,28,62704.82333333333
274784,41,2.0,139,1128.0,26.0,6,148,210,456,19718.95611111111
274852,2,2.0,6,276.0,10.0,0,0,0,1,43711.20916666668
275119,2,5.0,1,2935.0,4.0,0,0,0,1,111.29805555555556
275304,3,3.0,2,,0.0,0,2,0,1,24.629166666666663
275342,9,4.0,13,8.0,3.0,0,8,13,15,161963.72555555555
275463,3,2.0,2,972.0,4.0,0,0,0,3,5892.1594444444445
275576,5,2.0,16,136.0,8.0,0,0,1,9,15476.385
275654,8,5.0,16,,0.0,1,12,3,12,22545.141944444447
275673,2,2.0,3,972.0,4.0,0,0,0,1,130.13
276002,4,1.0,4,1205.0,3.0,0,0,0,6,585.2580555555555
276015,3,2.0,2,207.0,4.0,0,0,1,2,29.52027777777778
276043,3,2.0,3,647.0,2.0,0,2,0,1,704.8230555555555
276053,6,5.0,11,5442.0,2.0,0,5,1,9,38278.357777777775
276075,11,4.0,44,300.0,2.0,0,10,8,37,11325.555833333332
276092,2,2.0,1,207.0,4.0,0,0,0,1,9.95138888888889
276100,4,2.0,12,64.0,8.0,0,0,1,5,153.55333333333334
276152,3,2.0,2,,0.0,0,2,0,1,7313.744166666667
276232,8,2.0,14,7.0,5.0,3,15,3,7,144644.01166666666
276237,7,6.0,19,0.0,4.0,1,10,0,10,151172.4638888889
276431,52,2.0,192,79.0,77.0,171,627,289,239,59347.54194444445
276478,2,4.0,1,1060.0,6.0,0,0,0,1,4.750833333333331
276588,18,2.0,52,362.0,30.0,0,17,17,119,31657.17722222222
276679,3,3.0,2,,0.0,0,0,1,2,2.003611111111109
276716,5,2.0,11,1036.0,8.0,0,4,1,5,13977.781388888889
276729,5,2.0,9,,0.0,0,4,0,6,7113.555
276764,3,1.0,2,281.0,3.0,0,0,0,3,440.4430555555556
276797,4,2.0,5,5441.0,3.0,0,3,0,3,631.0575
276954,4,2.0,4,5434.0,10.0,0,0,0,6,2448.579444444445
276959,6,2.0,8,1150.0,4.0,0,0,0,15,244.3936111111111
277067,14,4.0,78,3.0,7.0,1,24,10,56,28918.71277777778
277122,5,2.0,15,88.0,8.0,0,0,2,8,20057.545555555556
277178,13,2.0,23,109.0,2.0,3,30,2,43,151032.81888888887
277234,3,5.0,5,5440.0,4.0,0,0,0,3,20.442777777777778
277367,5,2.0,32,0.0,15.0,0,4,0,6,109131.7322222222
277433,3,2.0,2,168.0,4.0,0,0,0,3,61.05027777777778
277452,3,6.0,7,212.0,5.0,0,0,0,3,52.41194444444445
277463,8,2.0,22,205.0,12.0,0,0,5,23,212.1475
277482,5,2.0,6,5442.0,2.0,0,0,1,9,635.1844444444445
277520,3,3.0,5,10.0,2.0,0,0,1,2,10094.753611111111
277549,8,5.0,20,1792.0,8.0,0,0,2,26,4752.368333333334
277588,3,2.0,6,1669.0,3.0,0,0,0,3,1175.8677777777775
277653,3,2.0,5,5440.0,4.0,0,0,0,3,265.52666666666664
277724,5,2.0,9,5437.0,7.0,0,4,0,6,19884.37055555556
277839,4,2.0,5,1672.0,0.0,0,0,0,6,1220.8547222222223
277874,3,3.0,3,267.0,3.0,0,0,0,3,86.99305555555557
278033,7,2.0,11,,0.0,1,10,1,9,25363.32194444444
278132,6,2.0,15,134.0,10.0,1,8,0,6,140899.7308333333
278197,7,2.0,13,120.0,13.0,0,0,5,16,125365.58527777778
278266,1,2.0,0,,0.0,0,0,0,0,35112.55027777778
278333,2,3.0,1,268.0,2.0,0,0,0,1,2.5916666666666663
278341,10,3.0,14,749.0,3.0,0,9,6,30,62069.12111111112
278353,6,4.0,19,2379.0,13.0,0,5,0,10,1989.4941666666664
278357,5,2.0,12,5437.0,7.0,0,0,2,8,23361.01638888889
278390,3,2.0,5,0.0,2.0,0,2,0,1,318.06416666666667
278398,20,4.0,51,1034.0,10.0,15,84,46,45,73486.16972222223
278472,8,2.0,24,5430.0,14.0,0,0,3,25,8823.815833333334
278505,4,2.0,3,361.0,4.0,0,0,0,6,50.5
278546,3,5.0,2,1205.0,3.0,0,0,0,3,42.36888888888889
278689,41,4.0,132,14.0,48.0,171,418,93,138,140885.65277777778
278698,2,2.0,3,1672.0,0.0,0,0,0,1,4297.955833333333
278739,3,2.0,3,123.0,6.0,0,0,0,3,8926.584166666667
278746,6,3.0,13,1667.0,5.0,0,0,3,12,2256.7858333333334
278763,5,3.0,11,1672.0,0.0,0,0,1,9,8208.0475
278773,3,4.0,3,268.0,2.0,0,0,0,3,1128.3558333333335
278811,6,5.0,8,5440.0,4.0,0,5,3,7,467.8997222222222
278831,7,2.0,18,2.0,6.0,0,0,3,18,25586.010833333334
278860,65,4.0,150,561.0,10.0,231,946,579,324,83793.84305555555
278872,5,2.0,8,2278.0,6.0,0,0,1,9,125234.07694444444
278875,1,2.0,0,29.0,4.0,0,0,0,0,2936.0491666666667
278885,5,4.0,14,1789.0,11.0,0,4,0,6,29246.281666666662
