ET,CC,Pr,CI,OE,OW,NI,SI,RI,FI
9488.08329861111,3,2.0,3,86.0,2.0,3,0,0,0
327.8892824074074,3,1.0,3,8.0,0.0,3,0,0,0
830.805775462963,3,2.0,2,333.0,1.0,3,0,0,0
7361.229409722222,5,1.0,6,222.0,0.0,10,0,0,0
7076.719409722222,11,4.0,13,78.0,0.0,15,8,2,30
7364.540543981481,5,4.0,5,222.0,0.0,3,0,1,6
9685.26824074074,5,1.0,4,415.0,1.0,6,0,0,4
294.77821759259257,4,1.0,3,415.0,1.0,0,0,6,0
297.7297453703704,3,2.0,2,416.0,0.0,0,0,1,2
7259.522800925926,4,4.0,3,333.0,1.0,0,3,0,3
7285.894618055556,4,5.0,3,278.0,0.0,0,1,2,3
1678.0042361111111,7,2.0,9,115.0,2.0,3,4,2,12
5986.187175925926,5,5.0,6,651.0,1.0,3,0,1,6
876.4866666666667,4,5.0,5,652.0,0.0,1,0,1,4
1206.158472222222,4,2.0,5,536.0,0.0,1,0,1,4
3010.2150810185185,4,2.0,3,461.0,0.0,3,0,0,3
269.4097106481481,8,2.0,10,650.0,2.0,3,4,6,15
187.1215162037037,4,2.0,3,461.0,0.0,1,1,0,4
218.92637731481483,3,2.0,4,533.0,3.0,0,0,1,2
873.4811574074074,4,2.0,5,641.0,1.0,0,2,1,3
181.53748842592591,3,2.0,2,535.0,1.0,0,1,0,2
0.0,1,2.0,0,535.0,1.0,0,0,0,0
243.32984953703703,2,2.0,1,639.0,3.0,0,1,0,0
117.42221064814817,2,2.0,1,461.0,0.0,0,1,0,0
181.04859953703703,5,2.0,6,650.0,2.0,0,2,4,4
242.331238425926,2,2.0,1,640.0,2.0,0,1,0,0
213.41179398148148,2,2.0,1,536.0,0.0,0,0,1,0
212.41248842592591,2,2.0,1,536.0,0.0,0,0,0,1
177.53957175925925,3,2.0,2,650.0,2.0,0,1,2,0
117.33748842592593,3,4.0,2,460.0,1.0,0,0,1,2
338.1756828703704,13,2.0,23,461.0,0.0,6,21,15,36
322.667349537037,6,4.0,6,460.0,1.0,0,8,2,5
111.54096064814814,2,4.0,1,534.0,2.0,0,0,0,1
170.32359953703704,3,2.0,2,536.0,0.0,0,0,1,2
3318.138287037037,4,5.0,3,536.0,0.0,1,0,1,4
2986.225300925926,6,5.0,6,461.0,0.0,0,12,3,0
2985.23363425926,5,2.0,8,461.0,0.0,0,2,8,0
96.52221064814816,3,2.0,2,461.0,0.0,0,2,1,0
2985.2400347222224,4,2.0,4,459.0,2.0,0,3,3,0
8536.90616898148,96,2.0,229,,0.0,4186,1,5,368
8588.140358796296,5,2.0,5,254.0,1.0,1,2,1,6
171.1440625,3,2.0,2,461.0,0.0,0,2,1,0
150.12524305555556,2,2.0,1,536.0,0.0,0,0,0,1
219.0673032407408,3,2.0,3,461.0,0.0,0,0,1,2
7684.220451388889,5,2.0,17,81.0,7.0,0,2,4,4
8798.942731481482,7,5.0,6,104.0,1.0,10,0,1,10
254.1074652777777,3,2.0,5,460.0,1.0,0,2,1,0
278.8632523148148,7,2.0,6,217.0,1.0,1,4,6,10
82.78508101851853,4,3.0,8,647.0,5.0,0,3,0,3
7293.873310185185,5,2.0,5,382.0,0.0,1,0,3,6
182.29696759259247,3,2.0,4,363.0,2.0,0,1,2,0
78.9600462962963,3,2.0,2,461.0,0.0,0,0,1,2
421.7726851851852,8,3.0,11,364.0,1.0,0,1,20,7
2434.471076388889,21,2.0,41,60.0,9.0,91,7,14,98
113.04210648148148,4,2.0,5,220.0,0.0,0,0,3,3
1032.848877314815,14,4.0,27,915.0,5.0,45,1,5,40
63.89020833333333,2,2.0,1,536.0,0.0,0,0,1,0
71.0921875,2,2.0,2,536.0,0.0,0,0,1,0
62.8740162037037,2,2.0,1,536.0,0.0,0,0,1,0
288.6936226851852,6,2.0,9,1146.0,4.0,0,3,12,0
7519.666828703704,41,6.0,191,574.0,30.0,300,80,40,400
600.1403240740741,11,2.0,24,643.0,9.0,6,2,19,28
62.04601851851852,3,5.0,2,651.0,1.0,0,0,3,0
63.840520833333336,3,2.0,2,364.0,1.0,0,1,2,0
795.2288888888888,15,2.0,45,636.0,6.0,3,30,36,36
157.1471875,6,2.0,9,532.0,4.0,0,4,11,0
0.0,1,2.0,0,536.0,0.0,0,0,0,0
312.0644097222222,6,2.0,8,925.0,4.0,0,2,8,5
5936.824780092593,4,2.0,3,49.0,1.0,0,2,4,0
46.785868055555554,2,4.0,1,652.0,0.0,0,0,1,0
44.9390625,2,2.0,1,536.0,0.0,0,0,1,0
578.7211921296297,3,2.0,2,536.0,0.0,0,0,1,2
44.94422453703704,2,2.0,1,536.0,0.0,0,0,1,0
2900.4121875,9,2.0,22,633.0,9.0,0,0,28,8
489.1047569444444,6,2.0,7,333.0,1.0,0,6,4,5
212.7724074074074,6,2.0,5,461.0,0.0,0,0,15,0
43.10597222222222,4,2.0,3,535.0,1.0,0,2,4,0
3468.390497685185,15,4.0,91,929.0,47.0,28,18,3,56
600.0885648148148,12,5.0,24,1836.0,3.0,3,15,21,27
2928.379606481481,7,4.0,10,362.0,3.0,0,8,7,6
149.99934027777778,5,2.0,12,1145.0,5.0,0,4,6,0
38.434131944444445,3,1.0,2,535.0,1.0,0,0,1,2
97.57164351851851,3,4.0,3,115.0,2.0,0,0,1,2
102.26820601851853,3,2.0,2,1.0,0.0,1,0,0,2
194.1487731481481,4,2.0,4,219.0,1.0,0,4,2,0
7744.953506944445,9,2.0,12,50.0,0.0,10,1,5,20
205.27552083333333,9,2.0,9,83.0,1.0,0,11,17,8
21.343275462962964,3,2.0,2,535.0,1.0,0,0,3,0
2450.8488194444444,11,4.0,16,533.0,3.0,6,3,18,28
2917.000462962963,4,4.0,4,363.0,2.0,0,3,3,0
116.6152662037037,4,2.0,3,535.0,1.0,0,2,1,3
266.407650462963,8,2.0,11,362.0,3.0,0,5,16,7
88.60680555555555,3,2.0,3,651.0,1.0,0,0,3,0
26.781238425925928,3,2.0,3,650.0,2.0,0,1,2,0
88.5411111111111,3,2.0,5,651.0,1.0,0,0,3,0
2913.7200462962965,7,2.0,6,535.0,1.0,0,2,19,0
220.8738657407408,8,6.0,13,645.0,7.0,0,8,20,0
2912.5689467592592,5,1.0,7,362.0,3.0,0,1,9,0
25.853506944444444,3,2.0,7,649.0,3.0,0,0,3,0
24.4653125,4,2.0,3,461.0,0.0,0,0,6,0
24.854502314814816,2,2.0,2,365.0,0.0,0,0,1,0
164.96795138888888,5,2.0,4,535.0,1.0,0,0,10,0
8253.413356481482,4,2.0,5,254.0,1.0,0,1,2,3
185.1034375,11,2.0,13,534.0,2.0,0,21,34,0
191.1253356481481,11,5.0,14,534.0,2.0,0,4,41,10
128.04305555555555,4,2.0,3,461.0,0.0,0,0,6,0
112.53045138888888,3,3.0,4,115.0,2.0,0,1,2,0
118.17458333333332,6,2.0,5,1150.0,0.0,0,0,15,0
125.43297453703704,3,5.0,4,407.0,0.0,0,2,1,0
2908.0359837962965,5,5.0,6,651.0,1.0,0,0,10,0
19.830613425925925,2,2.0,1,536.0,0.0,0,0,1,0
106.06721064814816,3,2.0,3,1148.0,2.0,0,1,2,0
4819.593136574074,10,4.0,11,363.0,2.0,0,7,29,9
7.015347222222222,2,2.0,1,535.0,1.0,0,0,1,0
120.11528935185186,6,5.0,17,107.0,10.0,0,2,13,0
117.1990162037037,5,3.0,10,111.0,6.0,0,0,10,0
125.03626157407408,6,3.0,6,115.0,2.0,0,0,10,5
138.28630787037036,5,2.0,4,364.0,1.0,0,0,10,0
12.809398148148148,4,2.0,3,461.0,0.0,0,2,4,0
72.7857986111111,4,4.0,3,536.0,0.0,0,0,6,0
192.0639236111111,6,2.0,9,647.0,5.0,0,5,10,0
10.36886574074074,2,4.0,2,651.0,1.0,0,0,1,0
415.7975231481482,5,2.0,4,646.0,6.0,0,0,10,0
139.9282638888889,9,4.0,22,529.0,7.0,0,16,20,0
2895.9362152777776,11,4.0,15,458.0,3.0,0,4,51,0
40.83344907407408,7,4.0,14,535.0,1.0,0,3,18,0
117.01159722222222,2,2.0,1,362.0,3.0,0,1,0,0
2894.8444328703704,4,2.0,3,364.0,1.0,0,2,4,0
69.55270833333333,8,4.0,18,534.0,2.0,0,10,18,0
2893.090439814815,7,2.0,7,651.0,1.0,0,0,21,0
129.00340277777778,5,2.0,6,1838.0,1.0,0,2,8,0
2.324710648148148,2,2.0,1,536.0,0.0,0,0,1,0
158.88186342592593,8,4.0,9,535.0,1.0,0,4,17,7
106.10538194444445,9,5.0,11,391.0,3.0,0,5,31,0
62.05834490740741,3,5.0,2,1149.0,1.0,0,2,1,0
5487.759166666667,10,2.0,16,330.0,4.0,0,14,22,9
61.20265046296296,3,2.0,5,113.0,4.0,0,2,1,0
63.4965625,3,2.0,2,461.0,0.0,0,0,1,2
2881.257361111111,3,2.0,4,362.0,3.0,0,1,2,0
187.0833217592593,9,2.0,19,645.0,7.0,0,3,25,8
117.40065972222222,5,2.0,4,364.0,1.0,0,4,6,0
173.63496527777778,6,2.0,6,48.0,2.0,0,6,9,0
172.9930324074074,6,2.0,5,651.0,1.0,0,0,10,5
139.08392361111112,4,2.0,4,363.0,2.0,0,0,3,3
97.73347222222222,7,5.0,7,8.0,0.0,1,1,9,10
170.05657407407406,7,2.0,7,651.0,1.0,0,3,18,0
170.05144675925925,6,2.0,6,650.0,2.0,0,0,15,0
154.02792824074075,6,4.0,5,535.0,1.0,0,0,15,0
121.13163194444444,7,2.0,12,461.0,0.0,0,3,12,6
93.1885300925926,2,2.0,1,239.0,0.0,0,1,0,0
110.97929398148148,9,2.0,11,1836.0,3.0,0,3,25,8
181.1380324074074,4,4.0,3,364.0,1.0,0,1,2,3
181.1383912037037,6,4.0,5,364.0,1.0,0,3,12,0
181.1286458333333,5,4.0,5,363.0,2.0,0,0,10,0
48.35969907407407,3,3.0,2,641.0,1.0,0,3,0,0
55.42697916666667,3,4.0,7,1144.0,6.0,0,2,1,0
0.5209722222222222,2,2.0,1,5.0,1.0,0,1,0,0
9819.66380787037,3,2.0,2,238.0,1.0,0,1,0,2
459.6681018518519,10,2.0,19,324.0,10.0,1,3,25,16
7396.760520833333,3,2.0,2,50.0,0.0,0,1,0,2
36.87547453703704,3,4.0,2,364.0,1.0,0,0,3,0
2859.779004629629,9,2.0,17,359.0,6.0,0,5,23,8
34.677708333333335,5,2.0,6,650.0,2.0,0,1,5,4
166.00738425925925,5,3.0,11,1144.0,6.0,0,0,6,4
112.3541550925926,7,5.0,13,1835.0,4.0,0,0,21,0
161.84836805555557,6,2.0,5,1145.0,5.0,0,0,15,0
60.94967592592592,4,2.0,3,1150.0,0.0,0,0,6,0
161.3814236111111,6,2.0,5,651.0,1.0,0,3,12,0
9131.680856481482,9,2.0,9,461.0,0.0,1,10,11,14
60.07899305555556,4,2.0,3,1150.0,0.0,0,0,6,0
124.60443287037036,6,2.0,17,8.0,0.0,0,7,8,0
27.99431712962963,4,4.0,8,1147.0,3.0,0,4,2,0
117.77223379629628,10,4.0,27,243.0,15.0,3,5,16,21
409.9189814814815,10,4.0,27,355.0,10.0,1,6,22,16
160.1389814814815,6,2.0,6,363.0,2.0,0,0,15,0
113.37973379629628,2,2.0,1,461.0,0.0,0,0,1,0
49.14806712962963,3,4.0,2,651.0,1.0,0,0,3,0
154.5457638888889,9,2.0,10,82.0,2.0,0,7,21,8
1.9891782407407408,1,2.0,0,365.0,0.0,0,0,0,0
20.908252314814813,4,2.0,4,5.0,2.0,0,4,2,0
38.11178240740741,5,5.0,4,8.0,0.0,0,1,5,4
105.74778935185184,11,2.0,12,535.0,1.0,0,9,46,0
19.61314814814815,3,2.0,4,536.0,0.0,0,0,3,0
88.79907407407407,4,2.0,5,649.0,3.0,0,0,6,0
151.83458333333334,8,2.0,10,113.0,4.0,0,7,21,0
5.747002314814814,3,2.0,3,254.0,1.0,0,0,3,0
888.4733680555555,15,2.0,33,485.0,5.0,1,38,40,26
201.0766898148148,8,2.0,10,534.0,2.0,0,0,21,7
615.6691666666667,10,2.0,16,360.0,5.0,0,5,31,9
65.00046296296296,7,2.0,7,116.0,1.0,0,3,18,0
13.576666666666666,4,2.0,3,652.0,0.0,0,2,4,0
95.6732175925926,6,2.0,5,83.0,1.0,0,2,13,0
150.49640046296295,7,2.0,7,651.0,1.0,0,3,18,0
57.71445601851852,6,5.0,5,84.0,0.0,0,0,15,0
42.89017361111111,7,2.0,9,0.0,1.0,1,2,8,10
157.7084837962963,5,2.0,6,319.0,1.0,0,0,6,4
78.63559027777778,11,2.0,22,567.0,6.0,0,25,30,0
9.335243055555557,3,2.0,3,650.0,2.0,0,0,3,0
12.798645833333332,4,2.0,3,257.0,1.0,0,3,3,0
40.03627314814815,4,2.0,3,929.0,0.0,0,0,3,3
1221.5505324074074,5,2.0,10,142.0,6.0,0,3,3,4
5.830717592592593,3,2.0,2,1147.0,3.0,0,0,3,0
5.167141203703704,3,2.0,2,1148.0,2.0,0,0,3,0
4.920208333333333,2,2.0,1,1147.0,3.0,0,0,1,0
53.000729166666666,6,2.0,6,256.0,2.0,0,7,8,0
36.84841435185185,4,2.0,4,652.0,0.0,0,1,5,0
75.95486111111111,5,4.0,7,361.0,4.0,0,0,10,0
3970.104016203704,29,2.0,111,21.0,40.0,171,23,22,190
131.86481481481482,6,2.0,6,650.0,2.0,0,5,10,0
6.086145833333333,4,2.0,3,364.0,1.0,0,2,4,0
60.14924768518519,5,4.0,4,1149.0,1.0,0,2,8,0
74.76015046296297,4,2.0,3,257.0,1.0,0,0,6,0
31.819884259259258,4,4.0,4,8.0,0.0,0,0,3,3
205.38710648148148,7,2.0,9,649.0,3.0,1,0,10,10
106.0469675925926,6,2.0,7,1148.0,2.0,0,0,10,5
43.786006944444445,5,2.0,13,111.0,6.0,0,0,6,4
7242.823877314815,4,2.0,3,170.0,3.0,1,0,1,4
75.11273148148148,5,2.0,4,651.0,1.0,0,0,10,0
6963.808668981482,6,2.0,9,253.0,5.0,0,7,8,0
6963.496979166666,6,5.0,5,172.0,1.0,0,6,4,5
78.1491550925926,5,2.0,10,536.0,0.0,0,2,8,0
174.09883101851852,6,2.0,16,266.0,2.0,0,1,9,5
330.2066550925926,3,2.0,7,648.0,4.0,0,0,3,0
42.01804398148148,3,2.0,2,927.0,2.0,0,0,3,0
139.25061342592593,5,2.0,7,649.0,3.0,0,5,5,0
32.16032407407408,4,2.0,3,461.0,0.0,0,0,6,0
6997.261273148149,4,2.0,3,467.0,1.0,0,0,3,3
26.513564814814814,2,2.0,1,254.0,1.0,0,0,1,0
507.84907407407405,4,2.0,5,362.0,3.0,0,0,3,3
22.863506944444445,3,2.0,5,1403.0,3.0,0,1,2,0
113.06498842592592,4,2.0,5,8.0,0.0,0,2,4,0
225.08041666666668,9,2.0,14,638.0,4.0,1,0,21,14
236.5848148148148,7,2.0,13,1144.0,6.0,0,1,14,6
62.24480324074074,4,2.0,6,648.0,4.0,0,0,6,0
28.53469907407408,2,2.0,1,572.0,1.0,0,0,1,0
110.3392824074074,3,2.0,5,648.0,4.0,0,2,1,0
46.07884259259259,1,2.0,0,1401.0,5.0,0,0,0,0
162.05177083333334,1,2.0,0,1401.0,5.0,0,0,0,0
178.77445601851852,3,2.0,6,569.0,4.0,0,0,3,0
46.95005787037037,3,2.0,3,1404.0,2.0,0,0,3,0
6126.755219907407,2,2.0,2,1401.0,5.0,0,1,0,0
44.50827546296296,1,2.0,0,1400.0,6.0,0,0,0,0
2.3085300925925925,2,4.0,2,536.0,0.0,0,0,1,0
2799.0034953703703,7,2.0,10,364.0,1.0,0,9,6,6
157.87957175925925,4,4.0,5,170.0,3.0,0,5,1,0
105.9708912037037,4,2.0,6,254.0,4.0,0,4,2,0
75.92788194444445,4,2.0,8,1400.0,6.0,0,2,1,3
105.07214120370372,5,4.0,6,1147.0,3.0,0,2,8,0
48.07952546296296,2,2.0,1,381.0,1.0,0,1,0,0
1.926203703703704,2,2.0,2,571.0,2.0,0,1,0,0
7.468611111111111,3,4.0,5,535.0,1.0,0,0,3,0
154.74565972222223,4,2.0,3,257.0,1.0,0,1,5,0
110.3602662037037,2,2.0,2,570.0,3.0,0,0,1,0
8102.618680555555,4,4.0,5,461.0,0.0,0,1,2,3
122.17777777777778,6,6.0,7,380.0,2.0,0,5,5,5
49.94693287037037,14,2.0,25,461.0,0.0,0,55,36,0
20.057152777777777,3,2.0,3,1404.0,2.0,0,2,1,0
125.86649305555557,6,4.0,8,642.0,0.0,0,8,7,0
174.62091435185187,7,2.0,10,568.0,5.0,0,4,11,6
98.08631944444444,5,2.0,6,641.0,1.0,1,0,3,6
61.76542824074074,2,2.0,1,928.0,1.0,0,0,1,0
6.871736111111111,9,4.0,14,649.0,3.0,0,10,18,8
114.5650462962963,4,4.0,4,319.0,1.0,0,2,1,3
8.860833333333334,5,5.0,7,218.0,2.0,0,5,1,4
132.7721412037037,11,5.0,23,238.0,1.0,1,11,25,18
76.28159722222222,4,5.0,4,461.0,0.0,0,3,3,0
413.57328703703706,3,3.0,2,87.0,1.0,1,0,0,2
413.557175925926,3,2.0,2,87.0,1.0,0,0,3,0
1.2640625,2,4.0,2,534.0,2.0,0,0,1,0
0.0728125,3,5.0,4,769.0,1.0,0,2,1,0
95.71417824074074,2,2.0,1,1401.0,5.0,0,1,0,0
89.98729166666666,4,2.0,3,651.0,1.0,0,0,6,0
63.51988425925926,7,4.0,7,116.0,1.0,0,1,20,0
485.5425462962963,3,2.0,5,648.0,4.0,0,3,0,0
93.57444444444444,3,2.0,6,1401.0,5.0,0,2,1,0
97.81239583333333,3,2.0,6,647.0,5.0,0,0,3,0
78.98368055555555,5,2.0,8,3.0,4.0,0,0,6,4
272.9918171296296,5,4.0,7,218.0,2.0,0,2,4,4
23.883645833333333,3,2.0,6,534.0,2.0,0,0,3,0
133.7288773148148,6,4.0,9,1837.0,2.0,0,2,8,5
72.08854166666667,6,5.0,14,108.0,9.0,0,3,7,5
216.11875,4,2.0,4,1381.0,1.0,0,5,1,0
1.1857754629629629,2,2.0,1,766.0,4.0,0,0,1,0
272.02140046296296,6,2.0,6,254.0,1.0,0,2,13,0
91.0616087962963,4,2.0,6,649.0,3.0,0,4,2,0
34.52596064814815,2,4.0,2,363.0,2.0,0,0,1,0
5.781550925925926,3,4.0,6,361.0,4.0,0,0,3,0
77.51864583333334,2,4.0,2,1148.0,2.0,0,1,0,0
77.51876157407408,2,4.0,2,1148.0,2.0,0,0,1,0
40.60494212962963,5,4.0,5,332.0,2.0,0,4,6,0
90.15608796296296,3,2.0,2,146.0,1.0,1,0,0,2
89.68427083333333,2,2.0,4,254.0,4.0,0,0,1,0
5.1454050925925925,3,2.0,3,115.0,2.0,0,0,3,0
89.86556712962962,3,2.0,3,1404.0,2.0,0,1,2,0
5.802025462962963,4,5.0,3,257.0,1.0,0,2,4,0
8.099444444444444,3,5.0,2,1402.0,4.0,0,1,2,0
393.81416666666667,11,2.0,16,646.0,6.0,3,5,23,24
40.99548611111111,3,5.0,3,650.0,2.0,0,0,3,0
12.81125,2,4.0,1,651.0,1.0,0,0,1,0
91.05741898148148,3,2.0,4,649.0,3.0,0,0,3,0
12.806041666666667,2,4.0,1,651.0,1.0,0,0,1,0
32.99961805555556,3,2.0,2,651.0,1.0,0,0,3,0
90.87008101851852,4,4.0,5,650.0,2.0,0,0,6,0
20.07894675925926,4,4.0,5,332.0,2.0,0,2,4,0
88.62736111111111,2,4.0,1,1403.0,3.0,0,0,1,0
12.13144675925926,2,4.0,1,651.0,1.0,0,0,1,0
3029.9196875,34,4.0,57,,0.0,171,61,44,285
12.090462962962963,2,4.0,1,651.0,1.0,0,0,1,0
12.08988425925926,2,4.0,1,651.0,1.0,0,0,1,0
88.02819444444444,4,2.0,3,1398.0,8.0,0,3,3,0
11.953541666666666,2,4.0,2,650.0,2.0,0,0,1,0
205.8927430555556,5,4.0,6,652.0,0.0,0,0,6,4
20.04454861111111,3,4.0,2,651.0,1.0,0,0,3,0
219.80802083333333,4,4.0,3,651.0,1.0,0,0,6,0
221.6853356481481,4,4.0,3,651.0,1.0,0,1,5,0
90.8708101851852,4,4.0,6,254.0,4.0,0,1,5,0
109.86796296296296,5,2.0,7,650.0,2.0,0,3,7,0
140.61924768518517,7,2.0,14,804.0,2.0,0,15,6,0
427.9684027777778,5,4.0,8,648.0,4.0,0,1,9,0
5.786770833333334,3,5.0,6,533.0,3.0,0,0,3,0
20.21950231481481,6,3.0,6,219.0,1.0,0,6,4,5
69.11206018518519,8,2.0,8,572.0,1.0,0,7,14,7
384.1448842592592,9,2.0,14,55.0,1.0,1,6,15,14
11.08394675925926,4,2.0,3,1838.0,1.0,0,2,4,0
32.698622685185185,9,2.0,11,216.0,2.0,0,6,22,8
6600.4238888888885,3,2.0,2,364.0,1.0,0,0,1,2
97.76503472222224,4,2.0,5,461.0,0.0,0,2,4,0
259.8988194444444,8,5.0,17,376.0,6.0,0,8,20,0
185.61519675925925,6,2.0,10,1144.0,6.0,0,5,10,0
1.080324074074074,3,2.0,3,535.0,1.0,0,0,3,0
77.6884375,2,2.0,1,1403.0,3.0,0,0,1,0
149.10782407407407,7,2.0,11,927.0,2.0,0,7,14,0
790.8726041666666,10,2.0,10,418.0,2.0,1,12,16,16
26.826851851851853,3,2.0,3,535.0,1.0,0,0,1,2
70.56657407407407,4,2.0,5,300.0,5.0,0,0,6,0
12.471342592592592,3,2.0,3,116.0,1.0,0,1,2,0
34.239583333333336,7,2.0,9,8.0,0.0,0,8,13,0
62.12642361111112,4,5.0,5,115.0,2.0,0,0,3,3
1.2388078703703704,2,5.0,1,116.0,1.0,0,0,1,0
74.01759259259259,2,2.0,1,1404.0,2.0,0,0,1,0
286.9001851851852,5,2.0,8,647.0,5.0,0,3,7,0
132.72462962962962,7,2.0,12,330.0,4.0,0,1,20,0
243.32429398148147,1,2.0,0,641.0,1.0,0,0,0,0
243.3277662037037,1,2.0,0,641.0,1.0,0,0,0,0
6.648796296296296,4,5.0,5,535.0,1.0,0,1,5,0
70.58372685185185,3,2.0,4,1403.0,3.0,0,2,1,0
1.6873148148148147,2,2.0,1,1405.0,1.0,0,0,1,0
23.441238425925928,3,2.0,2,364.0,1.0,0,1,2,0
121.556875,1,2.0,0,1402.0,4.0,0,0,0,0
69.50359953703703,2,2.0,1,1404.0,2.0,0,0,1,0
42.18958333333333,11,5.0,15,418.0,2.0,0,14,31,10
68.94368055555556,2,2.0,1,1404.0,2.0,0,0,1,0
71.04018518518518,4,2.0,3,365.0,0.0,0,3,3,0
26.846550925925925,6,4.0,14,1400.0,6.0,0,4,6,5
69.17362268518518,4,2.0,6,113.0,4.0,0,0,6,0
68.64199074074074,2,2.0,1,1404.0,2.0,0,0,1,0
223.6390046296296,6,4.0,19,1835.0,4.0,0,0,10,5
24.866527777777776,3,4.0,4,1403.0,3.0,0,1,2,0
3359.2975347222223,105,2.0,277,33.0,21.0,3486,182,28,1764
27.840671296296296,4,2.0,3,651.0,1.0,0,0,6,0
18.235023148148148,5,3.0,4,84.0,0.0,0,0,10,0
907.6933101851852,13,2.0,22,648.0,4.0,6,9,27,36
15.206493055555557,3,2.0,2,116.0,1.0,0,0,1,2
1141.9715625,4,2.0,6,268.0,0.0,0,0,3,3
64.32158564814814,4,2.0,3,381.0,1.0,0,2,4,0
5386.716412037037,16,2.0,38,2934.0,5.0,36,9,12,63
2.9782060185185184,3,2.0,4,1404.0,2.0,0,2,1,0
14.699965277777778,7,2.0,8,115.0,2.0,3,3,3,12
62.960717592592594,3,2.0,3,103.0,2.0,0,2,1,0
159.86853009259258,4,3.0,3,390.0,1.0,0,0,3,3
9.623368055555556,3,5.0,2,415.0,1.0,0,1,0,2
12.583414351851852,3,2.0,2,1150.0,0.0,0,0,3,0
56.12320601851852,4,2.0,7,360.0,5.0,0,2,4,0
62.92824074074074,6,2.0,10,266.0,2.0,0,2,13,0
61.27395833333333,3,2.0,2,573.0,0.0,0,0,1,2
2754.3450231481484,4,2.0,3,364.0,1.0,0,1,5,0
0.0813657407407407,4,2.0,6,1402.0,4.0,0,1,5,0
59.8378125,2,2.0,1,1404.0,2.0,0,0,1,0
165.66467592592593,4,4.0,5,256.0,2.0,0,3,3,0
531.6872222222222,6,2.0,7,652.0,0.0,0,8,7,0
115.1036226851852,4,4.0,7,1401.0,5.0,0,3,3,0
4053.807349537037,3,5.0,2,116.0,1.0,0,0,1,2
41.93883101851852,3,2.0,2,535.0,1.0,0,0,3,0
357.3040046296296,9,4.0,13,53.0,3.0,0,14,22,0
21.286782407407408,3,4.0,3,651.0,1.0,0,0,3,0
55.29475694444445,2,4.0,1,364.0,1.0,0,0,1,0
2.960960648148148,2,2.0,1,535.0,1.0,0,0,1,0
37.71782407407407,8,5.0,14,330.0,4.0,0,5,23,0
72.34959490740741,3,2.0,2,381.0,1.0,0,2,1,0
50.04994212962963,2,3.0,1,651.0,1.0,0,0,1,0
783.9154050925926,12,2.0,22,530.0,6.0,10,11,10,35
72.45835648148149,3,2.0,7,1835.0,4.0,0,0,3,0
70.24421296296296,4,2.0,4,1404.0,2.0,0,1,2,3
1.8666782407407407,5,5.0,5,1404.0,2.0,0,2,8,0
7412.857800925926,4,2.0,4,918.0,2.0,0,2,1,3
49.90804398148149,5,4.0,5,419.0,1.0,0,5,5,0
47.68339120370371,2,2.0,1,1405.0,1.0,0,0,1,0
34.208125,4,2.0,4,49.0,1.0,1,0,1,4
1124.2094791666666,53,2.0,167,2896.0,43.0,276,250,156,696
6956.746782407407,4,2.0,6,107.0,4.0,0,2,1,3
6972.809699074074,3,4.0,2,652.0,0.0,0,2,1,0
46.92019675925926,2,2.0,1,1404.0,2.0,0,0,1,0
39.57719907407407,4,2.0,6,254.0,4.0,0,0,6,0
3.462673611111111,4,5.0,5,331.0,3.0,0,0,6,0
74.24846064814815,5,2.0,8,928.0,1.0,0,5,5,0
3.945590277777778,2,2.0,1,1405.0,1.0,0,0,1,0
430.2305439814815,7,2.0,6,381.0,1.0,0,5,10,6
74.03197916666667,6,2.0,6,927.0,2.0,0,3,7,5
132.97181712962964,6,2.0,7,237.0,2.0,0,2,8,5
69.30568287037038,3,2.0,8,570.0,3.0,0,2,1,0
160.3863773148148,8,6.0,13,927.0,2.0,0,2,19,7
13.21210648148148,3,6.0,4,255.0,3.0,0,0,3,0
41.12001157407408,2,2.0,1,1402.0,4.0,0,0,1,0
62.04585648148148,5,4.0,6,1837.0,2.0,0,3,7,0
18.49988425925926,3,3.0,2,84.0,0.0,0,0,1,2
41.1909375,3,2.0,3,363.0,2.0,0,2,1,0
41.09336805555556,3,2.0,3,651.0,1.0,0,0,1,2
7052.737094907408,12,4.0,52,363.0,11.0,3,15,21,27
3.7899884259259258,5,2.0,5,640.0,2.0,0,4,6,0
44.67971064814815,2,2.0,1,364.0,1.0,0,0,1,0
190.97565972222225,6,2.0,10,24.0,1.0,0,1,9,5
155.5891898148148,4,2.0,7,360.0,5.0,0,0,3,3
98.74648148148148,7,2.0,17,649.0,3.0,0,4,11,6
9.973136574074074,4,4.0,7,1406.0,0.0,1,1,0,4
25.03616898148148,3,1.0,2,254.0,1.0,0,0,1,2
114.86054398148148,3,2.0,4,362.0,3.0,0,0,3,0
470.19409722222224,6,2.0,15,359.0,6.0,0,7,8,0
44.994050925925926,3,5.0,3,115.0,2.0,0,0,1,2
42.77652777777778,2,2.0,2,363.0,2.0,0,0,1,0
67.00109953703704,6,2.0,11,8.0,0.0,0,8,7,0
24.986041666666665,3,2.0,2,535.0,1.0,0,0,1,2
23.34313657407408,4,2.0,3,535.0,1.0,0,1,2,3
196.82885416666667,5,2.0,7,1838.0,1.0,0,1,5,4
29.85361111111111,2,2.0,1,651.0,1.0,0,0,1,0
119.68356481481482,6,2.0,11,208.0,1.0,0,1,14,0
147.3054050925926,4,2.0,4,418.0,2.0,0,0,6,0
2728.2843981481483,4,5.0,4,364.0,1.0,0,0,6,0
407.1879861111111,8,2.0,10,46.0,4.0,0,13,15,0
0.109375,5,2.0,7,649.0,3.0,0,6,4,0
3.721469907407408,3,6.0,2,535.0,1.0,0,1,2,0
11.144861111111112,6,6.0,7,392.0,2.0,0,7,8,0
33.02988425925926,4,5.0,3,651.0,1.0,0,1,2,3
34.04650462962963,3,2.0,2,641.0,1.0,0,0,1,2
263.9372916666667,9,2.0,17,370.0,4.0,0,20,16,0
34.886064814814816,5,6.0,6,650.0,2.0,0,0,10,0
7939.492581018519,4,2.0,3,68.0,1.0,1,1,0,4
16.416064814814813,2,2.0,1,366.0,4.0,0,1,0,0
403.1401388888889,3,2.0,2,651.0,1.0,0,0,3,0
7169.77349537037,6,2.0,7,266.0,2.0,0,7,8,0
196.6120023148148,3,2.0,5,378.0,4.0,0,0,3,0
632.2923148148149,5,2.0,6,266.0,2.0,0,1,5,4
31.055173611111112,3,2.0,3,1404.0,2.0,0,0,3,0
14.873622685185186,2,2.0,1,50.0,0.0,0,1,0,0
86.26424768518518,3,2.0,4,1403.0,3.0,0,1,2,0
23.001041666666666,4,2.0,3,6.0,1.0,0,2,1,3
1.1294907407407409,3,6.0,3,389.0,2.0,0,2,1,0
5.826388888888889,2,2.0,1,1404.0,2.0,0,0,1,0
29.029664351851853,3,2.0,3,128.0,2.0,0,1,2,0
29.02598379629629,2,2.0,1,379.0,3.0,0,0,1,0
328.95653935185186,7,2.0,11,55.0,1.0,0,4,17,0
27.86320601851852,2,2.0,1,364.0,1.0,0,0,1,0
149.7459375,16,2.0,33,220.0,0.0,1,50,41,28
50.06125,4,6.0,6,648.0,4.0,0,0,6,0
76.82268518518518,3,3.0,5,1404.0,2.0,0,0,3,0
25.75375,2,2.0,1,1403.0,3.0,0,0,1,0
31.17670138888889,4,2.0,9,115.0,5.0,1,1,0,4
23.01121527777778,4,2.0,4,266.0,2.0,0,0,6,0
24.929259259259258,3,2.0,2,1404.0,2.0,0,0,3,0
22.708506944444444,3,2.0,3,1404.0,2.0,0,0,3,0
22.18667824074074,2,2.0,1,1400.0,6.0,0,0,1,0
252.01125,5,4.0,7,640.0,2.0,0,1,9,0
23.755972222222223,4,2.0,10,1405.0,1.0,0,1,5,0
86.38618055555555,7,5.0,12,328.0,6.0,1,1,9,10
409.27050925925926,7,2.0,7,651.0,1.0,0,5,10,6
21.134340277777778,3,2.0,2,130.0,0.0,0,0,3,0
119.23333333333332,6,2.0,8,651.0,1.0,0,0,10,5
7.95443287037037,4,2.0,4,535.0,1.0,0,0,6,0
169.01842592592592,5,6.0,6,128.0,2.0,0,9,1,0
394.2007638888889,5,2.0,5,83.0,1.0,0,1,5,4
127.22480324074074,4,2.0,7,1836.0,3.0,0,0,3,3
146.10408564814816,3,2.0,5,638.0,4.0,0,1,2,0
92.91811342592592,4,1.0,4,1405.0,1.0,0,2,4,0
22.76923611111112,4,5.0,4,115.0,2.0,0,1,2,3
20.57199074074074,3,4.0,2,1405.0,1.0,0,0,3,0
40.42923611111111,5,2.0,9,1402.0,4.0,0,6,4,0
362.0560069444445,7,2.0,11,649.0,3.0,0,6,15,0
79.74604166666667,6,2.0,6,1317.0,1.0,0,4,11,0
354.7915625,7,2.0,10,651.0,1.0,0,5,10,6
16.40590277777778,3,4.0,2,1405.0,1.0,0,0,1,2
352.1051736111111,19,5.0,35,649.0,3.0,15,31,47,78
35.99626157407408,2,2.0,1,1403.0,3.0,0,0,1,0
117.5855787037037,4,2.0,3,1149.0,1.0,0,0,3,3
115.8140625,6,2.0,5,651.0,1.0,0,0,15,0
65.00444444444445,4,4.0,5,1838.0,1.0,0,0,3,3
13.653055555555556,3,2.0,2,116.0,1.0,0,0,3,0
13.145787037037037,3,2.0,2,116.0,1.0,0,0,3,0
131.9954050925926,3,2.0,9,1839.0,0.0,0,1,2,0
17.267222222222223,3,2.0,3,58.0,3.0,0,0,3,0
271.81378472222224,9,2.0,8,641.0,1.0,0,2,26,8
9.629791666666666,3,2.0,2,89.0,1.0,0,0,1,2
61.14802083333333,4,2.0,6,682.0,2.0,0,0,6,0
196.1245023148148,7,3.0,7,318.0,2.0,1,6,4,10
9.217708333333333,3,2.0,4,1403.0,3.0,0,0,1,2
28.06391203703704,4,5.0,6,650.0,2.0,0,2,4,0
110.13310185185183,7,2.0,11,461.0,0.0,0,2,19,0
466.3018055555556,5,2.0,6,1134.0,16.0,0,2,4,4
5.254340277777778,2,2.0,1,536.0,0.0,0,0,1,0
5.252997685185186,2,2.0,1,1147.0,3.0,0,0,1,0
8.053506944444445,4,3.0,5,334.0,0.0,0,0,6,0
26.39068287037037,2,6.0,2,363.0,2.0,0,0,1,0
120.82078703703704,5,2.0,5,1839.0,0.0,0,1,5,4
889.4842824074074,16,5.0,48,1137.0,13.0,6,21,45,48
71.86203703703704,5,2.0,9,80.0,0.0,0,1,5,4
15.703715277777778,3,4.0,2,364.0,1.0,0,0,3,0
34.601898148148145,4,2.0,5,1403.0,3.0,0,3,3,0
953.1181828703704,12,4.0,29,1139.0,11.0,10,10,11,35
31.11866898148148,5,2.0,5,267.0,1.0,0,0,6,4
6818.411666666667,19,2.0,62,28.0,14.0,28,23,32,88
21.96152777777778,2,2.0,1,1404.0,2.0,0,0,1,0
7.884479166666667,2,2.0,1,1403.0,3.0,0,0,1,0
226.0537962962963,5,2.0,5,1404.0,2.0,0,5,5,0
337.9696412037037,8,4.0,12,647.0,5.0,0,6,15,7
24.08763888888889,4,6.0,4,393.0,1.0,0,0,3,3
0.6078587962962962,2,5.0,1,1405.0,1.0,0,0,1,0
20.35445601851852,2,2.0,1,1405.0,1.0,0,0,1,0
336.8023148148148,4,2.0,4,651.0,1.0,0,2,4,0
26.95400462962963,3,2.0,4,379.0,3.0,0,0,3,0
19.308958333333333,2,2.0,1,1404.0,2.0,0,0,1,0
19.30810185185185,2,2.0,1,1404.0,2.0,0,0,1,0
19.3075,2,2.0,1,1404.0,2.0,0,0,1,0
59.791354166666665,3,4.0,4,363.0,2.0,0,0,3,0
89.03696759259259,4,2.0,13,1398.0,8.0,0,0,3,3
100.84452546296296,4,2.0,4,418.0,2.0,0,2,1,3
21.95849537037037,2,4.0,1,652.0,0.0,0,0,1,0
97.85008101851852,3,2.0,3,418.0,2.0,0,0,3,0
71.00140046296296,4,5.0,3,651.0,1.0,0,2,1,3
7589.691585648148,4,2.0,4,87.0,1.0,1,0,1,4
219.05319444444444,6,2.0,8,681.0,3.0,0,4,11,0
441.849050925926,8,2.0,36,1828.0,11.0,0,12,16,0
156.16230324074073,5,2.0,6,365.0,0.0,0,5,1,4
16.26107638888889,2,2.0,1,365.0,0.0,0,0,1,0
91.07658564814815,4,5.0,7,22.0,3.0,0,2,1,3
72.18625,6,2.0,7,535.0,1.0,0,2,8,5
762.8279976851852,10,2.0,10,652.0,0.0,3,6,15,21
401.3678587962963,8,2.0,16,325.0,9.0,0,6,15,7
7.0410763888888885,3,2.0,2,1405.0,1.0,0,0,3,0
54.89498842592592,2,6.0,1,730.0,12.0,0,0,1,0
377.09658564814816,23,2.0,59,213.0,5.0,15,47,89,102
437.3852083333333,5,5.0,5,104.0,1.0,0,5,5,0
505.4482523148148,9,2.0,23,1755.0,4.0,3,7,8,18
115.1457523148148,3,2.0,5,1835.0,4.0,0,0,1,2
10.838877314814814,3,2.0,3,380.0,2.0,0,0,3,0
24.577094907407407,2,5.0,3,1403.0,3.0,0,0,1,0
149.65342592592592,5,2.0,4,1403.0,3.0,0,0,10,0
4.371712962962963,2,2.0,1,536.0,0.0,0,0,0,1
42.404328703703705,2,2.0,2,1404.0,2.0,0,0,1,0
97.09873842592592,3,2.0,5,1402.0,4.0,0,0,3,0
1.7062962962962962,5,6.0,6,536.0,0.0,0,8,2,0
1.803703703703704,3,2.0,3,1404.0,2.0,0,0,3,0
352.95170138888886,3,2.0,2,641.0,1.0,0,2,1,0
273.01086805555553,7,5.0,16,106.0,4.0,0,10,11,0
1.0387962962962962,1,6.0,0,536.0,0.0,0,0,0,0
6.975462962962963,3,2.0,9,326.0,8.0,0,0,1,2
1598.9307523148148,16,2.0,30,364.0,1.0,15,16,29,60
365.0629166666667,6,2.0,9,570.0,3.0,0,3,12,0
6260.592627314815,31,2.0,56,1033.0,11.0,231,23,13,198
144.71245370370372,8,6.0,15,255.0,3.0,0,5,16,7
90.41167824074074,4,2.0,3,1838.0,1.0,0,0,3,3
146.51361111111112,3,2.0,3,380.0,2.0,0,0,3,0
17.20914351851852,2,2.0,1,316.0,4.0,0,1,0,0
162.9644212962963,8,4.0,11,390.0,1.0,0,14,14,0
49.92353009259259,6,2.0,10,364.0,6.0,0,10,5,0
365.6499074074074,3,2.0,3,650.0,2.0,0,2,1,0
123.2592824074074,2,2.0,3,365.0,0.0,0,0,1,0
749.1099768518518,6,2.0,5,995.0,5.0,0,6,9,0
104.18546296296296,4,2.0,5,23.0,2.0,0,3,3,0
238.73685185185184,6,2.0,9,361.0,4.0,0,4,11,0
107.90480324074076,6,2.0,7,332.0,2.0,0,1,14,0
30.885856481481483,4,2.0,6,1402.0,4.0,0,2,4,0
253.082800925926,4,2.0,3,9.0,0.0,0,3,0,3
569.3549652777778,2,2.0,1,394.0,0.0,0,1,0,0
3546.070752314815,14,1.0,32,262.0,3.0,1,26,40,24
89.16136574074073,4,2.0,7,1837.0,2.0,0,0,6,0
22.61056712962963,3,3.0,2,1381.0,1.0,0,1,2,0
4.781400462962963,3,2.0,2,238.0,1.0,0,1,2,0
11.84792824074074,3,2.0,3,381.0,1.0,0,0,3,0
755.2551967592592,8,2.0,7,996.0,4.0,0,0,21,7
363.04041666666666,2,2.0,1,996.0,4.0,0,1,0,0
236.28116898148147,4,5.0,4,57.0,4.0,0,2,4,0
46.22138888888889,3,2.0,6,377.0,5.0,0,0,3,0
747.0224421296297,6,2.0,5,996.0,4.0,0,0,15,0
264.9097800925926,4,2.0,3,104.0,1.0,0,3,3,0
20.948067129629628,3,2.0,2,238.0,1.0,0,0,3,0
20.13109953703704,4,2.0,4,266.0,2.0,0,1,5,0
5.97431712962963,1,2.0,0,365.0,0.0,0,0,0,0
201.61920138888888,7,5.0,10,253.0,5.0,1,3,7,10
343.72936342592595,7,2.0,10,368.0,2.0,0,15,6,0
160.27697916666668,5,2.0,9,205.0,4.0,0,5,5,0
9012.07568287037,6,2.0,5,368.0,2.0,0,11,4,0
357.25252314814816,5,5.0,9,50.0,0.0,0,0,6,4
9012.06943287037,8,2.0,17,533.0,3.0,0,10,11,7
86.03857638888888,5,2.0,12,1141.0,9.0,0,3,7,0
9012.00517361111,5,6.0,6,1406.0,0.0,0,6,4,0
9011.978495370371,7,5.0,12,317.0,3.0,0,7,8,6
9011.922627314814,3,2.0,2,24.0,1.0,0,1,0,2
30.860300925925927,2,2.0,2,1144.0,6.0,0,0,1,0
9011.880648148148,9,2.0,8,572.0,1.0,0,16,20,0
9011.773252314815,18,1.0,30,458.0,3.0,0,81,72,0
9011.7421875,5,4.0,5,90.0,2.0,0,4,2,4
9011.48625,7,2.0,10,218.0,0.0,0,2,13,6
9011.456898148148,5,4.0,6,278.0,0.0,0,5,5,0
275.1930902777778,3,2.0,2,995.0,5.0,0,2,1,0
178.3513425925926,4,2.0,3,1405.0,1.0,0,2,4,0
9010.94121527778,5,2.0,5,332.0,2.0,0,2,8,0
9010.8028125,5,2.0,9,251.0,4.0,0,4,2,4
9010.281469907408,4,5.0,3,320.0,0.0,0,3,3,0
9010.067268518518,5,2.0,6,66.0,3.0,0,3,3,4
9010.049525462962,5,2.0,5,118.0,2.0,0,9,1,0
9010.04800925926,5,2.0,4,0.0,1.0,0,0,6,4
9037.332326388889,4,2.0,4,253.0,2.0,0,0,6,0
9009.723981481482,3,2.0,2,254.0,1.0,0,0,3,0
9009.09508101852,5,2.0,7,66.0,3.0,0,0,6,4
9009.037893518518,3,4.0,2,461.0,0.0,0,2,1,0
9008.988738425924,4,6.0,4,105.0,0.0,0,5,1,0
9008.971747685186,4,2.0,3,322.0,0.0,0,3,3,0
9008.87037037037,10,6.0,25,640.0,2.0,1,20,8,16
9008.858761574074,7,4.0,8,534.0,2.0,0,8,13,0
9008.859791666666,3,2.0,2,214.0,0.0,0,0,3,0
9008.771921296297,5,5.0,5,97.0,2.0,3,0,1,6
9008.771099537036,12,6.0,13,373.0,1.0,0,42,24,0
9008.76005787037,3,6.0,2,461.0,0.0,0,1,2,0
9008.703252314815,8,2.0,9,363.0,2.0,0,12,16,0
9008.605578703704,3,2.0,2,1143.0,2.0,0,2,1,0
9008.56318287037,6,4.0,7,213.0,1.0,0,3,7,5
9008.527997685183,5,4.0,4,91.0,1.0,0,2,8,0
9008.534814814817,3,2.0,2,,0.0,0,1,2,0
9008.401944444444,5,3.0,5,535.0,1.0,0,2,4,4
9008.323530092594,4,4.0,3,1150.0,0.0,0,1,5,0
9008.22363425926,4,2.0,4,19.0,2.0,0,3,0,3
9008.179108796296,4,4.0,4,1404.0,2.0,0,3,3,0
9008.115173611111,8,4.0,14,211.0,3.0,0,8,20,0
9008.002118055556,12,6.0,51,454.0,7.0,0,21,45,0
352.18519675925927,8,2.0,21,1396.0,10.0,0,6,15,7
8503.806099537038,6,4.0,6,534.0,2.0,0,5,5,5
9007.818877314814,5,5.0,7,391.0,0.0,0,6,4,0
9007.776770833334,4,5.0,7,365.0,5.0,0,3,3,0
9007.768148148149,4,6.0,8,390.0,4.0,1,0,1,4
9007.736319444444,7,5.0,9,23.0,2.0,0,4,11,6
9007.726469907408,5,5.0,4,1381.0,1.0,0,4,6,0
9007.55835648148,4,4.0,5,417.0,3.0,0,2,4,0
9007.497118055557,11,2.0,32,1034.0,10.0,1,23,13,18
68.1301736111111,10,2.0,12,48.0,2.0,0,12,33,0
9007.002962962963,3,2.0,2,208.0,1.0,0,1,2,0
9006.774490740741,5,5.0,5,535.0,1.0,0,0,10,0
9006.711319444445,5,2.0,6,1147.0,3.0,0,6,4,0
9006.608831018519,6,2.0,12,40.0,1.0,0,3,7,5
9006.38951388889,5,2.0,7,109.0,4.0,0,3,7,0
9006.016898148147,8,2.0,8,76.0,2.0,0,14,14,0
9005.89824074074,4,4.0,5,465.0,3.0,0,1,5,0
9005.890104166667,4,2.0,4,459.0,2.0,0,3,3,0
9005.868703703703,11,6.0,30,401.0,6.0,0,27,18,10
9005.858506944445,3,5.0,4,127.0,3.0,0,1,2,0
9005.847280092592,3,5.0,4,47.0,3.0,0,2,1,0
9005.791597222222,3,4.0,6,146.0,5.0,0,1,2,0
9005.804814814815,6,2.0,9,381.0,1.0,0,2,8,5
9005.798599537036,3,2.0,2,2.0,2.0,0,1,0,2
9005.78167824074,5,4.0,4,98.0,1.0,0,2,8,0
9005.757662037036,6,2.0,12,54.0,3.0,6,0,1,8
9005.757164351851,5,5.0,7,75.0,3.0,0,2,8,0
9005.72920138889,4,4.0,3,545.0,2.0,0,0,6,0
66.93953703703704,5,2.0,5,1150.0,0.0,0,1,5,4
9005.657268518518,5,4.0,6,320.0,2.0,0,4,6,0
9005.513923611112,9,2.0,11,312.0,8.0,0,19,17,0
248.0178703703704,6,3.0,7,651.0,1.0,3,0,3,9
9005.111527777777,4,2.0,4,216.0,2.0,0,2,4,0
9005.08375,4,2.0,3,128.0,2.0,0,1,5,0
9005.034456018519,4,3.0,4,237.0,2.0,0,0,6,0
8500.95261574074,8,2.0,11,318.0,4.0,1,10,5,12
9005.030752314815,6,6.0,10,571.0,2.0,0,1,9,5
9005.02275462963,4,4.0,3,84.0,0.0,0,0,3,3
9004.959212962964,6,2.0,5,364.0,1.0,0,2,13,0
9004.955844907407,6,6.0,12,,0.0,0,3,12,0
9004.965520833333,4,2.0,4,129.0,1.0,0,0,6,0
9004.964583333332,5,2.0,16,,0.0,0,2,4,4
9004.845833333333,4,2.0,9,220.0,4.0,0,2,1,3
9004.779270833333,7,2.0,7,571.0,2.0,0,7,8,6
9032.359849537035,5,4.0,7,317.0,3.0,0,2,8,0
9004.710613425927,5,2.0,4,84.0,0.0,0,2,8,0
9004.701655092593,14,2.0,25,1148.0,2.0,0,24,54,13
21.80020833333333,3,6.0,5,536.0,0.0,0,0,3,0
9004.006979166666,7,2.0,6,641.0,1.0,0,4,17,0
9003.977164351852,8,2.0,8,83.0,1.0,0,9,19,0
9724.320069444444,13,6.0,30,326.0,8.0,0,35,43,0
9003.181319444444,16,2.0,38,786.0,20.0,0,66,39,15
127.14971064814814,4,2.0,10,1398.0,8.0,0,1,5,0
9002.887650462962,12,2.0,29,,0.0,1,20,25,20
9002.815277777778,4,2.0,4,118.0,2.0,0,3,3,0
9002.827453703703,4,2.0,3,78.0,1.0,0,0,3,3
9002.68394675926,7,4.0,11,363.0,2.0,0,4,11,6
9002.661273148147,6,2.0,11,234.0,5.0,0,0,15,0
10.660104166666668,4,4.0,3,651.0,1.0,0,2,4,0
9002.40429398148,5,2.0,5,332.0,2.0,0,0,10,0
9002.087523148148,5,2.0,4,321.0,1.0,0,1,9,0
9002.080486111112,13,6.0,23,635.0,7.0,0,22,56,0
9002.077465277778,6,6.0,6,769.0,1.0,0,6,9,0
19.09476851851852,4,6.0,3,928.0,1.0,0,3,3,0
333.1998263888889,7,2.0,6,651.0,1.0,0,3,12,6
9001.961643518518,5,2.0,4,683.0,1.0,0,6,4,0
8540.717789351851,5,6.0,7,571.0,2.0,0,4,6,0
9001.884444444444,4,2.0,5,767.0,3.0,0,1,5,0
9001.864421296295,6,5.0,8,110.0,3.0,0,6,9,0
7.050833333333333,4,4.0,4,1146.0,4.0,0,1,5,0
6084.791030092592,7,2.0,7,1402.0,4.0,1,1,9,10
9001.633229166666,11,1.0,15,802.0,4.0,1,11,25,18
9001.636273148148,4,4.0,5,288.0,2.0,0,3,3,0
9001.599409722223,4,4.0,3,12.0,1.0,0,1,2,3
9001.566377314815,3,4.0,2,13.0,0.0,0,0,3,0
9001.56556712963,5,2.0,4,219.0,1.0,0,0,10,0
9001.521655092592,6,6.0,7,54.0,7.0,0,9,6,0
9001.492233796296,5,2.0,5,289.0,1.0,0,0,10,0
9001.467222222222,6,2.0,8,458.0,3.0,0,3,12,0
735.4444560185185,11,2.0,11,651.0,1.0,0,22,33,0
735.3613541666666,8,2.0,8,650.0,2.0,0,0,21,7
9001.17662037037,7,2.0,8,82.0,2.0,0,5,16,0
9001.043738425926,6,2.0,5,49.0,1.0,0,3,12,0
9000.974293981482,5,2.0,4,217.0,1.0,0,0,10,0
9000.937685185185,4,2.0,3,443.0,1.0,0,3,3,0
9000.919745370371,7,6.0,9,149.0,2.0,0,7,14,0
9000.901516203703,8,6.0,12,472.0,4.0,0,10,18,0
9000.90019675926,5,2.0,5,278.0,0.0,0,2,4,4
9000.853622685185,6,5.0,9,214.0,4.0,0,8,7,0
9000.826180555556,13,2.0,31,200.0,9.0,0,21,45,12
9000.833252314815,7,4.0,7,77.0,2.0,0,8,13,0
9000.769618055556,4,2.0,7,1402.0,4.0,0,0,6,0
9000.7396875,4,2.0,3,764.0,6.0,0,0,6,0
9000.750775462962,5,2.0,10,150.0,1.0,0,0,10,0
9000.729074074074,5,2.0,5,364.0,1.0,0,0,10,0
9000.70755787037,5,4.0,4,78.0,1.0,0,3,7,0
9000.697048611111,5,2.0,4,538.0,1.0,0,0,6,4
9000.640150462963,4,2.0,6,457.0,4.0,0,0,6,0
9000.639027777777,5,2.0,4,535.0,1.0,0,4,6,0
9000.1028125,5,6.0,7,45.0,3.0,0,6,4,0
9000.052337962963,4,2.0,3,150.0,1.0,0,0,6,0
9000.009247685186,4,2.0,6,367.0,3.0,0,0,6,0
8999.956446759259,3,2.0,4,371.0,3.0,0,2,1,0
9027.510706018518,9,2.0,16,366.0,4.0,0,6,30,0
9027.494675925926,7,2.0,8,389.0,2.0,0,5,16,0
8999.848587962962,9,6.0,11,473.0,3.0,0,13,23,0
320.7393055555556,8,4.0,14,413.0,3.0,0,3,18,7
8999.74931712963,7,4.0,8,389.0,2.0,0,6,15,0
47.94251157407408,4,2.0,8,1404.0,2.0,0,0,3,3
3269.198541666666,74,2.0,328,105.0,83.0,1128,186,139,1248
34.83790509259259,4,2.0,7,637.0,5.0,0,0,3,3
8999.285405092593,5,4.0,5,67.0,2.0,0,0,10,0
8999.060613425925,6,2.0,9,924.0,5.0,0,0,10,5
8999.039513888889,6,2.0,7,545.0,2.0,0,0,10,5
8999.048969907408,4,2.0,3,546.0,1.0,0,0,6,0
8999.046273148148,4,2.0,3,546.0,1.0,0,0,6,0
8999.028715277778,4,2.0,3,545.0,2.0,0,0,6,0
8999.030081018518,4,6.0,4,544.0,3.0,0,0,6,0
8999.007800925925,5,2.0,6,649.0,3.0,0,2,4,4
350.21962962962965,6,5.0,5,364.0,1.0,0,5,10,0
8998.934930555555,5,2.0,4,126.0,1.0,0,4,6,0
8998.917905092592,3,2.0,2,278.0,0.0,0,1,2,0
8998.896307870371,3,2.0,2,22.0,2.0,0,0,3,0
8998.97162037037,5,2.0,14,33.0,0.0,0,1,9,0
8998.853229166667,3,1.0,3,76.0,2.0,0,0,3,0
8998.844872685186,7,2.0,10,405.0,2.0,0,3,18,0
8998.81712962963,10,2.0,13,405.0,2.0,0,10,26,9
8998.810682870371,11,4.0,25,555.0,2.0,0,22,33,0
8998.795300925925,7,2.0,10,127.0,3.0,0,0,21,0
8998.807928240742,4,2.0,3,56.0,1.0,0,0,6,0
11.077488425925926,5,2.0,7,129.0,1.0,0,5,5,0
8998.791574074074,6,2.0,11,53.0,4.0,0,0,15,0
11.129965277777778,2,4.0,1,381.0,1.0,0,0,1,0
8998.770648148147,6,4.0,10,365.0,5.0,0,3,12,0
8998.726157407407,6,2.0,8,55.0,2.0,0,4,11,0
8998.70082175926,8,2.0,10,128.0,2.0,0,5,23,0
8998.71332175926,10,2.0,13,363.0,2.0,0,11,34,0
8998.674560185185,10,2.0,14,126.0,4.0,0,14,31,0
8998.672511574074,5,2.0,5,129.0,1.0,0,0,10,0
8998.684386574074,7,2.0,11,147.0,4.0,0,2,19,0
8998.661053240741,7,2.0,8,555.0,2.0,0,3,18,0
8998.599652777777,8,2.0,14,59.0,0.0,0,2,26,0
8998.533402777777,4,2.0,5,118.0,2.0,0,1,5,0
8998.520972222223,4,2.0,3,151.0,0.0,0,0,6,0
8998.474421296296,5,2.0,4,475.0,1.0,0,3,7,0
293.90153935185185,5,2.0,4,651.0,1.0,0,5,5,0
8997.999143518518,6,6.0,11,289.0,1.0,0,2,13,0
9025.582013888888,7,5.0,8,1315.0,3.0,0,12,9,0
8997.99125,9,4.0,10,112.0,1.0,0,10,18,8
8997.970532407408,6,5.0,6,572.0,1.0,0,0,10,5
8997.914108796296,9,2.0,28,228.0,11.0,1,5,16,14
8997.89329861111,8,4.0,8,104.0,1.0,0,10,18,0
8997.878055555555,2,5.0,1,14.0,0.0,0,0,0,1
8997.89681712963,2,5.0,1,14.0,0.0,0,0,1,0
8997.895185185185,8,2.0,14,321.0,1.0,0,6,22,0
8997.885335648149,2,5.0,1,14.0,0.0,0,0,1,0
9025.443217592592,3,2.0,2,150.0,1.0,0,0,3,0
8997.823506944444,5,4.0,4,219.0,1.0,0,1,9,0
8997.787766203704,6,2.0,5,78.0,1.0,0,0,15,0
8997.763819444444,3,5.0,5,1836.0,3.0,0,1,2,0
8997.76005787037,4,2.0,12,217.0,7.0,0,0,6,0
8999.136493055556,11,2.0,24,205.0,4.0,0,4,41,10
8997.45681712963,8,2.0,9,784.0,1.0,0,3,18,7
8997.470879629629,4,2.0,3,1144.0,1.0,0,1,2,3
8997.282777777778,6,2.0,8,216.0,2.0,0,2,8,5
347.0362962962963,5,2.0,16,638.0,4.0,0,4,6,0
8996.912141203704,5,2.0,5,419.0,1.0,0,1,9,0
8996.817800925926,5,2.0,4,219.0,1.0,0,1,9,0
8996.424907407407,4,4.0,3,108.0,3.0,0,1,5,0
8995.904814814814,14,2.0,40,65.0,20.0,0,55,36,0
8995.888622685185,46,2.0,86,1022.0,22.0,465,68,37,465
8995.892256944444,12,2.0,23,795.0,9.0,3,14,22,27
8995.887581018518,30,2.0,123,63.0,30.0,91,83,37,224
8995.860520833334,7,2.0,10,364.0,1.0,0,4,17,0
8995.624444444444,6,1.0,9,330.0,4.0,0,4,6,5
126.75804398148148,3,3.0,3,651.0,1.0,0,0,1,2
8995.360775462963,6,2.0,9,219.0,1.0,0,0,15,0
8995.252939814814,4,2.0,4,928.0,1.0,0,1,5,0
9311.047314814814,47,3.0,83,17.0,3.0,231,176,124,550
1675.9719907407407,15,2.0,24,105.0,3.0,10,17,28,50
8994.939155092592,17,4.0,37,305.0,15.0,0,59,61,16
8994.929837962964,2,2.0,1,2.0,1.0,0,0,0,1
8994.911643518519,3,2.0,2,2.0,1.0,0,0,1,2
8994.891018518518,6,4.0,5,219.0,1.0,0,6,9,0
8994.850185185185,4,2.0,3,119.0,1.0,0,1,5,0
8999.132488425927,4,2.0,4,406.0,1.0,0,0,6,0
8994.773935185185,7,2.0,7,682.0,2.0,0,1,20,0
8994.776238425926,4,2.0,4,1379.0,3.0,0,0,6,0
15.657048611111112,5,2.0,4,254.0,1.0,0,3,7,0
8994.639965277778,5,2.0,7,1402.0,4.0,0,0,10,0
8994.482083333334,7,2.0,12,12.0,1.0,0,5,10,6
8994.204166666666,11,2.0,15,5.0,5.0,3,14,14,24
8993.960868055556,3,2.0,2,223.0,1.0,0,0,3,0
8993.864178240741,4,5.0,3,172.0,1.0,0,0,6,0
8993.847291666667,9,2.0,22,313.0,9.0,0,10,26,0
556.1675462962963,17,2.0,68,982.0,18.0,3,63,28,42
8993.835763888888,3,2.0,3,740.0,2.0,0,0,3,0
267.9913310185185,7,2.0,17,1139.0,11.0,0,6,15,0
8993.70261574074,4,2.0,6,1142.0,3.0,0,0,6,0
8993.54886574074,4,3.0,3,461.0,0.0,0,0,6,0
8993.076944444445,7,5.0,9,459.0,2.0,0,1,14,6
8993.011284722223,8,2.0,18,763.0,7.0,0,12,16,0
8992.970914351852,2,2.0,1,278.0,0.0,0,0,0,1
8992.972974537037,7,6.0,13,796.0,8.0,0,4,17,0
8992.953819444445,8,6.0,11,364.0,1.0,0,9,19,0
8992.947708333333,5,2.0,10,73.0,5.0,0,1,9,0
8992.858564814815,4,6.0,4,220.0,0.0,0,1,5,0
8992.87943287037,5,2.0,9,800.0,4.0,0,5,5,0
9020.414236111112,7,6.0,8,405.0,2.0,0,3,18,0
9020.390243055555,7,2.0,13,49.0,1.0,0,2,19,0
8992.805208333333,4,2.0,7,456.0,5.0,0,0,6,0
8992.782893518519,5,1.0,7,48.0,2.0,0,4,2,4
8992.723506944445,4,2.0,9,209.0,5.0,0,1,5,0
8992.713634259258,5,2.0,5,640.0,2.0,0,2,8,0
8992.655034722222,5,2.0,4,536.0,0.0,0,1,5,4
8992.574895833333,5,2.0,8,553.0,4.0,0,1,9,0
116.66902777777776,6,5.0,6,535.0,1.0,0,1,9,5
8992.453067129629,8,2.0,8,55.0,1.0,0,7,14,7
8992.103483796296,6,6.0,14,1376.0,6.0,0,2,8,5
8992.070208333333,5,2.0,5,474.0,2.0,0,1,9,0
8991.988136574075,5,2.0,4,56.0,1.0,0,0,10,0
308.84841435185183,3,2.0,2,1403.0,3.0,0,0,1,2
8991.783148148148,5,2.0,5,1403.0,3.0,0,2,8,0
8991.729444444445,7,2.0,15,802.0,4.0,0,7,14,0
8991.690798611111,5,2.0,4,217.0,1.0,0,2,8,0
8991.622662037036,40,2.0,99,,0.0,105,160,140,375
8991.43886574074,6,2.0,6,389.0,2.0,0,4,11,0
8991.36917824074,10,5.0,14,405.0,2.0,0,8,37,0
8991.041400462964,4,6.0,5,82.0,2.0,0,1,5,0
8991.00806712963,4,2.0,3,767.0,3.0,0,0,6,0
8991.00255787037,3,2.0,2,77.0,2.0,0,0,3,0
8990.834641203704,4,2.0,4,1404.0,2.0,0,0,6,0
8990.841944444444,12,2.0,18,915.0,5.0,0,19,36,11
762.9336574074074,23,2.0,64,,0.0,28,60,45,120
8990.698622685186,3,5.0,2,14.0,0.0,0,0,3,0
8990.455243055556,9,4.0,12,680.0,4.0,0,5,31,0
9018.025474537037,7,2.0,10,73.0,1.0,0,1,14,6
8989.90605324074,7,2.0,10,415.0,5.0,0,1,14,6
8989.86013888889,16,2.0,51,1171.0,17.0,1,18,73,28
8988.942777777778,5,2.0,5,149.0,2.0,0,0,6,4
233.61265046296296,3,2.0,4,1403.0,3.0,0,0,3,0
8988.163171296297,7,2.0,9,681.0,3.0,0,0,21,0
8483.9428125,3,2.0,2,65.0,4.0,0,2,1,0
8988.022685185186,4,6.0,4,,0.0,0,0,6,0
8987.931504629629,3,4.0,2,60.0,1.0,0,0,3,0
8987.869421296296,8,2.0,11,330.0,4.0,0,12,16,0
8987.837037037038,6,2.0,12,637.0,5.0,0,4,11,0
8987.799699074074,4,2.0,3,119.0,1.0,0,1,5,0
8987.786296296295,4,3.0,5,1041.0,3.0,0,0,6,0
8987.765162037036,6,5.0,8,554.0,3.0,0,1,14,0
8987.762233796297,5,2.0,5,118.0,2.0,0,0,10,0
8987.621979166666,4,2.0,3,24.0,1.0,0,0,3,3
8987.582731481481,3,2.0,2,393.0,1.0,0,2,1,0
170.94693287037038,4,2.0,3,1406.0,0.0,0,3,3,0
8987.52482638889,4,3.0,3,500.0,1.0,0,0,6,0
338.9024074074074,6,2.0,7,1379.0,3.0,0,5,10,0
555.8898148148148,4,2.0,3,381.0,1.0,0,0,6,0
8987.359618055556,6,2.0,7,404.0,3.0,0,0,15,0
8987.05835648148,5,2.0,5,67.0,2.0,0,0,10,0
8986.96101851852,4,2.0,3,473.0,3.0,0,1,5,0
8986.912777777778,5,2.0,4,638.0,4.0,0,2,8,0
9014.47037037037,3,6.0,2,42.0,4.0,0,1,2,0
8986.872175925926,5,2.0,8,108.0,3.0,0,2,8,0
8986.859201388888,9,2.0,28,236.0,3.0,0,2,26,8
170.16282407407408,3,2.0,2,1406.0,0.0,0,0,3,0
7.156898148148148,10,6.0,19,263.0,5.0,0,25,20,0
8986.801030092593,5,2.0,8,799.0,5.0,0,2,8,0
9014.374131944443,4,2.0,5,1380.0,2.0,0,0,6,0
8986.773761574073,5,2.0,9,1038.0,6.0,0,0,10,0
8986.731608796295,5,2.0,10,54.0,3.0,0,0,10,0
720.8431828703704,9,2.0,9,571.0,2.0,0,11,25,0
8986.707372685185,5,2.0,5,55.0,2.0,0,0,10,0
8986.686342592593,9,2.0,16,216.0,4.0,0,12,24,0
8986.638680555556,5,4.0,4,219.0,1.0,0,1,9,0
8986.590625,4,2.0,3,211.0,3.0,0,0,6,0
8986.598287037037,6,6.0,7,684.0,0.0,0,3,12,0
9013.862662037038,3,2.0,2,267.0,1.0,0,1,2,0
110.6108912037037,8,5.0,8,238.0,1.0,0,8,20,0
55.48608796296296,4,4.0,3,419.0,1.0,0,0,6,0
8986.075393518518,5,2.0,4,126.0,4.0,0,0,10,0
8986.055983796296,4,2.0,3,127.0,3.0,0,0,6,0
8986.047222222222,9,2.0,9,219.0,1.0,0,10,18,8
8985.98292824074,5,2.0,4,77.0,1.0,0,3,7,0
8985.967349537037,4,4.0,7,,0.0,0,0,6,0
8985.914398148148,3,2.0,2,1042.0,2.0,0,0,3,0
8985.877511574074,5,2.0,5,90.0,2.0,0,2,8,0
8985.85554398148,3,2.0,2,84.0,0.0,0,0,3,0
8985.861979166666,6,2.0,13,927.0,2.0,0,2,13,0
222.90671296296296,5,2.0,5,1404.0,2.0,0,0,10,0
8985.828831018518,14,2.0,21,43.0,3.0,1,33,33,24
8985.816203703704,4,2.0,3,68.0,1.0,0,0,6,0
8985.813171296297,3,2.0,2,420.0,0.0,0,0,3,0
8985.827719907407,4,2.0,3,419.0,1.0,0,1,5,0
287.79915509259257,8,1.0,13,926.0,3.0,0,4,24,0
8985.825787037036,4,2.0,3,1149.0,1.0,0,1,5,0
8985.821203703703,9,2.0,12,218.0,2.0,0,5,31,0
8985.795069444444,3,2.0,2,128.0,2.0,0,0,3,0
8985.798877314815,8,4.0,14,540.0,7.0,0,9,19,0
131.36636574074075,5,4.0,13,1140.0,10.0,0,1,9,0
8985.775914351852,4,2.0,6,116.0,4.0,0,2,4,0
8985.771354166667,10,6.0,17,635.0,7.0,0,7,38,0
8985.756967592593,5,2.0,4,1021.0,0.0,0,1,9,0
8986.748032407408,6,2.0,6,443.0,1.0,0,4,11,0
4.80230324074074,7,5.0,13,391.0,3.0,0,6,9,6
8985.647650462963,7,6.0,7,928.0,1.0,0,1,20,0
4.610300925925926,2,4.0,1,928.0,1.0,0,0,1,0
526.8558680555556,7,2.0,10,362.0,3.0,0,6,15,0
8985.389525462962,3,2.0,2,370.0,4.0,0,1,2,0
8985.236539351852,5,3.0,4,219.0,1.0,0,1,9,0
8985.213831018518,6,2.0,9,1039.0,5.0,0,2,13,0
8993.685856481481,4,2.0,5,90.0,2.0,0,0,6,0
8984.992777777778,5,2.0,6,1041.0,3.0,0,0,10,0
8985.00789351852,6,4.0,11,204.0,5.0,0,0,10,5
8984.988668981481,4,3.0,5,144.0,3.0,0,1,5,0
8984.970752314815,12,1.0,13,207.0,2.0,6,8,20,32
8984.859398148148,3,2.0,3,918.0,2.0,0,0,3,0
8984.828657407408,4,2.0,5,459.0,2.0,0,0,6,0
8984.824351851852,7,2.0,9,546.0,1.0,0,3,12,6
8984.809050925925,4,2.0,3,571.0,2.0,0,0,6,0
8984.808402777779,4,2.0,6,571.0,2.0,0,0,6,0
276.800775462963,5,5.0,8,683.0,1.0,0,0,10,0
9012.36664351852,7,2.0,11,1401.0,5.0,0,5,16,0
8984.73212962963,4,2.0,3,737.0,5.0,0,0,6,0
46.011064814814816,3,2.0,2,1405.0,1.0,0,2,1,0
8984.657824074075,4,3.0,4,474.0,2.0,0,1,5,0
315.87662037037035,4,2.0,4,640.0,2.0,0,0,6,0
8984.446666666667,5,2.0,6,391.0,0.0,0,1,9,0
8983.857939814814,5,2.0,7,767.0,3.0,0,4,6,0
8983.855856481481,5,2.0,4,49.0,1.0,0,5,5,0
8983.810555555556,6,2.0,7,265.0,3.0,0,4,11,0
8983.816319444444,5,2.0,6,221.0,3.0,0,3,7,0
8993.876724537036,2,2.0,2,1406.0,0.0,0,0,1,0
8983.77412037037,6,2.0,8,459.0,2.0,0,1,14,0
8983.706423611111,7,5.0,17,370.0,4.0,0,11,10,0
8983.658159722223,5,2.0,9,147.0,8.0,3,0,1,6
8983.640208333334,9,4.0,10,128.0,2.0,0,12,24,0
8983.515949074073,10,2.0,13,47.0,1.0,0,15,30,0
8983.275775462964,58,5.0,255,163.0,30.0,630,99,132,792
8993.683449074075,4,2.0,5,212.0,2.0,0,0,6,0
8982.902766203704,5,2.0,4,49.0,1.0,0,0,10,0
8982.732858796297,6,6.0,6,219.0,1.0,0,1,14,0
715.9045949074074,6,2.0,5,996.0,4.0,0,0,15,0
8981.323252314814,5,2.0,6,535.0,1.0,0,0,10,0
8482.958101851851,2,1.0,1,163.0,9.0,0,0,1,0
8981.058414351852,6,4.0,6,48.0,2.0,0,0,15,0
715.1289351851852,11,6.0,15,372.0,2.0,0,14,41,0
94.01248842592592,9,2.0,15,217.0,1.0,0,10,26,0
8980.82449074074,5,2.0,11,1020.0,1.0,0,3,7,0
8980.784976851852,6,2.0,10,128.0,2.0,0,0,15,0
8980.760127314816,6,2.0,7,127.0,3.0,0,4,11,0
8980.675671296296,8,2.0,12,1144.0,6.0,0,1,27,0
8980.352314814814,6,2.0,9,,0.0,0,3,12,0
8980.08125,4,2.0,4,23.0,2.0,0,0,3,3
8980.029050925927,4,1.0,7,94.0,5.0,0,0,6,0
8980.01869212963,8,4.0,11,1041.0,3.0,0,6,22,0
8980.01332175926,3,2.0,3,768.0,2.0,0,0,3,0
8979.994895833333,6,2.0,8,555.0,2.0,0,3,12,0
8979.95480324074,8,4.0,14,389.0,2.0,0,9,19,0
8979.951307870371,17,2.0,39,274.0,4.0,0,36,100,0
8979.843622685185,3,2.0,4,102.0,3.0,0,0,3,0
8979.84011574074,5,1.0,4,49.0,1.0,0,2,4,4
8979.72667824074,8,4.0,10,42.0,2.0,0,14,14,0
455.7001273148149,23,2.0,76,898.0,23.0,6,98,73,76
8979.170868055555,7,2.0,10,217.0,1.0,0,3,12,6
8979.494375,9,2.0,8,130.0,0.0,0,8,20,8
8979.014131944445,3,2.0,2,367.0,3.0,0,1,2,0
8979.003287037038,4,5.0,6,315.0,2.0,0,0,6,0
0.7730555555555556,3,6.0,2,390.0,1.0,0,0,3,0
8978.912581018518,13,2.0,23,572.0,1.0,0,26,40,12
8978.890208333334,6,2.0,5,56.0,1.0,0,5,10,0
8978.806944444445,8,4.0,14,917.0,3.0,0,0,21,7
39.88146990740741,3,2.0,3,8.0,0.0,0,0,3,0
8978.791111111112,8,4.0,11,389.0,2.0,0,4,24,0
8978.761597222223,7,2.0,11,1042.0,2.0,0,4,17,0
8978.758078703704,5,2.0,6,49.0,1.0,0,2,8,0
8978.697662037037,5,2.0,10,235.0,4.0,0,0,6,4
103.7890625,4,2.0,3,381.0,1.0,0,0,6,0
7355.634363425926,8,2.0,11,205.0,4.0,0,11,10,7
8978.138738425925,6,5.0,8,300.0,2.0,0,3,12,0
8977.946412037038,5,5.0,8,170.0,3.0,0,3,7,0
8977.944074074074,6,4.0,8,682.0,2.0,0,3,12,0
8977.873125,7,2.0,8,803.0,1.0,0,3,18,0
8977.839976851852,3,2.0,2,46.0,0.0,0,1,2,0
8977.666724537037,6,2.0,7,43.0,3.0,0,4,6,5
8977.416481481481,4,2.0,3,97.0,2.0,0,0,6,0
8977.179421296296,5,2.0,5,67.0,2.0,0,0,10,0
8977.038483796296,5,1.0,7,207.0,2.0,0,0,10,0
8977.016782407407,5,6.0,5,1382.0,0.0,0,1,9,0
37.57108796296296,3,3.0,4,650.0,2.0,0,0,3,0
8977.005486111111,8,4.0,10,53.0,1.0,0,9,19,0
8977.004016203704,9,4.0,18,458.0,3.0,0,6,30,0
8976.988483796296,6,2.0,6,927.0,2.0,0,3,12,0
8976.982789351852,6,2.0,6,572.0,1.0,0,2,13,0
18.01944444444445,3,6.0,4,650.0,2.0,0,0,3,0
8976.940821759259,5,1.0,6,639.0,3.0,0,0,10,0
272.7198148148148,4,2.0,4,650.0,2.0,0,0,6,0
711.0700231481482,14,2.0,22,2929.0,10.0,1,6,60,24
8472.76642361111,9,6.0,9,319.0,1.0,0,15,21,0
8976.79824074074,6,2.0,11,369.0,5.0,0,4,11,0
8976.752025462964,5,2.0,4,45.0,1.0,0,3,7,0
8976.750162037037,8,2.0,11,571.0,2.0,0,4,24,0
8976.695405092592,4,5.0,3,212.0,2.0,0,0,6,0
0.0018518518518518,1,2.0,0,1404.0,2.0,0,0,0,0
8974.205127314815,30,2.0,63,193.0,0.0,55,46,125,209
8974.18818287037,5,2.0,6,66.0,3.0,0,0,10,0
8974.0246875,5,2.0,8,461.0,0.0,0,0,10,0
8973.990949074074,5,5.0,5,8.0,0.0,0,3,7,0
8973.913773148148,6,2.0,9,552.0,5.0,0,0,15,0
8973.81375,8,5.0,11,73.0,5.0,0,5,23,0
8973.813414351851,4,1.0,3,364.0,1.0,0,0,6,0
8973.772164351853,15,2.0,19,126.0,4.0,15,5,31,54
46.6846875,3,2.0,3,1148.0,2.0,0,0,3,0
106.76940972222222,3,2.0,6,1401.0,5.0,0,0,3,0
8973.768449074074,4,2.0,4,97.0,2.0,0,0,6,0
6984.735231481482,4,4.0,3,461.0,0.0,0,0,3,3
8973.73775462963,4,2.0,3,212.0,2.0,0,0,6,0
8973.712291666667,8,2.0,16,542.0,5.0,0,9,19,0
8469.627604166666,6,2.0,11,212.0,2.0,0,4,11,0
8973.60818287037,2,2.0,1,739.0,3.0,0,0,1,0
8973.461527777778,3,2.0,2,329.0,5.0,0,0,3,0
8462.076307870371,4,2.0,4,371.0,3.0,0,3,3,0
98.22078703703704,4,2.0,5,650.0,2.0,0,0,6,0
8973.25011574074,7,2.0,8,216.0,2.0,0,1,14,6
9000.69542824074,3,2.0,2,801.0,3.0,0,0,3,0
8973.092777777778,5,4.0,4,461.0,0.0,0,0,6,4
8973.094490740741,5,1.0,6,47.0,3.0,0,2,8,0
8973.037245370371,15,2.0,19,29.0,6.0,10,22,23,50
8972.98525462963,6,4.0,7,2930.0,9.0,0,0,15,0
289.9093287037037,2,2.0,1,1405.0,1.0,0,0,1,0
8972.980810185185,6,4.0,5,12.0,1.0,0,4,11,0
8972.929328703704,7,2.0,8,927.0,2.0,0,0,15,6
8972.843993055556,7,2.0,12,460.0,1.0,0,4,11,6
8972.810659722221,5,4.0,4,150.0,1.0,0,1,9,0
840.9493055555556,16,2.0,22,205.0,1.0,0,15,90,15
8972.801921296295,7,2.0,18,71.0,8.0,0,3,18,0
8972.763819444444,5,5.0,4,212.0,2.0,0,0,10,0
8972.527002314815,7,2.0,20,792.0,12.0,0,0,21,0
8972.419166666667,5,4.0,4,1402.0,4.0,0,0,10,0
8972.397118055556,3,2.0,2,238.0,1.0,0,0,3,0
8972.386111111111,6,2.0,11,378.0,4.0,0,4,11,0
8972.057974537038,6,2.0,5,1838.0,1.0,1,0,6,8
8972.037326388889,6,4.0,8,128.0,2.0,0,3,12,0
8972.027256944444,13,2.0,24,253.0,5.0,0,11,67,0
8971.9825,4,2.0,3,801.0,3.0,0,1,5,0
8971.94113425926,3,2.0,2,278.0,0.0,0,0,3,0
8971.93730324074,4,2.0,4,1404.0,2.0,0,1,5,0
117.97520833333331,5,5.0,6,650.0,2.0,0,2,4,4
8971.775590277777,4,6.0,3,460.0,1.0,0,0,6,0
8971.77949074074,49,4.0,143,1356.0,26.0,28,420,400,328
8971.748576388889,8,6.0,7,651.0,1.0,0,4,24,0
8971.744548611112,5,2.0,6,23.0,2.0,0,4,6,0
8971.743206018518,3,2.0,2,370.0,4.0,0,0,3,0
8971.739328703703,5,2.0,4,319.0,3.0,0,1,9,0
8971.142141203703,9,6.0,16,253.0,5.0,0,10,26,0
8971.14306712963,3,4.0,2,640.0,2.0,0,0,3,0
8971.136064814815,3,2.0,2,640.0,2.0,0,0,3,0
8998.678634259259,3,2.0,2,651.0,1.0,0,1,2,0
8971.014085648148,11,5.0,12,364.0,1.0,0,13,32,10
8971.013032407407,4,2.0,3,150.0,1.0,0,1,5,0
8970.937951388889,5,2.0,5,67.0,2.0,0,2,8,0
8970.875555555556,5,2.0,6,767.0,3.0,0,0,10,0
8970.817905092592,4,3.0,4,97.0,2.0,0,0,6,0
8970.806273148148,6,2.0,8,767.0,3.0,0,0,15,0
8970.787974537037,4,2.0,4,26.0,1.0,0,0,6,0
8970.780069444445,4,2.0,4,363.0,2.0,0,2,4,0
8970.773495370371,5,2.0,6,802.0,2.0,0,0,10,0
8970.7690625,5,2.0,9,802.0,2.0,0,0,10,0
8970.696296296297,5,5.0,9,681.0,3.0,0,0,6,4
8970.56980324074,5,4.0,6,236.0,3.0,0,0,10,0
136.09443287037038,8,4.0,16,1143.0,7.0,0,1,20,7
8970.47054398148,5,2.0,4,68.0,1.0,0,1,9,0
391.6911458333333,5,5.0,6,650.0,2.0,0,2,8,0
8970.442581018518,5,2.0,5,1143.0,2.0,0,4,6,0
8970.03982638889,5,5.0,6,802.0,2.0,0,0,10,0
8970.035972222222,5,6.0,4,1381.0,1.0,0,0,10,0
8970.011296296296,10,5.0,15,473.0,3.0,0,5,40,0
8969.99494212963,7,6.0,10,1403.0,3.0,0,2,19,0
8969.956828703704,5,2.0,5,779.0,6.0,0,0,10,0
8969.946944444444,7,2.0,15,107.0,4.0,0,1,20,0
8969.931620370371,5,2.0,9,637.0,5.0,0,1,9,0
8969.943483796296,6,2.0,7,108.0,3.0,0,0,15,0
8969.901331018518,7,2.0,6,1149.0,1.0,0,2,13,6
8969.882546296296,6,6.0,13,570.0,3.0,0,2,13,0
8969.858715277778,6,4.0,7,14.0,10.0,0,3,12,0
8983.857893518518,6,2.0,6,48.0,2.0,0,1,14,0
8983.856759259259,5,2.0,6,266.0,2.0,0,2,8,0
0.0027662037037037,1,2.0,0,416.0,0.0,0,0,0,0
8969.75287037037,9,5.0,11,650.0,2.0,0,3,33,0
8983.845104166667,4,2.0,6,802.0,4.0,0,0,6,0
8969.513078703703,5,2.0,4,49.0,1.0,0,0,10,0
12.224421296296295,5,2.0,11,922.0,7.0,0,0,6,4
8996.731666666667,7,2.0,7,0.0,1.0,1,0,10,10
8968.8096875,4,4.0,3,461.0,0.0,0,0,6,0
8968.77582175926,11,3.0,41,795.0,11.0,0,19,26,10
8968.632962962964,3,2.0,2,238.0,1.0,0,0,3,0
8968.629155092593,8,3.0,14,252.0,6.0,0,7,21,0
8968.576006944444,5,2.0,9,1403.0,3.0,0,3,7,0
8968.422118055556,4,2.0,7,369.0,5.0,0,0,6,0
8968.162488425925,8,2.0,26,479.0,11.0,0,0,28,0
8968.141574074074,9,2.0,13,219.0,1.0,0,1,27,8
8967.822048611111,5,2.0,4,406.0,1.0,0,2,8,0
298.8110300925926,6,2.0,6,651.0,1.0,0,2,8,5
8967.03263888889,4,5.0,4,368.0,2.0,0,0,6,0
8967.02292824074,5,6.0,5,459.0,2.0,0,0,10,0
8966.986377314815,4,2.0,4,573.0,0.0,0,0,3,3
8966.983657407407,3,2.0,3,800.0,4.0,0,0,3,0
8966.966261574074,5,1.0,8,97.0,2.0,0,0,10,0
8966.899027777778,5,2.0,6,461.0,0.0,0,2,8,0
8966.84912037037,5,5.0,4,219.0,0.0,0,2,8,0
8966.81138888889,6,2.0,9,740.0,2.0,0,0,15,0
8966.765682870371,3,6.0,3,,0.0,0,0,3,0
396.49765046296295,11,2.0,12,650.0,2.0,1,12,24,18
8966.103379629629,4,4.0,6,251.0,4.0,0,0,6,0
8965.968414351852,7,2.0,7,1405.0,1.0,0,1,20,0
8965.930810185186,5,2.0,5,459.0,2.0,0,2,8,0
8965.902916666666,5,2.0,4,13.0,1.0,0,0,6,4
15.165983796296295,4,2.0,3,1405.0,1.0,0,0,6,0
8965.895381944445,3,2.0,3,372.0,2.0,0,0,1,2
8965.858564814815,5,2.0,7,74.0,4.0,0,3,7,0
8965.821643518519,7,4.0,7,472.0,4.0,0,1,20,0
8993.416828703705,7,2.0,12,1377.0,5.0,0,1,20,0
8965.781215277777,8,2.0,7,112.0,1.0,0,3,25,0
8965.793136574073,5,2.0,7,255.0,0.0,0,0,10,0
8965.796400462963,4,4.0,4,534.0,2.0,0,0,6,0
7975.525405092592,146,2.0,425,414.0,11.0,5565,536,244,4240
8965.565150462962,4,2.0,4,126.0,4.0,0,2,4,0
8965.249340277778,5,2.0,6,66.0,3.0,0,0,10,0
8965.160127314815,4,3.0,5,127.0,3.0,0,0,3,3
8455.755127314815,4,2.0,7,1040.0,4.0,0,1,5,0
8965.026053240741,7,2.0,9,143.0,4.0,0,15,6,0
8965.001273148147,14,5.0,20,459.0,2.0,0,20,71,0
8992.49107638889,18,2.0,37,30.0,3.0,0,80,73,0
8964.802997685185,4,4.0,3,211.0,3.0,0,0,6,0
8964.735856481482,9,2.0,12,683.0,1.0,0,8,28,0
585.9196990740741,13,5.0,14,652.0,0.0,1,27,28,22
8964.096898148147,11,2.0,18,206.0,3.0,0,11,34,10
8964.062326388888,9,6.0,21,365.0,9.0,0,11,17,8
8964.020150462962,3,2.0,2,919.0,1.0,0,0,3,0
5244.017361111111,3,4.0,3,253.0,2.0,0,2,1,0
949.779386574074,5,2.0,4,603.0,1.0,0,0,10,0
8963.956851851852,5,2.0,5,70.0,4.0,0,1,9,0
8963.919953703704,5,2.0,7,766.0,4.0,0,1,9,0
8963.916435185185,4,2.0,3,91.0,1.0,0,0,6,0
110.19984953703704,3,6.0,3,406.0,1.0,0,1,2,0
0.8643055555555555,2,4.0,1,1405.0,1.0,0,0,1,0
8963.802025462963,7,2.0,8,499.0,2.0,0,0,21,0
8963.299039351852,6,2.0,6,76.0,2.0,0,0,10,5
8623.680555555555,18,4.0,29,11.0,2.0,15,25,41,72
8963.002581018518,4,2.0,5,85.0,3.0,0,1,5,0
8972.774594907407,6,2.0,10,369.0,5.0,0,7,8,0
8962.800648148148,5,2.0,4,88.0,4.0,0,2,8,0
129.916875,4,2.0,4,1404.0,2.0,0,1,5,0
34.02225694444444,3,2.0,3,1837.0,2.0,0,0,3,0
8970.774328703703,3,2.0,9,74.0,8.0,0,1,2,0
8962.727777777778,5,3.0,5,390.0,1.0,0,1,9,0
8962.436493055555,4,2.0,3,535.0,1.0,0,0,6,0
530.726574074074,4,2.0,3,1405.0,1.0,0,0,6,0
8962.15513888889,10,4.0,13,319.0,1.0,0,4,41,0
8961.86667824074,4,2.0,4,110.0,1.0,0,0,6,0
8961.779317129629,3,2.0,3,554.0,3.0,0,0,3,0
8961.757060185186,9,6.0,14,402.0,5.0,0,17,19,0
8988.714513888888,9,2.0,9,104.0,1.0,0,6,22,8
8960.810763888889,6,2.0,7,238.0,1.0,0,4,11,0
8960.42601851852,11,2.0,23,199.0,5.0,0,21,24,10
8960.092002314816,7,2.0,11,679.0,5.0,0,0,21,0
23.425775462962964,2,2.0,2,253.0,2.0,0,0,1,0
873.4525694444444,17,2.0,79,2367.0,25.0,0,38,82,16
8987.365949074074,4,4.0,3,146.0,1.0,0,2,4,0
8959.774259259259,6,2.0,12,1015.0,6.0,0,6,9,0
8959.711006944444,9,2.0,8,805.0,1.0,0,2,26,8
8959.285717592593,8,2.0,8,276.0,2.0,0,7,21,0
8958.963854166666,7,6.0,10,366.0,4.0,0,2,19,0
141.83642361111112,2,5.0,3,362.0,3.0,0,1,0,0
8958.864027777778,5,2.0,5,129.0,1.0,0,3,7,0
8958.84306712963,5,2.0,4,49.0,1.0,0,1,9,0
35.70274305555556,4,6.0,6,458.0,3.0,0,1,5,0
8958.654930555556,5,2.0,6,459.0,2.0,0,0,10,0
8958.61693287037,5,2.0,5,364.0,1.0,0,0,10,0
309.85364583333336,4,5.0,3,364.0,1.0,0,0,6,0
22.59810185185185,5,2.0,4,1149.0,1.0,0,0,10,0
8958.594386574074,6,2.0,6,1380.0,2.0,0,6,9,0
36.67415509259259,4,2.0,7,1836.0,3.0,0,4,2,0
8958.579340277778,6,2.0,6,1380.0,2.0,0,0,15,0
8958.57,6,2.0,6,1380.0,2.0,0,0,15,0
8958.12457175926,6,3.0,7,928.0,1.0,0,0,15,0
8985.693298611111,3,2.0,2,1143.0,2.0,0,0,3,0
8958.094386574074,5,2.0,6,87.0,1.0,1,0,3,6
8958.082025462963,10,2.0,19,330.0,4.0,0,12,24,9
8958.065659722222,10,2.0,17,261.0,7.0,0,0,36,9
8957.998333333333,6,2.0,7,76.0,2.0,0,0,15,0
8957.996828703705,8,2.0,10,83.0,1.0,0,8,20,0
8957.957037037037,6,2.0,11,74.0,4.0,0,1,14,0
8957.936655092593,3,2.0,2,221.0,1.0,0,1,2,0
8957.928564814814,4,2.0,3,736.0,6.0,0,0,6,0
8957.917592592592,5,4.0,4,641.0,1.0,0,0,10,0
8957.91773148148,4,4.0,3,556.0,1.0,0,0,6,0
125.0222800925926,8,2.0,9,54.0,2.0,0,7,21,0
8957.820613425925,4,2.0,4,86.0,2.0,0,0,6,0
8957.750381944445,6,6.0,7,459.0,2.0,0,0,15,0
8957.748402777777,6,2.0,9,555.0,2.0,0,1,14,0
26.25991898148148,5,6.0,7,1404.0,2.0,0,2,8,0
81.31633101851853,5,6.0,4,733.0,9.0,0,2,8,0
8956.929398148148,9,4.0,27,486.0,4.0,1,0,21,14
8984.495196759259,4,5.0,4,405.0,2.0,0,0,6,0
8956.919155092593,5,4.0,7,1021.0,0.0,0,0,10,0
8956.916319444445,5,4.0,5,288.0,2.0,0,0,10,0
8956.890717592592,11,2.0,22,1377.0,5.0,0,10,45,0
8956.844606481482,9,5.0,13,216.0,2.0,0,6,30,0
8956.818784722222,4,2.0,3,500.0,1.0,0,0,6,0
8984.346759259259,5,2.0,5,8.0,0.0,0,2,8,0
8999.17394675926,8,2.0,10,55.0,4.0,0,2,19,7
47.024791666666665,2,2.0,1,535.0,1.0,0,0,1,0
381.82989583333335,12,2.0,20,1131.0,19.0,0,14,41,11
168.52842592592592,6,2.0,12,168.0,5.0,0,1,14,0
0.5965162037037037,2,2.0,1,381.0,1.0,0,0,1,0
8952.02726851852,5,2.0,5,149.0,2.0,0,1,9,0
8952.020462962962,3,2.0,6,83.0,5.0,0,0,3,0
8952.017766203704,5,2.0,7,802.0,2.0,0,1,9,0
21.103564814814813,3,2.0,9,1836.0,3.0,0,0,3,0
8951.954756944444,14,2.0,31,555.0,2.0,1,20,46,24
8951.861770833333,3,2.0,2,0.0,1.0,0,0,1,2
8979.387337962962,7,3.0,6,104.0,1.0,0,5,16,0
8951.764699074074,4,2.0,4,254.0,1.0,0,0,6,0
8951.57849537037,7,2.0,12,635.0,7.0,0,0,21,0
8979.120509259259,7,6.0,12,496.0,5.0,0,2,19,0
991.6127199074074,3,2.0,2,147.0,1.0,0,1,2,0
8951.035104166667,5,2.0,5,128.0,2.0,0,1,9,0
8978.583807870371,5,2.0,5,1403.0,3.0,0,0,10,0
118.133125,2,2.0,1,1406.0,0.0,0,0,1,0
8950.98787037037,6,2.0,5,23.0,1.0,0,3,12,0
8950.969918981482,5,2.0,5,12.0,2.0,0,1,9,0
26.94738425925926,3,2.0,2,928.0,1.0,0,0,3,0
8950.88017361111,3,2.0,2,369.0,1.0,0,0,3,0
8950.846597222222,8,2.0,15,107.0,6.0,0,2,19,7
75.17177083333333,6,2.0,7,364.0,1.0,0,8,7,0
8950.608032407408,8,4.0,14,1039.0,5.0,0,7,21,0
55.45809027777778,6,5.0,17,1141.0,9.0,0,3,12,0
8977.688043981481,5,2.0,6,56.0,1.0,0,0,10,0
88.23811342592593,6,2.0,8,570.0,3.0,0,6,9,0
8977.55818287037,4,2.0,3,78.0,1.0,0,3,3,0
84.06950231481481,11,2.0,18,1144.0,1.0,0,36,19,0
8949.891041666666,6,6.0,6,363.0,2.0,0,2,13,0
38.85550925925926,3,4.0,2,364.0,1.0,0,0,3,0
1120.3608333333334,4,4.0,3,364.0,1.0,0,0,3,3
8949.6353125,5,4.0,6,319.0,3.0,0,2,8,0
8977.186944444444,4,2.0,3,381.0,1.0,0,2,4,0
8949.474502314815,18,6.0,40,993.0,7.0,0,42,111,0
8949.467615740741,6,2.0,6,219.0,1.0,0,1,14,0
8949.45875,5,4.0,5,419.0,1.0,0,2,8,0
8976.85207175926,9,5.0,13,412.0,4.0,3,1,14,18
8949.220439814815,5,2.0,5,388.0,6.0,0,2,8,0
8949.042199074074,5,5.0,8,234.0,5.0,0,0,10,0
8948.988217592592,4,5.0,5,128.0,2.0,0,2,4,0
8948.888761574073,7,5.0,7,150.0,1.0,0,3,18,0
8948.869837962962,4,2.0,4,146.0,2.0,0,1,5,0
465.0141203703704,3,1.0,4,415.0,1.0,0,1,2,0
8947.902534722221,9,5.0,19,800.0,4.0,0,3,33,0
8947.850671296297,6,4.0,7,319.0,3.0,0,1,14,0
8974.692476851851,19,2.0,31,453.0,8.0,3,20,100,48
8946.958229166667,4,2.0,4,128.0,2.0,0,1,5,0
8974.397511574074,4,2.0,5,379.0,3.0,0,0,6,0
8974.248726851853,7,2.0,6,800.0,4.0,0,3,18,0
8946.52550925926,4,2.0,3,212.0,2.0,0,0,6,0
8945.999710648148,7,2.0,10,680.0,4.0,0,4,17,0
680.0635300925926,8,4.0,7,373.0,1.0,0,0,28,0
8973.547199074073,7,4.0,6,641.0,1.0,0,0,21,0
8945.966284722223,8,2.0,21,1371.0,11.0,0,0,21,7
8985.158599537037,2,2.0,1,146.0,1.0,0,0,1,0
8945.853680555556,5,5.0,8,318.0,4.0,0,0,10,0
8945.839641203704,10,2.0,19,676.0,8.0,0,12,33,0
178.70177083333334,7,6.0,12,1838.0,1.0,0,9,6,6
1.8701967592592592,3,2.0,3,237.0,2.0,0,0,3,0
8999.163078703703,3,2.0,3,406.0,1.0,0,0,3,0
147.43596064814815,7,2.0,10,375.0,7.0,0,3,12,6
8944.92119212963,4,2.0,3,104.0,1.0,0,0,6,0
76.18747685185186,6,4.0,11,678.0,6.0,0,0,15,0
181.9381481481481,3,2.0,2,766.0,4.0,0,0,3,0
0.8129166666666666,4,6.0,5,148.0,3.0,0,0,6,0
8944.8296875,7,6.0,10,21.0,3.0,0,3,12,6
14.183645833333332,5,2.0,5,111.0,2.0,0,1,9,0
8944.751053240741,10,2.0,21,317.0,3.0,0,5,40,0
8944.7175,3,2.0,3,459.0,2.0,0,0,3,0
8972.289097222223,4,2.0,7,1378.0,4.0,0,0,6,0
8944.682210648149,5,2.0,5,87.0,1.0,0,2,8,0
1384.6178819444444,18,1.0,29,457.0,4.0,1,66,54,32
8944.627013888889,7,5.0,16,779.0,6.0,0,4,17,0
8944.60113425926,5,4.0,6,458.0,3.0,0,2,8,0
8944.578217592592,7,2.0,32,369.0,9.0,0,3,18,0
8972.118148148149,5,4.0,5,319.0,1.0,0,0,10,0
8944.47125,5,2.0,5,1404.0,2.0,0,1,9,0
8943.994282407408,14,2.0,39,915.0,5.0,0,22,56,13
6.892280092592593,3,3.0,4,417.0,3.0,0,2,1,0
8943.932152777777,6,2.0,5,129.0,1.0,0,2,13,0
8971.42829861111,5,5.0,5,128.0,2.0,0,0,10,0
8943.769085648148,10,3.0,13,320.0,2.0,1,14,14,16
69.9363425925926,2,2.0,2,380.0,2.0,0,0,1,0
8943.728298611111,7,6.0,19,552.0,5.0,0,2,19,0
8943.032881944444,4,2.0,3,803.0,1.0,0,0,6,0
8943.030162037037,8,2.0,14,458.0,3.0,0,1,27,0
8970.555023148148,6,5.0,7,75.0,3.0,0,2,13,0
0.3163310185185185,2,2.0,1,1402.0,4.0,0,0,1,0
0.9932986111111112,2,2.0,1,1400.0,6.0,0,0,1,0
26.37601851851852,1,2.0,0,1404.0,2.0,0,0,0,0
8970.449791666666,13,2.0,33,41.0,3.0,1,26,29,22
26.724375,3,2.0,3,460.0,1.0,0,1,2,0
159.1283449074074,19,2.0,57,1129.0,21.0,6,54,51,60
676.0837731481481,6,2.0,5,499.0,2.0,0,1,14,0
8941.9865625,8,2.0,9,207.0,2.0,0,3,18,7
684.0790162037038,10,2.0,19,992.0,8.0,0,5,40,0
129.13297453703703,5,6.0,7,1400.0,6.0,0,2,8,0
180.6402199074074,2,2.0,2,767.0,3.0,0,1,0,0
250.87775462962964,6,2.0,6,927.0,2.0,0,3,12,0
8941.900671296296,6,2.0,10,927.0,2.0,0,1,9,5
109.8880324074074,2,6.0,1,1399.0,7.0,0,0,1,0
109.8804050925926,1,5.0,0,1403.0,3.0,0,0,0,0
8941.76383101852,7,1.0,8,325.0,3.0,0,2,19,0
8941.760914351851,6,2.0,9,1041.0,3.0,0,0,15,0
7773.245428240741,2,2.0,1,545.0,2.0,0,0,0,1
8968.516122685185,6,2.0,6,254.0,1.0,0,0,15,0
8968.447777777777,9,2.0,14,326.0,2.0,0,13,23,0
5.768425925925926,3,2.0,3,741.0,1.0,0,0,3,0
8940.432916666667,4,2.0,12,458.0,3.0,0,0,3,3
8967.440023148149,3,2.0,2,,0.0,0,0,3,0
8939.65130787037,15,5.0,28,265.0,3.0,0,19,86,0
8939.170462962962,4,3.0,4,461.0,0.0,0,0,6,0
8938.999768518519,4,2.0,3,642.0,0.0,0,0,6,0
8938.947349537037,2,3.0,1,1404.0,2.0,0,0,1,0
680.7723032407407,8,2.0,10,639.0,3.0,0,0,28,0
8966.143356481482,6,2.0,5,641.0,1.0,0,2,13,0
8938.042581018519,6,2.0,7,801.0,3.0,0,1,14,0
8965.61304398148,5,2.0,6,86.0,2.0,0,3,7,0
8937.9990625,10,2.0,20,369.0,9.0,0,18,27,0
8937.960972222223,5,2.0,6,148.0,3.0,0,3,7,0
8965.4790625,14,2.0,31,534.0,13.0,0,28,63,0
8937.860428240741,3,2.0,2,460.0,1.0,0,0,3,0
8965.391377314814,8,2.0,9,12.0,1.0,0,11,17,0
114.01844907407408,4,6.0,5,1018.0,3.0,0,0,6,0
8937.643356481482,10,2.0,19,133.0,5.0,0,13,23,9
61.91603009259259,2,2.0,2,444.0,0.0,0,0,1,0
43.169016203703706,4,2.0,9,923.0,6.0,0,0,3,3
232.75523148148147,2,2.0,1,639.0,3.0,0,1,0,0
120.27373842592591,3,2.0,2,379.0,3.0,0,0,3,0
237.00635416666665,5,2.0,8,1835.0,4.0,0,3,3,4
8536.656956018518,9,2.0,17,10.0,3.0,0,15,21,0
47.99153935185185,3,2.0,4,14.0,2.0,0,0,3,0
8964.366354166666,7,2.0,7,149.0,2.0,0,2,19,0
186.9316087962963,4,2.0,5,373.0,9.0,0,0,6,0
186.9306712962963,3,2.0,2,378.0,4.0,0,0,3,0
8405.867361111112,10,2.0,13,108.0,3.0,10,5,5,25
8936.566666666668,5,2.0,8,8.0,0.0,0,3,7,0
8963.612569444444,4,2.0,5,802.0,2.0,0,1,5,0
8963.591203703703,4,2.0,3,801.0,3.0,0,0,6,0
8936.02482638889,6,2.0,6,109.0,2.0,0,4,11,0
8963.587071759259,7,4.0,22,636.0,6.0,0,3,18,0
8935.88974537037,2,2.0,1,0.0,2.0,0,0,0,1
8963.436273148149,7,2.0,7,128.0,2.0,0,0,21,0
8963.407766203703,4,2.0,3,804.0,2.0,0,1,5,0
677.8919560185185,10,6.0,10,501.0,0.0,0,10,35,0
8963.205034722223,36,5.0,83,1781.0,19.0,66,129,147,288
8962.873842592593,7,2.0,10,8.0,5.0,0,4,17,0
40.06206018518518,4,2.0,3,15.0,1.0,0,2,4,0
5966.309699074074,38,2.0,109,25.0,10.0,78,161,139,325
8962.572638888889,5,2.0,7,925.0,4.0,0,3,7,0
8962.568958333333,2,2.0,1,1404.0,2.0,0,0,1,0
17.887604166666666,2,2.0,3,498.0,3.0,0,0,1,0
8962.531307870371,19,2.0,23,70.0,1.0,1,51,85,34
860.4046180555556,9,6.0,16,304.0,6.0,0,11,17,8
8962.082395833333,12,5.0,27,459.0,2.0,0,20,35,11
8961.7934375,4,2.0,5,307.0,3.0,0,0,6,0
8961.747337962963,9,2.0,12,30.0,3.0,0,17,19,0
39.5994212962963,6,2.0,12,1144.0,6.0,0,1,14,0
8960.4096875,8,3.0,12,254.0,4.0,0,9,19,0
8959.486608796296,5,2.0,4,77.0,1.0,0,0,10,0
8959.419756944444,8,2.0,10,457.0,4.0,0,1,20,7
8959.35207175926,5,2.0,4,212.0,2.0,0,2,8,0
98.90667824074076,3,2.0,2,1403.0,3.0,0,0,3,0
8959.258657407407,4,2.0,4,319.0,1.0,0,0,6,0
8958.763854166667,20,2.0,38,1152.0,2.0,1,72,81,36
76.63763888888889,4,2.0,3,406.0,1.0,0,2,4,0
588.3044328703704,6,2.0,6,1400.0,6.0,0,9,6,0
8958.575150462962,4,3.0,5,23.0,2.0,0,1,5,0
8958.564733796296,7,6.0,13,385.0,6.0,0,0,21,0
19.98828703703704,5,4.0,10,322.0,6.0,1,1,2,6
22.025127314814814,4,4.0,12,320.0,8.0,0,0,6,0
8930.920497685185,19,2.0,64,2910.0,29.0,15,21,57,78
296.974849537037,6,5.0,8,65.0,4.0,0,4,11,0
341.68025462962964,12,4.0,35,286.0,4.0,1,14,31,20
8958.402928240741,6,2.0,8,740.0,2.0,0,1,14,0
8958.368969907408,3,2.0,10,125.0,5.0,0,1,2,0
8958.313333333334,7,2.0,10,25.0,0.0,0,1,20,0
1592.2230671296295,9,2.0,11,499.0,2.0,0,0,28,8
8957.455717592593,5,2.0,7,69.0,0.0,0,2,4,4
8957.445891203704,3,4.0,3,320.0,0.0,0,1,2,0
8957.398599537037,9,6.0,23,312.0,10.0,0,7,29,0
8957.261840277777,3,2.0,2,18.0,3.0,0,0,3,0
8454.603263888888,7,2.0,7,238.0,1.0,0,5,16,0
8956.83832175926,5,2.0,6,67.0,2.0,0,0,6,4
8956.80380787037,6,2.0,6,112.0,1.0,0,0,10,5
0.988738425925926,2,2.0,1,1405.0,1.0,0,0,1,0
969.5016319444444,3,2.0,2,147.0,1.0,0,2,1,0
8930.654467592592,4,2.0,3,219.0,1.0,0,0,6,0
8956.446782407407,5,2.0,8,765.0,5.0,0,0,6,4
8956.36162037037,3,2.0,3,254.0,1.0,0,0,3,0
8956.141354166666,5,2.0,4,928.0,1.0,0,0,10,0
11.186284722222222,6,6.0,8,236.0,3.0,0,0,15,0
229.2044675925925,4,2.0,3,928.0,1.0,0,1,5,0
8955.541967592593,7,2.0,7,209.0,5.0,0,6,9,6
4057.232291666666,9,2.0,26,1032.0,12.0,1,2,19,14
8955.429108796296,5,2.0,7,461.0,0.0,0,1,9,0
8955.359212962963,4,2.0,4,86.0,2.0,0,2,4,0
8955.31951388889,3,2.0,5,210.0,4.0,0,1,2,0
8955.233356481482,4,2.0,5,371.0,3.0,0,1,5,0
8954.64576388889,5,5.0,5,171.0,2.0,0,0,6,4
8954.551365740741,5,2.0,5,87.0,1.0,0,1,9,0
32.93521990740741,4,2.0,3,928.0,1.0,0,0,3,3
8954.210347222222,5,4.0,5,218.0,2.0,0,0,6,4
8953.922858796297,10,2.0,12,103.0,2.0,0,12,33,0
8520.710613425927,18,2.0,68,574.0,32.0,6,27,64,56
8953.250821759259,6,2.0,7,217.0,1.0,1,0,6,8
8953.21289351852,6,3.0,7,83.0,1.0,0,0,10,5
8953.031469907408,6,2.0,8,1252.0,3.0,0,4,11,0
631.8643287037037,20,4.0,33,649.0,3.0,28,18,48,96
8952.788993055556,6,5.0,8,83.0,1.0,0,7,8,0
8952.624733796296,5,2.0,5,90.0,2.0,0,1,9,0
15.837592592592593,3,2.0,2,257.0,1.0,0,0,3,0
8952.593113425926,5,4.0,9,1377.0,5.0,0,2,8,0
8952.590185185185,4,2.0,6,117.0,3.0,0,1,5,0
196.9850578703704,3,2.0,17,1839.0,0.0,0,2,1,0
7.863958333333334,6,6.0,16,216.0,2.0,0,0,15,0
30.93454861111111,4,2.0,6,925.0,4.0,0,3,3,0
8952.113773148149,8,4.0,14,634.0,8.0,0,6,22,0
8951.863506944444,3,2.0,4,7.0,1.0,0,1,2,0
30.29535879629629,7,2.0,10,1149.0,1.0,0,4,17,0
8951.617048611111,2,2.0,1,13.0,0.0,0,0,1,0
100.94907407407408,5,4.0,7,1146.0,4.0,0,0,6,4
3594.7757407407407,8,2.0,23,1175.0,13.0,3,6,4,15
8923.785925925926,6,2.0,5,91.0,1.0,0,8,7,0
8951.369004629629,5,4.0,4,239.0,0.0,0,2,8,0
8951.280613425926,4,2.0,3,804.0,2.0,0,0,6,0
8951.243900462963,8,2.0,23,802.0,4.0,0,3,25,0
8950.651018518518,5,6.0,10,765.0,5.0,0,3,7,0
8950.646400462963,8,5.0,10,104.0,1.0,0,9,19,0
8950.599201388888,3,2.0,3,1837.0,2.0,0,0,3,0
63.150671296296295,3,2.0,3,652.0,0.0,0,0,3,0
8950.523657407408,5,2.0,6,498.0,3.0,0,0,10,0
8950.51724537037,6,3.0,6,640.0,2.0,0,4,11,0
8950.459027777777,5,2.0,5,150.0,1.0,0,1,5,4
8950.410752314814,9,4.0,16,570.0,3.0,0,11,25,0
8950.380983796296,4,2.0,4,392.0,2.0,0,1,5,0
8950.364027777778,6,2.0,5,49.0,1.0,0,3,12,0
8950.275578703704,3,2.0,3,145.0,2.0,0,0,3,0
8950.216458333334,21,2.0,30,,0.0,21,38,53,98
8950.183125,7,2.0,7,119.0,1.0,0,4,17,0
223.78635416666663,7,2.0,11,1148.0,2.0,0,6,15,0
8950.100671296297,6,2.0,10,118.0,2.0,0,0,15,0
8950.084351851852,3,2.0,4,555.0,2.0,0,0,3,0
8950.096099537037,6,2.0,7,78.0,2.0,0,2,13,0
69.41994212962963,5,2.0,19,1394.0,12.0,0,1,5,4
8949.611273148148,5,2.0,5,98.0,1.0,0,3,7,0
8949.598738425926,6,2.0,12,367.0,7.0,0,1,9,5
8949.598402777778,7,4.0,13,7.0,7.0,0,4,17,0
8949.589872685185,4,2.0,3,3.0,1.0,3,0,0,3
8949.588043981481,3,2.0,2,13.0,1.0,0,2,1,0
8949.568379629629,4,1.0,4,459.0,2.0,0,0,6,0
8949.52048611111,8,4.0,8,112.0,1.0,0,8,20,0
8949.501909722223,5,2.0,6,1464.0,2.0,0,1,9,0
8949.480636574073,6,6.0,9,766.0,4.0,0,0,15,0
8949.480914351852,7,2.0,14,215.0,5.0,0,3,12,6
4.016203703703703,5,4.0,4,1149.0,1.0,0,0,10,0
8949.436145833333,7,2.0,7,927.0,2.0,0,0,21,0
3.825868055555556,5,2.0,6,1147.0,3.0,0,0,10,0
8949.339594907407,3,4.0,2,150.0,1.0,0,0,3,0
8949.321331018518,6,2.0,7,803.0,3.0,0,1,9,5
8949.313078703704,4,6.0,5,459.0,2.0,0,0,6,0
8948.6228125,11,6.0,16,1837.0,2.0,0,23,22,10
8948.540659722223,3,2.0,2,119.0,1.0,0,0,3,0
8948.522731481482,7,2.0,8,41.0,5.0,0,5,10,6
8948.461643518518,5,2.0,4,651.0,1.0,0,1,9,0
8948.414351851852,4,2.0,3,129.0,1.0,0,1,5,0
8948.384837962964,5,2.0,6,319.0,3.0,0,2,8,0
8947.319965277778,8,3.0,16,147.0,4.0,0,3,25,0
8947.318182870371,16,2.0,26,360.0,5.0,10,14,41,55
143.64916666666667,3,2.0,3,363.0,2.0,0,0,3,0
8947.207291666668,4,2.0,3,321.0,1.0,0,1,5,0
8947.131759259259,5,2.0,4,238.0,1.0,0,0,6,4
8946.65667824074,3,2.0,3,145.0,2.0,0,0,1,2
8946.229733796295,5,3.0,5,253.0,2.0,0,4,6,0
8945.62201388889,9,2.0,18,1041.0,3.0,0,12,24,0
281.30385416666667,6,2.0,5,319.0,9.0,0,5,5,5
8945.59287037037,4,2.0,4,372.0,2.0,0,0,6,0
8945.556620370371,4,2.0,4,149.0,2.0,0,0,6,0
339.1947337962963,4,5.0,4,367.0,3.0,0,1,5,0
239.96722222222223,8,2.0,9,79.0,1.0,0,9,19,0
3166.0290277777776,48,2.0,161,,0.0,435,88,65,540
8944.67107638889,29,2.0,127,188.0,0.0,6,123,177,100
8944.610428240741,4,4.0,5,114.0,6.0,0,0,6,0
8944.442488425926,8,2.0,14,289.0,1.0,0,3,25,0
8944.395324074074,6,2.0,7,555.0,2.0,0,2,13,0
8944.397013888889,3,2.0,3,800.0,4.0,0,0,3,0
8916.774502314815,3,6.0,3,1142.0,3.0,0,0,3,0
84.92969907407408,6,2.0,7,364.0,1.0,0,0,10,5
8944.252094907408,3,2.0,4,127.0,3.0,0,0,3,0
25.00896990740741,2,5.0,3,367.0,3.0,0,0,1,0
8944.072777777777,6,5.0,6,109.0,2.0,0,3,12,0
8943.760787037038,5,1.0,5,264.0,2.0,0,0,6,4
266.09517361111114,4,2.0,6,651.0,1.0,0,0,3,3
8943.523043981482,9,2.0,21,657.0,3.0,0,9,19,8
8943.524398148149,5,2.0,4,390.0,1.0,0,4,6,0
2416.811990740741,22,2.0,56,314.0,8.0,6,47,106,72
8943.344074074073,9,2.0,28,1362.0,20.0,0,12,24,0
8943.30736111111,6,5.0,8,404.0,3.0,0,1,14,0
8943.187546296296,4,2.0,5,253.0,2.0,0,2,4,0
8942.633206018518,4,2.0,3,475.0,1.0,0,0,6,0
8942.598090277777,4,2.0,3,56.0,1.0,0,0,6,0
8942.516944444444,5,2.0,5,117.0,3.0,0,0,10,0
8942.38400462963,5,2.0,8,638.0,4.0,0,2,8,0
266.0913194444444,3,2.0,6,1401.0,5.0,0,1,2,0
8941.812002314815,3,5.0,3,253.0,2.0,0,0,3,0
20.21637731481481,2,2.0,1,927.0,2.0,0,0,1,0
8941.585289351851,6,2.0,9,206.0,3.0,0,4,11,0
6.157118055555555,6,2.0,6,1148.0,2.0,0,2,13,0
8941.45630787037,7,2.0,9,41.0,2.0,0,3,18,0
8941.451030092592,4,2.0,3,150.0,1.0,0,0,6,0
8941.34861111111,4,2.0,4,474.0,2.0,0,0,6,0
8941.136597222223,5,2.0,5,237.0,2.0,0,0,10,0
8941.05170138889,4,2.0,3,147.0,1.0,0,0,6,0
8940.628171296295,41,2.0,90,319.0,1.0,153,163,90,414
8940.525300925927,6,2.0,7,461.0,0.0,0,3,12,0
8940.401030092593,4,2.0,3,220.0,0.0,0,1,5,0
6720.29880787037,13,2.0,50,730.0,12.0,0,27,39,12
8938.686400462962,4,2.0,3,1039.0,5.0,0,0,6,0
8938.54261574074,4,2.0,4,211.0,3.0,0,0,6,0
8938.477280092593,9,2.0,11,1404.0,2.0,0,10,26,0
650.9976736111112,7,4.0,8,639.0,3.0,0,1,20,0
254.0120949074074,3,2.0,2,319.0,1.0,0,2,1,0
160.29714120370372,2,5.0,1,573.0,0.0,0,0,1,0
41.08695601851852,3,5.0,4,652.0,0.0,0,1,0,2
98.04210648148148,6,4.0,6,218.0,2.0,0,2,13,0
8937.330127314815,5,2.0,5,149.0,2.0,0,0,10,0
8937.29232638889,14,2.0,39,327.0,1.0,0,23,68,0
8937.28863425926,4,2.0,3,1315.0,3.0,0,0,6,0
33.939872685185186,4,5.0,4,768.0,2.0,0,3,3,0
8936.621157407408,7,6.0,14,1142.0,3.0,0,6,15,0
470.2086689814815,11,6.0,13,54.0,2.0,0,33,22,0
8936.538993055556,4,2.0,5,43.0,3.0,0,1,5,0
8936.501168981482,9,4.0,10,461.0,0.0,0,4,32,0
8936.490960648149,6,2.0,6,90.0,2.0,0,0,15,0
56.03310185185185,4,4.0,5,368.0,2.0,0,0,6,0
8936.463472222222,9,2.0,10,219.0,1.0,0,9,19,8
146.1955324074074,3,2.0,4,362.0,3.0,0,0,3,0
8936.364502314815,5,6.0,4,319.0,1.0,0,2,8,0
8936.343125,6,6.0,6,641.0,1.0,0,0,15,0
8.928229166666666,5,6.0,9,1145.0,5.0,0,0,6,4
8935.808043981482,6,5.0,5,1149.0,1.0,0,0,10,5
8935.600729166666,24,2.0,123,577.0,17.0,3,66,144,63
8935.45488425926,5,2.0,6,117.0,3.0,0,0,10,0
8935.448171296297,5,2.0,13,1374.0,8.0,0,0,10,0
8934.82775462963,5,2.0,4,68.0,1.0,0,0,10,0
8934.824305555556,4,2.0,3,69.0,0.0,0,0,6,0
8934.738333333333,5,2.0,4,112.0,1.0,0,1,9,0
8934.630462962963,5,2.0,5,535.0,1.0,0,3,7,0
234.9722106481481,6,2.0,24,1832.0,7.0,0,1,9,5
8934.499247685186,15,2.0,28,2.0,6.0,6,3,52,44
1736.1788888888889,29,2.0,248,1750.0,50.0,136,48,18,204
646.8213541666667,9,2.0,14,1143.0,7.0,0,5,31,0
111.70568287037035,5,2.0,6,1147.0,3.0,0,1,9,0
8932.508206018518,6,2.0,6,451.0,1.0,0,6,9,0
8932.490671296297,15,2.0,25,489.0,1.0,3,11,55,36
8931.783414351852,6,2.0,17,794.0,10.0,0,6,9,0
8931.550173611111,4,2.0,4,1380.0,2.0,0,0,6,0
8931.483090277778,31,2.0,78,751.0,19.0,28,117,136,184
8931.464930555556,7,2.0,8,459.0,2.0,0,5,16,0
127.67299768518518,4,2.0,9,361.0,4.0,0,0,6,0
794.9438078703704,8,2.0,13,1834.0,5.0,0,5,16,7
8931.230150462963,9,2.0,11,326.0,2.0,0,9,27,0
8930.578564814814,8,2.0,23,308.0,14.0,0,5,23,0
8930.578159722223,5,2.0,8,115.0,5.0,0,0,10,0
8930.57386574074,7,4.0,9,318.0,4.0,0,0,15,6
8930.534143518518,4,2.0,9,217.0,7.0,0,0,6,0
8930.508703703703,12,5.0,27,228.0,11.0,0,14,52,0
8930.471643518518,4,2.0,3,739.0,3.0,0,0,6,0
8930.468148148148,13,2.0,37,786.0,18.0,0,20,46,12
8930.46224537037,3,4.0,2,46.0,0.0,0,1,2,0
8930.449756944445,5,2.0,6,319.0,1.0,0,0,10,0
8930.443599537037,3,2.0,3,222.0,2.0,0,0,3,0
8930.4434375,5,2.0,6,148.0,3.0,0,3,7,0
11.949826388888887,3,2.0,2,1838.0,1.0,0,0,3,0
8930.371215277777,5,2.0,4,801.0,3.0,0,0,10,0
8930.334733796297,4,2.0,4,1380.0,2.0,0,0,6,0
8930.259710648148,7,2.0,9,1402.0,4.0,0,0,21,0
8930.207743055556,10,5.0,24,637.0,5.0,0,7,38,0
8930.029907407408,4,2.0,3,546.0,1.0,0,0,6,0
8.319895833333334,5,2.0,5,1148.0,2.0,0,4,6,0
8929.626574074075,6,2.0,9,767.0,3.0,0,4,11,0
8929.45931712963,4,2.0,5,117.0,3.0,0,0,6,0
8929.429976851852,5,2.0,4,321.0,1.0,0,0,10,0
202.0800231481481,7,2.0,11,361.0,4.0,0,5,16,0
8929.381331018518,16,2.0,29,317.0,11.0,0,34,86,0
8929.360694444444,5,2.0,8,126.0,4.0,0,1,9,0
8929.156921296297,4,5.0,3,1404.0,2.0,0,0,6,0
8929.117349537037,8,2.0,13,316.0,6.0,0,2,26,0
8928.852592592593,11,3.0,15,328.0,0.0,0,18,27,10
8928.532523148147,7,6.0,12,364.0,6.0,0,0,21,0
8928.520208333333,5,2.0,4,1672.0,0.0,0,1,5,4
8928.390081018519,7,2.0,11,456.0,5.0,0,1,20,0
8928.386469907407,4,2.0,4,797.0,7.0,0,0,6,0
8928.353726851852,4,2.0,5,362.0,3.0,0,0,6,0
8929.229525462963,12,2.0,34,1017.0,4.0,0,21,34,11
8928.09056712963,3,4.0,2,1403.0,3.0,0,0,3,0
6.547083333333333,6,5.0,5,641.0,1.0,0,0,10,5
8927.668020833333,5,2.0,4,13.0,1.0,0,1,5,4
25.937800925925927,6,5.0,7,364.0,6.0,0,0,15,0
8927.537581018518,8,6.0,14,1398.0,8.0,0,3,25,0
8927.456041666666,4,2.0,3,202.0,2.0,0,0,6,0
8927.442592592593,4,2.0,3,91.0,1.0,0,0,6,0
8927.4034375,9,2.0,10,0.0,2.0,0,16,12,8
8927.383136574073,10,2.0,22,676.0,8.0,0,5,40,0
572.821875,3,2.0,5,925.0,4.0,0,0,3,0
8926.679340277778,13,2.0,21,1186.0,2.0,0,15,63,0
8926.636689814815,5,2.0,5,118.0,2.0,0,3,7,0
5.04255787037037,5,4.0,5,1148.0,2.0,0,0,6,4
8926.289537037037,3,2.0,2,88.0,0.0,0,0,1,2
8926.180162037037,7,3.0,6,79.0,1.0,0,6,15,0
8925.464699074075,6,2.0,6,128.0,2.0,0,2,13,0
8924.773599537037,3,4.0,3,253.0,2.0,0,0,3,0
8924.676574074074,4,5.0,3,365.0,5.0,0,0,6,0
8924.537418981481,8,2.0,16,736.0,6.0,0,1,27,0
8924.536030092593,11,2.0,17,1042.0,2.0,0,9,46,0
65.09142361111111,2,2.0,1,380.0,2.0,0,0,1,0
1053.2567824074074,9,2.0,13,652.0,0.0,0,6,22,8
8924.48425925926,6,2.0,6,326.0,2.0,0,6,9,0
8924.456805555556,3,4.0,2,1402.0,4.0,0,0,3,0
97.83767361111111,6,2.0,6,682.0,2.0,0,3,7,5
8924.45037037037,5,4.0,4,78.0,1.0,0,1,9,0
8924.44599537037,5,2.0,12,797.0,7.0,0,0,10,0
8924.435601851852,2,2.0,1,222.0,2.0,0,0,1,0
8924.429722222223,5,5.0,8,112.0,1.0,0,1,9,0
8924.432372685185,63,2.0,202,174.0,21.0,630,150,201,972
8924.418726851853,10,2.0,29,403.0,4.0,0,2,43,0
8924.403333333334,5,2.0,5,288.0,2.0,0,2,8,0
260.0581712962963,5,2.0,6,54.0,2.0,0,2,8,0
8924.308715277777,5,2.0,4,2937.0,2.0,0,6,4,0
101.50144675925924,7,2.0,8,1148.0,2.0,0,6,15,0
272.3055787037037,21,2.0,57,323.0,11.0,1,70,101,38
8923.64113425926,7,2.0,7,146.0,2.0,0,5,16,0
106.1060763888889,8,5.0,9,206.0,3.0,0,3,25,0
8923.37255787037,6,2.0,9,115.0,5.0,0,2,13,0
8923.359340277777,8,2.0,8,53.0,1.0,0,9,19,0
55.91908564814815,9,5.0,11,475.0,1.0,0,6,30,0
8923.299479166666,6,2.0,8,914.0,6.0,0,0,15,0
138.45321759259258,5,2.0,4,126.0,1.0,0,4,6,0
8923.204027777778,10,6.0,15,1401.0,5.0,0,11,25,9
8922.710277777778,5,2.0,6,67.0,2.0,0,0,10,0
83.97594907407408,5,2.0,9,1146.0,4.0,0,3,3,4
8922.462523148148,3,2.0,2,917.0,3.0,0,0,3,0
8922.43880787037,10,2.0,21,1137.0,13.0,0,8,37,0
539.0141666666667,10,2.0,13,765.0,5.0,0,2,34,9
8922.377430555556,5,2.0,6,801.0,3.0,0,0,10,0
8922.333101851851,2,2.0,1,220.0,2.0,0,0,1,0
8922.322662037037,6,2.0,5,1317.0,1.0,3,0,3,9
8922.16662037037,5,6.0,4,81.0,1.0,0,4,6,0
8921.556701388889,4,2.0,4,129.0,1.0,0,0,6,0
3393.871689814815,7,2.0,10,1462.0,4.0,0,9,12,0
8921.53611111111,11,2.0,26,547.0,10.0,0,11,44,0
8921.490613425925,6,4.0,7,639.0,3.0,0,0,15,0
8921.47568287037,5,1.0,6,391.0,3.0,0,0,10,0
643.7403356481482,17,4.0,31,1462.0,4.0,3,32,59,42
143.87456018518515,5,2.0,11,1399.0,7.0,0,4,6,0
7120.401354166666,9,2.0,16,83.0,5.0,0,16,12,8
4178.69125,14,2.0,29,667.0,6.0,0,35,43,13
8921.134745370371,10,2.0,18,532.0,4.0,1,12,16,16
8920.981400462962,5,2.0,5,80.0,2.0,0,2,4,4
75.1774537037037,11,6.0,17,1834.0,5.0,0,8,37,10
8920.422465277778,7,2.0,9,330.0,4.0,0,6,9,6
8920.410451388889,8,2.0,9,459.0,2.0,0,0,21,7
8920.380196759259,4,2.0,3,110.0,1.0,0,0,6,0
310.9104976851852,3,4.0,2,1143.0,7.0,0,0,3,0
8920.34175925926,54,2.0,126,556.0,1.0,153,402,228,648
9026.729016203704,35,3.0,66,0.0,5.0,153,69,67,306
8920.299074074073,7,2.0,17,150.0,1.0,0,4,17,0
8920.228379629629,6,5.0,5,50.0,0.0,0,0,10,5
8919.746828703705,5,2.0,5,363.0,2.0,0,1,9,0
8919.745243055555,6,2.0,5,535.0,1.0,0,0,10,5
8919.67701388889,8,2.0,17,107.0,4.0,0,1,20,7
236.9514583333333,13,5.0,54,260.0,8.0,0,16,50,12
8919.092488425926,5,1.0,4,49.0,1.0,0,5,5,0
8918.818333333333,4,4.0,7,77.0,5.0,0,0,3,3
8917.859398148148,7,2.0,9,82.0,2.0,0,6,15,0
8917.745659722223,2,2.0,1,165.0,5.0,0,0,1,0
8917.649155092593,5,2.0,4,220.0,0.0,0,0,6,4
8917.591331018519,6,2.0,8,91.0,1.0,0,2,13,0
185.8524884259259,10,6.0,10,683.0,1.0,0,12,33,0
8917.565694444444,12,4.0,19,236.0,3.0,1,8,37,20
8917.548564814815,6,3.0,6,212.0,2.0,0,2,13,0
200.1155208333333,8,2.0,13,3.0,3.0,3,2,8,15
8917.459525462962,6,2.0,14,78.0,1.0,0,9,6,0
629.8947106481481,8,2.0,7,683.0,1.0,0,4,24,0
8917.272013888889,6,4.0,23,794.0,10.0,0,6,9,0
8916.713101851852,5,2.0,4,68.0,1.0,0,0,10,0
8916.521875,3,2.0,2,373.0,1.0,0,0,3,0
8916.454108796297,3,5.0,2,10.0,1.0,0,0,1,2
8916.4440625,9,2.0,15,738.0,4.0,0,3,33,0
8916.356458333334,5,2.0,4,150.0,1.0,0,1,9,0
8916.310289351852,5,2.0,6,304.0,6.0,0,1,5,4
8916.285763888889,6,4.0,8,44.0,4.0,0,3,12,0
8915.581435185186,7,2.0,18,321.0,1.0,0,5,16,0
8915.500208333333,6,6.0,12,796.0,8.0,0,3,12,0
8915.452546296296,4,2.0,3,126.0,4.0,0,0,6,0
8915.414270833333,7,5.0,9,130.0,0.0,0,2,19,0
8915.412199074073,19,5.0,44,81.0,3.0,0,32,121,18
8915.332094907408,4,2.0,4,373.0,1.0,0,0,6,0
8915.330023148148,4,2.0,3,372.0,2.0,0,0,6,0
8915.280752314815,10,5.0,19,106.0,7.0,0,15,30,0
8915.164652777778,8,5.0,14,550.0,7.0,0,5,23,0
92.51354166666668,4,2.0,10,364.0,1.0,0,0,3,3
8914.951967592593,7,1.0,16,498.0,3.0,0,6,9,6
302.50631944444444,3,2.0,3,238.0,1.0,0,1,2,0
608.2065277777778,7,2.0,11,361.0,4.0,0,9,12,0
89.16666666666667,4,6.0,3,1838.0,1.0,0,0,3,3
8914.478148148148,26,4.0,75,185.0,13.0,10,74,136,105
8914.472662037037,11,2.0,13,2282.0,2.0,0,27,18,10
8914.342106481481,4,2.0,4,1145.0,0.0,0,0,6,0
8914.262777777778,5,3.0,5,381.0,1.0,0,0,6,4
8914.06070601852,3,5.0,2,1317.0,1.0,0,0,3,0
53.78917824074074,4,5.0,3,1404.0,2.0,0,0,6,0
410.608275462963,18,2.0,41,907.0,14.0,0,62,91,0
110.2638425925926,6,2.0,5,110.0,1.0,0,3,7,5
8913.59037037037,4,2.0,4,371.0,3.0,0,0,6,0
8913.466342592592,8,2.0,20,297.0,13.0,0,10,18,0
969.531875,17,2.0,49,916.0,5.0,0,38,82,16
8912.63357638889,4,2.0,3,7.0,9.0,0,3,3,0
8912.401493055555,8,2.0,12,78.0,4.0,0,9,12,7
8911.58662037037,5,2.0,4,104.0,1.0,0,2,8,0
8.226770833333333,6,2.0,6,651.0,1.0,0,6,9,0
8911.502465277777,6,2.0,7,650.0,2.0,0,1,14,0
8911.443541666667,11,2.0,17,920.0,1.0,0,17,28,10
8910.559976851851,14,2.0,24,123.0,0.0,0,25,53,13
8910.55923611111,11,2.0,24,143.0,8.0,0,5,50,0
147.03503472222224,6,4.0,13,992.0,8.0,0,8,7,0
8910.555335648149,17,2.0,32,325.0,3.0,0,49,87,0
8910.519189814815,3,2.0,6,738.0,4.0,0,0,3,0
8910.382592592592,4,2.0,4,740.0,2.0,0,0,6,0
8910.308576388888,9,2.0,21,1399.0,7.0,0,4,32,0
8910.213356481481,6,2.0,8,47.0,1.0,0,1,14,0
8909.619965277778,6,2.0,6,253.0,2.0,0,2,8,5
8909.572013888888,10,2.0,25,50.0,0.0,0,12,33,0
8909.554270833334,5,5.0,7,69.0,0.0,0,3,7,0
8909.534305555555,5,2.0,7,391.0,3.0,0,5,5,0
8909.483344907407,10,2.0,33,902.0,18.0,0,0,45,0
8909.484050925927,6,5.0,10,554.0,3.0,0,0,15,0
6053.746342592593,19,2.0,54,,0.0,36,22,23,90
41.86671296296296,4,2.0,3,1405.0,1.0,0,0,6,0
9.784131944444445,6,2.0,7,1148.0,2.0,0,0,15,0
62.71332175925926,9,5.0,12,216.0,2.0,0,8,28,0
5161.768969907407,3,2.0,3,253.0,2.0,0,1,2,0
8909.240208333333,6,2.0,6,414.0,2.0,0,0,15,0
8909.219074074073,4,2.0,3,87.0,1.0,0,0,6,0
840.1641666666667,11,2.0,17,208.0,1.0,0,24,31,0
840.1483217592593,6,2.0,12,799.0,7.0,0,1,14,0
2233.4413310185187,41,3.0,135,2883.0,56.0,55,243,192,330
8908.58287037037,10,2.0,11,545.0,2.0,0,11,34,0
8908.54423611111,8,4.0,10,88.0,0.0,0,8,13,7
621.0865046296296,9,2.0,11,649.0,3.0,0,5,31,0
80.6348611111111,8,5.0,9,216.0,2.0,0,5,16,7
8904.859212962963,12,6.0,21,81.0,3.0,0,9,46,11
8904.745,19,2.0,47,213.0,5.0,1,34,102,34
438.22795138888887,4,4.0,5,458.0,3.0,0,4,2,0
407.1184837962963,3,2.0,3,372.0,2.0,0,2,1,0
398.3871990740741,10,2.0,14,206.0,3.0,0,10,26,9
157.60600694444443,25,5.0,78,414.0,6.0,10,110,80,100
595.1320717592592,15,2.0,32,761.0,9.0,0,20,85,0
20.99774305555556,4,4.0,5,1839.0,0.0,1,0,1,4
8903.627349537037,4,2.0,3,321.0,1.0,0,1,5,0
17.194861111111113,7,6.0,13,251.0,4.0,0,5,16,0
8903.550381944444,4,2.0,6,252.0,3.0,0,1,5,0
8903.4528125,5,2.0,5,640.0,2.0,0,0,10,0
8903.408275462964,5,2.0,6,69.0,0.0,0,3,7,0
8903.4059375,5,2.0,4,91.0,1.0,0,1,9,0
8903.385104166666,9,2.0,13,321.0,1.0,0,4,24,8
8903.24644675926,8,2.0,18,299.0,3.0,0,14,7,7
330.8017476851852,14,2.0,35,678.0,6.0,0,24,67,0
9578.756921296295,42,3.0,54,17.0,1.0,210,79,131,441
42.62740740740741,3,2.0,2,1405.0,1.0,0,0,1,2
8903.05519675926,6,2.0,5,208.0,1.0,0,5,10,0
35.50895833333333,4,6.0,3,373.0,1.0,0,3,3,0
52.58087962962963,11,4.0,58,1116.0,34.0,0,18,37,0
8902.570543981481,5,2.0,5,1043.0,1.0,0,0,10,0
8902.490358796296,6,2.0,8,236.0,3.0,0,0,15,0
76.88552083333333,6,5.0,7,649.0,3.0,0,4,11,0
138.82993055555556,3,4.0,5,996.0,4.0,0,2,1,0
8902.076527777777,4,2.0,5,739.0,3.0,0,0,6,0
8901.764212962962,7,5.0,8,1147.0,3.0,0,0,15,6
219.1715162037037,5,2.0,7,1146.0,4.0,0,0,6,4
8901.728310185184,4,3.0,4,87.0,1.0,0,0,3,3
8901.697650462964,4,2.0,5,118.0,2.0,0,0,3,3
5.039722222222222,5,6.0,4,419.0,1.0,0,0,10,0
6745.527928240741,5,2.0,7,800.0,4.0,0,0,10,0
8901.45917824074,4,2.0,4,128.0,2.0,0,1,5,0
8901.41650462963,6,4.0,8,364.0,6.0,0,1,14,0
8901.362164351853,8,2.0,17,475.0,1.0,0,2,26,0
8900.630891203704,5,4.0,4,367.0,3.0,0,0,10,0
294.0143865740741,4,2.0,3,1149.0,1.0,0,0,3,3
8077.814224537037,134,4.0,310,,0.0,4095,599,304,3913
8900.395729166667,8,2.0,28,1035.0,9.0,0,7,21,0
8900.344965277778,7,2.0,9,118.0,2.0,0,0,21,0
8900.330960648149,4,2.0,4,1143.0,2.0,0,0,6,0
8900.247847222223,4,2.0,3,651.0,1.0,0,0,6,0
8900.126898148148,6,2.0,7,1837.0,2.0,0,2,13,0
8900.381111111112,6,2.0,12,209.0,5.0,0,1,14,0
8899.607997685185,6,2.0,8,278.0,0.0,0,5,10,0
180.8675,4,2.0,5,926.0,3.0,0,0,6,0
8899.457974537037,6,3.0,12,68.0,6.0,0,6,9,0
8899.389583333334,3,2.0,3,23.0,2.0,0,0,3,0
2.667962962962963,3,5.0,3,1400.0,6.0,0,0,3,0
8898.612037037037,5,2.0,4,1405.0,1.0,0,1,9,0
8898.605532407408,8,5.0,18,215.0,3.0,0,2,19,7
8898.49226851852,6,2.0,6,390.0,1.0,0,1,14,0
8898.459918981482,7,2.0,7,218.0,2.0,0,0,21,0
8870.366018518518,7,2.0,7,128.0,2.0,0,5,16,0
8897.906006944444,4,2.0,10,81.0,7.0,0,0,6,0
8897.613391203704,5,2.0,4,87.0,1.0,0,0,10,0
6741.598020833333,16,5.0,29,264.0,4.0,1,35,56,28
8897.474513888888,3,6.0,2,1404.0,2.0,0,0,3,0
8896.609594907408,3,4.0,3,55.0,2.0,0,0,3,0
8896.60886574074,12,2.0,24,556.0,1.0,0,14,52,0
8896.608587962963,4,2.0,4,,0.0,0,0,3,3
8896.578217592592,9,2.0,15,318.0,2.0,0,16,20,0
8896.28087962963,5,2.0,11,455.0,6.0,0,2,8,0
8896.091655092592,8,5.0,14,317.0,5.0,0,6,22,0
8896.087685185184,4,2.0,3,84.0,0.0,0,2,4,0
8896.074965277778,7,5.0,18,1396.0,10.0,0,2,19,0
8896.605300925927,7,4.0,9,76.0,2.0,0,3,18,0
8895.984085648148,5,2.0,4,278.0,0.0,1,0,3,6
8895.626527777778,3,2.0,3,320.0,2.0,0,0,3,0
36.11868055555556,3,2.0,2,1405.0,1.0,0,0,3,0
8895.466666666667,4,2.0,5,1042.0,2.0,0,0,6,0
0.0362962962962963,3,2.0,2,254.0,1.0,0,0,3,0
8895.328101851852,13,2.0,26,57.0,2.0,0,19,59,0
8895.306203703703,5,2.0,19,240.0,15.0,0,5,5,0
13.17324074074074,2,2.0,1,56.0,0.0,0,0,1,0
8895.2315625,2,6.0,1,94.0,3.0,0,0,1,0
8895.220949074073,9,2.0,16,1035.0,9.0,0,13,23,0
8867.574120370371,4,2.0,3,555.0,2.0,0,1,5,0
8895.075787037036,5,2.0,5,545.0,2.0,0,1,9,0
131.0421875,2,2.0,1,995.0,5.0,0,0,1,0
8992.971215277777,2,2.0,2,92.0,0.0,0,0,1,0
8894.378402777778,8,2.0,9,128.0,2.0,0,0,21,7
606.9526388888889,7,2.0,7,650.0,2.0,0,3,18,0
8894.342002314816,8,2.0,14,735.0,7.0,0,3,25,0
8894.283298611112,9,2.0,16,290.0,0.0,0,13,23,0
8894.275405092592,5,2.0,5,682.0,2.0,0,0,10,0
173.52047453703705,5,2.0,8,1146.0,4.0,0,0,10,0
4.879583333333334,4,4.0,6,641.0,1.0,0,0,3,3
8893.564733796296,10,4.0,12,54.0,2.0,0,6,39,0
8893.547233796296,4,4.0,3,15.0,1.0,0,2,1,3
8893.538148148149,4,2.0,3,15.0,1.0,0,0,6,0
8893.535300925925,38,4.0,91,137.0,1.0,45,183,195,280
8893.529479166667,5,2.0,6,535.0,1.0,0,0,10,0
8893.45212962963,9,2.0,16,367.0,7.0,1,4,17,14
8893.356493055555,4,2.0,3,148.0,3.0,0,0,6,0
3474.902175925926,38,2.0,141,1155.0,53.0,91,116,160,336
8893.272488425926,5,2.0,5,9.0,12.0,1,0,3,6
8893.230717592593,5,4.0,5,459.0,2.0,0,3,7,0
899.4037384259259,12,2.0,14,650.0,2.0,0,28,27,11
8892.57888888889,8,2.0,7,150.0,1.0,0,9,19,0
8892.548148148147,10,5.0,11,388.0,3.0,1,2,26,16
8892.399710648147,4,5.0,5,252.0,3.0,0,2,4,0
6.007974537037037,10,6.0,12,403.0,4.0,0,10,35,0
8892.272546296297,3,2.0,4,127.0,3.0,0,0,3,0
67.21222222222222,3,2.0,3,1670.0,2.0,0,2,1,0
192.32434027777776,7,2.0,6,652.0,0.0,0,7,8,6
38.2034375,11,4.0,14,651.0,1.0,0,25,30,0
8896.978402777779,2,2.0,1,328.0,6.0,0,0,1,0
47.45783564814815,6,2.0,6,104.0,1.0,0,2,8,5
8890.530706018519,6,4.0,9,804.0,2.0,0,0,10,5
41.70934027777778,2,2.0,2,239.0,0.0,0,0,1,0
288.09825231481483,7,3.0,10,366.0,4.0,0,8,13,0
8890.309409722222,7,2.0,14,545.0,2.0,0,4,17,0
8890.197083333333,6,3.0,14,40.0,4.0,0,2,13,0
211.46884259259247,6,5.0,12,84.0,0.0,0,0,15,0
8889.633912037038,8,2.0,10,572.0,1.0,0,4,24,0
8889.523738425925,10,5.0,13,802.0,4.0,0,19,17,9
8889.459641203704,8,2.0,18,568.0,5.0,0,0,28,0
8889.457326388889,5,2.0,4,268.0,0.0,0,0,10,0
8889.439652777777,4,5.0,6,1013.0,8.0,0,3,3,0
8889.426921296295,3,2.0,2,20.0,1.0,0,0,1,2
8889.403148148149,5,6.0,4,1138.0,7.0,0,3,7,0
8889.386215277778,10,2.0,10,319.0,1.0,0,4,32,9
8889.358148148149,5,4.0,8,142.0,5.0,0,3,7,0
8889.349722222221,5,2.0,5,118.0,2.0,0,3,7,0
8889.3384375,10,2.0,9,683.0,1.0,0,15,30,0
211.83702546296297,3,5.0,3,650.0,2.0,0,0,3,0
27.83430555555556,2,2.0,1,377.0,5.0,0,0,1,0
8889.232939814814,6,2.0,8,23.0,2.0,0,0,15,0
8889.01167824074,9,3.0,25,132.0,6.0,0,10,18,8
8888.674016203704,3,2.0,2,78.0,1.0,0,1,2,0
8888.636388888888,7,2.0,7,571.0,2.0,0,2,19,0
8888.592013888889,4,2.0,4,129.0,1.0,0,1,5,0
8888.545590277778,4,4.0,9,123.0,7.0,0,0,6,0
8888.52207175926,8,6.0,10,802.0,4.0,0,5,23,0
422.1185185185185,8,2.0,8,555.0,2.0,0,7,21,0
950.1525810185184,6,5.0,10,1153.0,1.0,0,8,7,0
8888.422210648148,7,2.0,15,82.0,2.0,0,0,21,0
8888.40820601852,48,4.0,96,182.0,6.0,55,324,342,407
84.50578703703704,2,2.0,1,147.0,1.0,0,0,1,0
84.50623842592593,2,2.0,1,147.0,1.0,0,0,1,0
8888.382395833334,5,4.0,4,88.0,0.0,0,0,10,0
8888.363784722222,8,4.0,10,109.0,4.0,0,4,17,7
8888.35886574074,6,2.0,5,1671.0,1.0,0,5,5,5
7981.535902777778,67,2.0,159,,0.0,300,665,196,1050
8888.290717592592,4,2.0,3,1402.0,4.0,0,0,6,0
390.566724537037,3,2.0,2,168.0,2.0,0,1,2,0
8887.593460648148,4,2.0,4,1380.0,2.0,0,1,5,0
8887.572569444445,5,2.0,5,459.0,2.0,0,0,10,0
8887.41517361111,6,4.0,10,48.0,2.0,0,0,15,0
8887.396261574075,3,2.0,5,318.0,4.0,0,0,3,0
8887.367835648149,10,4.0,15,681.0,3.0,0,5,40,0
8887.21875,9,2.0,14,568.0,5.0,0,2,34,0
8887.217627314814,4,3.0,4,111.0,2.0,0,0,6,0
4.819282407407408,13,2.0,35,571.0,2.0,0,17,61,0
8887.1640625,3,2.0,3,50.0,0.0,0,0,3,0
8887.12457175926,3,2.0,4,85.0,3.0,0,0,1,2
8886.781643518518,6,3.0,8,216.0,2.0,0,0,10,5
8886.756331018518,7,2.0,8,24.0,0.0,0,3,18,0
2098.789710648148,5,2.0,14,1832.0,7.0,0,0,6,4
8886.449502314816,5,2.0,5,116.0,4.0,0,0,10,0
598.9589467592592,12,2.0,17,21.0,4.0,0,23,32,11
8886.312175925927,7,5.0,25,1139.0,6.0,0,4,11,6
8886.017337962963,22,2.0,79,292.0,15.0,1,51,139,40
154.24121527777777,4,4.0,4,652.0,0.0,0,0,6,0
301.03814814814814,4,2.0,5,254.0,1.0,0,0,6,0
8885.55119212963,5,2.0,4,1317.0,1.0,0,1,9,0
8885.515798611112,3,2.0,2,915.0,5.0,0,0,3,0
62.9290162037037,2,2.0,1,924.0,5.0,0,0,1,0
8885.389421296297,5,2.0,4,741.0,1.0,0,0,10,0
8885.146793981481,8,4.0,14,39.0,5.0,0,10,18,0
279.6387962962963,7,2.0,7,459.0,2.0,0,4,11,6
8884.230277777779,4,4.0,4,392.0,2.0,0,0,6,0
23.73770833333333,2,2.0,1,380.0,2.0,0,0,1,0
945.0481018518518,8,2.0,11,1153.0,1.0,0,20,8,0
8883.040115740741,22,2.0,49,430.0,26.0,1,69,121,40
7933.932280092593,70,5.0,287,523.0,24.0,465,381,360,1209
344.2076388888889,20,2.0,25,917.0,4.0,1,72,81,36
8882.77076388889,4,2.0,4,88.0,0.0,0,4,2,0
8882.61462962963,5,5.0,4,14.0,0.0,0,3,7,0
8882.486423611112,4,2.0,3,149.0,2.0,0,0,6,0
5806.941712962963,6,4.0,7,681.0,3.0,0,3,12,0
8882.415,7,2.0,7,326.0,2.0,0,1,20,0
8350.029814814814,5,2.0,6,128.0,2.0,0,2,4,4
8882.27929398148,6,5.0,6,571.0,2.0,0,4,11,0
8882.162523148148,6,2.0,12,363.0,2.0,0,6,9,0
8881.60087962963,3,2.0,4,221.0,3.0,0,0,3,0
8881.489479166667,9,5.0,11,682.0,2.0,0,0,36,0
8881.476747685185,4,2.0,4,1670.0,2.0,0,2,4,0
8881.472349537036,4,4.0,3,1402.0,4.0,0,0,6,0
8881.462523148148,4,6.0,4,308.0,2.0,0,0,6,0
8881.460752314815,9,2.0,26,0.0,9.0,1,16,5,14
162.09528935185185,7,2.0,8,1404.0,2.0,0,3,12,6
8881.4071875,5,2.0,5,803.0,3.0,0,0,10,0
8881.308599537037,17,2.0,21,98.0,1.0,0,39,81,16
805.3477314814814,4,2.0,3,1838.0,1.0,0,0,3,3
61.39350694444445,9,5.0,8,319.0,1.0,0,4,24,8
278.2540509259259,5,3.0,6,768.0,2.0,0,1,5,4
8880.588159722221,6,4.0,12,798.0,6.0,0,4,6,5
8880.441226851852,11,5.0,14,651.0,1.0,0,13,42,0
8880.276041666666,7,5.0,15,758.0,12.0,0,0,21,0
8880.226435185185,9,2.0,18,112.0,8.0,0,3,33,0
4594.542141203704,14,2.0,34,764.0,6.0,3,16,39,33
8880.124293981482,5,4.0,4,391.0,0.0,0,0,6,4
148.28552083333332,4,2.0,3,651.0,1.0,0,3,3,0
1375.100219907407,46,2.0,92,412.0,4.0,105,175,290,465
8879.739722222223,7,4.0,7,218.0,2.0,0,0,15,6
8879.725752314815,6,2.0,14,416.0,4.0,0,4,11,0
596.1253240740741,10,2.0,12,650.0,2.0,0,12,33,0
8879.602349537037,6,6.0,9,82.0,0.0,1,1,5,8
8879.52798611111,6,5.0,7,217.0,1.0,0,3,12,0
53.95211805555556,2,2.0,1,1836.0,3.0,0,0,1,0
8878.676898148147,5,2.0,6,117.0,3.0,0,0,10,0
1154.3280671296295,18,2.0,39,382.0,9.0,0,63,73,17
7577.272581018518,96,2.0,282,280.0,3.0,1128,706,422,2304
8876.165486111111,5,2.0,11,237.0,2.0,0,0,10,0
8875.805,11,3.0,13,369.0,1.0,0,8,37,10
8875.691354166667,14,2.0,34,371.0,7.0,1,13,53,24
8875.67394675926,4,2.0,7,544.0,3.0,0,2,4,0
8874.536655092592,12,5.0,20,69.0,5.0,0,34,32,0
142.51467592592593,6,2.0,9,650.0,2.0,0,3,7,5
8873.66398148148,3,2.0,2,96.0,1.0,0,0,1,2
376.3781134259259,3,2.0,2,1405.0,1.0,0,0,3,0
8873.633877314815,7,2.0,10,217.0,2.0,0,5,16,0
8872.9996875,10,2.0,10,651.0,1.0,0,7,29,9
8872.646423611111,10,1.0,16,209.0,0.0,0,6,39,0
140.81604166666668,4,3.0,5,682.0,2.0,0,3,3,0
8872.450810185184,11,2.0,22,247.0,8.0,0,9,36,10
8872.118935185184,7,2.0,7,103.0,2.0,0,0,15,6
7422.775,9,4.0,14,,0.0,1,4,17,14
8870.05269675926,15,2.0,21,973.0,3.0,0,25,66,14
8869.562974537037,14,2.0,31,799.0,5.0,0,17,74,0
436.4222222222222,4,2.0,6,1668.0,4.0,0,2,1,3
8868.547511574074,4,2.0,4,802.0,2.0,0,1,5,0
8868.467280092593,4,2.0,4,1143.0,2.0,0,0,6,0
196.9979050925926,9,4.0,18,1834.0,5.0,3,4,11,18
8868.423310185186,8,2.0,8,109.0,2.0,0,3,25,0
8868.198125,14,2.0,50,1123.0,27.0,0,16,75,0
185.13347222222225,5,2.0,14,1141.0,9.0,0,3,3,4
8867.680092592593,5,2.0,6,130.0,0.0,0,2,8,0
8867.505555555555,4,2.0,4,571.0,2.0,0,0,6,0
8867.336909722222,5,2.0,5,572.0,1.0,0,0,10,0
8867.061435185185,5,2.0,5,333.0,1.0,0,0,10,0
8866.869537037037,4,2.0,13,216.0,8.0,0,2,4,0
8866.624039351851,3,2.0,3,128.0,2.0,0,0,3,0
8866.529386574073,5,6.0,5,406.0,1.0,0,3,7,0
8866.494421296296,5,4.0,4,83.0,1.0,0,0,10,0
370.0100810185185,6,6.0,5,315.0,13.0,0,4,6,5
8866.480763888889,4,4.0,4,315.0,2.0,0,0,3,3
8866.352546296297,13,2.0,25,2391.0,1.0,1,19,36,22
8866.333356481482,8,4.0,10,740.0,2.0,0,4,24,0
81.48299768518518,5,5.0,7,652.0,0.0,0,2,4,4
8866.212488425926,7,2.0,8,487.0,3.0,0,4,17,0
8866.000358796296,4,2.0,4,392.0,2.0,0,1,5,0
8865.662650462962,3,2.0,2,90.0,7.0,0,0,3,0
8865.6328125,8,2.0,9,91.0,1.0,0,2,26,0
8865.541226851852,9,2.0,13,43.0,1.0,0,17,19,0
1116.9849189814815,18,2.0,69,1051.0,15.0,6,59,32,56
8865.42800925926,6,4.0,8,104.0,1.0,0,1,14,0
8865.385590277778,5,5.0,10,1140.0,5.0,0,0,10,0
8865.297881944445,6,2.0,8,1037.0,7.0,0,2,13,0
8865.285347222221,2,2.0,1,218.0,4.0,0,0,1,0
8865.113981481481,3,2.0,4,801.0,3.0,0,0,3,0
8865.068495370371,7,4.0,12,90.0,7.0,0,7,14,0
8865.062152777778,4,2.0,5,21.0,2.0,0,2,4,0
8864.757569444444,5,3.0,7,767.0,3.0,0,0,6,4
62.272777777777776,17,2.0,33,763.0,7.0,1,35,70,30
8864.67832175926,6,1.0,6,212.0,2.0,0,0,10,5
8864.582916666666,5,2.0,4,172.0,1.0,0,2,8,0
8864.580613425926,4,2.0,5,555.0,2.0,0,2,4,0
69.33092592592592,4,2.0,7,1401.0,5.0,0,3,3,0
5116.975949074074,3,2.0,2,369.0,5.0,0,1,2,0
8864.566273148148,6,2.0,9,47.0,3.0,0,0,15,0
579.0356944444444,9,2.0,10,649.0,3.0,0,7,21,8
8864.496643518518,4,2.0,3,10.0,1.0,0,1,2,3
259.0124537037037,3,2.0,2,1141.0,9.0,0,1,2,0
8864.407627314815,7,4.0,9,460.0,1.0,0,0,21,0
8193.550011574074,66,2.0,138,0.0,13.0,465,352,243,1085
8864.343402777778,6,2.0,6,82.0,2.0,0,1,14,0
8864.33681712963,6,2.0,5,89.0,4.0,0,3,12,0
8864.324097222223,5,2.0,6,918.0,2.0,0,1,9,0
8864.30880787037,7,2.0,13,551.0,6.0,0,3,18,0
8863.337685185184,10,5.0,18,569.0,4.0,0,2,43,0
8863.249293981482,7,2.0,6,119.0,1.0,0,12,9,0
5246.015439814815,70,2.0,173,46.0,7.0,105,845,640,825
8862.19693287037,4,2.0,4,571.0,2.0,0,0,3,3
8862.069016203704,5,2.0,5,128.0,2.0,0,0,10,0
8862.063344907407,6,5.0,6,1317.0,1.0,0,2,8,5
8865.536180555555,3,2.0,2,413.0,3.0,0,0,3,0
8861.56224537037,11,2.0,26,211.0,13.0,0,23,32,0
171.11927083333333,7,2.0,9,103.0,7.0,0,12,9,0
8861.512789351851,8,5.0,11,109.0,2.0,0,3,25,0
8861.492395833333,7,2.0,24,97.0,14.0,0,4,17,0
189.0353703703704,7,2.0,15,1140.0,10.0,0,8,13,0
8861.453055555556,10,2.0,17,571.0,2.0,0,5,40,0
8861.28798611111,11,2.0,20,49.0,1.0,0,16,39,0
8861.08482638889,3,2.0,3,128.0,2.0,0,0,3,0
8860.953032407408,5,5.0,4,14.0,0.0,0,2,8,0
8860.533101851852,3,2.0,3,90.0,2.0,0,0,3,0
8860.520844907407,7,2.0,7,372.0,2.0,0,1,20,0
177.1360300925926,9,2.0,31,1835.0,4.0,0,10,18,8
8860.442488425926,88,2.0,213,1774.0,26.0,1081,650,170,1927
1.0526157407407408,2,2.0,1,381.0,1.0,0,0,1,0
8860.355185185184,3,2.0,3,217.0,5.0,0,0,3,0
8860.341331018519,4,6.0,5,639.0,3.0,0,0,6,0
8860.132372685186,7,2.0,12,736.0,6.0,0,0,15,6
8859.754930555555,5,2.0,5,67.0,2.0,0,0,10,0
8859.73994212963,7,2.0,6,104.0,1.0,0,12,9,0
8859.579652777778,3,2.0,2,117.0,3.0,0,0,3,0
8859.264293981481,4,5.0,5,85.0,3.0,0,0,6,0
8859.15326388889,9,2.0,16,206.0,3.0,0,7,29,0
8859.007974537037,4,2.0,3,129.0,1.0,0,0,6,0
8858.582719907406,9,2.0,12,1838.0,1.0,0,2,34,0
8858.414305555556,5,2.0,4,327.0,1.0,0,0,10,0
8858.404583333333,4,2.0,3,150.0,1.0,0,0,6,0
8858.390439814815,5,2.0,7,555.0,2.0,0,0,10,0
8858.36181712963,5,2.0,6,1379.0,3.0,0,2,8,0
8858.36244212963,6,2.0,8,119.0,1.0,0,3,12,0
8858.355902777777,5,4.0,7,1388.0,18.0,0,0,10,0
276.97226851851855,3,2.0,6,1669.0,3.0,0,0,3,0
8858.355208333332,4,2.0,5,1671.0,1.0,0,0,6,0
8858.344872685186,3,2.0,3,,0.0,0,0,3,0
8857.743414351851,3,2.0,5,16.0,5.0,0,0,3,0
8857.62744212963,8,6.0,10,217.0,2.0,0,3,25,0
8857.586041666667,3,4.0,2,1145.0,0.0,0,0,3,0
8857.565300925926,14,5.0,50,1139.0,6.0,0,24,67,0
8857.546585648148,3,2.0,2,782.0,3.0,0,0,3,0
8857.48318287037,5,2.0,5,81.0,1.0,0,3,7,0
8857.447222222223,3,4.0,7,51.0,6.0,0,0,3,0
8857.381608796297,6,2.0,5,217.0,1.0,0,0,10,5
8857.318206018519,5,2.0,5,130.0,0.0,0,4,6,0
8857.246886574074,7,2.0,12,533.0,3.0,0,2,19,0
8857.225358796297,4,2.0,3,238.0,1.0,0,2,4,0
8857.18574074074,6,2.0,7,498.0,3.0,0,0,15,0
8856.719097222222,8,5.0,17,108.0,3.0,0,2,26,0
8856.456134259259,4,5.0,4,322.0,0.0,0,1,5,0
8856.233854166667,5,2.0,5,,0.0,0,1,9,0
8855.79712962963,5,2.0,5,256.0,2.0,0,2,8,0
8855.73142361111,9,4.0,14,327.0,1.0,0,4,32,0
8855.684976851851,11,2.0,12,208.0,1.0,0,2,53,0
8855.644675925925,14,5.0,24,209.0,0.0,0,20,58,13
142.363125,3,5.0,3,652.0,0.0,0,0,1,2
8854.724108796296,4,5.0,3,,0.0,0,0,3,3
8854.319768518519,6,5.0,7,555.0,2.0,0,3,12,0
8854.263842592592,5,5.0,6,1837.0,2.0,0,0,10,0
1755.8934722222225,19,2.0,26,1796.0,4.0,1,85,51,34
8854.139675925926,8,2.0,10,215.0,3.0,0,1,20,7
8853.999537037036,7,5.0,9,,0.0,0,8,13,0
8853.828564814814,4,2.0,3,364.0,1.0,0,1,5,0
8853.572604166666,3,2.0,2,321.0,1.0,0,0,3,0
8853.556319444444,2,2.0,1,21.0,0.0,0,0,1,0
8853.519166666667,3,2.0,2,545.0,2.0,0,0,3,0
8853.42525462963,3,2.0,2,147.0,4.0,0,0,3,0
8853.370324074074,4,4.0,14,13.0,8.0,0,3,3,0
8853.345462962963,5,2.0,4,91.0,1.0,0,0,10,0
8853.345578703704,6,2.0,7,211.0,3.0,0,0,15,0
8853.3453125,3,2.0,2,150.0,1.0,0,0,3,0
8853.344652777778,7,5.0,23,311.0,11.0,0,7,14,0
8853.329409722222,4,2.0,4,214.0,6.0,0,0,6,0
8853.323784722223,4,5.0,4,93.0,4.0,0,0,6,0
0.9475231481481482,5,2.0,11,1144.0,6.0,0,1,9,0
8853.214618055556,5,2.0,5,389.0,2.0,0,0,10,0
8853.13619212963,6,4.0,5,1404.0,2.0,0,0,15,0
176.3877777777778,3,2.0,2,683.0,1.0,0,0,3,0
8853.072395833333,8,2.0,10,1143.0,2.0,3,3,7,15
8853.067222222222,4,2.0,4,23.0,1.0,0,2,4,0
8852.480567129629,10,2.0,16,126.0,4.0,0,2,43,0
7368.608912037037,19,2.0,23,,0.0,3,46,74,48
8852.460243055555,8,5.0,11,319.0,1.0,0,2,26,0
492.1144791666667,25,4.0,52,634.0,8.0,0,70,206,24
8852.396724537037,8,3.0,11,925.0,4.0,0,4,24,0
8881.498368055556,19,2.0,102,134.0,36.0,1,66,70,34
8852.377048611112,5,5.0,6,331.0,3.0,0,2,8,0
8852.346168981481,7,5.0,12,317.0,5.0,0,2,19,0
8852.341226851851,9,5.0,17,389.0,2.0,0,2,34,0
8852.340104166668,5,5.0,5,97.0,2.0,0,0,10,0
8852.327256944445,7,5.0,8,82.0,2.0,0,1,20,0
8852.307407407407,3,2.0,3,213.0,9.0,0,0,3,0
8852.306631944444,4,2.0,5,216.0,2.0,0,0,6,0
8852.10738425926,7,2.0,6,569.0,4.0,0,4,17,0
8851.64025462963,8,3.0,24,766.0,4.0,0,4,24,0
8851.619004629629,15,4.0,30,571.0,2.0,0,8,97,0
249.2154976851852,4,2.0,6,639.0,3.0,0,1,5,0
8851.610069444445,5,2.0,6,110.0,3.0,0,2,8,0
8851.58738425926,5,2.0,4,112.0,1.0,0,0,10,0
168.1943865740741,6,3.0,8,82.0,2.0,0,0,15,0
468.0874421296296,20,2.0,41,297.0,10.0,0,52,119,19
413.2762268518519,4,2.0,4,1402.0,4.0,0,1,5,0
229.02388888888888,7,5.0,8,441.0,3.0,0,8,13,0
8851.45957175926,3,2.0,2,918.0,2.0,0,0,3,0
8851.418159722221,4,2.0,4,109.0,2.0,0,0,6,0
8851.390949074073,7,5.0,11,46.0,4.0,0,2,13,6
8851.339664351852,4,4.0,5,473.0,3.0,0,1,5,0
8851.337395833334,4,2.0,3,53.0,0.0,0,1,5,0
8851.331574074075,6,2.0,7,317.0,3.0,0,1,14,0
8851.319409722222,8,2.0,8,267.0,1.0,0,1,27,0
169.0010300925926,4,2.0,6,169.0,4.0,0,1,5,0
8851.27,7,2.0,7,545.0,2.0,0,1,20,0
8851.228796296296,5,2.0,4,130.0,0.0,0,0,10,0
8851.22505787037,4,5.0,3,913.0,7.0,0,0,6,0
8850.605833333333,8,2.0,8,1670.0,2.0,0,4,24,0
130.4000810185185,3,2.0,3,1670.0,2.0,0,0,3,0
130.36989583333337,3,2.0,3,1670.0,2.0,0,0,3,0
8850.450706018519,8,2.0,24,736.0,16.0,0,4,24,0
8850.408506944445,8,2.0,11,405.0,2.0,0,0,28,0
8850.397662037038,7,4.0,12,124.0,6.0,0,0,15,6
8850.343368055555,6,4.0,12,322.0,6.0,0,0,15,0
8850.335196759259,10,2.0,14,216.0,2.0,0,12,33,0
8850.331909722223,6,2.0,12,197.0,7.0,0,1,14,0
8850.327546296296,7,2.0,11,122.0,8.0,0,1,20,0
8850.317916666667,3,2.0,2,365.0,0.0,0,1,2,0
173.5945949074074,3,2.0,2,652.0,0.0,0,0,3,0
130.11119212962964,3,5.0,3,1670.0,2.0,0,1,2,0
8850.286030092593,6,2.0,8,48.0,2.0,0,0,15,0
8850.27974537037,4,4.0,3,92.0,0.0,0,0,3,3
8850.270648148147,6,2.0,8,570.0,3.0,0,0,15,0
129.87788194444445,8,4.0,18,1400.0,6.0,0,3,25,0
8850.217488425926,9,2.0,19,193.0,11.0,0,9,27,0
8849.646666666667,27,2.0,129,2.0,36.0,21,74,116,140
8849.607337962963,4,1.0,3,87.0,1.0,0,0,6,0
589.105625,8,1.0,14,25.0,2.0,0,2,19,7
8848.966747685185,8,2.0,11,4.0,0.0,0,18,10,0
8848.631712962962,12,2.0,32,2.0,8.0,0,14,41,11
8848.49130787037,5,3.0,8,1404.0,2.0,0,1,5,4
8848.479363425926,8,2.0,10,81.0,3.0,0,8,20,0
8848.2771875,20,2.0,40,110.0,3.0,3,62,74,51
8848.213668981482,8,2.0,11,207.0,2.0,0,6,22,0
8848.113252314815,7,2.0,7,216.0,2.0,0,2,19,0
8848.10994212963,6,2.0,6,109.0,2.0,0,0,15,0
8848.036215277778,6,2.0,6,13.0,1.0,0,1,14,0
2066.9306944444443,72,2.0,227,1771.0,29.0,171,723,655,1007
8847.637210648149,12,2.0,19,54.0,3.0,0,24,31,11
8847.576273148148,4,2.0,3,78.0,1.0,0,2,4,0
8847.54824074074,4,2.0,9,1139.0,6.0,0,0,6,0
8847.502002314815,4,2.0,4,19.0,2.0,0,1,5,0
8847.456689814815,5,1.0,6,48.0,2.0,0,0,10,0
127.23461805555556,3,2.0,2,1671.0,1.0,0,0,3,0
127.23387731481482,3,2.0,3,1670.0,2.0,0,0,3,0
8847.374594907407,6,4.0,8,237.0,2.0,0,0,15,0
29.77741898148148,5,5.0,11,647.0,5.0,0,0,10,0
2470.0869675925924,5,2.0,6,363.0,2.0,0,0,10,0
8847.009050925926,7,2.0,9,14.0,0.0,0,4,17,0
8847.008912037038,4,2.0,4,86.0,2.0,0,0,6,0
8846.996875,5,2.0,4,14.0,0.0,0,0,10,0
8846.97125,6,2.0,8,571.0,2.0,0,2,13,0
8846.934421296297,10,2.0,24,1374.0,8.0,0,7,38,0
8846.589513888888,4,2.0,4,86.0,2.0,0,2,4,0
8846.574166666667,29,2.0,58,110.0,8.0,21,125,106,154
8846.552986111112,6,2.0,8,236.0,3.0,0,4,11,0
8846.49295138889,5,2.0,7,210.0,4.0,0,1,9,0
8846.34800925926,8,2.0,10,802.0,2.0,0,5,23,0
8846.339664351852,8,2.0,46,363.0,19.0,0,4,24,0
8846.12275462963,4,4.0,6,85.0,3.0,0,2,4,0
27.438333333333333,7,5.0,13,1404.0,2.0,0,1,20,0
8845.827476851851,4,2.0,3,24.0,1.0,0,0,3,3
152.98429398148147,9,2.0,20,1836.0,3.0,0,10,18,8
23.13473379629629,4,2.0,3,364.0,1.0,0,1,5,0
78.91813657407407,2,2.0,1,364.0,1.0,0,0,1,0
8845.480520833333,3,2.0,5,17.0,4.0,0,0,3,0
8845.468900462964,5,2.0,7,648.0,4.0,0,0,10,0
8845.435081018519,5,2.0,6,768.0,2.0,0,1,9,0
8845.4,5,2.0,11,146.0,5.0,0,0,10,0
8845.393680555555,8,2.0,11,,0.0,1,9,6,12
231.22539351851853,3,2.0,4,1669.0,3.0,0,1,2,0
161.76981481481482,3,2.0,2,1404.0,2.0,0,2,1,0
8844.792349537038,5,2.0,6,130.0,0.0,0,2,8,0
8844.565694444444,4,2.0,4,210.0,4.0,0,0,6,0
38.94347222222222,8,2.0,10,54.0,2.0,0,7,14,7
242.05877314814813,5,2.0,10,1145.0,5.0,0,3,3,4
55.97239583333333,13,5.0,20,648.0,4.0,3,12,33,30
8844.37275462963,4,2.0,3,78.0,1.0,0,0,6,0
8844.350740740741,9,4.0,12,803.0,3.0,0,7,29,0
2555.6579398148147,38,2.0,89,,0.0,6,255,306,136
8844.33738425926,7,1.0,10,45.0,3.0,0,1,14,6
8844.318726851852,8,2.0,11,544.0,3.0,0,14,14,0
304.72496527777776,7,2.0,11,1668.0,4.0,0,13,8,0
8844.280856481482,5,5.0,4,87.0,1.0,0,2,8,0
8843.997951388888,5,4.0,7,94.0,3.0,0,3,3,4
8843.907511574074,37,3.0,74,319.0,9.0,15,213,252,186
8843.902233796296,16,2.0,30,322.0,6.0,0,16,104,0
112.21872685185186,5,2.0,4,24.0,1.0,0,3,7,0
4.1720138888888885,4,6.0,4,640.0,2.0,0,3,3,0
8843.611527777777,5,3.0,4,500.0,1.0,0,0,10,0
8843.59912037037,9,6.0,14,1040.0,4.0,0,4,32,0
8403.822175925927,7,2.0,9,406.0,1.0,0,5,16,0
8842.71388888889,5,4.0,7,216.0,2.0,0,1,5,4
222.0520486111111,6,2.0,10,648.0,4.0,0,4,11,0
8841.60568287037,4,2.0,7,456.0,5.0,0,0,6,0
368.3349421296296,3,2.0,2,417.0,3.0,0,0,3,0
8813.646666666667,9,4.0,20,481.0,9.0,0,4,24,8
8841.09011574074,3,2.0,2,536.0,0.0,0,0,1,2
3.3325810185185185,6,5.0,6,571.0,2.0,0,2,13,0
8116.44818287037,11,3.0,19,9.0,2.0,1,15,21,18
8840.669155092593,20,2.0,64,2902.0,37.0,6,24,96,64
8840.645625,4,2.0,4,46.0,2.0,0,2,4,0
8840.561284722222,4,2.0,5,1142.0,3.0,0,0,6,0
8840.495289351851,3,2.0,2,319.0,3.0,0,0,3,0
8840.42792824074,4,2.0,4,918.0,2.0,0,0,6,0
8840.353125,2,2.0,1,216.0,6.0,0,0,1,0
8840.308043981482,3,2.0,3,5.0,2.0,0,0,1,2
8840.00701388889,37,2.0,87,196.0,13.0,10,211,285,160
8839.684594907407,7,2.0,11,147.0,4.0,0,10,11,0
8839.634039351851,7,2.0,9,126.0,4.0,0,1,20,0
8839.609421296296,9,2.0,16,186.0,7.0,0,5,31,0
8839.511817129629,7,2.0,10,474.0,2.0,0,4,17,0
8839.48070601852,4,6.0,5,363.0,2.0,0,0,6,0
8839.414988425926,3,2.0,4,148.0,3.0,0,0,3,0
8839.391782407407,5,2.0,4,652.0,0.0,0,5,5,0
8839.389722222222,7,2.0,20,790.0,14.0,0,0,21,0
8839.363935185185,8,2.0,12,736.0,6.0,0,7,21,0
8839.296701388888,4,2.0,4,128.0,2.0,0,0,6,0
8839.156099537036,10,5.0,57,199.0,25.0,0,13,32,0
852.0074421296297,5,2.0,10,147.0,1.0,0,3,7,0
8839.074756944445,4,2.0,3,804.0,2.0,0,0,6,0
8838.98054398148,4,4.0,4,454.0,7.0,0,0,6,0
135.4633912037037,5,2.0,6,1403.0,3.0,0,2,4,4
534.3716435185186,9,2.0,13,803.0,3.0,1,0,21,14
8838.724618055556,8,5.0,13,237.0,2.0,0,5,16,7
106.39371527777776,5,2.0,7,1402.0,4.0,0,2,8,0
8838.638761574073,4,2.0,3,364.0,1.0,0,1,5,0
8838.6346875,4,2.0,4,320.0,2.0,0,0,6,0
8838.490868055556,11,6.0,34,388.0,3.0,0,6,49,0
8838.47951388889,5,4.0,7,147.0,4.0,0,0,10,0
8838.473657407407,6,2.0,12,457.0,4.0,0,5,10,0
8838.41704861111,5,4.0,21,794.0,10.0,0,0,10,0
2514.730625,4,2.0,4,1671.0,1.0,0,5,1,0
8837.849224537036,8,2.0,8,556.0,1.0,0,0,28,0
8837.792164351851,7,2.0,9,391.0,3.0,0,6,15,0
747.3004861111111,13,2.0,33,492.0,9.0,0,18,60,0
8837.665752314815,4,2.0,4,640.0,2.0,0,0,6,0
8837.437152777778,5,5.0,4,652.0,0.0,0,3,7,0
8837.429537037036,6,3.0,6,147.0,1.0,0,3,12,0
8837.255902777777,29,4.0,57,305.0,15.0,10,146,130,120
788.9571296296297,29,2.0,104,403.0,17.0,6,157,143,100
8837.074710648149,26,2.0,34,16.0,4.0,45,33,87,160
8837.029143518519,21,2.0,38,114.0,5.0,6,29,107,68
8966.919513888888,5,2.0,7,545.0,2.0,0,0,10,0
8836.726388888888,4,5.0,3,17.0,1.0,0,2,4,0
8836.66980324074,3,4.0,2,536.0,0.0,0,0,1,2
8836.535625,3,4.0,4,252.0,3.0,0,0,3,0
8836.485300925926,16,2.0,38,324.0,4.0,0,22,83,15
226.9555092592593,19,2.0,36,327.0,1.0,0,49,122,0
235.8219212962963,8,5.0,12,638.0,4.0,0,6,15,7
8836.460034722222,4,2.0,4,16.0,2.0,0,0,6,0
8836.436944444444,9,4.0,13,12.0,6.0,0,4,24,8
8836.424641203705,7,4.0,7,16.0,2.0,0,0,21,0
8836.403935185184,5,2.0,6,639.0,3.0,0,3,7,0
6.993298611111111,2,2.0,2,1837.0,2.0,0,0,1,0
8836.298449074075,5,2.0,4,572.0,1.0,0,1,9,0
8836.116481481482,5,2.0,10,736.0,6.0,0,0,6,4
9.777673611111112,6,4.0,8,1149.0,1.0,0,3,12,0
8835.816886574074,14,6.0,14,406.0,1.0,0,42,36,13
8835.616898148148,9,3.0,12,208.0,1.0,0,14,14,8
10.16375,3,2.0,3,363.0,2.0,0,0,3,0
8835.591064814815,4,2.0,3,1671.0,1.0,0,0,3,3
8835.56613425926,6,2.0,8,996.0,4.0,0,7,8,0
115.154375,3,2.0,2,1671.0,1.0,0,2,1,0
115.14618055555556,4,2.0,4,1670.0,2.0,0,2,4,0
115.13704861111113,3,2.0,4,1669.0,3.0,0,0,3,0
8342.401921296296,5,1.0,5,320.0,2.0,0,2,8,0
8835.226122685186,5,2.0,8,390.0,4.0,0,0,10,0
625.7804050925926,7,2.0,8,1670.0,2.0,0,16,5,0
8834.879606481481,8,4.0,7,104.0,1.0,0,4,17,7
8834.771423611111,11,6.0,22,542.0,5.0,0,24,31,0
5189.191261574074,24,2.0,66,55.0,10.0,45,44,47,140
8834.365381944444,4,2.0,3,393.0,1.0,0,2,4,0
2.2870138888888887,6,6.0,6,683.0,1.0,0,0,15,0
1158.1418055555555,50,2.0,153,496.0,5.0,45,420,360,400
142.9651736111111,4,5.0,3,1838.0,1.0,0,0,6,0
427.639224537037,4,2.0,5,1144.0,6.0,0,4,2,0
161.23519675925925,3,2.0,2,1838.0,1.0,0,0,3,0
461.9942013888889,27,2.0,78,212.0,6.0,6,99,154,92
4.147546296296296,4,6.0,4,682.0,2.0,0,2,4,0
10.323148148148148,3,4.0,2,536.0,0.0,0,0,1,2
153.19137731481482,8,2.0,22,1140.0,10.0,0,9,12,7
672.0228472222223,6,2.0,10,459.0,2.0,0,8,7,0
2.994074074074074,3,6.0,3,1837.0,2.0,0,0,3,0
25.907337962962963,6,6.0,24,1830.0,9.0,0,5,10,0
149.905,10,6.0,24,1834.0,5.0,0,11,34,0
191.85076388888888,13,2.0,29,766.0,4.0,0,21,57,0
2.9994328703703705,7,6.0,8,639.0,3.0,0,1,20,0
531.4534027777778,20,2.0,69,354.0,40.0,1,64,89,36
58.50811342592593,6,2.0,12,112.0,1.0,0,4,11,0
148.09524305555556,4,5.0,3,683.0,1.0,0,2,4,0
29.024965277777778,8,6.0,16,1831.0,8.0,0,4,24,0
101.8020138888889,8,3.0,12,652.0,0.0,0,8,20,0
2502.7082638888887,10,2.0,53,0.0,25.0,0,22,14,9
4194.436423611111,15,2.0,34,1055.0,11.0,1,63,15,26
2.140787037037037,4,2.0,7,1401.0,5.0,0,0,6,0
8379.87130787037,14,6.0,33,57.0,12.0,0,38,53,0
2.9377546296296297,3,5.0,2,1399.0,7.0,0,0,3,0
8372.105023148148,9,2.0,14,414.0,2.0,0,9,27,0
8797.120648148148,8,2.0,13,215.0,3.0,0,1,20,7
89.73435185185186,5,2.0,13,122.0,8.0,0,1,9,0
8331.472986111112,6,5.0,8,115.0,2.0,0,3,12,0
8333.72025462963,3,2.0,3,12.0,2.0,0,2,1,0
8334.434988425926,32,2.0,50,,0.0,15,240,85,156
8336.507581018519,4,3.0,4,90.0,2.0,0,0,6,0
7999.926053240741,41,5.0,94,,0.0,210,82,108,420
8357.96511574074,3,2.0,3,806.0,0.0,0,1,2,0
8342.971631944445,4,5.0,4,363.0,2.0,0,1,5,0
8350.850543981482,4,2.0,7,1039.0,5.0,0,1,5,0
8350.659050925926,5,2.0,5,253.0,2.0,0,1,9,0
8852.70375,8,5.0,9,0.0,1.0,1,9,6,12
145.15755787037037,5,4.0,4,763.0,7.0,0,0,10,0
8362.281400462964,11,2.0,20,377.0,5.0,0,23,22,10
8363.947893518518,5,2.0,6,473.0,3.0,0,2,8,0
8362.803564814814,10,4.0,23,118.0,2.0,0,3,42,0
884.1842708333334,2,2.0,1,1153.0,1.0,0,0,1,0
8362.139143518518,4,2.0,5,87.0,1.0,0,3,3,0
8363.95045138889,5,2.0,5,51.0,2.0,0,4,6,0
182.0169675925925,6,2.0,10,364.0,1.0,0,3,12,0
8364.350243055556,9,4.0,15,143.0,8.0,0,9,27,0
8375.707476851852,7,2.0,10,488.0,2.0,0,5,16,0
8377.691423611112,9,6.0,8,87.0,1.0,0,11,25,0
967.19125,9,2.0,13,829.0,1.0,0,10,18,8
83.11004629629629,8,5.0,8,682.0,2.0,0,5,23,0
8367.871782407406,9,5.0,21,208.0,6.0,0,10,26,0
7609.388125,130,2.0,323,,0.0,1176,2137,1103,3969
148.1649884259259,13,5.0,28,1836.0,3.0,6,22,14,36
2.476851851851852,6,5.0,8,1402.0,4.0,0,6,9,0
1214.6263773148148,5,2.0,7,1669.0,3.0,0,2,8,0
7011.264710648148,33,2.0,59,680.0,4.0,10,234,144,140
308.2871412037037,9,2.0,21,1142.0,8.0,0,1,35,0
8380.814548611112,6,2.0,15,219.0,3.0,1,5,1,8
126.19251157407408,5,2.0,5,1671.0,1.0,0,5,1,4
8380.791030092592,6,2.0,12,107.0,4.0,0,1,14,0
8.017210648148149,2,5.0,3,652.0,0.0,0,1,0,0
153.52517361111111,6,5.0,28,214.0,10.0,0,1,14,0
4324.821319444444,15,2.0,38,109.0,10.0,0,20,71,14
7311.137025462963,7,2.0,9,573.0,0.0,1,1,9,10
532.6141782407408,7,2.0,6,652.0,0.0,0,0,15,6
452.9897569444444,6,2.0,13,448.0,4.0,0,9,6,0
16.129930555555557,10,5.0,18,1145.0,5.0,0,10,35,0
4.871782407407407,3,2.0,2,1150.0,0.0,0,1,2,0
531.9021180555555,7,2.0,9,320.0,0.0,0,13,8,0
8785.404618055556,33,3.0,53,413.0,12.0,120,74,62,272
179.29836805555556,15,2.0,17,416.0,0.0,0,12,79,14
98.00155092592593,6,2.0,5,928.0,1.0,0,0,15,0
3273.392650462963,9,5.0,12,535.0,1.0,0,2,26,8
462.9334375,8,2.0,9,151.0,0.0,0,6,22,0
604.2960879629629,15,5.0,21,557.0,0.0,0,36,55,14
313.12675925925925,4,2.0,5,1404.0,2.0,0,0,6,0
213.0558333333333,5,2.0,7,926.0,3.0,0,0,10,0
95.2580324074074,4,2.0,5,1669.0,3.0,0,1,5,0
60.1228125,5,2.0,6,651.0,1.0,0,1,5,4
528.1794560185185,13,2.0,16,638.0,4.0,1,19,36,22
94.69099537037036,10,2.0,13,917.0,3.0,0,17,28,0
136.10814814814816,4,5.0,3,633.0,9.0,0,0,6,0
23.16832175925926,8,5.0,17,644.0,8.0,0,8,20,0
15.81929398148148,2,2.0,1,1836.0,3.0,0,0,1,0
134.7659490740741,2,2.0,1,652.0,0.0,0,1,0,0
168.49599537037037,16,2.0,41,672.0,12.0,6,21,45,48
505.1171875,7,2.0,12,374.0,4.0,0,1,14,6
174.89662037037036,11,2.0,28,278.0,0.0,0,0,45,10
524.9572569444445,7,4.0,6,652.0,0.0,0,0,15,6
5279.68443287037,2,2.0,1,803.0,3.0,0,0,0,1
1061.099548611111,87,2.0,287,2205.0,79.0,1081,483,297,1880
524.7655902777777,17,2.0,24,684.0,0.0,1,65,40,30
7.8783564814814815,9,2.0,12,389.0,2.0,0,3,33,0
0.9280555555555556,4,2.0,4,334.0,0.0,0,3,3,0
870.9437152777778,4,2.0,18,1153.0,1.0,0,2,4,0
97.20533564814816,8,2.0,16,1754.0,5.0,1,2,13,12
125.12355324074076,6,2.0,7,535.0,1.0,0,0,10,5
208.3872106481481,10,2.0,14,535.0,1.0,0,13,32,0
334.7444560185185,2,2.0,2,642.0,0.0,0,0,0,1
304.93127314814814,7,2.0,14,1149.0,1.0,0,11,10,0
80.13680555555555,5,2.0,4,929.0,0.0,0,4,6,0
132.75118055555555,6,5.0,11,1144.0,6.0,0,1,14,0
281.0510185185185,9,5.0,24,1832.0,7.0,0,7,21,8
185.9076157407408,5,5.0,9,682.0,2.0,0,3,7,0
332.7196064814815,4,2.0,4,1149.0,1.0,0,0,6,0
197.2359953703704,5,5.0,6,365.0,0.0,0,0,6,4
751.4820717592593,18,2.0,51,296.0,14.0,3,60,45,45
53.9125,8,2.0,10,43.0,4.0,0,18,10,0
125.23181712962965,5,2.0,4,652.0,0.0,0,0,6,4
80.94638888888889,3,2.0,3,927.0,2.0,0,0,3,0
73.15402777777778,7,5.0,8,1147.0,3.0,0,6,15,0
79.16943287037037,10,4.0,17,737.0,5.0,0,6,39,0
206.1041203703704,9,2.0,11,651.0,1.0,0,14,14,8
107.09908564814816,8,2.0,16,1838.0,1.0,0,6,22,0
196.8194212962963,4,4.0,5,1148.0,2.0,0,0,3,3
5.7721990740740745,5,4.0,4,651.0,1.0,0,1,9,0
61.68510416666667,7,5.0,10,649.0,3.0,0,0,21,0
510.8246875,9,4.0,10,651.0,1.0,0,0,36,0
8868.86076388889,41,2.0,92,182.0,8.0,91,217,134,378
424.1766666666667,10,2.0,15,1143.0,2.0,0,8,28,9
198.9012847222222,21,6.0,71,2892.0,6.0,0,63,147,0
9.74423611111111,2,4.0,1,928.0,1.0,0,1,0,0
128.9712152777778,6,4.0,5,652.0,0.0,0,5,10,0
27.747719907407408,8,5.0,10,267.0,1.0,1,5,10,12
176.37346064814815,9,2.0,17,572.0,1.0,0,16,20,0
379.3797337962963,7,2.0,18,2891.0,7.0,0,2,13,6
71.01268518518519,8,2.0,19,1142.0,8.0,0,0,21,7
43.48866898148148,2,2.0,1,1759.0,0.0,0,0,1,0
69.76085648148148,7,2.0,8,1758.0,1.0,0,5,16,0
116.93489583333331,2,4.0,1,1758.0,1.0,0,0,1,0
62.12898148148148,4,4.0,11,1145.0,5.0,0,0,3,3
106.77318287037038,3,2.0,2,1150.0,0.0,0,0,1,2
4056.631261574074,11,2.0,24,46.0,5.0,3,18,10,24
189.88605324074075,12,6.0,24,1832.0,7.0,0,16,50,0
995.1092824074074,19,2.0,39,205.0,4.0,0,31,122,18
1218.162627314815,4,2.0,5,1401.0,5.0,0,1,5,0
105.17856481481482,4,6.0,21,1135.0,15.0,0,2,4,0
68.92596064814815,2,2.0,1,418.0,2.0,0,0,1,0
502.8171064814815,9,2.0,10,103.0,2.0,0,4,32,0
7664.5562152777775,58,2.0,112,137.0,16.0,276,372,189,816
1528.5375347222223,26,2.0,45,314.0,2.0,3,143,110,69
3.0988657407407407,4,6.0,11,1832.0,7.0,0,1,5,0
184.4272337962963,8,2.0,15,648.0,4.0,0,8,13,7
91.90408564814815,14,2.0,21,388.0,3.0,0,22,56,13
558.8617824074074,9,2.0,18,1041.0,3.0,0,14,22,0
0.8299421296296297,3,5.0,6,1146.0,4.0,0,1,2,0
498.51152777777776,8,2.0,7,651.0,1.0,0,0,21,7
2460.3354050925927,81,2.0,207,12.0,10.0,703,478,425,1634
643.913599537037,13,2.0,29,1145.0,9.0,0,7,71,0
188.2185185185185,9,4.0,22,741.0,1.0,0,6,22,8
497.43827546296296,14,2.0,18,680.0,4.0,0,15,63,13
25.126261574074075,34,6.0,92,28.0,16.0,15,259,119,168
40.93327546296296,5,5.0,5,219.0,1.0,0,2,8,0
1513.002349537037,32,5.0,117,635.0,38.0,21,165,135,175
157.29282407407408,6,2.0,9,1146.0,4.0,0,4,11,0
0.2452777777777778,4,2.0,3,77.0,1.0,0,0,6,0
7860.155729166667,35,2.0,46,17.0,9.0,171,56,64,304
104.13972222222222,4,2.0,6,1837.0,2.0,0,1,2,3
47.751539351851854,12,6.0,16,680.0,4.0,0,28,38,0
98.16032407407408,6,4.0,9,1837.0,2.0,0,2,8,5
182.71983796296297,3,2.0,2,1758.0,1.0,0,1,2,0
139.63010416666663,5,2.0,7,651.0,1.0,0,3,7,0
157.3016550925926,12,5.0,14,1153.0,1.0,0,12,54,0
2937.655787037037,8,2.0,18,376.0,6.0,0,10,11,7
171.0914236111111,6,2.0,6,1149.0,1.0,1,0,6,8
5518.400821759259,30,2.0,75,54.0,38.0,190,17,28,200
7940.227268518519,25,2.0,28,0.0,1.0,45,67,38,150
44.38466435185185,5,2.0,7,1757.0,2.0,0,0,10,0
48.96295138888889,6,5.0,5,641.0,1.0,0,2,13,0
87.7638425925926,12,2.0,25,18.0,7.0,0,24,42,0
2014.653460648148,19,2.0,28,2388.0,4.0,6,33,72,60
43.33903935185185,5,2.0,5,1758.0,1.0,0,0,10,0
43.33267361111111,4,2.0,5,1757.0,2.0,0,0,6,0
540.1331365740741,6,4.0,14,1837.0,2.0,0,5,5,5
9073.737719907407,19,4.0,33,,0.0,3,35,85,48
318.1884953703704,3,2.0,5,1402.0,4.0,0,0,3,0
5332.823865740741,12,2.0,19,,0.0,3,30,6,27
148.75239583333334,5,5.0,12,680.0,4.0,0,0,10,0
302.7981828703704,7,2.0,6,1144.0,1.0,0,6,15,0
391.6375578703704,20,2.0,46,644.0,16.0,0,97,93,0
399.7307175925926,10,2.0,15,987.0,5.0,0,16,20,9
12.417731481481482,4,6.0,7,102.0,3.0,0,4,2,0
1336.017361111111,9,5.0,13,,0.0,1,9,12,14
96.23149305555556,6,2.0,6,1143.0,2.0,0,5,10,0
358.0672453703704,13,2.0,51,2877.0,21.0,0,26,52,0
396.59078703703705,4,2.0,4,1398.0,8.0,0,0,6,0
1434.5370949074074,13,2.0,40,361.0,21.0,0,32,46,0
1072.9458564814815,19,2.0,38,147.0,1.0,0,47,124,0
38.980625,4,2.0,3,1838.0,1.0,0,3,3,0
721.3237268518518,58,2.0,176,1761.0,39.0,105,432,471,645
480.7773726851852,7,2.0,8,767.0,3.0,0,0,15,6
144.15207175925926,8,2.0,18,1138.0,12.0,1,10,5,12
43.95304398148148,2,2.0,1,1150.0,0.0,0,0,0,1
994.3270833333332,31,5.0,62,386.0,5.0,28,63,190,184
176.4100462962963,7,4.0,25,125.0,2.0,0,1,20,0
480.0495138888889,14,2.0,16,650.0,2.0,1,8,58,24
168.11292824074073,18,2.0,41,1831.0,8.0,0,52,84,17
3.022349537037037,1,2.0,0,682.0,2.0,0,0,0,0
8735.341921296296,4,3.0,7,217.0,5.0,1,0,1,4
9.651412037037035,3,2.0,2,87.0,1.0,0,0,1,2
36.93100694444445,4,2.0,6,555.0,2.0,0,0,6,0
673.8033796296296,10,2.0,16,2894.0,4.0,1,11,17,16
35.42849537037037,4,4.0,4,928.0,1.0,0,0,3,3
456.5461805555556,6,2.0,7,1758.0,1.0,0,6,9,0
823.3769560185185,5,2.0,5,1152.0,2.0,0,4,6,0
110.77332175925926,9,5.0,19,767.0,3.0,0,4,24,8
152.92016203703704,6,2.0,5,1838.0,1.0,0,4,11,0
5.057604166666667,3,5.0,3,1148.0,2.0,0,0,3,0
182.90703703703704,14,2.0,53,128.0,20.0,0,33,45,13
16.91349537037037,4,6.0,4,2.0,1.0,0,5,1,0
0.8298263888888889,4,6.0,3,56.0,0.0,0,4,2,0
513.4373263888889,10,2.0,14,920.0,1.0,0,8,37,0
1187.1212037037037,6,2.0,8,1404.0,2.0,0,1,14,0
38.99474537037037,5,2.0,8,6.0,0.0,0,5,5,0
9889.113611111112,29,2.0,57,,0.0,66,65,71,204
29.01146990740741,5,2.0,7,328.0,0.0,0,0,10,0
79.32836805555556,10,2.0,19,1755.0,4.0,1,4,24,16
160.14390046296296,12,2.0,21,50.0,0.0,0,5,61,0
57.92709490740741,6,2.0,7,1838.0,1.0,0,1,14,0
23.102233796296296,2,2.0,1,44.0,3.0,0,0,1,0
447.12694444444446,9,5.0,15,649.0,3.0,0,0,36,0
90.3500462962963,3,2.0,5,44.0,3.0,0,0,3,0
309.0617361111111,16,4.0,52,1748.0,11.0,0,21,99,0
302.35802083333334,3,2.0,4,1403.0,3.0,0,0,3,0
469.860787037037,7,2.0,7,918.0,2.0,0,1,14,6
606.9128009259259,13,6.0,54,151.0,28.0,0,24,42,12
21.259398148148147,3,2.0,2,44.0,3.0,0,0,3,0
6601.320520833333,20,2.0,116,17.0,41.0,66,4,24,96
88.81068287037037,10,5.0,42,1152.0,2.0,0,11,25,9
481.6698726851852,3,2.0,3,1186.0,2.0,0,0,3,0
270.92520833333333,3,2.0,3,1186.0,2.0,0,0,3,0
481.6159490740741,3,2.0,4,1463.0,3.0,0,0,3,0
150.21484953703705,2,2.0,3,1463.0,3.0,0,0,1,0
87.1353587962963,7,2.0,12,1402.0,4.0,0,0,21,0
944.1707523148148,5,4.0,11,1400.0,6.0,1,1,2,6
921.779699074074,27,3.0,64,95.0,8.0,15,94,116,126
87.20063657407407,4,2.0,3,1000.0,0.0,0,2,1,3
88.35965277777778,8,2.0,27,1394.0,12.0,0,1,27,0
106.50560185185184,11,6.0,30,198.0,6.0,0,22,23,10
2900.123078703704,5,2.0,4,652.0,0.0,0,0,6,4
113.86721064814814,7,2.0,6,652.0,0.0,1,8,2,10
16.206157407407407,3,2.0,3,1837.0,2.0,0,0,3,0
89.77368055555556,5,2.0,14,763.0,7.0,0,1,9,0
1503.2280902777777,12,2.0,37,816.0,14.0,0,17,38,11
2996.508043981481,5,4.0,7,1463.0,3.0,0,7,3,0
75.84871527777777,5,2.0,7,1835.0,4.0,0,0,10,0
705.8053125,8,3.0,12,912.0,9.0,0,0,28,0
27.12616898148148,3,2.0,3,1670.0,2.0,0,1,2,0
26.06427083333333,2,4.0,2,1404.0,2.0,0,1,0,0
565.8435763888889,8,5.0,8,927.0,2.0,0,6,15,7
28.192488425925927,4,6.0,4,651.0,1.0,0,2,4,0
13.422291666666666,3,2.0,3,1837.0,2.0,0,0,3,0
13.40431712962963,3,2.0,2,1838.0,1.0,0,0,3,0
80.93378472222223,4,2.0,4,1837.0,2.0,0,0,3,3
859.8704861111111,5,3.0,13,103.0,11.0,0,4,6,0
751.4512962962963,36,4.0,77,600.0,4.0,10,147,318,155
146.56094907407407,3,2.0,4,742.0,10.0,0,1,2,0
58.97957175925926,7,2.0,12,1838.0,1.0,0,2,19,0
120.70914351851852,5,2.0,8,910.0,11.0,0,0,6,4
150.96636574074074,8,2.0,16,1377.0,5.0,0,10,18,0
15.14949074074074,5,4.0,5,77.0,2.0,0,4,6,0
86.13362268518519,5,2.0,7,1756.0,3.0,0,3,7,0
70.92689814814815,7,6.0,16,317.0,11.0,0,10,11,0
7449.216655092592,32,4.0,244,178.0,64.0,28,88,188,192
3922.235601851852,34,2.0,153,175.0,18.0,78,52,158,273
1.897789351851852,10,4.0,20,639.0,3.0,0,5,31,9
5800.74630787037,58,2.0,165,,0.0,91,499,447,616
1169.3299074074075,10,2.0,21,1370.0,36.0,1,3,25,16
4602.1487962962965,41,2.0,101,624.0,25.0,55,179,256,330
2641.7297800925926,6,2.0,7,41.0,3.0,0,4,6,5
2451.877708333333,18,4.0,30,,0.0,0,58,78,17
145.2574074074074,7,2.0,10,1401.0,5.0,0,2,19,0
374.87535879629627,3,1.0,4,1463.0,3.0,0,0,3,0
238.3922916666667,9,5.0,14,637.0,5.0,0,0,28,8
169.24898148148148,6,2.0,7,1148.0,2.0,0,1,9,5
283.3891898148148,2,2.0,1,1403.0,3.0,0,0,1,0
99.22868055555556,3,3.0,4,1669.0,3.0,0,1,2,0
450.0403703703704,10,4.0,9,651.0,1.0,0,9,36,0
7589.642476851852,19,2.0,53,549.0,8.0,1,54,82,34
103.72744212962964,5,2.0,5,1837.0,2.0,0,3,7,0
363.9824421296297,5,2.0,5,1143.0,2.0,0,1,9,0
107.10122685185183,4,6.0,6,919.0,1.0,0,0,6,0
160.70560185185184,7,5.0,19,211.0,7.0,0,8,13,0
60.775358796296295,3,2.0,3,1837.0,2.0,0,2,1,0
42.65775462962963,6,2.0,8,360.0,10.0,0,0,15,0
13.882905092592592,9,2.0,28,1136.0,14.0,0,0,28,8
66.95407407407407,4,2.0,10,80.0,8.0,0,1,5,0
61.539351851851855,4,2.0,5,1670.0,2.0,0,1,5,0
139.28944444444446,6,2.0,8,84.0,4.0,0,3,12,0
9.432141203703704,4,2.0,3,1669.0,3.0,0,0,6,0
413.7283217592593,13,2.0,18,651.0,1.0,0,2,76,0
137.30644675925927,7,2.0,8,1758.0,1.0,0,6,15,0
254.0648611111111,6,2.0,27,32.0,18.0,0,4,6,5
330.0746296296296,3,5.0,5,448.0,4.0,0,2,1,0
490.1421875,7,2.0,8,86.0,13.0,0,3,18,0
2683.557152777778,13,2.0,25,4.0,3.0,6,9,27,36
93.05998842592592,6,2.0,12,1146.0,4.0,0,1,9,5
33.622395833333336,3,2.0,3,1670.0,2.0,0,0,3,0
33.526493055555555,4,2.0,4,1670.0,2.0,0,0,6,0
126.2318287037037,5,2.0,6,1403.0,3.0,0,0,10,0
260.0323032407408,8,2.0,7,289.0,1.0,0,5,23,0
714.7209606481481,15,2.0,49,183.0,21.0,6,20,35,44
7258.302071759259,40,2.0,81,0.0,6.0,171,124,86,399
1156.0852314814815,3,2.0,5,1402.0,4.0,0,0,3,0
198.09756944444445,6,3.0,11,1669.0,3.0,0,1,14,0
45.4634375,7,5.0,9,917.0,3.0,0,5,16,0
2709.7765625,16,2.0,25,48.0,3.0,0,56,64,0
373.8108912037037,9,2.0,20,794.0,12.0,0,17,19,0
67.2279050925926,9,2.0,18,1400.0,6.0,0,17,19,0
6601.376006944444,42,2.0,80,4.0,8.0,120,176,149,416
3198.700752314815,108,6.0,319,386.0,21.0,496,1484,1366,2432
2085.2800115740743,14,2.0,24,9.0,3.0,0,32,46,13
50.550439814814816,5,2.0,5,1757.0,2.0,0,0,10,0
437.0419791666667,6,2.0,7,83.0,1.0,0,3,12,0
866.9120138888889,6,2.0,8,1669.0,3.0,0,6,4,5
115.13721064814816,5,5.0,8,927.0,2.0,0,0,6,4
2302.202488425926,13,2.0,25,279.0,7.0,3,16,29,30
38.21521990740741,6,5.0,15,1139.0,11.0,0,2,13,0
1.009050925925926,6,4.0,15,1144.0,6.0,0,0,15,0
8686.4559375,8,3.0,8,,0.0,0,1,20,7
406.9752314814815,20,2.0,25,572.0,1.0,0,56,134,0
7775.003611111111,18,4.0,18,51.0,1.0,10,39,39,65
99.71100694444443,13,5.0,19,570.0,3.0,0,7,59,12
312.8744791666667,17,4.0,53,982.0,10.0,3,28,63,42
645.0669907407407,28,2.0,48,515.0,21.0,10,99,154,115
48.87304398148148,4,2.0,4,1147.0,7.0,0,0,6,0
3175.305763888889,5,4.0,7,1835.0,4.0,0,0,10,0
1679.7396296296297,11,2.0,27,676.0,8.0,0,3,52,0
152.94065972222222,4,2.0,3,147.0,1.0,0,0,6,0
190.1997685185185,3,2.0,4,1670.0,2.0,0,0,3,0
7801.924039351852,45,4.0,195,,0.0,210,190,86,504
365.7915625,12,5.0,17,992.0,8.0,0,26,40,0
458.886724537037,6,2.0,8,1185.0,3.0,0,0,10,5
443.6870486111111,3,2.0,9,1185.0,3.0,0,0,3,0
249.71972222222223,17,2.0,31,1448.0,18.0,1,18,87,30
1395.5888425925923,14,2.0,50,,0.0,10,25,11,45
18.15423611111111,6,5.0,9,1146.0,4.0,0,0,10,5
43.8578125,4,2.0,5,1753.0,6.0,0,0,6,0
94.76225694444445,9,4.0,15,371.0,7.0,0,9,19,8
127.03061342592592,6,2.0,7,81.0,3.0,0,2,8,5
1764.1744444444444,29,2.0,57,673.0,0.0,10,137,139,120
6295.298796296296,31,2.0,62,178.0,8.0,66,83,88,228
279.62899305555555,4,2.0,7,,0.0,0,1,5,0
532.2352662037038,5,5.0,11,992.0,8.0,0,0,10,0
671.9686458333333,3,2.0,3,148.0,0.0,0,0,3,0
798.452974537037,6,2.0,8,148.0,0.0,3,0,3,9
12.165127314814814,1,2.0,0,994.0,6.0,0,0,0,0
396.0012268518519,7,2.0,13,286.0,4.0,0,6,15,0
1178.6503819444445,18,2.0,28,326.0,2.0,0,59,77,17
43.12846064814815,5,2.0,7,1837.0,2.0,0,2,4,4
2385.2795254629627,3,2.0,3,547.0,0.0,0,1,2,0
24.39880787037037,8,2.0,14,253.0,5.0,0,4,17,7
87.27178240740741,12,2.0,21,649.0,3.0,0,19,47,0
7223.513969907407,10,2.0,18,,0.0,1,9,19,16
16.795833333333334,4,2.0,6,648.0,4.0,0,0,6,0
22.928703703703704,4,2.0,4,650.0,2.0,0,1,5,0
131.49127314814814,8,2.0,16,1144.0,6.0,0,4,17,7
70.18827546296296,7,2.0,10,639.0,3.0,0,0,15,6
85.02275462962963,5,4.0,8,1146.0,4.0,0,0,6,4
21.282569444444444,7,5.0,8,103.0,2.0,0,5,16,0
3561.0466203703704,20,2.0,53,438.0,19.0,6,54,66,64
6895.839988425926,26,4.0,73,1149.0,5.0,0,75,225,25
0.7952662037037037,2,2.0,1,803.0,3.0,0,0,1,0
111.56002314814816,7,2.0,6,105.0,0.0,0,8,13,0
89.97839120370371,6,2.0,7,651.0,1.0,0,4,6,5
4.82400462962963,2,2.0,1,361.0,4.0,0,0,1,0
270.146412037037,2,2.0,2,1670.0,2.0,0,0,1,0
5.093912037037037,3,2.0,3,1671.0,1.0,0,2,1,0
521.357337962963,6,2.0,7,997.0,3.0,0,4,6,5
1010.5243981481482,4,2.0,6,,0.0,0,1,5,0
358.9098148148148,4,1.0,8,1401.0,5.0,0,4,2,0
81.46142361111112,6,2.0,6,651.0,1.0,0,5,10,0
234.42996527777777,4,2.0,3,992.0,0.0,0,1,5,0
51.08001157407407,5,2.0,5,805.0,1.0,0,0,6,4
8.256469907407407,5,2.0,6,1142.0,3.0,0,0,10,0
234.255625,7,2.0,11,1141.0,4.0,0,1,20,0
22.870231481481483,4,4.0,5,1836.0,3.0,0,0,6,0
28.244398148148147,7,2.0,8,1837.0,2.0,1,2,8,10
222.63141203703705,12,2.0,25,733.0,9.0,0,22,44,0
410.1824768518519,13,6.0,40,316.0,12.0,0,22,44,12
847.4681597222223,5,3.0,4,,0.0,0,0,10,0
70.13369212962964,10,2.0,13,96.0,2.0,0,17,19,9
413.76790509259257,9,2.0,11,682.0,2.0,0,0,28,8
582.5836689814815,22,2.0,57,418.0,2.0,36,31,47,117
1.0485185185185186,2,2.0,1,1671.0,1.0,0,0,1,0
4950.303391203704,19,4.0,57,755.0,15.0,1,75,61,34
19.12096064814815,4,2.0,6,1834.0,5.0,0,1,5,0
0.0512384259259259,3,2.0,5,1837.0,2.0,0,0,1,2
780.8133796296296,8,2.0,9,1837.0,2.0,0,7,21,0
191.1082523148148,1,2.0,0,147.0,1.0,0,0,0,0
796.8273263888889,15,2.0,57,808.0,22.0,0,11,94,0
9349.711979166666,3,3.0,2,,0.0,3,0,0,0
675.0234606481481,20,2.0,38,1455.0,11.0,0,48,142,0
192.03131944444445,1,2.0,0,147.0,1.0,0,0,0,0
190.0751273148148,14,2.0,54,437.0,19.0,0,9,82,0
32.87016203703703,6,2.0,6,572.0,1.0,0,2,13,0
325.2784722222222,5,2.0,18,1757.0,2.0,0,1,9,0
358.49833333333333,6,4.0,7,1670.0,2.0,0,4,11,0
248.0155092592593,4,2.0,6,379.0,3.0,0,1,5,0
226.31076388888889,5,2.0,4,994.0,6.0,0,1,9,0
16.128032407407407,7,2.0,8,1756.0,3.0,0,6,15,0
4944.531689814815,4,2.0,6,2936.0,3.0,0,1,5,0
272.3927777777778,5,2.0,10,19.0,3.0,0,1,5,4
99.5800925925926,6,2.0,9,215.0,3.0,0,0,10,5
7.386747685185185,2,2.0,1,1143.0,2.0,0,0,1,0
508.96390046296295,13,5.0,32,976.0,16.0,1,12,43,22
755.6752893518518,14,2.0,55,750.0,18.0,0,19,59,13
34.49642361111111,5,2.0,11,636.0,6.0,0,0,10,0
6.924201388888889,4,2.0,5,1140.0,5.0,0,2,4,0
6.911840277777777,3,2.0,2,1143.0,2.0,0,0,3,0
72.21373842592592,5,2.0,11,371.0,7.0,0,1,9,0
322.3221180555556,8,5.0,7,1839.0,0.0,1,2,13,12
8.206342592592593,12,6.0,20,1151.0,3.0,0,17,49,0
374.8532175925926,20,4.0,42,1151.0,3.0,3,19,117,51
34.936585648148146,10,2.0,16,572.0,1.0,0,1,35,9
873.3171064814815,14,2.0,46,1831.0,8.0,1,21,45,24
6848.197650462963,10,2.0,19,,0.0,0,3,42,0
4613.606597222222,15,2.0,37,,0.0,0,27,78,0
10.058877314814817,4,5.0,3,1149.0,5.0,0,0,6,0
416.74625,4,2.0,8,1668.0,4.0,0,3,3,0
52.30934027777778,4,2.0,8,923.0,6.0,0,2,4,0
174.13,16,2.0,72,358.0,36.0,0,23,82,15
13.972870370370371,4,2.0,3,362.0,3.0,0,2,4,0
495.9123032407408,10,2.0,15,1835.0,4.0,3,1,20,21
78.0458912037037,7,4.0,14,1831.0,8.0,0,1,20,0
190.08709490740745,4,4.0,7,378.0,4.0,0,0,3,3
6450.721087962963,41,2.0,76,42.0,8.0,136,197,79,408
33.10236111111111,7,2.0,14,992.0,8.0,0,0,15,6
10.852025462962963,4,5.0,5,1836.0,3.0,0,3,3,0
6857.779305555556,8,2.0,7,,0.0,0,11,10,7
147.61618055555556,4,2.0,6,978.0,22.0,0,0,6,0
1754.1830324074074,74,2.0,180,544.0,13.0,351,674,407,1269
61.3112037037037,6,2.0,9,3.0,0.0,0,7,3,5
7.935231481481481,9,4.0,14,363.0,7.0,0,8,20,8
61.02703703703704,4,2.0,6,683.0,1.0,0,0,6,0
492.5261574074074,15,2.0,62,1815.0,24.0,0,23,82,0
77.14684027777778,6,2.0,14,41.0,3.0,0,3,12,0
50.04087962962963,7,2.0,21,307.0,13.0,0,3,18,0
86.59494212962963,9,2.0,10,652.0,0.0,0,4,24,8
387.1633912037037,9,2.0,29,309.0,11.0,0,8,28,0
21.091435185185187,6,6.0,6,684.0,0.0,0,0,15,0
4.9035416666666665,10,4.0,22,267.0,1.0,0,10,35,0
85.17314814814814,4,2.0,3,652.0,0.0,0,0,6,0
8095.743125,154,2.0,343,119.0,10.0,3570,1502,844,5865
27.07003472222222,4,2.0,3,43.0,1.0,0,1,5,0
831.9343634259259,23,4.0,38,1791.0,9.0,6,61,110,76
84.11045138888889,13,4.0,23,2.0,1.0,15,10,11,42
6851.087731481482,14,2.0,17,,0.0,1,25,41,24
589.5200810185186,13,4.0,34,723.0,19.0,0,18,60,0
6.422199074074074,5,2.0,4,141.0,6.0,0,3,3,4
73.2242824074074,5,2.0,6,1757.0,2.0,0,2,4,4
4.127638888888889,4,5.0,13,548.0,9.0,0,0,6,0
100.86336805555555,5,2.0,22,1391.0,15.0,0,0,10,0
1861.7120254629629,31,2.0,58,650.0,10.0,6,216,135,108
7248.855960648148,5,2.0,7,287.0,3.0,0,5,5,0
51.92861111111111,8,4.0,8,641.0,1.0,0,8,20,0
309.32225694444446,3,2.0,4,1463.0,3.0,0,1,2,0
453.7127546296296,2,2.0,2,1143.0,7.0,0,0,1,0
7.179131944444444,3,2.0,4,318.0,2.0,0,0,3,0
37.068020833333335,4,2.0,5,1836.0,3.0,0,0,6,0
477.11847222222224,4,2.0,13,995.0,5.0,0,1,5,0
5307.8767708333335,5,2.0,10,922.0,7.0,0,0,6,4
49.91878472222222,9,4.0,11,493.0,8.0,0,4,32,0
71.04523148148148,21,2.0,54,113.0,10.0,0,51,159,0
52.8660300925926,3,2.0,2,1402.0,4.0,0,0,3,0
4.261643518518518,2,4.0,2,1404.0,2.0,0,1,0,0
54.88217592592593,8,4.0,26,364.0,14.0,1,2,13,12
35.07760416666667,6,2.0,6,320.0,0.0,0,3,12,0
178.13945601851853,12,2.0,26,148.0,3.0,0,23,32,11
1098.1544444444444,3,2.0,2,1406.0,0.0,0,0,3,0
26.41618055555556,2,2.0,1,2935.0,4.0,0,0,1,0
7559.317094907407,22,2.0,74,752.0,18.0,10,69,67,85
310.0617013888889,3,2.0,2,2389.0,3.0,0,0,3,0
6840.137384259259,13,2.0,27,,0.0,0,18,48,12
216.43829861111112,6,2.0,14,2890.0,8.0,0,1,14,0
352.28569444444446,15,2.0,34,681.0,3.0,0,14,91,0
218.06457175925925,3,5.0,2,1150.0,0.0,0,1,0,2
27.42511574074074,3,2.0,3,1670.0,2.0,0,1,2,0
15.904641203703704,4,2.0,3,1835.0,4.0,0,0,6,0
43.85758101851852,5,2.0,8,1398.0,8.0,0,4,6,0
8034.682025462963,13,2.0,26,390.0,1.0,6,2,34,36
42.13126157407408,4,2.0,4,375.0,7.0,0,0,6,0
70.03881944444444,8,3.0,8,1839.0,0.0,0,7,14,7
397.74988425925926,7,2.0,8,998.0,2.0,0,3,12,6
468.28534722222224,13,1.0,17,50.0,0.0,0,26,52,0
39.2262962962963,4,2.0,6,988.0,4.0,0,1,5,0
290.76435185185187,6,2.0,6,799.0,7.0,0,0,15,0
51.37847222222222,4,2.0,5,989.0,3.0,0,0,6,0
195.711550925926,7,2.0,16,982.0,10.0,0,4,17,0
311.03375,7,2.0,8,990.0,2.0,0,0,21,0
921.1193055555556,18,2.0,34,392.0,15.0,0,30,106,17
165.1328125,2,2.0,1,804.0,2.0,0,0,1,0
51.362002314814816,3,2.0,4,989.0,3.0,0,0,3,0
285.0130439814815,18,2.0,49,642.0,18.0,0,32,121,0
35.14489583333334,3,2.0,2,364.0,1.0,0,0,3,0
31.41054398148148,4,2.0,4,288.0,2.0,0,0,6,0
195.1704398148148,5,2.0,5,658.0,2.0,0,0,10,0
195.1732407407408,10,2.0,27,727.0,15.0,0,4,41,0
347.24952546296294,11,2.0,28,645.0,15.0,0,6,49,0
59.42557870370371,3,2.0,6,1143.0,2.0,0,0,3,0
15.68625,6,4.0,7,278.0,0.0,0,6,9,0
26.34474537037037,6,2.0,13,678.0,6.0,0,1,14,0
22.061516203703704,4,2.0,8,1833.0,6.0,0,0,6,0
40.10168981481481,8,2.0,21,370.0,0.0,3,4,6,15
72.85861111111112,6,2.0,11,320.0,0.0,0,6,9,0
44.66759259259259,2,2.0,1,1142.0,3.0,0,0,1,0
8214.09513888889,13,3.0,24,,0.0,3,26,19,30
1327.5598842592592,9,5.0,10,1404.0,2.0,0,22,14,0
64.63273148148149,6,2.0,12,650.0,2.0,0,6,9,0
316.8363194444444,5,2.0,5,998.0,2.0,0,0,6,4
22.01399305555556,12,2.0,18,927.0,2.0,1,27,18,20
44.22300925925926,4,2.0,3,257.0,6.0,0,3,3,0
25.89657407407408,4,2.0,4,1837.0,2.0,0,0,6,0
55.995127314814816,6,2.0,9,1756.0,3.0,0,2,8,5
467.9402083333333,5,6.0,4,1839.0,0.0,0,0,6,4
312.8870023148148,12,2.0,21,199.0,5.0,0,24,31,11
28.79467592592593,5,2.0,8,1671.0,1.0,1,0,3,6
483.0273148148148,14,6.0,40,561.0,10.0,0,27,51,13
6571.605543981482,9,2.0,14,2389.0,3.0,0,15,21,0
35.85495370370371,10,4.0,18,1838.0,1.0,3,0,21,21
7897.901793981481,10,3.0,10,51.0,1.0,0,6,30,9
2329.233368055556,6,4.0,9,1462.0,4.0,0,4,11,0
10.730706018518518,7,5.0,22,411.0,9.0,0,2,19,0
366.80265046296296,5,2.0,4,376.0,2.0,0,0,10,0
97.51564814814814,13,4.0,28,2892.0,6.0,0,22,44,12
148.41003472222224,4,2.0,5,1150.0,0.0,0,0,3,3
395.1401041666667,9,2.0,20,912.0,9.0,0,4,24,8
97.8889699074074,23,4.0,68,94.0,11.0,0,53,178,22
126.81604166666666,3,4.0,2,1839.0,0.0,0,0,3,0
204.92366898148148,2,2.0,1,1404.0,2.0,0,0,1,0
1080.773634259259,3,2.0,2,1403.0,3.0,0,0,1,2
44.51112268518519,4,2.0,9,922.0,7.0,0,4,2,0
8089.648657407407,9,4.0,8,,0.0,1,9,12,14
937.145300925926,22,5.0,45,5430.0,14.0,6,71,82,72
460.9676157407408,8,2.0,10,1838.0,1.0,1,4,11,12
76.01028935185185,22,2.0,83,1826.0,13.0,1,49,141,40
182.2328125,4,2.0,11,1397.0,9.0,0,2,4,0
280.12652777777777,5,2.0,4,1838.0,1.0,0,0,10,0
3281.7874421296297,8,1.0,19,1176.0,12.0,1,2,13,12
564.9589236111111,8,2.0,10,407.0,0.0,0,5,23,0
27.759560185185187,4,2.0,4,1148.0,2.0,0,0,6,0
278.2509375,18,2.0,44,405.0,2.0,1,29,91,32
375.0127662037037,16,2.0,32,56.0,3.0,0,40,65,15
3102.455555555556,8,5.0,16,1838.0,1.0,0,5,23,0
360.5210416666667,9,2.0,21,366.0,12.0,0,7,29,0
337.5048726851852,12,4.0,20,912.0,8.0,0,15,40,11
178.5927199074074,7,2.0,12,1144.0,1.0,0,4,17,0
791.0079513888888,8,2.0,18,1830.0,9.0,0,2,26,0
7.83912037037037,3,2.0,2,364.0,1.0,0,0,3,0
51.25502314814815,3,2.0,3,392.0,2.0,0,0,1,2
358.1083449074074,7,2.0,6,257.0,1.0,0,0,21,0
26.800949074074072,5,2.0,4,25.0,0.0,0,0,6,4
32.74099537037037,15,6.0,29,739.0,3.0,0,22,83,0
67.9807175925926,8,2.0,30,757.0,13.0,0,1,27,0
313.86778935185185,5,2.0,16,278.0,0.0,0,1,9,0
356.81728009259257,7,2.0,11,765.0,5.0,0,0,21,0
356.71732638888886,7,2.0,8,684.0,0.0,0,0,15,6
6.890439814814815,4,6.0,3,1837.0,2.0,0,0,6,0
452.7114814814815,5,2.0,6,297.0,31.0,0,2,8,0
272.014212962963,4,2.0,12,40.0,10.0,0,2,4,0
27.73701388888889,5,5.0,4,652.0,0.0,0,4,2,4
823.791400462963,5,2.0,6,1670.0,2.0,0,4,6,0
170.05855324074074,5,2.0,7,1756.0,3.0,0,1,5,4
4.409074074074074,8,2.0,16,766.0,4.0,0,0,21,7
7.977546296296296,2,2.0,1,1758.0,1.0,0,0,1,0
343.2429398148148,9,2.0,12,406.0,1.0,0,17,11,8
65.12174768518518,5,5.0,6,1839.0,0.0,0,7,3,0
192.84699074074075,8,2.0,24,916.0,13.0,0,1,27,0
394.64377314814817,5,2.0,6,1143.0,2.0,0,2,8,0
191.1727199074074,6,5.0,8,1150.0,0.0,0,5,5,5
9.765011574074077,2,2.0,2,806.0,0.0,0,0,1,0
392.6682060185185,6,2.0,8,569.0,4.0,0,2,13,0
9.969039351851851,7,4.0,13,1146.0,4.0,0,0,21,0
300.89846064814816,16,2.0,32,412.0,4.0,0,20,85,15
9.056793981481482,3,2.0,2,683.0,1.0,0,0,3,0
190.45515046296296,4,2.0,3,381.0,1.0,0,2,4,0
635.5912268518518,10,4.0,19,1138.0,7.0,1,6,22,16
0.801400462962963,4,2.0,4,320.0,2.0,0,3,3,0
23.022777777777776,5,2.0,9,765.0,5.0,0,0,10,0
2107.948680555556,14,4.0,41,1134.0,11.0,0,19,59,13
349.5963541666667,7,2.0,9,649.0,3.0,0,6,15,0
10.82320601851852,3,4.0,3,1839.0,0.0,0,0,3,0
1301.2438425925925,7,2.0,7,1405.0,1.0,0,7,14,0
40.27074074074074,6,2.0,8,638.0,4.0,0,3,12,0
346.95234953703704,7,2.0,10,374.0,4.0,0,3,18,0
185.9055555555556,4,2.0,6,1402.0,4.0,0,2,4,0
92.82739583333333,8,2.0,20,740.0,12.0,0,4,24,0
185.3392939814815,3,2.0,2,1403.0,3.0,0,0,3,0
32.30178240740741,3,5.0,4,1146.0,8.0,0,2,1,0
876.6752199074074,12,3.0,58,2363.0,29.0,3,5,31,27
10.745983796296295,6,2.0,8,1151.0,3.0,0,0,15,0
3177.2185648148147,29,2.0,71,2377.0,15.0,28,87,123,168
442.22483796296297,7,2.0,21,1836.0,3.0,0,0,15,6
9.362881944444444,8,6.0,16,106.0,5.0,0,13,15,0
4265.290023148148,44,2.0,69,180.0,8.0,231,92,139,484
260.24625,3,2.0,2,318.0,10.0,0,0,3,0
4.5102314814814815,3,2.0,3,804.0,2.0,0,0,3,0
1.008113425925926,3,6.0,3,652.0,0.0,0,1,2,0
0.9364930555555556,8,5.0,8,1255.0,0.0,0,12,16,0
26.9159375,7,2.0,25,982.0,10.0,0,2,19,0
70.15166666666667,7,2.0,19,209.0,9.0,0,6,15,0
145.81194444444444,3,4.0,3,70.0,1.0,0,1,2,0
2249.6231712962963,6,6.0,8,1757.0,2.0,0,1,9,5
256.19515046296294,4,2.0,4,803.0,3.0,0,0,6,0
633.0061689814814,7,2.0,8,652.0,0.0,0,0,15,6
2132.994930555556,5,2.0,6,,0.0,1,0,3,6
30.87770833333333,3,2.0,2,381.0,1.0,0,1,2,0
450.8119097222222,5,2.0,6,1670.0,2.0,0,7,3,0
12.906261574074074,7,4.0,17,407.0,9.0,0,0,21,0
9.184328703703704,11,2.0,21,414.0,2.0,0,22,33,0
9.085787037037036,4,2.0,8,766.0,4.0,0,1,5,0
23.08453703703704,5,2.0,9,1147.0,3.0,0,0,6,4
128.10587962962964,3,2.0,3,393.0,1.0,0,0,3,0
41.973634259259256,13,2.0,39,411.0,5.0,0,12,66,0
704.4987731481482,5,2.0,10,1839.0,0.0,0,1,9,0
22.063229166666662,4,2.0,3,1140.0,5.0,0,0,6,0
21.955497685185183,6,4.0,8,50.0,0.0,0,1,14,0
130.0249074074074,2,2.0,1,320.0,8.0,0,0,1,0
625.9861111111111,8,2.0,12,1837.0,2.0,0,8,20,0
815.771087962963,6,2.0,20,1140.0,5.0,0,1,14,0
1308.074363425926,23,2.0,38,5431.0,13.0,1,105,105,42
4.434652777777778,5,6.0,13,634.0,8.0,0,0,10,0
3.538912037037037,3,2.0,6,1671.0,1.0,0,0,1,2
7486.661099537037,14,4.0,27,1755.0,4.0,0,46,45,0
24.09542824074074,11,5.0,16,648.0,4.0,0,10,45,0
9.914444444444444,8,2.0,13,571.0,2.0,0,7,21,0
287.29211805555553,12,2.0,23,147.0,6.0,0,40,26,0
468.4448958333333,8,2.0,14,652.0,8.0,0,6,22,0
4715.539930555556,92,3.0,186,18.0,9.0,1326,482,298,2080
111.88693287037036,3,6.0,2,14.0,1.0,0,3,0,0
406.4797337962963,8,2.0,13,1142.0,3.0,3,0,10,15
140.17321759259258,6,2.0,6,1671.0,1.0,0,6,9,0
130.0834722222222,4,4.0,4,1757.0,2.0,0,0,6,0
3478.131898148148,76,2.0,154,,0.0,561,425,436,1428
119.38844907407407,7,4.0,12,640.0,2.0,0,3,12,6
8089.757141203704,117,2.0,317,5.0,3.0,1540,1171,659,3416
206.8718402777777,11,4.0,16,1149.0,1.0,0,28,27,0
10.99741898148148,5,2.0,4,390.0,1.0,0,2,8,0
6976.682719907408,6,2.0,9,,0.0,0,0,10,5
11.144745370370371,7,5.0,10,486.0,4.0,0,6,15,0
3130.4484953703704,11,2.0,40,595.0,9.0,0,12,43,0
135.2567361111111,2,2.0,1,440.0,12.0,0,1,0,0
197.8279050925926,1,2.0,0,444.0,8.0,0,0,0,0
141.1807638888889,3,2.0,2,448.0,4.0,0,1,2,0
141.16905092592592,3,2.0,2,448.0,4.0,0,0,3,0
0.946238425925926,2,2.0,1,568.0,3.0,0,0,1,0
1.812511574074074,8,5.0,17,168.0,5.0,0,8,20,0
4.1823958333333335,6,6.0,8,389.0,2.0,0,0,10,5
157.3870486111111,1,2.0,0,445.0,7.0,0,0,0,0
70.13909722222222,20,2.0,39,567.0,6.0,0,77,94,19
14.537557870370373,20,5.0,50,329.0,5.0,0,55,135,0
0.0645601851851851,2,2.0,1,769.0,1.0,0,0,1,0
106.67238425925926,5,2.0,4,83.0,1.0,0,2,8,0
162.61853009259258,4,2.0,6,1185.0,3.0,0,0,6,0
216.5714583333333,14,6.0,51,1818.0,21.0,0,33,58,0
370.2146064814815,14,4.0,41,2884.0,14.0,0,27,64,0
260.9603935185185,14,5.0,63,2881.0,17.0,0,8,70,13
3535.932118055556,12,5.0,16,1837.0,2.0,0,22,44,0
1335.9836342592594,8,2.0,18,5437.0,7.0,0,8,20,0
8.891342592592592,6,2.0,7,1837.0,2.0,0,3,12,0
12.034826388888888,10,2.0,34,1820.0,19.0,0,14,31,0
608.9957291666667,8,2.0,11,207.0,2.0,0,12,16,0
322.73247685185186,10,2.0,13,638.0,4.0,0,1,44,0
616.552974537037,12,2.0,18,785.0,2.0,1,16,29,20
48.4440162037037,4,2.0,5,303.0,2.0,0,0,6,0
9029.713287037035,71,3.0,121,1.0,2.0,703,300,228,1254
290.8941898148148,9,2.0,23,646.0,6.0,0,4,32,0
53.823113425925925,19,2.0,65,165.0,27.0,0,57,96,18
305.6673842592593,14,2.0,24,648.0,4.0,0,11,80,0
1036.6539699074074,3,2.0,2,381.0,1.0,0,1,2,0
10.273912037037038,12,5.0,17,124.0,3.0,0,15,51,0
35.093726851851855,11,5.0,27,364.0,14.0,0,7,48,0
26.17355324074074,9,2.0,18,679.0,5.0,0,0,36,0
26.17111111111111,10,2.0,18,411.0,5.0,1,0,28,16
10.068148148148149,12,5.0,34,569.0,4.0,0,14,52,0
688.127824074074,8,2.0,12,1836.0,3.0,0,5,23,0
280.59931712962964,25,2.0,49,14.0,0.0,1,35,218,46
610.0989351851852,15,4.0,48,788.0,16.0,0,29,62,14
79.25638888888889,4,2.0,5,21.0,2.0,0,3,3,0
1078.8481712962962,24,2.0,49,1147.0,7.0,1,61,170,44
158.20688657407408,6,2.0,14,927.0,2.0,0,0,15,0
266.9662037037037,10,2.0,16,1670.0,2.0,0,25,20,0
74.76163194444445,3,2.0,4,1670.0,2.0,0,0,3,0
4854.164131944444,6,4.0,6,572.0,1.0,0,1,14,0
590.5369791666667,2,2.0,1,748.0,4.0,0,1,0,0
7388.387928240741,13,5.0,44,50.0,0.0,3,2,43,30
77.16075231481481,13,5.0,34,2885.0,13.0,0,9,69,0
30.991041666666668,10,5.0,22,369.0,9.0,0,2,43,0
111.98814814814814,2,4.0,2,555.0,2.0,0,0,1,0
232.93725694444444,8,6.0,22,65.0,17.0,0,9,19,0
499.8508101851852,13,2.0,23,919.0,2.0,0,16,50,12
117.99716435185184,20,4.0,48,675.0,9.0,0,60,130,0
250.13909722222223,8,2.0,14,1375.0,7.0,0,1,27,0
227.1350925925926,6,2.0,5,1142.0,3.0,0,0,15,0
113.01984953703705,9,4.0,29,2890.0,8.0,0,8,20,8
19.902326388888888,9,4.0,19,213.0,5.0,0,8,28,0
7.901400462962963,6,2.0,14,481.0,9.0,0,1,14,0
75.4029513888889,2,5.0,1,1839.0,0.0,0,0,1,0
235.1287962962963,7,2.0,7,604.0,2.0,0,3,18,0
258.2237962962963,10,4.0,15,1142.0,3.0,0,12,33,0
19.218645833333333,5,2.0,7,17.0,2.0,0,7,3,0
26.757604166666667,7,2.0,15,373.0,9.0,0,8,13,0
712.747037037037,5,2.0,5,1144.0,1.0,0,1,9,0
544.3731944444445,18,5.0,93,2876.0,22.0,0,48,88,17
2275.46550925926,5,2.0,5,1458.0,8.0,0,0,10,0
31.73660879629629,16,5.0,35,118.0,9.0,1,19,72,28
114.26445601851852,3,2.0,5,1755.0,4.0,0,1,2,0
228.9300578703704,8,2.0,11,648.0,4.0,0,2,26,0
19.279664351851853,11,4.0,51,211.0,7.0,0,4,51,0
5089.033159722222,12,5.0,25,1754.0,5.0,0,15,40,11
8745.902997685185,7,3.0,8,,0.0,0,8,7,6
56.84583333333333,9,5.0,16,2888.0,10.0,0,3,33,0
17.815914351851852,9,5.0,29,1136.0,14.0,0,13,23,0
176.52523148148148,11,4.0,14,266.0,2.0,3,10,18,24
3.0661689814814816,5,5.0,9,316.0,12.0,0,0,10,0
182.46371527777777,3,4.0,4,449.0,3.0,0,0,3,0
117.94625,18,4.0,50,385.0,6.0,0,39,97,17
245.7036574074074,6,2.0,7,80.0,0.0,0,0,10,5
496.5981018518519,19,2.0,47,918.0,3.0,0,17,136,18
6070.009780092592,38,2.0,72,0.0,6.0,136,97,113,357
3869.9859953703694,39,2.0,104,705.0,47.0,36,229,206,270
222.2773148148148,5,2.0,4,987.0,5.0,0,0,10,0
139.15277777777777,20,5.0,42,23.0,0.0,1,74,79,36
7563.4087268518515,121,4.0,279,405.0,2.0,528,2222,1606,2904
6782.033703703703,9,4.0,12,488.0,2.0,0,13,23,0
515.8218402777778,22,2.0,48,909.0,12.0,0,46,185,0
779.4951388888888,14,3.0,29,44.0,7.0,0,34,44,13
261.5659837962963,8,2.0,25,184.0,8.0,0,5,23,0
113.54359953703704,4,2.0,4,1837.0,2.0,0,0,6,0
50.6265625,10,5.0,29,50.0,0.0,0,0,36,9
113.4441550925926,4,2.0,3,1838.0,1.0,0,0,6,0
4840.670787037037,7,2.0,8,1144.0,1.0,0,5,16,0
303.64574074074073,10,2.0,17,91.0,7.0,0,5,40,0
1130.2283796296297,6,2.0,11,5437.0,7.0,0,0,15,0
4124.544212962963,11,2.0,13,,0.0,0,23,32,0
112.26769675925928,5,2.0,6,533.0,3.0,0,1,9,0
387.0375,11,2.0,13,914.0,7.0,0,2,53,0
21.027615740740742,4,2.0,5,928.0,1.0,0,3,3,0
592.9816319444444,15,4.0,23,567.0,6.0,0,11,80,14
257.70625,7,5.0,6,556.0,1.0,1,0,10,10
973.1664814814816,5,2.0,5,150.0,1.0,0,4,6,0
943.3711458333332,14,2.0,31,1835.0,4.0,0,32,46,13
1614.510798611111,14,2.0,30,640.0,12.0,0,6,72,13
217.3210648148148,8,4.0,10,,0.0,0,11,10,7
7776.360752314815,28,4.0,81,974.0,18.0,1,94,231,52
1281.098414351852,14,2.0,49,749.0,21.0,0,6,72,13
174.85149305555555,8,6.0,21,2893.0,5.0,0,8,20,0
152.35619212962962,5,2.0,5,1671.0,1.0,0,2,4,4
7017.506805555556,24,2.0,148,386.0,71.0,6,110,80,80
12.938298611111112,3,2.0,3,303.0,2.0,0,0,3,0
14.15087962962963,7,5.0,24,911.0,18.0,0,2,19,0
194.7502430555556,20,5.0,61,1789.0,11.0,0,22,149,19
216.4924074074074,11,5.0,21,406.0,10.0,1,16,20,18
1281.008576388889,14,3.0,20,310.0,0.0,3,4,51,33
270.2041550925926,5,2.0,5,450.0,2.0,0,3,7,0
94.7925462962963,6,2.0,7,1837.0,2.0,0,0,15,0
667.5296990740741,7,4.0,6,1838.0,1.0,0,0,21,0
184.82006944444444,12,1.0,21,2888.0,10.0,0,10,45,11
101.00716435185186,2,2.0,2,1670.0,2.0,0,0,1,0
80.3165625,4,2.0,6,2933.0,6.0,0,0,6,0
81.03306712962963,14,4.0,28,1144.0,10.0,0,12,79,0
22.13160879629629,22,6.0,42,197.0,7.0,3,84,87,57
6743.946712962963,18,2.0,27,1400.0,6.0,3,36,69,45
827.0419791666667,28,2.0,80,224.0,11.0,0,186,165,27
104.81496527777776,4,2.0,4,2892.0,6.0,0,0,6,0
17.56888888888889,7,5.0,11,44.0,2.0,0,2,13,6
112.1098148148148,3,2.0,4,449.0,3.0,0,0,3,0
52.88936342592593,4,3.0,4,1671.0,1.0,0,3,3,0
105.00030092592591,11,5.0,29,158.0,12.0,0,11,34,10
52.458587962962966,5,1.0,4,1671.0,1.0,0,0,6,4
446.1637152777778,4,2.0,5,327.0,1.0,0,1,5,0
58.08833333333333,4,5.0,11,50.0,0.0,0,0,6,0
6771.012777777778,17,4.0,36,2276.0,8.0,0,21,99,16
9.011203703703703,7,4.0,14,550.0,7.0,0,1,20,0
8.124722222222223,7,5.0,26,1822.0,17.0,0,0,15,6
4831.352060185185,9,2.0,19,40.0,7.0,0,9,27,0
514.7877777777778,11,2.0,13,70.0,1.0,0,22,33,0
5.804305555555556,11,2.0,25,1141.0,9.0,0,12,43,0
251.0289236111111,5,3.0,4,1398.0,8.0,0,2,8,0
1284.9890625,4,2.0,8,1460.0,6.0,0,2,4,0
13.877106481481482,3,4.0,3,50.0,0.0,0,0,3,0
249.7797453703704,3,2.0,3,1404.0,2.0,0,0,3,0
221.5884953703704,8,5.0,9,1838.0,1.0,1,0,15,12
787.6974421296296,10,2.0,16,918.0,3.0,0,5,40,0
3588.977094907408,26,2.0,80,728.0,24.0,10,97,113,105
2158.480648148148,8,2.0,12,330.0,4.0,0,10,18,0
82.10064814814815,7,2.0,16,1148.0,6.0,0,6,9,6
47.753564814814816,6,2.0,7,1665.0,7.0,0,6,9,0
780.7630324074074,5,4.0,5,682.0,2.0,0,0,6,4
379.2671990740741,15,2.0,44,1139.0,6.0,0,31,74,0
616.1800347222222,11,3.0,13,669.0,4.0,1,2,34,18
105.25996527777778,16,6.0,52,321.0,19.0,0,38,67,15
5594.477997685185,50,2.0,118,,0.0,253,129,222,621
392.5813425925926,10,2.0,14,110.0,3.0,0,11,25,9
238.9562731481481,16,5.0,89,1822.0,17.0,1,24,67,28
88.29072916666667,7,2.0,22,50.0,0.0,0,2,19,0
227.7544212962963,6,3.0,9,1145.0,5.0,0,1,9,5
265.3680902777777,32,4.0,79,1139.0,15.0,0,180,285,31
8.163402777777778,6,5.0,12,1399.0,7.0,0,1,14,0
56.45620370370371,3,2.0,2,147.0,1.0,0,0,3,0
25.012303240740746,11,2.0,23,910.0,11.0,0,5,40,10
5660.845706018518,136,2.0,331,782.0,5.0,3003,1114,539,4524
407.3571875,6,2.0,6,1671.0,1.0,0,9,6,0
197.5379629629629,8,5.0,10,648.0,4.0,0,1,27,0
17.271215277777777,7,2.0,13,565.0,6.0,1,0,10,10
491.9476041666667,11,2.0,16,556.0,15.0,0,3,52,0
28.9113425925926,5,5.0,5,1839.0,0.0,0,3,3,4
1042.5233101851852,24,2.0,56,194.0,18.0,3,70,140,63
307.730625,9,5.0,23,987.0,5.0,0,2,34,0
4478.447002314815,11,2.0,29,206.0,10.0,0,15,30,10
5271.968252314815,37,2.0,63,123.0,9.0,105,132,99,330
4.415532407407407,6,5.0,6,1149.0,1.0,0,5,10,0
18.819305555555555,10,6.0,18,330.0,10.0,0,4,41,0
71.69668981481482,5,5.0,10,50.0,0.0,0,0,10,0
809.5460300925926,12,6.0,23,368.0,2.0,0,16,39,11
371.6491782407408,16,2.0,25,2273.0,11.0,0,21,99,0
566.3975578703704,7,2.0,8,1144.0,1.0,0,10,11,0
196.1473032407408,5,2.0,5,3.0,2.0,0,0,6,4
5655.764733796296,85,5.0,214,112.0,1.0,990,369,411,1800
103.7509375,8,4.0,31,668.0,16.0,0,5,23,0
61.68256944444445,4,2.0,3,2937.0,2.0,0,0,6,0
207.5101736111111,7,2.0,7,1153.0,1.0,0,0,21,0
240.36753472222225,6,4.0,9,1670.0,2.0,0,9,6,0
247.9983449074074,6,2.0,5,2937.0,2.0,0,0,15,0
993.5325578703704,12,5.0,34,1395.0,11.0,0,12,54,0
2.063148148148148,12,5.0,20,572.0,1.0,0,17,38,11
1375.917013888889,43,2.0,81,1207.0,1.0,21,336,294,252
15.782337962962965,4,2.0,4,2934.0,5.0,0,0,6,0
2334.917847222222,21,2.0,41,1146.0,8.0,3,58,95,54
2.164375,3,4.0,4,642.0,0.0,0,0,3,0
29.08099537037037,2,2.0,1,2.0,1.0,0,0,1,0
94.0952199074074,5,2.0,4,1403.0,3.0,0,0,10,0
247.42703703703705,6,2.0,5,1402.0,4.0,0,5,10,0
227.70538194444444,9,4.0,9,1144.0,1.0,0,7,29,0
5713.729976851852,90,2.0,189,62.0,22.0,820,831,345,2009
331.2767939814815,8,2.0,10,1669.0,3.0,0,14,14,0
6735.088634259259,14,2.0,15,102.0,5.0,0,53,25,13
126.3565625,6,2.0,10,2893.0,5.0,0,0,10,5
106.91363425925924,5,2.0,11,447.0,5.0,0,7,3,0
331.8521527777778,5,2.0,10,482.0,3.0,0,2,8,0
4811.63761574074,10,5.0,19,70.0,1.0,0,18,27,0
146.41730324074075,6,2.0,13,653.0,7.0,0,5,5,5
271.1715972222222,8,2.0,10,805.0,1.0,0,4,17,7
56.78710648148148,4,2.0,3,926.0,3.0,0,0,6,0
70.1451388888889,7,6.0,16,2892.0,6.0,0,1,20,0
447.4367939814815,6,2.0,8,673.0,0.0,0,4,6,5
73.99265046296296,8,4.0,38,321.0,19.0,0,3,25,0
5053.071238425926,11,2.0,12,,0.0,6,10,11,28
453.9916782407407,6,2.0,12,1756.0,3.0,0,7,8,0
228.9040856481481,15,5.0,33,2883.0,15.0,0,13,78,14
53.91394675925926,3,5.0,3,1150.0,0.0,0,1,0,2
215.7801504629629,4,3.0,3,1145.0,0.0,0,1,5,0
767.1579166666667,6,2.0,6,915.0,6.0,0,2,13,0
192.88065972222225,4,2.0,6,1144.0,1.0,0,0,6,0
4805.606319444444,4,2.0,3,189.0,3.0,0,3,3,0
471.0772453703704,13,2.0,22,4.0,7.0,0,37,41,0
79.46141203703704,9,2.0,21,1834.0,5.0,0,9,27,0
16.234224537037036,6,2.0,12,553.0,4.0,0,0,10,5
236.9081712962963,20,5.0,41,2888.0,10.0,0,45,126,19
363.7758333333333,8,5.0,11,,0.0,0,8,20,0
1568.863449074074,19,2.0,61,1023.0,21.0,36,20,25,90
362.5469212962963,9,2.0,15,334.0,6.0,1,8,13,14
195.06405092592595,6,2.0,5,988.0,4.0,0,1,14,0
73.94010416666667,4,2.0,3,1142.0,3.0,0,0,6,0
261.31553240740743,8,2.0,18,1149.0,1.0,0,1,20,7
358.22783564814813,14,5.0,30,447.0,14.0,1,12,54,24
8.177719907407408,4,3.0,3,996.0,4.0,0,1,5,0
167.19868055555557,5,2.0,7,1142.0,3.0,0,0,6,4
56.01015046296296,4,2.0,4,1839.0,0.0,0,0,6,0
334.2011574074074,7,2.0,10,925.0,4.0,0,0,21,0
344.17984953703706,9,2.0,11,651.0,1.0,0,23,13,0
689.8623032407407,8,2.0,9,,0.0,0,6,15,7
7676.743217592592,117,5.0,329,1738.0,21.0,1540,1030,800,3416
7753.373634259259,10,2.0,19,109.0,2.0,3,7,14,21
247.2061574074074,8,4.0,12,406.0,1.0,1,2,13,12
51.0306712962963,4,3.0,3,1839.0,0.0,0,1,5,0
871.2836111111111,10,2.0,24,1142.0,3.0,1,13,15,16
632.531099537037,6,4.0,7,1144.0,1.0,0,4,6,5
10.314861111111112,7,2.0,11,188.0,4.0,0,9,12,0
601.2315856481481,22,2.0,40,765.0,5.0,10,57,79,85
168.99756944444445,12,4.0,24,406.0,1.0,3,12,24,27
7352.282106481482,7,2.0,11,331.0,0.0,0,12,9,0
869.9292939814815,48,2.0,128,800.0,4.0,15,316,545,252
968.0392013888888,4,2.0,6,149.0,6.0,0,1,5,0
41.98813657407408,4,5.0,6,1839.0,0.0,1,0,1,4
432.59922453703706,8,5.0,12,641.0,1.0,0,5,23,0
538.6565740740741,2,2.0,1,1142.0,3.0,0,0,1,0
538.6541782407407,2,2.0,1,1143.0,2.0,0,0,1,0
6.993391203703704,4,2.0,6,996.0,4.0,0,1,5,0
60.23695601851852,8,3.0,17,985.0,15.0,0,2,19,7
1356.5589930555554,14,2.0,46,112.0,14.0,1,26,40,24
689.5872337962963,68,5.0,226,643.0,30.0,105,641,737,795
648.2738541666666,3,2.0,2,802.0,2.0,0,1,2,0
323.9554166666667,3,2.0,2,2934.0,5.0,0,0,3,0
86.38902777777778,6,5.0,6,1150.0,0.0,1,0,6,8
7049.001423611111,14,4.0,23,10.0,4.0,15,14,14,48
2444.3780208333333,23,2.0,41,3.0,4.0,0,78,153,22
183.38605324074075,6,2.0,13,915.0,6.0,0,0,15,0
152.34016203703703,5,2.0,4,987.0,5.0,0,0,10,0
741.488136574074,7,2.0,8,1380.0,2.0,0,5,10,6
7783.769108796297,14,2.0,18,0.0,2.0,1,40,26,24
7724.364745370371,68,5.0,284,1.0,50.0,378,525,255,1120
195.8130787037037,12,2.0,27,1832.0,7.0,0,10,45,11
274.3434027777778,2,3.0,2,997.0,3.0,0,0,0,1
537.0464930555555,3,2.0,2,1142.0,3.0,0,0,3,0
348.08569444444447,7,2.0,6,1400.0,6.0,0,5,16,0
12.143125,3,2.0,2,652.0,0.0,0,0,1,2
165.0592824074074,3,1.0,4,1463.0,3.0,0,0,3,0
82.50960648148148,10,5.0,14,929.0,0.0,0,15,30,0
1767.4470949074075,26,2.0,69,1002.0,19.0,21,63,108,133
49.28988425925926,8,2.0,14,199.0,7.0,0,6,22,0
164.40082175925926,5,5.0,8,1838.0,1.0,0,0,6,4
1912.442199074074,38,2.0,133,,0.0,45,222,156,280
38.100208333333335,10,5.0,17,1838.0,1.0,0,12,33,0
588.9245601851852,12,2.0,19,2283.0,1.0,1,10,35,20
166.20061342592592,21,5.0,39,927.0,2.0,6,38,98,68
80.2003587962963,4,2.0,3,925.0,4.0,0,0,6,0
174.8975115740741,10,4.0,11,2.0,2.0,0,3,33,9
146.02869212962963,6,2.0,9,798.0,8.0,0,0,15,0
314.0171875,8,4.0,10,918.0,3.0,0,11,17,0
237.8827662037037,8,2.0,15,646.0,6.0,0,1,20,7
549.244224537037,17,2.0,31,,0.0,1,26,79,30
144.86983796296298,6,2.0,6,740.0,2.0,0,1,14,0
219.31019675925927,12,4.0,21,145.0,8.0,0,26,40,0
117.16275462962965,8,4.0,23,,0.0,0,0,21,7
187.8704976851852,5,2.0,5,913.0,8.0,0,0,6,4
542.067488425926,10,2.0,19,670.0,3.0,1,13,15,16
30.96465277777778,29,6.0,105,68.0,20.0,0,145,233,28
24.80359953703704,7,5.0,13,634.0,8.0,0,6,15,0
217.288125,6,5.0,7,572.0,1.0,0,3,12,0
69.86138888888888,4,4.0,5,1839.0,0.0,0,0,6,0
30.52224537037037,5,2.0,5,1152.0,2.0,0,0,10,0
1695.5577083333333,5,2.0,8,972.0,4.0,0,9,1,0
8292.740057870371,67,2.0,136,51.0,1.0,231,590,400,990
174.30944444444444,4,2.0,4,989.0,3.0,0,0,6,0
22.075069444444445,4,2.0,3,1150.0,0.0,0,0,3,3
890.5275694444445,20,2.0,61,573.0,21.0,3,30,106,51
342.2679861111111,9,4.0,21,982.0,10.0,0,18,18,0
725.5121412037037,8,2.0,11,919.0,2.0,0,6,22,0
346.1701736111111,5,2.0,11,482.0,3.0,0,2,4,4
6704.964270833333,21,4.0,34,1153.0,1.0,10,32,88,80
37.53383101851852,5,2.0,4,1457.0,9.0,0,3,7,0
1730.9080671296297,31,2.0,67,280.0,22.0,21,110,166,168
477.862662037037,15,2.0,36,117.0,6.0,0,3,88,14
196.1708101851852,11,5.0,15,648.0,4.0,1,0,36,18
25.874560185185185,25,6.0,48,736.0,6.0,6,80,130,84
3833.265439814815,13,2.0,15,,0.0,0,8,70,0
5406.610891203703,86,2.0,241,42.0,50.0,1326,368,193,1768
144.29717592592593,5,2.0,25,431.0,21.0,0,0,10,0
63.02868055555555,4,2.0,3,928.0,1.0,0,1,5,0
2333.299606481481,15,2.0,20,915.0,6.0,0,16,75,14
373.7961111111111,7,2.0,15,916.0,5.0,0,0,21,0
67.7635763888889,10,2.0,13,215.0,3.0,6,3,12,24
62.50167824074074,4,2.0,6,175.0,17.0,0,0,6,0
2961.4104398148147,9,4.0,13,925.0,4.0,1,7,14,14
305.0120486111111,12,2.0,21,1149.0,5.0,0,9,57,0
701.9333217592592,1,3.0,0,452.0,0.0,0,0,0,0
715.2080555555556,7,2.0,7,1373.0,9.0,0,0,21,0
6695.507210648148,20,2.0,59,437.0,19.0,1,31,122,36
5595.101805555556,8,2.0,10,,0.0,0,5,16,7
10.031458333333331,6,2.0,9,918.0,3.0,0,0,15,0
405.8134490740741,7,4.0,9,70.0,1.0,0,0,21,0
6694.657233796296,21,2.0,56,627.0,15.0,0,44,166,0
6694.598935185185,16,3.0,23,405.0,2.0,0,40,80,0
420.78622685185184,20,2.0,44,1751.0,8.0,3,21,115,51
7582.375532407407,21,4.0,42,53.0,8.0,15,34,71,90
133.35966435185185,9,2.0,31,66.0,16.0,0,5,23,8
130.7237037037037,10,2.0,23,89.0,9.0,0,8,37,0
223.0883217592593,12,2.0,16,997.0,3.0,0,10,45,11
7051.694791666667,54,2.0,97,,0.0,153,412,218,648
138.2624189814815,3,2.0,4,1757.0,2.0,0,0,3,0
7593.499560185185,10,2.0,9,,0.0,0,3,33,9
516.0631481481481,5,2.0,6,1041.0,3.0,0,4,6,0
158.41524305555555,13,2.0,25,637.0,23.0,0,14,52,12
202.0561458333333,2,2.0,4,16.0,4.0,0,1,0,0
62.19890046296296,5,2.0,14,442.0,10.0,0,2,8,0
5128.844756944444,26,5.0,50,250.0,5.0,6,76,155,88
24.81923611111111,5,2.0,12,1839.0,0.0,0,0,10,0
202.92314814814816,9,4.0,15,450.0,11.0,0,0,36,0
93.3499537037037,8,2.0,17,1136.0,9.0,0,10,18,0
1393.4317592592593,8,2.0,13,5441.0,3.0,0,10,18,0
345.0855671296296,6,2.0,8,316.0,4.0,0,1,14,0
7.719224537037037,4,4.0,9,677.0,7.0,0,0,6,0
6.798472222222222,6,2.0,12,2891.0,7.0,0,0,10,5
561.2221990740741,7,4.0,9,151.0,4.0,1,6,4,10
41.51787037037037,3,2.0,6,2933.0,6.0,0,0,3,0
90.41974537037036,18,5.0,41,1132.0,13.0,3,25,80,45
755.191261574074,8,2.0,8,651.0,1.0,0,8,20,0
436.9947569444444,6,2.0,14,384.0,7.0,0,4,11,0
193.03413194444445,9,5.0,9,389.0,2.0,0,8,28,0
153.12336805555557,2,2.0,1,1143.0,2.0,0,0,1,0
87.95939814814815,9,2.0,64,105.0,38.0,0,10,26,0
89.1645949074074,4,2.0,3,1462.0,4.0,0,2,4,0
2744.243715277778,5,2.0,7,1462.0,4.0,0,2,4,4
7923.169305555555,31,4.0,127,988.0,12.0,28,75,178,184
105.23681712962964,5,4.0,11,261.0,7.0,0,1,9,0
2167.986701388889,4,2.0,3,1671.0,1.0,0,1,2,3
56.34048611111111,4,1.0,4,1670.0,2.0,0,1,5,0
142.69467592592594,5,6.0,8,1836.0,3.0,0,1,9,0
14.155405092592591,11,5.0,20,674.0,10.0,0,12,43,0
230.8602199074074,4,2.0,3,991.0,1.0,0,0,6,0
51.08197916666666,9,2.0,24,630.0,12.0,0,3,25,8
2911.148067129629,21,4.0,45,0.0,9.0,10,29,91,80
32.950625,5,5.0,9,1835.0,4.0,0,2,4,4
54.39609953703704,3,2.0,2,1671.0,1.0,0,1,2,0
698.438738425926,12,2.0,25,1369.0,13.0,1,19,26,20
1134.218773148148,8,2.0,9,920.0,1.0,0,18,10,0
54.91563657407407,7,4.0,19,1144.0,6.0,0,1,14,6
116.42225694444444,3,4.0,2,801.0,5.0,0,0,3,0
144.64511574074075,15,2.0,36,651.0,1.0,3,22,44,36
115.79197916666666,8,2.0,19,911.0,10.0,0,3,25,0
852.2685185185185,8,2.0,10,307.0,3.0,0,6,15,7
759.7836342592593,31,4.0,75,1835.0,4.0,55,81,109,220
53.18228009259259,3,2.0,3,1670.0,2.0,0,1,0,2
581.9914004629629,6,2.0,7,1144.0,1.0,0,4,11,0
7422.063761574074,6,2.0,6,328.0,0.0,1,0,6,8
115.18324074074074,5,5.0,6,1839.0,0.0,0,0,6,4
18.11083333333333,5,2.0,6,915.0,6.0,0,0,10,0
913.8831018518518,4,2.0,5,1403.0,3.0,0,0,6,0
14.300023148148147,5,2.0,7,449.0,3.0,0,3,7,0
114.20501157407408,17,2.0,45,459.0,20.0,0,40,96,0
359.4757407407407,8,2.0,11,1146.0,4.0,0,12,9,7
25.087372685185183,3,2.0,2,2933.0,6.0,0,0,3,0
7968.060590277778,7,3.0,13,,0.0,6,3,0,12
2580.3108564814816,19,2.0,30,182.0,6.0,10,33,58,70
103.08846064814814,5,2.0,6,981.0,11.0,0,0,10,0
28.86400462962963,5,5.0,4,991.0,1.0,0,1,5,4
417.0764930555556,13,2.0,60,2261.0,23.0,0,11,67,0
489.5970138888889,4,2.0,7,1141.0,4.0,0,0,6,0
6671.765706018518,12,3.0,56,2919.0,20.0,1,15,30,20
17.69354166666667,4,2.0,6,324.0,4.0,0,0,6,0
137.8170601851852,9,4.0,14,650.0,2.0,0,5,23,8
562.7964814814815,13,5.0,24,919.0,10.0,0,16,62,0
7919.371666666667,9,4.0,14,,0.0,0,9,19,8
689.3163425925926,5,2.0,7,920.0,1.0,0,0,10,0
570.7941435185185,7,2.0,12,1132.0,13.0,0,4,11,6
608.1207407407408,15,2.0,36,915.0,6.0,3,27,39,36
687.6990046296296,8,2.0,15,1374.0,8.0,0,7,21,0
88.20252314814815,6,2.0,10,472.0,7.0,0,1,14,0
6.498333333333333,2,2.0,1,452.0,0.0,0,1,0,0
7537.101423611111,92,3.0,245,121.0,8.0,351,957,1123,1755
1.2003587962962965,3,4.0,2,1144.0,1.0,0,0,3,0
111.31903935185186,6,5.0,5,1144.0,1.0,0,6,9,0
103.9208101851852,8,2.0,7,381.0,10.0,0,10,18,0
371.7956134259259,5,3.0,6,919.0,2.0,0,0,10,0
273.6927199074074,13,2.0,13,1153.0,1.0,0,31,47,0
159.4514699074074,5,3.0,12,985.0,7.0,0,1,9,0
0.2431944444444444,2,2.0,2,1016.0,5.0,0,0,1,0
80.39108796296296,11,2.0,33,2378.0,14.0,0,6,49,0
94.06337962962964,4,2.0,3,476.0,3.0,0,0,6,0
34.828460648148145,4,5.0,6,1150.0,0.0,0,4,2,0
19.322685185185183,5,2.0,5,450.0,2.0,0,2,8,0
84.31299768518518,5,2.0,6,477.0,2.0,0,0,10,0
35.06899305555555,10,4.0,41,433.0,28.0,0,23,22,0
163.9180324074074,4,2.0,4,1758.0,1.0,0,1,5,0
3063.7521064814814,29,4.0,126,5400.0,44.0,3,146,179,78
1.1201967592592592,4,2.0,4,1839.0,0.0,0,4,2,0
56.66693287037037,4,2.0,9,445.0,7.0,0,0,6,0
91.80651620370372,11,5.0,32,761.0,7.0,0,3,42,10
65.1392824074074,6,5.0,9,1402.0,4.0,0,1,14,0
569.5446180555556,9,2.0,29,183.0,26.0,0,9,19,8
64.66092592592592,6,2.0,16,2889.0,9.0,0,0,10,5
56.07880787037037,5,2.0,5,451.0,1.0,0,4,6,0
82.40109953703704,4,2.0,3,476.0,3.0,0,0,6,0
35.04456018518518,5,2.0,10,1146.0,4.0,0,0,10,0
138.58545138888888,9,2.0,17,1142.0,8.0,0,16,20,0
1250.8808564814815,16,6.0,90,143.0,13.0,3,25,53,39
476.97439814814817,7,2.0,6,2897.0,1.0,0,4,17,0
98.85887731481482,5,5.0,13,2893.0,5.0,0,1,5,4
125.22368055555556,7,2.0,6,656.0,4.0,0,0,21,0
95.7637037037037,5,4.0,7,798.0,8.0,0,2,8,0
88.1557175925926,4,2.0,3,474.0,5.0,0,0,6,0
1215.6161921296296,37,2.0,78,1744.0,15.0,45,169,182,270
81.08052083333334,4,2.0,4,475.0,4.0,0,0,6,0
2719.344259259259,1,2.0,0,1460.0,6.0,0,0,0,0
132.9969212962963,18,4.0,53,1139.0,11.0,10,22,56,65
2260.9744097222224,9,2.0,11,2938.0,1.0,3,4,11,18
849.7569907407408,11,2.0,15,373.0,22.0,1,1,35,18
86.05287037037037,7,5.0,30,974.0,18.0,0,0,21,0
85.06052083333333,7,2.0,8,471.0,8.0,0,3,18,0
373.2276273148148,9,4.0,12,671.0,2.0,0,9,19,8
14.03111111111111,3,6.0,2,474.0,5.0,0,0,3,0
98.75340277777778,4,2.0,4,920.0,1.0,0,0,6,0
474.3310648148148,5,1.0,7,33.0,13.0,0,1,9,0
1.0060185185185184,5,6.0,10,1406.0,0.0,0,6,4,0
5691.734699074074,52,2.0,227,7.0,46.0,190,331,165,640
98.17216435185183,8,2.0,41,455.0,24.0,0,5,23,0
72.60633101851852,10,6.0,38,2875.0,23.0,0,3,42,0
4366.3057407407405,33,4.0,142,18.0,43.0,120,40,96,272
123.82133101851852,19,4.0,68,463.0,27.0,0,44,127,0
1621.9190625,30,4.0,127,2234.0,50.0,0,114,292,29
118.90622685185186,3,2.0,9,138.0,6.0,0,0,1,2
272.1676967592593,8,4.0,15,2.0,9.0,1,2,13,12
287.4829050925926,4,2.0,4,655.0,5.0,0,0,6,0
82.39091435185185,4,2.0,5,989.0,3.0,0,0,3,3
74.21590277777777,10,6.0,21,985.0,7.0,0,7,38,0
6650.942268518518,9,3.0,17,81.0,4.0,0,8,28,0
14.085092592592591,4,2.0,9,2386.0,6.0,0,0,6,0
332.7104861111111,19,2.0,84,740.0,28.0,3,45,75,48
5888.107199074074,64,2.0,246,0.0,5.0,630,246,132,1008
124.789375,11,5.0,18,679.0,5.0,1,11,25,18
668.1182291666667,5,2.0,7,919.0,2.0,0,0,6,4
5.357314814814814,3,2.0,4,449.0,3.0,0,0,3,0
186.1102546296296,5,5.0,8,1668.0,4.0,0,3,7,0
0.4812847222222222,3,2.0,2,447.0,5.0,0,0,3,0
32.12518518518519,6,2.0,8,2382.0,10.0,0,0,15,0
91.77314814814817,8,2.0,23,309.0,11.0,0,3,25,0
86.8073611111111,9,4.0,33,211.0,7.0,0,4,32,0
1507.3616319444443,10,2.0,19,262.0,6.0,0,16,20,9
162.5899537037037,5,2.0,6,256.0,2.0,0,2,8,0
6646.187939814815,16,4.0,25,1152.0,2.0,0,54,51,15
756.6467361111111,9,2.0,13,189.0,3.0,0,0,36,0
8258.705277777777,86,,185,0.0,5.0,1378,357,171,1749
386.7212152777778,22,2.0,40,2889.0,9.0,6,76,77,72
265.62888888888887,6,4.0,17,1832.0,7.0,0,0,15,0
1.8960416666666664,3,2.0,3,142.0,5.0,0,0,3,0
138.5849537037037,4,2.0,6,1404.0,2.0,0,0,3,3
89.57491898148149,4,2.0,4,1404.0,2.0,0,1,5,0
994.7271875,18,5.0,62,473.0,17.0,1,34,86,32
5366.134247685185,27,2.0,78,2378.0,14.0,55,71,49,176
82.15303240740741,5,2.0,5,987.0,5.0,0,0,10,0
464.7264236111111,5,5.0,15,1138.0,7.0,0,0,10,0
319.2208796296296,5,2.0,9,208.0,0.0,0,0,10,0
88.02915509259259,3,2.0,3,440.0,12.0,0,0,3,0
264.0699652777778,4,2.0,7,2934.0,5.0,0,0,3,3
0.0198148148148148,1,2.0,0,449.0,3.0,0,0,0,0
13.0078125,3,2.0,4,1381.0,1.0,0,0,3,0
75.84024305555556,3,2.0,2,388.0,3.0,0,0,3,0
0.765462962962963,3,2.0,5,448.0,4.0,0,1,2,0
0.7698263888888889,4,2.0,5,449.0,3.0,0,1,5,0
6068.1679745370375,49,4.0,118,307.0,3.0,21,339,522,294
38.77693287037037,1,2.0,0,447.0,5.0,0,0,0,0
38.767291666666665,1,2.0,0,445.0,7.0,0,0,0,0
38.76393518518518,1,2.0,0,446.0,6.0,0,0,0,0
655.7879861111111,27,3.0,55,651.0,1.0,6,75,178,92
37.554965277777775,1,2.0,0,445.0,7.0,0,0,0,0
1453.1169791666666,8,3.0,18,129.0,4.0,3,0,10,15
148.13372685185186,4,2.0,16,119.0,4.0,0,4,2,0
158.6912037037037,11,2.0,17,9.0,6.0,0,22,23,10
128.9717824074074,9,2.0,10,997.0,3.0,1,4,17,14
597.1861342592592,6,2.0,15,2276.0,8.0,0,0,10,5
597.1780671296297,6,2.0,8,403.0,4.0,0,2,13,0
70.98005787037037,11,2.0,38,111.0,16.0,0,3,52,0
129.2260648148148,6,2.0,13,200.0,9.0,0,0,15,0
115.989375,5,2.0,5,908.0,12.0,0,0,10,0
213.07438657407408,9,5.0,22,1398.0,8.0,0,4,32,0
2198.7603587962963,10,3.0,22,447.0,9.0,0,11,34,0
49.54640046296296,3,2.0,4,1837.0,2.0,0,0,3,0
35.87244212962963,2,2.0,4,448.0,4.0,0,0,1,0
9.945694444444444,8,5.0,14,1141.0,4.0,0,1,20,7
78.0484375,4,2.0,6,1142.0,3.0,0,1,5,0
127.8192476851852,5,2.0,8,655.0,5.0,0,0,10,0
127.81736111111113,7,2.0,15,651.0,9.0,0,0,21,0
84.17496527777777,7,2.0,41,367.0,27.0,0,3,18,0
85.6694675925926,7,2.0,20,2888.0,10.0,0,10,5,6
562.9790972222222,26,2.0,82,122.0,27.0,21,64,107,133
70.2773611111111,6,2.0,6,389.0,2.0,0,0,15,0
6638.130497685185,16,4.0,42,2274.0,10.0,0,28,92,0
28.297962962962963,7,5.0,10,638.0,4.0,0,4,17,0
117.27756944444444,5,2.0,11,1139.0,6.0,1,0,3,6
614.003287037037,7,2.0,11,1755.0,4.0,0,2,13,6
200.51796296296297,4,2.0,8,6.0,6.0,0,5,1,0
41.224328703703705,6,2.0,16,2891.0,7.0,0,0,15,0
695.9832523148148,18,5.0,79,629.0,31.0,0,42,94,17
163.8619212962963,6,4.0,20,649.0,11.0,0,1,14,0
73.6742824074074,6,2.0,8,403.0,4.0,0,3,12,0
46.644641203703706,5,2.0,7,448.0,4.0,0,2,8,0
6815.818125,7,2.0,18,2.0,5.0,0,7,8,6
6634.953611111111,29,2.0,39,2278.0,6.0,36,84,106,180
1666.6790625,11,2.0,21,1755.0,4.0,1,7,29,18
3076.6450925925924,5,2.0,8,1183.0,5.0,0,0,10,0
4.072974537037037,4,2.0,3,1377.0,5.0,0,0,6,0
80.65109953703704,6,2.0,6,57.0,2.0,0,6,9,0
62.60987268518519,6,2.0,8,477.0,2.0,0,3,7,5
17.858194444444443,5,3.0,4,928.0,1.0,0,3,7,0
62.52706018518519,9,2.0,19,469.0,10.0,0,7,21,8
286.1349652777778,4,4.0,7,918.0,3.0,0,2,4,0
66.04089120370371,5,2.0,7,1797.0,3.0,0,3,7,0
64.14341435185185,4,2.0,4,1798.0,2.0,0,0,6,0
64.13918981481481,4,2.0,4,1798.0,2.0,0,0,6,0
63.95836805555555,4,2.0,6,1143.0,2.0,0,0,6,0
870.921875,4,2.0,3,459.0,2.0,0,0,6,0
66.22636574074075,2,2.0,2,1757.0,2.0,0,0,1,0
144.44699074074074,10,2.0,15,646.0,6.0,0,1,35,9
1.1112268518518518,6,6.0,14,1375.0,7.0,0,7,8,0
5.5047800925925925,3,2.0,5,1668.0,4.0,0,1,0,2
70.97967592592593,4,2.0,7,1796.0,4.0,0,0,6,0
70.98237268518518,4,2.0,7,1796.0,4.0,0,0,6,0
5.2228125,2,2.0,2,1670.0,2.0,0,1,0,0
182.7371875,6,2.0,8,1378.0,4.0,0,3,12,0
60.40297453703704,4,2.0,3,267.0,1.0,0,0,6,0
5.040277777777778,4,2.0,4,1664.0,8.0,0,1,5,0
64.14935185185185,1,2.0,0,1754.0,5.0,0,0,0,0
648.377199074074,4,2.0,7,1377.0,5.0,0,0,6,0
268.6958564814815,7,2.0,26,1664.0,8.0,0,5,16,0
4689.101793981482,4,2.0,4,1143.0,2.0,0,0,6,0
344.3979282407407,5,2.0,8,826.0,4.0,0,4,2,4
3359.9625810185184,8,2.0,11,2936.0,3.0,0,15,13,0
3.380138888888889,3,5.0,3,1670.0,2.0,0,1,0,2
57.20519675925926,3,2.0,2,475.0,4.0,0,0,3,0
646.0785763888889,6,2.0,10,1376.0,6.0,0,0,15,0
1281.3663888888889,10,2.0,22,918.0,3.0,0,2,34,9
49.318275462962966,4,2.0,5,476.0,3.0,0,0,6,0
2.203171296296296,7,6.0,9,990.0,2.0,0,2,19,0
2886.3835648148147,32,5.0,60,644.0,8.0,1,126,309,60
57.1575,6,2.0,7,476.0,3.0,0,6,9,0
57.13248842592593,5,2.0,4,259.0,9.0,0,0,10,0
5.150405092592592,3,2.0,2,189.0,3.0,0,0,3,0
562.1966203703704,18,2.0,36,2278.0,6.0,3,27,78,45
8.278576388888888,12,6.0,24,648.0,4.0,0,16,39,11
119.28719907407408,5,2.0,6,114.0,13.0,0,0,10,0
644.346400462963,3,2.0,2,1375.0,7.0,0,0,3,0
34.916238425925926,6,4.0,14,1832.0,7.0,0,0,15,0
8607.654907407408,22,3.0,34,7.0,4.0,36,62,16,117
76.59311342592592,5,2.0,7,1382.0,0.0,0,0,10,0
643.7243055555556,10,2.0,16,918.0,3.0,0,3,33,9
2.0428125,4,6.0,9,1376.0,6.0,0,1,5,0
61.85283564814815,4,2.0,3,474.0,5.0,0,0,6,0
197.7838773148148,7,2.0,7,990.0,2.0,0,3,18,0
33.73997685185185,7,4.0,10,1837.0,2.0,0,0,21,0
76.95127314814815,8,2.0,8,1837.0,2.0,0,0,28,0
29.05736111111111,6,6.0,8,56.0,3.0,0,2,13,0
244.49173611111112,6,2.0,12,1832.0,7.0,0,0,10,5
390.8436226851852,9,2.0,15,2282.0,2.0,0,4,32,0
4.617025462962963,3,5.0,6,2387.0,5.0,0,0,3,0
123.38234953703704,9,5.0,33,987.0,13.0,0,8,28,0
552.0990625,13,4.0,21,573.0,0.0,0,25,41,12
340.2202893518519,12,2.0,28,27.0,4.0,0,16,50,0
111.8367824074074,6,2.0,7,389.0,2.0,0,2,13,0
242.79922453703705,4,4.0,4,2893.0,5.0,0,0,6,0
38.87775462962963,4,5.0,8,1838.0,1.0,0,3,3,0
159.88869212962962,1,2.0,0,1669.0,3.0,0,0,0,0
95.93690972222224,3,5.0,3,1138.0,7.0,0,0,3,0
56.97094907407408,7,2.0,15,987.0,5.0,0,0,15,6
1868.8016203703703,34,2.0,84,1029.0,15.0,28,116,209,208
52.35951388888889,3,2.0,2,920.0,1.0,0,2,1,0
657.5936111111112,6,2.0,6,1153.0,1.0,0,0,15,0
6.967743055555555,4,5.0,10,2892.0,6.0,0,0,6,0
55.89446759259259,4,2.0,5,1799.0,1.0,0,0,6,0
48.08517361111111,4,2.0,3,1799.0,1.0,0,0,6,0
155.9985763888889,2,2.0,3,1669.0,3.0,0,0,1,0
84.92299768518518,4,2.0,8,1140.0,5.0,0,0,3,3
453.42815972222223,7,1.0,10,918.0,3.0,0,0,21,0
47.304340277777776,3,2.0,2,473.0,6.0,0,0,3,0
145.7713310185185,8,6.0,11,571.0,2.0,0,6,22,0
371.8310069444444,20,4.0,84,654.0,19.0,0,28,143,19
3068.52099537037,6,2.0,5,1179.0,9.0,0,1,14,0
3059.5738078703703,5,2.0,5,1180.0,8.0,0,1,9,0
3068.518564814815,7,2.0,16,593.0,1.0,0,3,18,0
322.16962962962964,3,2.0,2,1184.0,4.0,0,0,3,0
166.28078703703704,6,2.0,17,168.0,11.0,0,2,13,0
3059.562465277778,4,2.0,3,1185.0,3.0,0,0,6,0
153.8394675925926,3,1.0,2,1186.0,2.0,0,0,3,0
3099.970127314815,4,2.0,3,1183.0,5.0,0,0,6,0
3068.512199074074,4,3.0,3,1184.0,4.0,0,2,4,0
375.0000115740741,3,2.0,2,1183.0,5.0,0,0,3,0
3082.7579050925924,3,1.0,2,1182.0,6.0,0,0,3,0
47.075462962962966,4,2.0,3,474.0,5.0,0,0,6,0
21.104652777777776,5,2.0,5,1831.0,8.0,0,0,10,0
2.3331828703703703,2,2.0,1,1255.0,0.0,0,0,1,0
854.1329050925926,7,2.0,16,1.0,5.0,0,3,12,6
24.974965277777777,9,5.0,31,318.0,2.0,0,19,17,0
1214.7552199074073,15,2.0,23,1060.0,6.0,6,31,24,44
235.58797453703704,6,5.0,14,1836.0,3.0,0,1,14,0
206.9740625,5,2.0,22,591.0,13.0,0,0,10,0
1.5600578703703705,3,2.0,2,448.0,4.0,0,0,3,0
141.1972685185185,11,2.0,21,680.0,4.0,0,12,33,10
3.3452314814814814,2,2.0,1,189.0,3.0,0,0,1,0
150.34952546296296,4,2.0,4,1143.0,2.0,0,3,3,0
341.2774074074074,14,2.0,48,2352.0,40.0,0,19,72,0
66.10980324074075,4,2.0,3,2386.0,6.0,0,0,6,0
7185.588715277778,8,1.0,8,423.0,2.0,0,0,21,7
65.81197916666666,7,3.0,14,2384.0,8.0,0,0,21,0
52.561145833333335,4,2.0,4,1838.0,1.0,0,0,6,0
233.2667361111111,4,2.0,4,1837.0,2.0,0,0,6,0
336.1638425925926,6,2.0,16,173.0,6.0,0,0,15,0
148.1159375,3,2.0,5,1835.0,4.0,0,0,3,0
86.8372337962963,5,4.0,6,1144.0,1.0,0,3,7,0
1668.0049537037037,7,6.0,13,590.0,4.0,0,8,13,0
55.804965277777775,5,5.0,12,1144.0,6.0,0,0,10,0
434.09672453703706,9,3.0,13,919.0,1.0,0,12,24,0
51.72074074074074,5,5.0,8,1839.0,0.0,1,0,3,6
149.05564814814815,5,2.0,5,1670.0,2.0,0,2,4,4
630.374849537037,5,3.0,9,1376.0,6.0,0,1,9,0
96.30288194444444,3,4.0,2,1671.0,1.0,0,0,3,0
75.93354166666667,7,2.0,12,985.0,7.0,0,0,21,0
8286.204560185186,70,4.0,155,27.0,17.0,153,826,500,936
461.83280092592594,19,4.0,44,124.0,3.0,0,17,154,0
148.39128472222222,2,2.0,3,1669.0,3.0,0,0,1,0
6.930868055555556,8,2.0,14,432.0,20.0,0,14,14,0
1626.2036458333334,8,2.0,11,5439.0,5.0,6,0,6,16
79.11828703703704,2,4.0,1,1141.0,4.0,0,0,1,0
754.6889004629629,3,2.0,2,2391.0,1.0,0,0,3,0
19.778622685185184,4,2.0,6,2889.0,9.0,0,0,6,0
18.917256944444443,2,2.0,1,1837.0,2.0,0,0,1,0
8.645023148148148,5,2.0,4,1831.0,8.0,0,0,10,0
125.92935185185183,10,2.0,24,909.0,12.0,0,6,39,0
167.92815972222223,5,2.0,6,1825.0,14.0,0,0,10,0
6609.844560185185,16,2.0,55,461.0,29.0,0,19,101,0
320.43539351851854,6,2.0,18,911.0,10.0,0,2,8,5
67.39283564814815,8,2.0,18,647.0,13.0,0,0,28,0
224.750625,3,4.0,8,1400.0,6.0,0,0,3,0
146.10077546296296,2,4.0,1,1461.0,5.0,0,0,1,0
126.42319444444443,4,2.0,3,656.0,4.0,0,0,6,0
28.104907407407406,5,2.0,4,473.0,6.0,0,0,10,0
93.3627662037037,2,2.0,2,1667.0,5.0,0,0,1,0
1262.565532407407,4,2.0,3,137.0,6.0,0,4,2,0
3953.225648148148,7,2.0,8,137.0,1.0,0,10,11,0
429.9970023148149,3,2.0,5,1141.0,4.0,0,2,1,0
383.0773148148148,29,2.0,49,496.0,5.0,1,105,246,54
1842.7072222222223,12,1.0,13,683.0,1.0,0,22,33,11
310.15069444444447,15,2.0,44,346.0,24.0,0,23,68,14
143.11791666666667,2,3.0,2,1670.0,2.0,0,0,1,0
52.02167824074074,4,2.0,3,2387.0,5.0,0,0,6,0
43.14079861111111,5,2.0,6,989.0,3.0,0,1,9,0
95.39873842592591,5,2.0,6,1669.0,3.0,0,0,6,4
25.181296296296296,4,2.0,8,1400.0,6.0,0,2,4,0
13.8690625,4,2.0,17,1824.0,15.0,0,0,6,0
48.38423611111112,7,5.0,10,319.0,1.0,0,6,9,6
94.45869212962964,4,1.0,6,1670.0,2.0,0,2,4,0
37.73945601851852,3,2.0,5,2894.0,4.0,0,0,3,0
511.81766203703705,4,2.0,3,1145.0,0.0,0,0,6,0
224.0198032407408,5,2.0,4,1838.0,1.0,0,3,7,0
8.003287037037037,4,2.0,3,2894.0,4.0,0,0,6,0
27.06758101851852,6,2.0,12,801.0,5.0,0,0,15,0
0.890474537037037,3,2.0,2,448.0,4.0,0,0,3,0
354.85274305555555,7,2.0,7,105.0,0.0,0,0,21,0
11.665694444444444,6,6.0,10,927.0,2.0,0,0,15,0
174.69694444444443,14,2.0,37,753.0,15.0,3,14,41,33
12.418425925925924,4,2.0,12,46.0,8.0,0,0,6,0
493.7034722222222,6,2.0,13,126.0,9.0,1,3,3,8
137.26686342592592,4,2.0,7,1140.0,5.0,0,0,6,0
6.061678240740741,3,2.0,2,2936.0,3.0,0,0,3,0
45.29694444444444,2,2.0,2,445.0,7.0,0,0,1,0
34.535381944444445,4,3.0,14,441.0,11.0,0,1,5,0
145.82185185185185,3,2.0,4,188.0,0.0,0,0,3,0
135.52186342592591,7,2.0,13,121.0,2.0,0,0,21,0
94.34828703703704,3,2.0,5,1141.0,4.0,0,1,2,0
43.46907407407407,9,2.0,16,428.0,24.0,0,7,29,0
83.57872685185185,3,1.0,4,1671.0,1.0,0,1,2,0
3.487326388888889,8,2.0,13,190.0,2.0,1,3,12,12
3.244629629629629,3,4.0,4,1140.0,5.0,0,0,3,0
6.9671875,5,4.0,15,2891.0,7.0,0,0,10,0
1154.2821064814814,9,2.0,11,683.0,1.0,0,14,22,0
50.42059027777778,2,2.0,3,498.0,3.0,0,1,0,0
342.21949074074075,6,2.0,13,981.0,11.0,0,3,12,0
31.969722222222224,5,6.0,12,443.0,9.0,0,0,10,0
6.0844907407407405,7,6.0,21,649.0,11.0,0,5,16,0
35.47405092592592,5,2.0,11,,0.0,0,4,6,0
69.41159722222223,7,5.0,15,2889.0,9.0,0,0,21,0
57.45295138888889,4,2.0,4,1833.0,6.0,0,0,6,0
7.384328703703703,9,4.0,14,642.0,0.0,0,17,19,0
84.03679398148148,13,2.0,58,986.0,6.0,0,13,65,0
8370.548796296296,15,3.0,18,,0.0,0,39,66,0
450.8190740740741,7,4.0,8,652.0,0.0,0,16,5,0
47.93275462962963,4,2.0,4,1831.0,8.0,0,0,6,0
70.91887731481482,5,5.0,8,738.0,4.0,0,2,8,0
4.687337962962963,21,6.0,65,536.0,11.0,3,60,93,54
386.3848148148148,4,2.0,4,1404.0,2.0,0,0,6,0
387.3568287037037,21,2.0,46,490.0,11.0,0,33,177,0
8577.562372685185,36,2.0,74,402.0,23.0,190,65,55,320
25.02942129629629,4,2.0,8,654.0,6.0,0,0,6,0
25.05707175925926,4,2.0,7,655.0,5.0,0,0,6,0
47.86702546296296,4,2.0,10,652.0,8.0,0,0,6,0
30.32460648148148,5,4.0,7,988.0,4.0,0,2,8,0
3472.751840277778,7,3.0,6,,0.0,0,4,11,6
1.7669560185185185,6,2.0,6,1830.0,9.0,0,1,14,0
187.6186805555556,2,2.0,3,1669.0,3.0,0,0,1,0
1037.1328472222222,9,3.0,12,1672.0,0.0,1,3,18,14
2.887476851851852,4,5.0,8,1144.0,6.0,0,0,3,3
413.6712268518518,3,2.0,3,1143.0,2.0,0,0,3,0
87.01186342592592,2,2.0,2,1143.0,2.0,0,0,1,0
413.7850115740741,3,2.0,5,1142.0,3.0,0,0,3,0
20.332453703703703,6,2.0,9,986.0,6.0,0,2,13,0
43.16275462962963,4,2.0,3,1835.0,4.0,0,0,6,0
7.319791666666666,3,2.0,2,1835.0,4.0,0,0,3,0
301.7000462962963,11,2.0,17,640.0,2.0,0,4,51,0
266.3519444444444,7,5.0,17,5436.0,8.0,0,0,15,6
25.767291666666665,15,5.0,40,760.0,8.0,0,28,63,14
375.9196064814815,4,3.0,5,1834.0,5.0,0,0,6,0
328.7702662037037,8,2.0,9,671.0,2.0,0,0,21,7
118.96672453703704,14,4.0,51,646.0,14.0,0,28,63,0
6588.7390625,30,4.0,57,1148.0,6.0,15,85,191,144
41.239525462962966,16,2.0,35,1141.0,9.0,0,40,80,0
88.15552083333333,20,2.0,92,213.0,5.0,0,27,163,0
27.112418981481483,7,2.0,12,474.0,5.0,0,11,10,0
399.96447916666665,11,4.0,18,569.0,4.0,0,13,42,0
34.98625,6,5.0,28,2878.0,20.0,0,2,13,0
6554.111643518519,28,2.0,61,,0.0,6,58,218,96
87.0054050925926,14,2.0,73,2879.0,19.0,3,18,37,33
207.8414930555556,11,2.0,14,301.0,27.0,0,28,27,0
26.81636574074074,6,4.0,24,2886.0,12.0,0,0,15,0
277.4483564814815,3,2.0,2,1668.0,4.0,0,1,2,0
277.4349305555556,4,5.0,9,1664.0,8.0,0,0,6,0
307.2019560185185,4,4.0,8,1139.0,6.0,0,0,6,0
460.78003472222224,6,2.0,10,668.0,5.0,0,1,14,0
12.618668981481482,3,2.0,3,1667.0,5.0,0,0,3,0
53.92640046296296,6,2.0,13,5435.0,9.0,0,0,10,5
0.9811921296296297,7,6.0,31,990.0,2.0,0,0,15,6
74.12900462962963,8,5.0,7,645.0,7.0,0,0,28,0
512.2823148148149,8,4.0,24,56.0,1.0,0,12,9,7
24.406400462962964,2,4.0,1,1839.0,0.0,0,0,1,0
265.8428125,13,2.0,31,631.0,29.0,0,18,60,0
57.99854166666667,6,5.0,16,2889.0,9.0,0,1,9,5
102.05160879629628,8,5.0,31,459.0,20.0,0,1,27,0
5460.313888888889,3,5.0,3,2896.0,2.0,0,0,1,2
36.48605324074074,6,5.0,21,2887.0,11.0,0,4,11,0
59.19071759259259,7,2.0,9,649.0,3.0,0,1,20,0
21.840115740740742,6,2.0,9,655.0,5.0,0,3,12,0
27.768391203703704,2,5.0,1,2897.0,1.0,0,0,1,0
2852.057303240741,6,2.0,5,684.0,0.0,0,1,14,0
28.111863425925925,4,5.0,7,,0.0,0,0,3,3
83.26629629629629,8,2.0,19,642.0,0.0,0,5,16,7
29.94957175925926,5,2.0,6,650.0,2.0,0,0,10,0
169.03474537037036,10,5.0,33,2883.0,15.0,0,3,42,0
49.13679398148148,4,2.0,6,1378.0,4.0,0,1,5,0
356.9657060185185,2,2.0,2,919.0,2.0,0,0,1,0
6581.846273148148,3,2.0,3,204.0,2.0,0,1,2,0
6581.83962962963,8,2.0,29,187.0,19.0,0,2,26,0
5.688298611111111,2,2.0,3,1379.0,3.0,0,0,1,0
1592.553738425926,84,2.0,274,642.0,42.0,153,1110,1035,1188
272.1677662037037,4,2.0,4,145.0,2.0,0,3,3,0
47.94244212962963,6,2.0,10,736.0,6.0,0,0,15,0
531.7354861111111,4,2.0,3,474.0,5.0,0,2,4,0
7197.7070254629625,20,3.0,54,419.0,6.0,15,43,48,84
7.916006944444445,3,2.0,3,1669.0,3.0,0,0,3,0
531.0028587962963,6,2.0,19,315.0,5.0,0,0,10,5
152.1181712962963,11,2.0,13,969.0,23.0,0,15,30,10
181.21748842592592,4,2.0,3,1142.0,3.0,0,0,6,0
82.16085648148149,7,2.0,13,1137.0,8.0,0,2,19,0
775.8439583333334,6,1.0,16,,0.0,0,3,12,0
5263.706006944444,15,2.0,60,6.0,25.0,21,11,17,56
5.780671296296297,7,2.0,10,2893.0,5.0,0,1,20,0
818.8112962962963,9,2.0,12,1398.0,8.0,0,2,34,0
19.845358796296296,6,2.0,10,166.0,5.0,0,1,14,0
3.68443287037037,2,4.0,1,642.0,0.0,0,0,0,1
3568.207465277778,44,2.0,114,,0.0,45,193,368,340
6578.930659722222,18,2.0,36,49.0,8.0,0,50,86,17
307.8461921296296,10,2.0,22,667.0,6.0,0,8,28,9
2135.599039351852,8,2.0,19,381.0,11.0,3,5,5,15
7392.597268518519,5,2.0,5,81.0,2.0,0,1,5,4
7836.514108796297,21,2.0,30,,0.0,78,14,14,104
364.6540162037037,10,2.0,26,2855.0,43.0,0,10,35,0
1401.7645486111112,5,2.0,9,331.0,0.0,0,3,7,0
1060.2927546296296,8,2.0,16,920.0,1.0,0,9,12,7
8352.391145833333,4,3.0,3,,0.0,0,4,2,0
6576.961446759259,5,4.0,9,1150.0,4.0,0,0,10,0
6576.929826388889,9,5.0,19,89.0,3.0,0,12,24,0
6576.927129629629,8,5.0,9,2282.0,2.0,0,2,26,0
90.3500462962963,11,5.0,16,1402.0,4.0,0,6,49,0
216.3279050925926,11,2.0,19,163.0,8.0,0,3,42,10
6576.132719907408,12,6.0,46,191.0,15.0,0,19,36,11
6.060671296296296,5,2.0,6,989.0,3.0,0,0,6,4
16.228194444444444,7,2.0,21,982.0,10.0,0,2,19,0
5794.846064814815,242,4.0,683,453.0,4.0,10153,3614,1237,14157
40.85024305555555,8,2.0,10,374.0,4.0,0,5,16,7
715.9344675925926,5,1.0,16,42.0,4.0,0,3,3,4
1.255162037037037,4,4.0,4,1150.0,0.0,0,1,2,3
539.8782407407407,13,4.0,26,169.0,3.0,3,9,36,30
379.4885300925926,6,2.0,13,647.0,13.0,0,0,10,5
393.3184027777778,5,2.0,7,2892.0,6.0,0,0,10,0
1637.2895023148149,91,3.0,225,2350.0,42.0,231,1114,1232,1518
526.0511111111111,12,2.0,24,674.0,10.0,0,5,61,0
2.302511574074074,1,5.0,0,452.0,0.0,0,0,0,0
2.0177199074074075,5,6.0,11,472.0,7.0,0,1,9,0
525.6652777777778,9,6.0,17,984.0,8.0,0,4,24,8
55.44978009259259,9,1.0,11,2895.0,3.0,0,6,30,0
4.7303125,2,1.0,3,449.0,3.0,0,0,1,0
89.46141203703704,7,1.0,7,556.0,1.0,0,6,15,0
182.90701388888888,5,1.0,8,925.0,4.0,0,0,10,0
8739.157002314814,60,6.0,127,566.0,7.0,21,640,738,371
13.526238425925929,10,6.0,19,2890.0,8.0,0,8,37,0
7.122118055555555,5,5.0,4,654.0,6.0,0,1,9,0
291.36354166666666,7,2.0,13,917.0,4.0,0,6,15,0
194.9841782407408,13,2.0,78,2864.0,34.0,0,19,59,0
1340.0428472222222,10,2.0,9,1671.0,1.0,0,3,33,9
707.2817476851852,33,2.0,70,1151.0,3.0,10,122,256,140
4634.721840277778,5,3.0,8,114.0,13.0,0,4,6,0
1162.4750231481482,6,2.0,6,2891.0,7.0,0,2,13,0
522.8937037037037,6,2.0,11,993.0,7.0,0,6,9,0
16.94667824074074,8,2.0,11,928.0,1.0,1,0,15,12
84.18931712962963,6,1.0,5,652.0,0.0,0,5,5,5
520.9258796296297,6,2.0,9,987.0,5.0,0,2,13,0
9.928159722222222,3,2.0,3,2896.0,2.0,0,0,3,0
29.89900462962963,9,4.0,33,1649.0,23.0,0,9,19,8
107.69559027777778,2,2.0,2,1670.0,2.0,0,0,1,0
0.8177893518518519,2,2.0,1,4.0,3.0,0,0,1,0
83.45673611111111,7,2.0,7,652.0,0.0,0,5,10,6
17.113506944444445,12,2.0,33,1.0,13.0,0,16,50,0
355.80850694444445,5,3.0,6,2896.0,2.0,0,0,10,0
41.58894675925926,5,5.0,10,1839.0,0.0,0,0,6,4
0.7418402777777777,11,6.0,28,466.0,13.0,0,22,33,0
3.424525462962963,3,2.0,2,1758.0,1.0,0,0,3,0
21.213217592592592,5,2.0,5,1758.0,1.0,0,4,6,0
2688.6747685185187,6,2.0,5,0.0,3.0,0,5,5,5
13.119340277777775,7,5.0,19,2888.0,10.0,0,0,21,0
6090.951967592592,3,2.0,6,175.0,4.0,0,0,1,2
368.7354398148148,9,2.0,31,988.0,12.0,0,6,22,8
372.3283796296296,7,2.0,13,1753.0,6.0,0,4,17,0
42.915416666666665,16,5.0,74,1816.0,23.0,0,11,94,15
772.0772916666666,11,2.0,16,1668.0,4.0,0,25,20,10
76.73877314814816,4,2.0,3,684.0,0.0,0,3,3,0
715.4042824074074,12,2.0,60,585.0,21.0,3,15,21,27
215.86407407407407,10,6.0,39,160.0,19.0,0,7,29,9
0.6676504629629629,2,6.0,1,1758.0,1.0,0,0,1,0
33.609907407407405,5,2.0,7,1670.0,2.0,0,2,4,4
7686.862835648149,7,3.0,7,211.0,1.0,0,3,12,6
4.176388888888889,3,2.0,4,1670.0,2.0,0,0,1,2
51.80579861111111,6,5.0,14,550.0,7.0,0,5,10,0
204.2568287037037,7,5.0,12,1402.0,4.0,0,1,20,0
514.5025115740741,6,2.0,9,995.0,5.0,0,2,13,0
195.82288194444445,18,2.0,50,917.0,12.0,3,13,92,45
15.226921296296297,5,5.0,4,924.0,5.0,0,3,7,0
4204.796493055555,12,2.0,96,167.0,49.0,0,28,38,0
21.457256944444445,7,6.0,16,77.0,7.0,0,9,6,6
16.04261574074074,8,2.0,20,2891.0,7.0,0,6,22,0
3.0591319444444443,5,2.0,4,1839.0,0.0,0,1,5,4
22.260810185185186,3,3.0,6,1669.0,3.0,0,2,1,0
14.975636574074072,5,5.0,8,647.0,5.0,0,3,7,0
2.3677314814814814,3,5.0,3,2896.0,2.0,0,0,3,0
273.81283564814817,10,2.0,30,910.0,11.0,0,12,33,0
384.7993865740741,4,5.0,4,1143.0,2.0,0,0,6,0
6.924930555555555,7,2.0,8,2892.0,6.0,0,8,13,0
50.2078125,6,2.0,6,1374.0,8.0,0,0,15,0
6.185300925925926,7,4.0,26,795.0,11.0,0,1,20,0
204.96288194444443,9,6.0,18,916.0,4.0,0,8,28,0
27.60247685185185,5,2.0,15,2891.0,7.0,0,0,10,0
0.648449074074074,5,5.0,7,,0.0,0,0,10,0
237.38079861111112,6,2.0,21,1143.0,11.0,0,3,12,0
3002.6048958333336,5,3.0,10,1181.0,7.0,0,3,7,0
579.0966203703704,5,2.0,7,320.0,8.0,0,0,10,0
14.560775462962964,4,5.0,4,1839.0,0.0,0,3,3,0
32.68971064814815,4,2.0,4,1839.0,0.0,0,2,1,3
3138.226736111111,26,2.0,40,174.0,57.0,55,52,53,165
514.1495833333333,4,2.0,3,1839.0,0.0,0,0,6,0
77.99151620370371,13,5.0,64,116.0,11.0,0,19,59,0
52.97215277777778,6,2.0,10,206.0,3.0,0,7,8,0
326.63837962962964,17,4.0,41,1149.0,5.0,0,2,118,16
508.9073958333333,8,2.0,18,469.0,10.0,0,1,20,7
508.8588657407407,6,2.0,5,469.0,10.0,0,0,15,0
238.31208333333333,3,2.0,2,1669.0,3.0,0,2,1,0
44.321863425925926,3,2.0,3,1757.0,2.0,0,0,1,2
1212.9488078703705,4,2.0,3,1672.0,0.0,0,0,6,0
6558.999953703704,28,2.0,58,,0.0,1,156,169,52
102.07583333333334,5,2.0,5,987.0,5.0,0,0,10,0
0.2218055555555555,4,4.0,3,1839.0,0.0,0,0,3,3
506.0667592592592,11,2.0,17,1149.0,5.0,0,10,45,0
5094.218888888889,8,2.0,11,917.0,3.0,1,0,15,12
183.38539351851853,26,5.0,71,24.0,1.0,0,140,185,0
28.12601851851852,4,4.0,8,1839.0,0.0,0,2,4,0
13.231006944444443,5,2.0,6,123.0,0.0,0,0,10,0
574.268125,3,2.0,3,1380.0,2.0,0,0,3,0
2616.4943865740743,1,2.0,0,1459.0,7.0,0,0,0,0
4338.457581018519,9,2.0,24,0.0,8.0,3,5,10,18
392.3502314814815,7,2.0,14,980.0,12.0,0,8,7,6
7.201516203703704,6,5.0,14,385.0,6.0,0,1,14,0
15.871585648148148,6,5.0,20,,0.0,0,0,15,0
482.14375,8,2.0,12,826.0,4.0,0,5,16,7
174.82660879629628,4,5.0,4,1839.0,0.0,0,0,6,0
174.82383101851852,5,5.0,8,305.0,11.0,0,0,10,0
244.60363425925925,2,2.0,1,1669.0,3.0,0,0,1,0
2615.430127314815,3,2.0,2,1461.0,5.0,0,0,1,2
84.34820601851852,7,5.0,16,677.0,7.0,0,3,18,0
413.1092708333333,4,3.0,7,1839.0,0.0,0,1,5,0
558.1467361111111,7,2.0,14,205.0,3.0,0,5,10,6
24.74848379629629,6,2.0,17,297.0,10.0,0,0,15,0
243.25560185185185,3,5.0,2,1671.0,1.0,0,0,3,0
503.1030671296296,6,4.0,9,988.0,4.0,0,1,14,0
7093.140601851852,34,2.0,97,0.0,10.0,91,89,101,280
75.06984953703704,2,6.0,2,992.0,0.0,0,0,1,0
45.83351851851852,4,2.0,5,265.0,3.0,0,0,6,0
65.8932638888889,3,2.0,2,682.0,2.0,0,0,3,0
170.50224537037036,8,2.0,11,1834.0,5.0,0,6,15,7
788.5004861111111,4,2.0,4,1404.0,2.0,0,0,3,3
273.84215277777776,9,2.0,11,652.0,0.0,3,4,11,18
76.74118055555556,10,4.0,30,1132.0,18.0,0,10,26,9
87.10274305555555,7,5.0,15,2890.0,8.0,0,6,15,0
170.11925925925925,12,2.0,40,2880.0,18.0,0,4,62,0
439.9673726851852,4,2.0,4,2896.0,2.0,0,0,6,0
22.74774305555556,6,4.0,9,2885.0,13.0,0,0,15,0
439.9063194444444,8,2.0,15,1834.0,5.0,0,3,25,0
652.633275462963,7,1.0,7,319.0,1.0,0,2,13,6
497.9172222222222,5,4.0,8,987.0,5.0,0,2,8,0
497.7386342592592,7,2.0,18,403.0,13.0,0,0,15,6
28.07773148148148,8,2.0,15,598.0,6.0,0,6,22,0
19.91490740740741,6,2.0,6,80.0,5.0,0,5,10,0
565.6116319444444,3,2.0,2,1376.0,6.0,0,0,3,0
3001.7785069444444,10,2.0,26,1000.0,0.0,0,7,38,0
62.95984953703704,5,2.0,4,1141.0,4.0,0,4,6,0
158.16554398148148,8,2.0,10,1152.0,2.0,0,7,21,0
321.14270833333336,4,2.0,7,476.0,3.0,0,3,3,0
155.00966435185185,8,4.0,11,1151.0,3.0,0,4,24,0
6463.452858796296,13,4.0,18,672.0,1.0,3,8,37,30
39.05021990740741,13,2.0,24,200.0,6.0,0,19,59,0
1654.9560416666666,38,2.0,58,116.0,7.0,15,214,282,192
804.6411689814814,4,2.0,5,1670.0,2.0,0,2,4,0
12.009108796296296,2,4.0,1,2897.0,1.0,0,0,1,0
2298.6490625,47,2.0,123,,0.0,6,328,575,172
667.7503935185185,18,2.0,85,5393.0,51.0,0,74,79,0
38.26788194444445,15,5.0,21,647.0,5.0,0,36,55,14
7405.806840277778,2,2.0,1,218.0,4.0,0,0,0,1
3.964085648148148,9,6.0,17,988.0,4.0,0,1,35,0
7093.845185185185,9,2.0,14,15.0,3.0,0,7,21,8
492.799675925926,5,2.0,9,986.0,6.0,0,0,6,4
21.956828703703703,6,2.0,20,,0.0,0,0,15,0
94.18576388888889,3,2.0,3,999.0,1.0,0,0,3,0
118.1728587962963,4,2.0,8,994.0,6.0,0,2,4,0
692.8273726851852,8,4.0,47,115.0,23.0,0,6,15,7
13.446828703703703,9,5.0,23,1829.0,10.0,0,3,33,0
223.66986111111112,9,2.0,34,823.0,7.0,0,0,36,0
225.0734837962963,7,2.0,13,216.0,2.0,0,9,6,6
15.006574074074074,6,5.0,10,1145.0,5.0,0,0,15,0
84.1975,5,4.0,10,1140.0,5.0,0,1,9,0
32.84506944444445,4,4.0,5,265.0,3.0,0,0,6,0
430.7582523148148,9,4.0,24,381.0,14.0,0,3,33,0
183.73024305555555,4,4.0,6,1141.0,4.0,0,2,4,0
335.3656365740741,9,4.0,22,2888.0,10.0,0,8,28,0
362.667974537037,8,6.0,14,1140.0,5.0,0,8,13,7
362.4501851851852,7,2.0,13,1138.0,7.0,0,2,19,0
2.552465277777778,5,2.0,4,1839.0,0.0,0,0,10,0
140.2579513888889,5,2.0,11,1150.0,4.0,1,0,3,6
56.02296296296296,12,5.0,27,333.0,7.0,0,18,48,0
6.552453703703704,7,2.0,14,416.0,36.0,0,3,18,0
277.0168287037037,22,4.0,56,671.0,2.0,0,85,146,0
155.83703703703705,5,2.0,4,996.0,4.0,0,0,10,0
27.660520833333333,15,5.0,73,2857.0,41.0,0,14,91,0
0.9951967592592592,2,1.0,2,1380.0,2.0,0,0,1,0
4595.415104166666,9,2.0,14,826.0,4.0,0,6,22,8
484.86488425925927,3,2.0,3,10.0,2.0,0,0,1,2
7977.641597222222,6,3.0,6,211.0,1.0,0,6,4,5
1.8287847222222224,3,2.0,3,1838.0,1.0,0,0,3,0
28.821909722222223,7,5.0,22,1132.0,13.0,0,0,21,0
425.86415509259257,7,2.0,10,,0.0,0,0,15,6
28.77672453703704,9,2.0,18,1139.0,6.0,0,3,33,0
6.777673611111111,5,2.0,7,1669.0,3.0,0,2,8,0
71.72,4,2.0,8,481.0,4.0,0,1,5,0
145.7409722222222,6,2.0,5,1151.0,3.0,0,2,8,5
224.2294328703704,6,2.0,7,1670.0,2.0,0,2,13,0
399.8394328703704,2,2.0,2,1670.0,2.0,0,0,1,0
105.91085648148147,2,2.0,1,1671.0,1.0,0,0,1,0
1.0881828703703704,3,5.0,2,1838.0,1.0,0,0,3,0
8699.191087962963,42,3.0,70,2.0,11.0,210,122,88,441
110.26561342592592,16,5.0,38,756.0,12.0,0,27,93,0
424.0672916666667,17,5.0,46,13.0,10.0,1,72,33,30
14.247939814814815,6,2.0,10,1667.0,5.0,0,1,9,5
182.45976851851853,7,2.0,12,1668.0,4.0,0,4,17,0
1114.2745949074074,75,2.0,147,544.0,12.0,55,1137,879,704
151.30560185185186,8,3.0,10,1837.0,2.0,0,7,14,7
452.7959490740741,5,2.0,5,651.0,1.0,0,1,9,0
94.65092592592592,3,2.0,4,1142.0,3.0,0,2,1,0
6502.82099537037,18,1.0,48,17.0,11.0,3,76,29,45
98.18961805555556,5,2.0,6,1142.0,3.0,0,7,3,0
767.2437847222222,3,2.0,2,1403.0,3.0,0,0,3,0
1700.9450925925926,7,2.0,8,,0.0,0,4,11,6
800.4459490740741,16,2.0,24,652.0,0.0,0,44,61,15
119.23747685185184,3,4.0,3,16.0,2.0,0,1,0,2
732.9954861111111,7,2.0,14,1667.0,5.0,0,1,20,0
2589.397546296296,7,2.0,8,1463.0,3.0,0,2,13,6
478.5044212962963,4,2.0,4,320.0,0.0,0,0,3,3
41.33028935185185,6,2.0,8,652.0,0.0,0,6,9,0
78.36759259259259,13,5.0,41,1828.0,11.0,0,9,69,0
77.95413194444444,8,5.0,29,760.0,8.0,0,5,23,0
35.10112268518518,1,2.0,0,1839.0,0.0,0,0,0,0
1.9472800925925928,2,2.0,1,1153.0,1.0,0,0,1,0
62.08836805555556,4,2.0,6,264.0,4.0,0,0,6,0
765.9965393518519,6,2.0,14,1397.0,9.0,0,6,9,0
418.8623611111111,3,2.0,3,2896.0,2.0,0,0,3,0
2.9246412037037035,7,5.0,13,2892.0,6.0,0,5,16,0
5948.582766203704,46,2.0,103,52.0,10.0,190,184,141,520
127.11505787037036,9,4.0,24,2888.0,51.0,0,12,24,0
7427.669236111111,5,4.0,4,,0.0,0,3,7,0
259.02708333333334,6,2.0,10,1043.0,1.0,1,1,5,8
19.31341435185185,10,5.0,26,2886.0,12.0,0,10,35,0
125.22806712962964,4,2.0,4,266.0,2.0,0,0,6,0
416.7614351851852,2,4.0,1,2896.0,2.0,0,0,1,0
159.8992824074074,4,2.0,3,2896.0,2.0,0,0,3,3
20.9929050925926,3,2.0,2,1839.0,0.0,0,0,3,0
17.327766203703703,5,4.0,16,2888.0,10.0,0,0,10,0
702.6233796296297,6,2.0,12,984.0,8.0,0,2,13,0
2585.651840277778,4,3.0,4,1465.0,1.0,0,1,5,0
2247.094363425926,12,2.0,31,1055.0,11.0,1,15,30,20
15.99462962962963,9,6.0,15,2880.0,18.0,0,2,34,0
12.95482638888889,4,4.0,3,2932.0,7.0,0,0,6,0
15.990416666666668,6,4.0,11,1838.0,1.0,0,0,15,0
6522.720081018519,5,4.0,9,1151.0,3.0,0,0,10,0
722.7667824074074,9,2.0,23,1376.0,6.0,0,7,29,0
7872.386550925926,9,3.0,16,,0.0,0,16,12,8
286.42971064814816,13,2.0,35,1461.0,5.0,0,8,70,0
371.3377314814815,10,2.0,11,208.0,0.0,0,14,22,9
101.03320601851853,14,5.0,45,1787.0,13.0,1,26,40,24
880.0566550925926,7,2.0,11,673.0,0.0,1,4,6,10
1477.986886574074,7,2.0,16,28.0,9.0,0,4,17,0
105.28362268518518,7,2.0,17,363.0,11.0,0,2,13,6
36.17657407407408,13,5.0,50,310.0,18.0,0,7,71,0
104.80800925925926,18,2.0,101,21.0,32.0,0,46,107,0
369.2741319444444,14,2.0,32,541.0,6.0,0,13,78,0
151.32609953703704,20,5.0,104,363.0,28.0,6,5,115,64
4117.532280092592,13,2.0,22,1150.0,4.0,0,6,60,12
286.0298032407408,4,2.0,8,2278.0,6.0,0,2,4,0
68.36155092592593,5,2.0,5,652.0,0.0,0,3,3,4
11.209097222222224,4,2.0,4,599.0,5.0,0,1,5,0
493.9536458333333,3,2.0,2,603.0,1.0,0,0,3,0
333.8529050925926,5,2.0,5,673.0,0.0,1,1,2,6
184.06010416666663,6,1.0,12,1668.0,4.0,0,8,7,0
671.6714351851851,5,2.0,7,919.0,2.0,0,2,8,0
31.92292824074074,2,2.0,3,1142.0,3.0,0,0,1,0
27.863275462962964,5,5.0,4,1254.0,1.0,0,1,5,4
90.94528935185186,7,3.0,7,1671.0,1.0,0,9,6,6
8897.567256944445,7,2.0,14,,0.0,0,8,7,6
82.28965277777777,9,2.0,14,54.0,5.0,0,3,25,8
1200.2812152777778,17,2.0,57,321.0,10.0,10,33,33,60
406.27962962962965,3,4.0,3,1406.0,0.0,0,0,3,0
363.9436805555556,55,4.0,145,406.0,14.0,351,189,189,756
1338.7383333333332,5,2.0,8,331.0,0.0,0,4,6,0
1365.8804745370371,11,6.0,32,2888.0,10.0,0,5,50,0
858.1650347222222,3,2.0,3,1671.0,1.0,0,0,3,0
280.9211921296296,2,2.0,2,919.0,2.0,0,0,1,0
148.07172453703703,8,5.0,22,912.0,8.0,0,1,27,0
134.07288194444445,5,2.0,4,1402.0,4.0,0,0,10,0
532.5617824074075,3,2.0,2,917.0,4.0,0,0,3,0
6512.929305555555,16,4.0,30,45.0,8.0,0,16,104,0
50.64818287037037,9,5.0,12,650.0,10.0,0,9,27,0
36.480868055555554,2,2.0,1,565.0,6.0,0,0,1,0
856.969363425926,2,2.0,4,1672.0,0.0,0,0,1,0
404.6139351851852,8,2.0,34,1795.0,5.0,0,1,27,0
197.4261458333333,3,2.0,2,1671.0,1.0,0,0,3,0
1011.5438310185184,9,2.0,14,,0.0,1,4,17,14
54.76927083333333,3,4.0,2,642.0,0.0,0,2,1,0
25.640555555555554,5,5.0,6,1839.0,0.0,0,3,7,0
5.193668981481482,6,2.0,5,1141.0,4.0,0,0,15,0
14.344780092592591,5,2.0,11,2885.0,13.0,0,0,10,0
53.04474537037037,5,6.0,8,2895.0,3.0,0,0,10,0
750.1383796296296,7,2.0,11,1404.0,2.0,0,1,20,0
1032.131666666667,8,5.0,18,2891.0,7.0,0,6,15,7
3.5613657407407406,5,6.0,8,2893.0,5.0,0,0,10,0
0.0252083333333333,2,2.0,2,1839.0,0.0,0,0,0,1
4.0431944444444445,5,6.0,11,2890.0,8.0,0,0,10,0
88.54579861111111,2,2.0,2,652.0,0.0,0,1,0,0
47.13122685185185,10,5.0,22,1830.0,9.0,0,13,32,0
47.97011574074074,2,2.0,1,481.0,4.0,0,0,1,0
47.879016203703706,4,2.0,3,1656.0,16.0,0,1,5,0
47.87016203703703,2,2.0,1,1671.0,1.0,0,0,1,0
30.68043981481481,3,2.0,2,1839.0,0.0,0,0,1,2
6508.659768518519,5,2.0,4,12.0,1.0,0,4,6,0
527.4108333333334,6,2.0,7,1403.0,3.0,0,5,10,0
61.07320601851852,1,2.0,0,998.0,2.0,0,0,0,0
22.26934027777778,4,2.0,4,468.0,11.0,0,0,6,0
935.377824074074,20,4.0,58,57.0,10.0,1,74,79,36
76.12784722222223,3,6.0,4,478.0,1.0,0,0,3,0
23.027025462962964,6,5.0,11,2892.0,6.0,0,0,15,0
17.117106481481482,7,2.0,8,985.0,7.0,0,2,19,0
7248.689479166666,140,2.0,236,,0.0,1891,1890,1113,4836
215.8714583333333,4,2.0,6,265.0,3.0,0,0,6,0
629.1018055555555,12,2.0,39,,0.0,0,5,50,11
3877.520428240741,14,3.0,21,213.0,3.0,3,39,16,33
5168.336944444444,88,2.0,270,59.0,79.0,1275,367,299,1887
126.53763888888888,5,2.0,6,1838.0,1.0,0,0,6,4
83.48457175925925,3,2.0,3,1670.0,2.0,0,1,2,0
456.3242592592592,3,2.0,2,413.0,3.0,0,0,3,0
397.1210185185185,3,2.0,15,1825.0,14.0,0,0,3,0
6.158819444444444,13,6.0,24,1757.0,2.0,0,19,59,0
75.00019675925925,3,5.0,3,992.0,0.0,0,0,3,0
125.8875,4,2.0,3,336.0,4.0,0,0,6,0
125.87747685185184,5,2.0,8,333.0,7.0,0,0,10,0
96.03063657407408,11,4.0,38,208.0,0.0,0,12,43,0
2561.930150462963,6,4.0,11,448.0,4.0,0,3,7,5
455.7744212962963,6,2.0,11,985.0,7.0,0,0,10,5
19.010289351851853,8,5.0,11,682.0,2.0,0,10,18,0
5972.22181712963,10,2.0,11,21.0,3.0,0,23,22,0
499.0947569444445,17,2.0,23,785.0,2.0,1,56,49,30
344.3009837962963,4,2.0,4,2278.0,6.0,0,1,5,0
102.1486226851852,6,2.0,8,407.0,9.0,0,3,12,0
454.8901736111111,5,5.0,14,469.0,10.0,0,0,10,0
130.9497337962963,8,4.0,29,2879.0,19.0,0,4,24,0
57.17751157407408,4,2.0,3,999.0,1.0,0,3,3,0
454.4020023148148,10,2.0,18,478.0,1.0,0,2,43,0
4.307627314814815,5,2.0,7,2276.0,8.0,0,2,8,0
59.10626157407408,2,2.0,1,1462.0,4.0,0,0,1,0
31.99891203703704,5,5.0,13,1406.0,0.0,0,3,7,0
99.4540625,9,2.0,32,394.0,13.0,0,9,27,0
151.87438657407407,6,2.0,12,472.0,7.0,0,7,8,0
39.949756944444445,3,2.0,5,2894.0,4.0,0,0,3,0
6218.782118055556,5,2.0,8,1755.0,4.0,0,4,6,0
100.8861574074074,5,2.0,7,2896.0,2.0,0,1,9,0
36.25876157407407,13,2.0,22,2886.0,12.0,0,16,50,12
4.345543981481481,11,5.0,75,2870.0,28.0,0,9,46,0
325.1181365740741,5,2.0,13,467.0,12.0,0,0,10,0
739.1652083333333,2,2.0,1,1402.0,4.0,0,0,1,0
0.2830555555555555,3,5.0,5,552.0,5.0,0,0,1,2
2713.987083333333,10,3.0,40,616.0,14.0,0,5,31,9
45.092326388888885,4,2.0,6,1141.0,4.0,0,3,3,0
234.84548611111111,9,4.0,20,912.0,9.0,0,16,20,0
391.2679513888889,9,2.0,31,1827.0,12.0,1,1,20,14
7.161076388888889,8,5.0,30,1818.0,21.0,0,2,26,0
23.35703703703704,6,2.0,23,393.0,14.0,0,4,11,0
135.10182870370372,7,2.0,14,1147.0,7.0,0,7,14,0
63.04703703703704,4,5.0,3,448.0,4.0,0,1,5,0
57.72925925925926,8,2.0,17,1751.0,8.0,0,5,16,7
4559.121967592592,6,2.0,25,1136.0,9.0,0,4,11,0
6823.674432870371,5,3.0,4,,0.0,0,2,4,4
138.05225694444445,4,2.0,8,1670.0,2.0,0,1,2,3
462.5548726851852,20,2.0,31,921.0,0.0,15,41,50,84
1900.2432523148148,31,2.0,85,2364.0,28.0,36,110,121,198
6496.975821759259,5,2.0,4,201.0,5.0,0,1,9,0
3.849733796296296,8,5.0,13,599.0,5.0,0,2,26,0
208.4572453703704,10,2.0,15,679.0,5.0,0,14,22,9
2.9880555555555555,7,5.0,6,1138.0,12.0,0,1,20,0
6495.824560185185,5,2.0,12,2275.0,9.0,0,1,9,0
36.06563657407408,3,2.0,2,,0.0,0,0,3,0
987.0054166666666,11,2.0,13,205.0,3.0,0,6,39,10
9.188738425925926,5,5.0,18,1829.0,10.0,0,0,10,0
748.7005092592592,7,2.0,7,677.0,7.0,0,7,14,0
71.11163194444444,9,5.0,37,2885.0,13.0,0,7,29,0
512.3439120370371,6,2.0,7,1382.0,0.0,0,4,6,5
447.9033101851852,8,2.0,13,1835.0,4.0,0,11,17,0
29.251666666666665,4,2.0,4,993.0,7.0,0,0,6,0
134.95493055555556,3,2.0,5,1668.0,4.0,0,0,3,0
202.7664814814815,5,2.0,10,1669.0,3.0,0,1,9,0
317.2452662037037,10,5.0,39,821.0,9.0,3,8,13,21
169.24288194444443,11,2.0,27,88.0,11.0,0,16,29,10
352.1442939814815,4,2.0,6,1836.0,3.0,0,0,6,0
78.83331018518518,4,5.0,4,1838.0,1.0,0,0,6,0
560.3849537037037,19,2.0,32,1153.0,1.0,15,40,38,78
7152.477627314815,15,4.0,22,47.0,4.0,6,37,18,44
0.8355092592592592,4,2.0,9,2894.0,4.0,0,0,6,0
71.01131944444444,4,2.0,4,1401.0,5.0,0,1,5,0
28.888657407407408,7,2.0,9,1146.0,8.0,0,1,20,0
64.9879050925926,8,6.0,15,414.0,6.0,0,0,28,0
4.96630787037037,1,2.0,0,992.0,0.0,0,0,0,0
28.48318287037037,4,3.0,4,1670.0,2.0,0,0,6,0
4.2034375,10,6.0,18,1838.0,1.0,0,11,34,0
110.9560648148148,7,2.0,18,1832.0,7.0,0,5,16,0
27.13125,3,2.0,2,1142.0,3.0,0,0,3,0
336.04052083333335,18,4.0,98,2257.0,27.0,0,27,126,0
537.153587962963,6,2.0,11,203.0,6.0,0,0,15,0
22.157847222222223,4,2.0,9,985.0,7.0,0,0,6,0
2152.0607175925925,6,3.0,7,105.0,0.0,0,3,12,0
62.31618055555556,5,3.0,8,252.0,11.0,0,0,10,0
200.07606481481483,4,2.0,6,918.0,3.0,0,0,6,0
68.07039351851851,4,2.0,5,265.0,3.0,0,0,6,0
507.34141203703706,5,2.0,4,920.0,1.0,0,0,6,4
5691.55275462963,20,3.0,128,6.0,78.0,6,94,26,64
4.262430555555556,4,2.0,6,1672.0,0.0,0,3,3,0
8.403356481481481,4,2.0,10,470.0,9.0,0,0,6,0
6486.075706018519,4,2.0,3,2281.0,3.0,0,0,6,0
52.75376157407408,5,5.0,11,1139.0,6.0,0,1,9,0
203.20844907407408,3,1.0,7,1669.0,3.0,0,0,3,0
51.16457175925926,12,2.0,28,191.0,13.0,0,32,34,0
651.2479398148148,27,2.0,87,1746.0,13.0,0,118,207,26
34.520752314814814,6,2.0,17,2889.0,9.0,0,2,13,0
8207.849467592592,24,3.0,38,0.0,4.0,10,68,103,95
0.2022222222222222,3,4.0,3,2932.0,7.0,0,0,3,0
194.93034722222225,5,2.0,10,1182.0,6.0,0,0,10,0
1090.8794328703705,17,3.0,28,,0.0,0,55,65,16
2968.835243055556,4,2.0,5,1185.0,3.0,0,1,5,0
195.3112847222222,6,2.0,9,919.0,2.0,0,2,8,5
462.203113425926,7,2.0,10,94.0,3.0,0,11,4,6
1307.7995023148148,12,4.0,21,,0.0,0,49,17,0
192.7164583333333,10,2.0,17,1822.0,17.0,0,4,32,9
1631.0457870370371,23,2.0,53,1199.0,9.0,15,71,65,102
40.16487268518519,6,2.0,13,2892.0,6.0,0,0,15,0
18.054421296296297,11,2.0,25,672.0,12.0,0,3,52,0
7109.919930555556,43,2.0,93,21.0,5.0,91,268,138,406
6479.853425925926,9,2.0,15,117.0,6.0,0,22,14,0
259.4205439814815,21,4.0,40,2886.0,12.0,0,34,156,20
68.23302083333333,2,5.0,1,1759.0,0.0,0,0,1,0
269.6871875,5,2.0,11,188.0,0.0,0,3,3,4
1063.8316898148148,28,2.0,58,112.0,1.0,3,151,149,75
57.81945601851852,7,2.0,13,1792.0,8.0,0,2,19,0
1303.4302314814815,7,2.0,8,153.0,0.0,0,8,13,0
977.5036458333332,3,2.0,2,,0.0,0,0,3,0
1214.1654398148148,8,2.0,19,684.0,0.0,0,3,18,7
6737.112152777778,27,2.0,71,162.0,24.0,15,98,112,126
123.4389699074074,13,2.0,30,388.0,19.0,0,4,62,12
3.19800925925926,3,2.0,2,601.0,3.0,0,0,3,0
6477.790729166667,4,2.0,3,2280.0,4.0,0,0,6,0
6477.77818287037,4,2.0,4,2280.0,4.0,0,0,6,0
6477.752986111111,2,2.0,1,2281.0,3.0,0,0,1,0
6477.68681712963,2,2.0,1,2281.0,3.0,0,0,1,0
62.26060185185185,4,2.0,4,43.0,1.0,0,0,3,3
89.60650462962963,6,2.0,5,999.0,1.0,0,1,14,0
96.90310185185186,6,4.0,14,827.0,3.0,0,4,11,0
51.14734953703704,5,2.0,13,167.0,6.0,0,3,7,0
35.12162037037037,5,2.0,9,2894.0,4.0,0,0,10,0
38.80800925925926,3,3.0,2,652.0,0.0,0,3,0,0
335.92240740740743,3,3.0,2,1838.0,1.0,0,0,3,0
6474.955925925926,8,4.0,14,799.0,5.0,0,5,23,0
535.664525462963,10,5.0,12,319.0,1.0,1,5,23,16
2535.993576388889,5,2.0,4,1465.0,1.0,0,0,10,0
267.1782175925926,14,4.0,28,757.0,11.0,1,14,52,24
32.68996527777778,5,2.0,10,2887.0,11.0,0,0,10,0
298.13596064814817,6,2.0,20,2924.0,15.0,0,5,10,0
7029.689120370371,10,4.0,20,96.0,3.0,6,0,15,24
42.98009259259259,5,5.0,13,985.0,7.0,0,4,6,0
108.07900462962964,4,2.0,3,316.0,6.0,0,1,5,0
6471.571585648148,9,4.0,12,802.0,2.0,0,9,27,0
296.0162037037037,7,2.0,11,137.0,1.0,0,1,20,0
2.467210648148148,4,2.0,6,111.0,2.0,0,3,3,0
4801.747291666667,13,2.0,33,,0.0,1,26,29,22
1717.3680439814814,6,2.0,5,2895.0,3.0,0,1,14,0
1497.677974537037,14,2.0,48,1759.0,0.0,1,16,50,24
95.34380787037036,11,5.0,45,52.0,15.0,3,12,16,24
378.47775462962966,8,2.0,26,1134.0,11.0,0,7,21,0
371.6189814814815,5,2.0,4,1141.0,4.0,0,1,9,0
2530.7604166666665,6,2.0,6,1464.0,2.0,0,6,9,0
194.3945023148148,7,5.0,7,82.0,0.0,1,1,9,10
6.279131944444444,5,5.0,10,1670.0,2.0,0,2,8,0
6468.012245370371,15,5.0,46,79.0,13.0,0,24,67,14
7.849965277777778,4,2.0,3,1758.0,1.0,0,3,3,0
118.02223379629628,7,2.0,9,1669.0,3.0,0,3,18,0
119.83136574074074,13,2.0,33,917.0,12.0,0,7,59,12
356.9905787037037,5,2.0,13,2891.0,7.0,0,0,10,0
367.5415046296296,3,2.0,2,1141.0,4.0,0,0,3,0
418.7395138888889,4,2.0,3,386.0,5.0,0,2,4,0
44.8159375,3,2.0,4,265.0,3.0,0,0,3,0
6464.247025462963,8,2.0,17,2277.0,7.0,0,0,21,7
4.500532407407407,13,6.0,33,913.0,7.0,0,19,59,0
72.58518518518518,2,2.0,5,1834.0,5.0,0,0,1,0
40.97569444444444,9,2.0,18,2890.0,8.0,0,2,26,8
397.08824074074073,6,2.0,5,320.0,0.0,0,1,14,0
354.8815162037037,6,2.0,8,1833.0,6.0,0,0,15,0
49.05972222222222,3,2.0,5,364.0,10.0,0,0,3,0
103.03869212962962,4,2.0,5,651.0,9.0,0,0,6,0
1.940243055555556,2,1.0,1,929.0,0.0,0,0,0,1
14.613969907407409,10,5.0,16,2934.0,5.0,0,10,26,9
0.820462962962963,2,2.0,1,1671.0,1.0,0,0,1,0
4199.382013888889,14,2.0,20,2891.0,7.0,1,12,54,24
354.27040509259257,4,2.0,8,825.0,5.0,0,0,3,3
1970.7795023148149,6,2.0,5,224.0,0.0,0,4,6,5
14.294918981481482,4,3.0,4,255.0,8.0,0,0,6,0
172.87049768518517,3,2.0,6,916.0,5.0,0,0,1,2
287.1174884259259,6,2.0,10,830.0,0.0,0,5,10,0
231.1764699074074,18,5.0,38,2383.0,9.0,0,51,102,0
8279.672291666666,39,2.0,73,0.0,6.0,136,131,100,374
4795.153032407407,27,2.0,38,3.0,3.0,28,103,68,152
1195.749074074074,5,3.0,4,684.0,0.0,0,0,10,0
549.0133449074074,6,2.0,7,959.0,17.0,0,0,15,0
159.99703703703705,19,5.0,62,745.0,23.0,1,52,84,34
142.89709490740742,6,2.0,18,358.0,12.0,0,1,14,0
479.5467013888889,16,4.0,45,1368.0,14.0,0,13,92,15
348.0627314814815,3,2.0,3,1835.0,4.0,0,0,3,0
9.046006944444445,4,2.0,3,386.0,5.0,0,1,5,0
17.88662037037037,5,4.0,7,2894.0,4.0,0,2,8,0
5449.427314814815,13,5.0,21,920.0,9.0,0,24,54,0
594.4741550925926,5,4.0,16,823.0,7.0,0,0,6,4
693.3561921296297,4,2.0,11,1399.0,7.0,0,0,6,0
44.82251157407408,8,4.0,9,989.0,11.0,0,3,25,0
5.688194444444444,4,2.0,5,1253.0,2.0,0,0,6,0
133.01180555555555,9,2.0,11,1659.0,13.0,0,6,22,8
133.01038194444445,6,2.0,11,1658.0,14.0,0,7,8,0
6113.1367129629625,16,2.0,46,211.0,13.0,1,31,60,28
0.9417476851851851,1,2.0,0,600.0,4.0,0,0,0,0
701.2670138888889,16,5.0,84,1406.0,0.0,1,41,50,28
3727.246875,24,2.0,54,394.0,13.0,15,72,81,108
70.765625,4,2.0,8,593.0,11.0,0,0,6,0
1.0614467592592594,5,2.0,9,371.0,3.0,0,0,10,0
90.15572916666666,3,2.0,2,1671.0,1.0,0,2,1,0
871.8288888888889,11,2.0,31,1050.0,16.0,6,4,17,28
29.89269675925926,7,2.0,14,920.0,9.0,0,0,15,6
26.989872685185187,7,2.0,18,1829.0,10.0,0,0,21,0
7514.4302777777775,31,2.0,127,175.0,18.0,190,16,39,220
341.07094907407406,3,2.0,3,416.0,4.0,0,0,3,0
299.40510416666666,6,2.0,9,670.0,3.0,0,0,10,5
6448.026689814815,4,2.0,6,197.0,9.0,0,0,6,0
17.77832175925926,4,2.0,5,992.0,8.0,0,0,6,0
173.86689814814815,9,2.0,15,765.0,3.0,0,1,27,8
2166.8771180555555,13,6.0,51,95.0,17.0,0,10,68,0
422.6932291666666,5,5.0,5,451.0,1.0,1,0,3,6
339.2237847222222,6,2.0,8,2895.0,3.0,0,5,10,0
0.1321064814814815,3,6.0,6,987.0,5.0,0,0,3,0
47.14355324074074,10,5.0,22,2886.0,12.0,0,3,42,0
3.0904050925925928,4,2.0,3,999.0,1.0,0,3,3,0
157.97484953703704,2,2.0,2,919.0,2.0,0,0,1,0
6446.996597222223,4,2.0,11,2275.0,9.0,0,0,6,0
466.393113425926,4,2.0,7,916.0,5.0,0,0,6,0
908.6051504629628,2,2.0,1,14.0,0.0,0,1,0,0
2330.696504629629,3,2.0,3,14.0,0.0,0,1,0,2
23.204814814814814,12,2.0,21,2893.0,5.0,0,21,45,0
157.33180555555555,11,2.0,18,762.0,6.0,0,3,42,10
44.14042824074074,4,2.0,3,163.0,7.0,0,3,3,0
0.2346643518518518,3,2.0,2,997.0,3.0,0,0,3,0
1.885266203703704,4,6.0,10,168.0,5.0,0,1,5,0
31.064965277777777,5,2.0,13,984.0,8.0,0,0,10,0
57.184560185185184,4,2.0,3,1149.0,5.0,0,0,6,0
24.522141203703704,15,5.0,40,812.0,18.0,1,30,48,26
2072.5950462962965,17,2.0,28,51.0,6.0,1,49,56,30
209.6539583333333,7,2.0,11,918.0,3.0,0,6,9,6
334.6490509259259,7,2.0,8,1837.0,2.0,0,10,11,0
140.14399305555557,9,5.0,19,642.0,0.0,0,20,16,0
18.60386574074074,10,4.0,27,2890.0,8.0,0,18,27,0
91.61126157407408,4,3.0,5,1671.0,1.0,0,3,3,0
2026.6976273148148,4,2.0,6,115.0,4.0,0,1,2,3
47.40570601851852,3,2.0,6,1653.0,19.0,0,0,3,0
277.40085648148147,5,2.0,14,332.0,8.0,0,1,9,0
80.37486111111112,3,2.0,5,1670.0,2.0,0,1,2,0
95.27890046296297,6,2.0,11,654.0,6.0,0,0,10,5
248.2347685185185,9,2.0,15,824.0,6.0,0,9,19,8
1167.1840162037038,10,2.0,34,1793.0,7.0,0,5,40,0
277.3933912037037,8,2.0,10,389.0,2.0,0,4,24,0
233.2888888888889,8,2.0,11,387.0,4.0,0,0,28,0
306.433125,10,2.0,27,635.0,7.0,0,3,42,0
80.3092361111111,6,2.0,10,205.0,4.0,0,1,14,0
277.39479166666666,5,2.0,8,739.0,3.0,0,1,9,0
1566.130162037037,4,2.0,4,266.0,2.0,0,0,6,0
397.3332291666667,10,2.0,26,393.0,14.0,0,11,34,0
1167.1057060185185,10,2.0,75,1763.0,37.0,0,0,45,0
894.1249537037037,11,6.0,28,71.0,8.0,0,16,39,0
164.81118055555555,5,2.0,5,1838.0,1.0,0,0,10,0
143.49370370370372,3,2.0,4,920.0,1.0,0,1,2,0
37.96510416666667,22,4.0,76,624.0,18.0,1,44,146,40
4733.241215277778,4,2.0,4,,0.0,0,1,2,3
6320.672546296296,22,2.0,53,13.0,4.0,3,98,73,57
7458.3190625,23,4.0,40,,0.0,3,99,91,60
54.75623842592593,4,4.0,4,1150.0,0.0,0,2,4,0
490.7841203703704,4,5.0,5,652.0,0.0,0,3,3,0
35.30456018518519,6,2.0,8,1373.0,9.0,0,0,15,0
676.1428703703704,6,2.0,15,190.0,8.0,0,0,15,0
77.14755787037036,3,2.0,3,1670.0,2.0,0,1,2,0
5817.465289351851,59,5.0,142,7.0,10.0,253,316,314,828
0.8965046296296296,3,2.0,3,1754.0,5.0,0,0,3,0
10.094328703703704,2,2.0,7,596.0,8.0,0,0,1,0
6435.532523148148,5,2.0,8,2274.0,10.0,0,0,10,0
7481.462905092592,9,3.0,16,,0.0,0,10,26,0
1910.2206712962964,21,2.0,54,5428.0,16.0,6,55,81,68
231.84449074074075,4,2.0,8,1666.0,6.0,0,2,4,0
119.97484953703704,4,2.0,8,1666.0,6.0,0,1,5,0
74.71579861111111,3,2.0,7,479.0,6.0,0,0,3,0
4.760902777777778,2,2.0,4,600.0,4.0,0,0,1,0
6434.185486111112,6,5.0,19,139.0,8.0,0,2,13,0
184.88686342592592,13,2.0,28,821.0,9.0,0,22,56,0
437.17576388888887,17,3.0,50,278.0,24.0,0,17,103,16
0.2312731481481481,1,2.0,0,1756.0,3.0,0,0,0,0
10.83275462962963,5,2.0,6,2891.0,7.0,0,0,10,0
46.70190972222223,10,2.0,12,1151.0,3.0,0,4,32,9
34.38261574074074,7,5.0,7,1152.0,2.0,0,0,15,6
2.557662037037037,2,2.0,1,1671.0,1.0,0,1,0,0
7335.273020833333,38,2.0,68,,0.0,45,216,162,280
152.14405092592594,9,2.0,17,638.0,4.0,1,7,14,14
556.2430555555555,2,2.0,5,5439.0,5.0,0,0,1,0
140.28248842592592,5,2.0,7,265.0,3.0,0,1,9,0
2208.133645833333,6,2.0,8,,0.0,0,0,10,5
1789.7071643518518,9,4.0,27,818.0,12.0,1,2,19,14
23.867048611111112,7,5.0,12,818.0,12.0,0,0,21,0
5712.133784722222,46,4.0,79,,0.0,55,344,251,385
322.87892361111113,8,3.0,7,767.0,1.0,0,1,20,7
2.6497106481481483,3,5.0,3,642.0,0.0,0,2,1,0
31.01083333333333,9,6.0,33,159.0,8.0,0,14,22,0
7196.850243055555,18,3.0,28,,0.0,10,51,27,65
17.094155092592594,4,4.0,7,987.0,5.0,0,0,6,0
105.82680555555557,7,2.0,20,197.0,11.0,0,5,10,6
20.231319444444445,12,4.0,27,569.0,4.0,1,5,40,20
155.03125,10,2.0,20,152.0,21.0,0,6,30,9
56.07960648148149,6,2.0,5,1758.0,1.0,0,3,12,0
160.70922453703704,15,5.0,27,1836.0,3.0,0,32,59,14
67.37171296296296,3,2.0,3,1670.0,2.0,0,0,3,0
515.3602083333334,3,2.0,2,,0.0,0,2,1,0
173.2290162037037,11,2.0,15,762.0,6.0,3,1,27,24
6427.028912037037,4,2.0,6,2280.0,4.0,0,0,6,0
666.0148611111111,3,2.0,3,795.0,9.0,0,0,3,0
60.45548611111112,16,2.0,61,1358.0,24.0,0,31,89,0
109.7757175925926,6,2.0,17,1670.0,2.0,0,2,13,0
11.0071875,2,2.0,1,1671.0,1.0,0,0,0,1
251.8768055555556,3,2.0,3,828.0,2.0,0,0,3,0
1446.4166666666667,31,4.0,66,211.0,6.0,15,121,179,150
65.14443287037037,2,2.0,2,1670.0,2.0,0,0,1,0
260.6535416666667,28,4.0,84,61.0,13.0,10,132,121,115
6423.552743055556,3,2.0,4,203.0,3.0,0,0,3,0
42.32703703703704,5,2.0,12,597.0,7.0,0,7,3,0
662.2260648148148,4,2.0,5,194.0,4.0,0,0,6,0
867.3842013888889,46,2.0,134,1148.0,6.0,231,158,118,528
1.0861921296296295,7,2.0,9,1668.0,4.0,0,3,12,6
113.59565972222222,3,2.0,2,1671.0,1.0,0,1,2,0
306.2549652777778,4,2.0,4,919.0,2.0,0,0,3,3
189.9358564814815,3,2.0,3,919.0,2.0,0,0,3,0
189.92520833333333,4,2.0,4,919.0,2.0,0,0,6,0
0.9007986111111111,2,2.0,3,1669.0,3.0,0,0,1,0
19.847372685185185,5,6.0,11,765.0,3.0,0,4,6,0
4950.791747685185,8,2.0,12,405.0,2.0,0,12,16,0
549.1625694444444,12,2.0,22,2280.0,4.0,0,21,34,11
3774.052453703704,26,2.0,44,223.0,4.0,36,85,51,153
185.0699189814815,11,2.0,18,2890.0,8.0,0,4,51,0
148.06306712962962,9,5.0,13,767.0,1.0,0,10,26,0
7.308333333333334,3,2.0,2,2936.0,3.0,0,0,3,0
49.78230324074074,2,4.0,1,1839.0,0.0,0,0,1,0
16.88828703703704,9,2.0,15,401.0,6.0,0,4,32,0
112.58461805555557,6,2.0,10,1667.0,5.0,0,2,13,0
111.90189814814816,5,2.0,4,1671.0,1.0,0,1,9,0
19.144270833333334,10,5.0,17,205.0,4.0,0,7,38,0
56.8432175925926,4,2.0,6,264.0,4.0,0,0,6,0
286.54822916666666,5,2.0,4,1661.0,11.0,0,2,8,0
397.3410879629629,8,3.0,15,211.0,7.0,0,6,22,0
939.2291087962964,3,2.0,5,1668.0,4.0,0,1,0,2
1772.838113425926,9,2.0,25,341.0,24.0,0,16,20,0
158.40121527777777,6,2.0,15,2279.0,5.0,0,0,15,0
3.106145833333333,4,2.0,10,258.0,5.0,0,0,6,0
89.21465277777777,2,2.0,2,602.0,2.0,0,1,0,0
682.0287847222222,6,2.0,14,479.0,6.0,0,4,6,5
69.14046296296296,9,2.0,10,1661.0,11.0,0,9,19,8
206.10232638888888,5,5.0,6,2888.0,10.0,0,0,10,0
110.4544212962963,2,4.0,2,1670.0,2.0,0,0,1,0
109.4787037037037,3,2.0,2,1671.0,1.0,0,0,3,0
285.22739583333333,3,2.0,4,1669.0,3.0,0,0,3,0
17.826840277777777,8,2.0,8,413.0,7.0,0,2,26,0
284.01399305555555,5,4.0,9,567.0,4.0,0,0,10,0
368.3932060185185,8,2.0,8,319.0,1.0,0,4,17,7
57.006875,2,2.0,7,1665.0,7.0,0,0,1,0
1361.5955208333332,25,2.0,63,1743.0,16.0,10,43,147,100
48.54626157407407,4,2.0,6,600.0,4.0,0,0,6,0
7462.1225,7,2.0,7,,0.0,1,5,5,10
280.13903935185186,6,2.0,19,820.0,10.0,0,1,9,5
98.78369212962964,4,2.0,3,1668.0,4.0,0,0,6,0
0.4568171296296296,4,2.0,8,1669.0,3.0,0,4,2,0
136.34635416666666,4,2.0,3,82.0,0.0,0,1,2,3
281.51988425925924,3,2.0,5,1668.0,4.0,0,0,1,2
7.920740740740741,5,5.0,6,2281.0,3.0,0,5,5,0
198.2501736111111,8,2.0,12,568.0,5.0,0,3,25,0
48.10027777777778,5,2.0,7,524.0,12.0,0,0,10,0
79.9715625,6,2.0,19,,0.0,0,1,14,0
22.69641203703704,5,2.0,8,0.0,4.0,0,0,6,4
8371.597465277779,39,4.0,103,249.0,19.0,78,142,183,338
28.80670138888889,3,2.0,3,1152.0,2.0,0,0,3,0
5.617083333333333,5,2.0,22,1750.0,9.0,0,1,9,0
2.0801967592592594,9,5.0,14,74.0,8.0,0,16,20,0
54.1144212962963,3,2.0,3,1670.0,2.0,0,2,1,0
1.9548148148148148,3,2.0,2,1376.0,6.0,0,1,2,0
149.2873958333333,14,4.0,25,374.0,8.0,0,9,82,0
3713.484699074074,6,2.0,15,5420.0,24.0,0,2,13,0
124.13984953703704,3,2.0,4,920.0,1.0,0,0,1,2
146.04554398148147,10,5.0,29,,0.0,0,9,27,9
367.9111226851852,8,2.0,33,1819.0,20.0,0,0,28,0
570.8819560185185,3,2.0,3,1670.0,2.0,0,0,3,0
871.938587962963,9,2.0,18,1668.0,4.0,1,16,5,14
0.0546180555555555,2,2.0,1,601.0,3.0,0,0,1,0
398.03596064814815,14,2.0,39,1150.0,4.0,1,3,63,24
8587.236828703704,20,2.0,97,20.0,15.0,1,44,109,36
389.1149537037037,4,2.0,3,1759.0,0.0,1,0,1,4
160.0960300925926,11,2.0,12,672.0,1.0,1,15,21,18
15.335844907407408,4,2.0,3,10.0,3.0,0,2,4,0
6412.010787037037,14,4.0,36,17.0,9.0,0,36,55,0
95.24143518518518,3,2.0,4,5439.0,5.0,0,0,3,0
11.144525462962964,2,2.0,1,10.0,3.0,0,0,1,0
237.79989583333327,3,2.0,2,10.0,3.0,0,1,2,0
768.9671643518518,3,2.0,4,0.0,2.0,0,0,1,2
24.308645833333333,4,2.0,5,2922.0,17.0,0,0,6,0
54.89165509259259,4,2.0,6,2921.0,18.0,0,0,6,0
2132.3757175925925,2,2.0,4,2933.0,6.0,0,0,1,0
130.17960648148147,6,1.0,11,2892.0,6.0,0,1,14,0
23.262256944444445,6,4.0,8,1835.0,4.0,0,2,8,5
401.09760416666666,14,2.0,57,122.0,31.0,0,36,55,0
300.90832175925925,4,2.0,4,1833.0,6.0,0,0,6,0
7240.827962962963,9,2.0,10,210.0,2.0,0,20,16,0
22.904814814814817,3,2.0,6,1149.0,5.0,0,0,3,0
6408.765543981482,6,5.0,9,122.0,1.0,0,0,15,0
65.34423611111112,12,5.0,21,680.0,4.0,0,18,37,11
300.14395833333333,4,2.0,3,1139.0,6.0,0,0,6,0
20.15836805555556,5,5.0,8,1837.0,2.0,0,0,10,0
555.1921759259259,5,2.0,5,993.0,7.0,0,4,6,0
82.53572916666667,5,2.0,5,1153.0,1.0,0,0,10,0
368.9372453703704,22,2.0,43,202.0,6.0,91,2,26,112
470.4036805555556,6,4.0,12,126.0,5.0,0,5,10,0
1440.8177546296297,36,2.0,161,0.0,14.0,6,195,301,128
512.0511574074075,6,2.0,14,94.0,3.0,0,7,3,5
179.59782407407408,14,2.0,38,756.0,12.0,3,22,33,33
46.9625,3,2.0,4,1669.0,3.0,0,2,1,0
167.21158564814814,9,4.0,29,2879.0,19.0,0,1,27,8
211.3261226851852,5,2.0,10,1755.0,4.0,0,1,9,0
210.38377314814807,6,2.0,15,642.0,18.0,0,3,12,0
4.185960648148148,6,2.0,7,988.0,4.0,0,2,13,0
45.7422337962963,2,2.0,1,1671.0,1.0,0,0,1,0
21.87974537037037,6,2.0,7,113.0,6.0,0,1,14,0
47.1071875,4,2.0,6,482.0,3.0,0,0,6,0
6404.974050925926,10,4.0,13,532.0,4.0,0,4,32,9
5133.62568287037,7,2.0,22,5431.0,13.0,0,0,15,6
423.66760416666665,2,2.0,1,919.0,2.0,0,0,1,0
43.728738425925926,5,2.0,5,1670.0,2.0,0,2,8,0
43.72361111111111,2,2.0,3,1669.0,3.0,0,0,1,0
2891.330509259259,20,3.0,50,444.0,13.0,3,36,100,51
4.649780092592593,3,2.0,7,598.0,6.0,0,0,3,0
25.281666666666663,7,5.0,21,168.0,5.0,0,1,14,6
382.0388541666667,7,4.0,7,672.0,1.0,0,4,11,6
25.799675925925925,5,5.0,10,597.0,7.0,0,6,4,0
28.25435185185185,23,6.0,44,489.0,12.0,10,40,113,90
8596.551747685186,25,3.0,73,146.0,7.0,3,86,145,66
448.16572916666667,6,2.0,11,1793.0,7.0,0,1,14,0
28.1954050925926,5,6.0,21,2889.0,9.0,0,1,5,4
137.2242824074074,5,2.0,8,205.0,4.0,0,0,10,0
8.208194444444445,3,2.0,2,2935.0,4.0,0,0,3,0
310.0214699074074,5,3.0,7,827.0,3.0,0,3,7,0
233.9985648148148,13,2.0,21,1141.0,13.0,0,6,60,12
84.86751157407407,5,2.0,4,15.0,2.0,0,1,9,0
293.20032407407405,16,2.0,48,399.0,8.0,1,5,86,28
5961.996423611111,30,1.0,87,200.0,23.0,6,152,173,104
41.098194444444445,2,2.0,2,1670.0,2.0,0,0,1,0
231.6116435185185,20,2.0,54,1826.0,13.0,1,57,96,36
45.69112268518519,6,2.0,18,1833.0,6.0,0,1,14,0
419.7673263888889,8,2.0,12,1402.0,4.0,1,1,14,12
1.3912962962962965,3,5.0,2,1758.0,1.0,0,0,3,0
845.9259837962964,11,2.0,13,1671.0,1.0,0,27,18,10
375.9063310185185,6,4.0,15,985.0,7.0,0,1,14,0
376.8049652777778,4,2.0,4,5436.0,8.0,0,0,6,0
80.97454861111112,5,2.0,4,921.0,0.0,0,4,2,4
6399.229467592592,4,4.0,5,2277.0,7.0,0,0,6,0
2.300358796296296,6,3.0,7,652.0,0.0,0,3,12,0
290.8988773148148,11,4.0,31,86.0,11.0,1,18,18,18
1054.2494675925925,9,4.0,22,1142.0,3.0,0,7,29,0
809.113761574074,9,2.0,31,269.0,14.0,1,13,8,14
4871.868506944445,6,2.0,6,,0.0,0,5,10,0
636.2549305555556,5,2.0,15,188.0,10.0,0,4,6,0
445.66703703703706,4,2.0,5,41.0,4.0,0,0,6,0
89.11789351851851,3,5.0,3,363.0,2.0,0,0,3,0
1148.7174189814814,6,2.0,7,1064.0,2.0,0,0,15,0
5959.483773148148,19,4.0,46,126.0,3.0,6,47,58,60
1414.5765972222223,8,2.0,12,1670.0,2.0,3,4,6,15
1774.1647916666666,4,2.0,8,1667.0,5.0,0,1,5,0
221.28028935185185,9,2.0,11,826.0,4.0,0,7,29,0
6402.766157407407,8,2.0,24,140.0,9.0,1,3,12,12
1304.692627314815,7,2.0,8,1464.0,2.0,0,4,17,0
4455.094398148148,11,2.0,31,815.0,15.0,0,14,41,0
142.3525925925926,10,2.0,26,1343.0,39.0,0,4,41,0
111.06956018518518,3,5.0,4,650.0,2.0,0,0,3,0
7.37167824074074,12,6.0,28,1755.0,4.0,0,15,51,0
25.15179398148148,2,2.0,2,84.0,0.0,0,0,0,1
24.282858796296296,2,2.0,2,919.0,2.0,0,0,1,0
7.138680555555555,4,2.0,3,2280.0,4.0,0,1,5,0
1303.3216319444443,10,1.0,16,217.0,1.0,1,17,11,16
905.2635416666668,24,2.0,50,551.0,5.0,0,63,190,23
32.13302083333333,3,3.0,3,1670.0,2.0,0,1,2,0
1048.8191898148148,7,2.0,6,1672.0,0.0,1,2,8,10
6079.96587962963,8,2.0,10,,0.0,0,12,9,7
619.6734143518519,7,2.0,25,1.0,6.0,3,0,6,12
8497.84224537037,7,2.0,9,736.0,16.0,0,10,11,0
45.21224537037037,7,6.0,10,670.0,3.0,0,3,18,0
283.03353009259257,3,2.0,2,339.0,1.0,0,0,3,0
282.93936342592593,12,2.0,43,1823.0,16.0,1,13,32,20
19.099340277777777,5,2.0,6,989.0,3.0,0,0,10,0
7368.173113425926,6,4.0,6,50.0,2.0,0,1,14,0
410.1561226851852,2,2.0,1,917.0,4.0,0,0,1,0
1427.307337962963,5,2.0,23,44.0,10.0,0,3,7,0
76.44266203703704,14,5.0,37,759.0,9.0,0,29,49,13
114.08436342592591,11,2.0,21,,0.0,3,15,13,24
789.2091550925926,6,2.0,6,1671.0,1.0,0,9,6,0
6387.718958333333,5,2.0,8,2275.0,9.0,0,1,9,0
18.14918981481481,4,2.0,5,1379.0,3.0,0,0,6,0
38.57440972222222,4,2.0,5,1669.0,3.0,0,4,2,0
32.21655092592592,4,3.0,5,652.0,0.0,1,0,1,4
22.18872685185185,4,4.0,7,738.0,4.0,0,0,6,0
125.05197916666668,5,5.0,8,785.0,2.0,0,1,9,0
0.3868634259259259,3,5.0,4,451.0,1.0,0,0,3,0
625.9851504629629,4,1.0,3,1402.0,4.0,0,0,6,0
7.395972222222222,3,2.0,2,118.0,5.0,0,0,3,0
0.0018171296296296,1,2.0,0,652.0,0.0,0,0,0,0
61.75427083333334,12,4.0,24,1145.0,9.0,1,7,38,20
6274.592800925926,26,2.0,52,320.0,8.0,6,65,166,88
33.61349537037037,8,2.0,18,738.0,4.0,0,6,22,0
2417.060509259259,4,3.0,3,,0.0,0,0,6,0
33.83902777777778,8,4.0,19,2891.0,7.0,0,12,16,0
78.03613425925926,5,2.0,11,1366.0,16.0,0,0,10,0
67.77959490740741,6,5.0,27,2882.0,16.0,0,0,15,0
1212.785659722222,72,2.0,173,596.0,8.0,300,550,531,1175
272.7561689814815,11,2.0,28,1374.0,8.0,0,19,36,0
27.849907407407407,4,2.0,3,478.0,1.0,0,0,6,0
21.9463425925926,4,2.0,7,987.0,5.0,0,0,6,0
85.20050925925926,9,4.0,20,2891.0,7.0,0,1,27,8
67.18822916666667,6,2.0,7,1837.0,2.0,0,0,15,0
62.06034722222222,8,5.0,11,205.0,3.0,0,7,21,0
6384.972164351852,4,2.0,3,2281.0,3.0,0,0,6,0
6384.937777777778,4,2.0,4,2279.0,5.0,0,0,6,0
404.3251504629629,4,2.0,9,2932.0,7.0,0,0,6,0
6384.877280092593,7,2.0,6,2280.0,4.0,0,5,16,0
6384.801365740741,4,2.0,3,2281.0,3.0,0,0,6,0
6384.792453703703,8,2.0,26,202.0,4.0,0,9,19,0
6384.784224537037,4,2.0,3,2278.0,6.0,0,0,6,0
6384.781111111111,4,2.0,7,201.0,5.0,0,0,6,0
6384.775185185185,4,2.0,5,203.0,3.0,0,0,6,0
403.4744907407408,3,2.0,2,920.0,1.0,0,0,3,0
25.774479166666666,2,2.0,2,1670.0,2.0,0,0,1,0
90.54950231481482,9,2.0,19,260.0,8.0,1,1,20,14
4.159212962962963,8,2.0,13,5437.0,7.0,0,0,21,7
83.2625,6,2.0,6,919.0,2.0,0,4,6,5
6382.880972222222,9,4.0,11,638.0,4.0,0,2,26,8
98.73253472222224,5,4.0,13,823.0,7.0,0,5,5,0
170.95142361111112,9,2.0,53,1637.0,35.0,0,3,33,0
23.675763888888888,4,2.0,6,1668.0,4.0,1,0,1,4
574.0339814814815,28,2.0,105,752.0,16.0,0,84,267,27
809.0322800925926,9,2.0,44,2369.0,23.0,0,15,21,0
1203.110949074074,8,2.0,23,277.0,9.0,0,8,13,7
781.814212962963,3,2.0,2,1672.0,0.0,0,0,1,2
195.70114583333333,10,1.0,19,449.0,7.0,0,9,36,0
0.0781944444444444,4,6.0,4,571.0,2.0,0,0,6,0
6380.48130787037,6,4.0,8,2275.0,9.0,0,0,15,0
6380.111701388889,5,2.0,6,681.0,3.0,0,0,10,0
271.864375,2,2.0,1,1836.0,3.0,0,0,1,0
6379.91619212963,4,2.0,3,2280.0,4.0,0,0,6,0
1831.5726273148148,8,3.0,11,1063.0,3.0,0,9,19,0
754.9387152777778,4,3.0,4,1670.0,2.0,0,1,2,3
271.4394675925926,5,4.0,4,1838.0,1.0,0,0,10,0
62.60917824074074,9,2.0,17,1833.0,6.0,0,2,26,8
132.30228009259258,9,2.0,20,968.0,24.0,0,4,32,0
7158.058530092592,19,2.0,84,241.0,42.0,6,72,33,60
331.2003472222222,4,2.0,3,403.0,4.0,0,0,6,0
97.91392361111112,9,6.0,23,2889.0,9.0,0,13,23,0
204.71747685185184,10,2.0,34,815.0,15.0,1,9,19,16
14.273171296296296,15,6.0,22,1380.0,2.0,0,49,56,0
32.01284722222222,2,2.0,3,1379.0,3.0,0,0,1,0
175.11387731481483,4,2.0,11,1665.0,7.0,0,3,3,0
1260.399664351852,4,4.0,4,604.0,0.0,0,2,4,0
97.92594907407408,5,5.0,13,1663.0,9.0,0,5,5,0
111.7161574074074,3,2.0,3,1670.0,2.0,0,0,3,0
66.84305555555555,2,2.0,1,1671.0,1.0,0,0,1,0
100.19376157407407,16,4.0,33,663.0,10.0,0,51,69,0
10.983715277777778,5,5.0,7,2282.0,2.0,0,4,6,0
2641.8275578703706,24,5.0,53,,0.0,1,100,131,44
6174.562175925926,12,2.0,41,1204.0,4.0,0,18,48,0
1054.4699421296295,25,2.0,80,2268.0,16.0,15,70,101,114
241.7273726851852,10,2.0,56,346.0,28.0,0,7,29,9
93.20368055555556,8,2.0,21,817.0,13.0,0,2,26,0
266.14070601851853,4,2.0,4,2893.0,5.0,0,0,6,0
261.1006018518519,11,4.0,27,664.0,9.0,0,6,49,0
324.75251157407405,5,2.0,10,732.0,10.0,0,0,10,0
1205.813275462963,8,4.0,13,,0.0,0,6,15,7
265.8265162037037,6,4.0,10,1835.0,4.0,0,2,13,0
6883.420451388889,47,2.0,163,0.0,34.0,406,110,43,522
55.61666666666667,8,2.0,15,2893.0,5.0,0,4,24,0
349.71150462962964,6,4.0,5,1758.0,1.0,0,0,15,0
253.32578703703703,5,3.0,10,825.0,5.0,0,0,6,4
809.524050925926,21,2.0,61,6.0,15.0,36,49,17,108
4770.016643518518,13,2.0,26,645.0,4.0,0,20,46,12
5.728055555555556,6,6.0,8,1755.0,4.0,0,2,13,0
6372.039293981482,4,2.0,4,2282.0,2.0,0,0,6,0
547.5586226851852,14,5.0,17,683.0,1.0,0,31,47,13
2826.8013425925924,8,2.0,26,1011.0,10.0,0,15,13,0
18.97925925925926,6,5.0,8,1835.0,4.0,0,2,8,5
48.28679398148148,5,2.0,5,1839.0,0.0,3,0,1,6
5646.662569444445,9,2.0,15,1061.0,5.0,1,13,8,14
85.04008101851852,3,2.0,9,384.0,7.0,0,0,1,2
10.777002314814816,1,2.0,0,1669.0,3.0,0,0,0,0
10.633888888888889,2,2.0,1,1669.0,3.0,0,0,1,0
159.3896990740741,16,4.0,82,187.0,31.0,0,24,81,15
320.9664236111111,4,2.0,3,989.0,3.0,0,0,6,0
374.84092592592594,6,2.0,8,207.0,1.0,0,3,12,0
2821.066828703704,3,5.0,3,1186.0,2.0,0,2,1,0
16.054641203703703,2,2.0,2,1185.0,3.0,0,0,1,0
2811.5164351851854,5,2.0,9,177.0,2.0,0,4,6,0
79.12616898148148,3,5.0,5,1184.0,4.0,0,1,2,0
461.6942824074074,5,2.0,5,1839.0,0.0,0,1,5,4
44.24630787037037,6,2.0,10,668.0,5.0,0,3,12,0
664.0258217592593,9,5.0,29,1174.0,14.0,3,6,9,18
125.15442129629628,3,4.0,8,1181.0,7.0,0,0,3,0
2.063344907407408,4,2.0,3,1376.0,6.0,0,0,6,0
50.0546412037037,5,5.0,5,652.0,0.0,0,0,6,4
790.8447569444445,10,2.0,12,4.0,3.0,0,31,14,0
232.8705902777777,7,2.0,47,1020.0,24.0,0,1,20,0
58.22880787037037,5,2.0,10,1364.0,18.0,0,0,10,0
337.0963310185185,11,4.0,22,820.0,10.0,0,14,31,10
429.0018518518518,12,2.0,22,,0.0,0,4,51,11
270.8340625,19,4.0,70,912.0,9.0,0,16,137,18
41.645266203703706,4,2.0,8,652.0,0.0,0,3,0,3
2268.503009259259,9,2.0,12,919.0,2.0,0,11,17,8
791.7296527777778,6,3.0,11,1669.0,3.0,0,4,11,0
256.9877199074074,5,2.0,6,767.0,1.0,0,1,9,0
5.502511574074074,9,2.0,29,2929.0,10.0,0,9,27,0
1.4177314814814814,3,2.0,4,2284.0,0.0,0,0,3,0
10.09244212962963,6,2.0,10,2934.0,5.0,0,1,14,0
25.179027777777776,13,2.0,23,1833.0,6.0,0,20,46,12
893.9532523148148,6,2.0,8,2936.0,3.0,0,0,15,0
6986.75318287037,10,2.0,13,151.0,2.0,3,12,9,21
256.360787037037,5,2.0,7,764.0,4.0,0,4,6,0
6.480625,5,2.0,10,1668.0,4.0,0,7,3,0
7732.997858796296,11,2.0,18,1135.0,19.0,0,15,40,0
2813.7181944444446,3,2.0,2,1182.0,6.0,0,0,3,0
6363.867800925926,4,2.0,3,202.0,4.0,0,0,6,0
384.09430555555554,16,2.0,30,138.0,13.0,0,31,89,0
35.007534722222225,8,2.0,18,100.0,5.0,0,15,13,0
64.31938657407407,3,2.0,3,1671.0,1.0,0,0,3,0
0.0449305555555555,1,2.0,0,1185.0,3.0,0,0,0,0
4815.158935185185,9,4.0,44,152.0,19.0,1,0,21,14
6362.8888541666665,9,6.0,28,2271.0,13.0,0,5,31,0
0.1268287037037037,3,2.0,2,1757.0,2.0,0,0,3,0
4.913171296296296,3,2.0,5,1755.0,4.0,0,0,3,0
3.485034722222222,4,2.0,4,418.0,2.0,0,0,6,0
399.1928703703704,3,2.0,2,921.0,0.0,0,3,0,0
12.896064814814816,2,2.0,1,1671.0,1.0,0,1,0,0
540.9206828703703,5,2.0,9,673.0,0.0,0,0,10,0
4.549270833333333,8,5.0,11,925.0,4.0,0,8,20,0
136.05296296296297,8,2.0,10,18.0,3.0,0,4,17,7
37.859965277777775,3,4.0,2,208.0,0.0,0,0,1,2
5.879444444444444,3,2.0,2,2933.0,6.0,0,0,3,0
333.7976967592593,12,2.0,18,1669.0,3.0,1,20,25,20
43.526875,6,2.0,7,592.0,12.0,0,0,15,0
961.406550925926,2,2.0,1,602.0,2.0,0,0,1,0
964.9814004629628,2,2.0,3,973.0,3.0,0,0,1,0
111.19743055555556,6,2.0,6,1671.0,1.0,0,6,9,0
7.187939814814815,5,2.0,21,1830.0,9.0,0,1,9,0
1.1278587962962965,2,2.0,2,452.0,0.0,0,0,0,1
379.53802083333335,5,2.0,8,1039.0,5.0,0,1,9,0
1.3240625,4,2.0,4,82.0,0.0,0,0,3,3
379.2919907407408,6,2.0,15,1036.0,8.0,0,0,15,0
0.0316666666666666,2,3.0,1,1671.0,1.0,0,1,0,0
6359.845856481482,5,2.0,5,2282.0,2.0,0,0,10,0
1.8198726851851847,3,2.0,6,1668.0,4.0,0,2,1,0
146.11488425925927,13,2.0,53,,0.0,0,11,55,12
5.79931712962963,7,2.0,12,120.0,3.0,0,0,21,0
38.83077546296296,4,2.0,3,5439.0,5.0,0,0,6,0
9.589097222222222,3,2.0,2,1671.0,1.0,0,1,2,0
3954.582002314815,16,2.0,35,23.0,4.0,1,54,37,28
1009.126238425926,19,2.0,43,988.0,4.0,1,41,95,34
1105.928275462963,9,2.0,19,1672.0,0.0,0,18,18,0
2.0557291666666666,4,2.0,5,166.0,5.0,0,0,6,0
41.610532407407405,3,2.0,6,1667.0,5.0,0,0,3,0
583.2571180555556,6,2.0,19,599.0,5.0,0,2,13,0
596.1764351851851,4,5.0,3,191.0,7.0,0,0,6,0
57.26518518518518,6,5.0,12,1755.0,4.0,0,4,6,5
5.221226851851852,3,2.0,2,1671.0,1.0,0,1,2,0
182.1795601851852,7,2.0,22,126.0,12.0,0,0,15,6
561.0900578703704,3,2.0,5,1670.0,2.0,0,1,2,0
81.52706018518519,8,2.0,15,667.0,6.0,0,7,21,0
6355.946539351852,4,2.0,3,2279.0,5.0,0,0,6,0
277.9629976851852,9,2.0,15,825.0,5.0,0,6,30,0
2815.400324074074,5,2.0,4,,0.0,0,0,10,0
375.2664583333333,3,2.0,2,785.0,0.0,0,0,3,0
110.79552083333331,12,2.0,31,319.0,9.0,0,19,36,11
4650.907800925926,2,2.0,1,,0.0,0,0,1,0
5599.503495370371,4,2.0,3,,0.0,0,2,1,3
4700.481134259259,2,2.0,1,,0.0,0,0,1,0
1.1423495370370371,3,2.0,2,1754.0,5.0,0,0,3,0
1373.0192592592591,5,2.0,6,285.0,1.0,0,4,6,0
78.13189814814815,6,2.0,6,671.0,2.0,0,5,10,0
4531.363101851852,15,2.0,112,0.0,39.0,21,15,13,56
135.73747685185185,8,2.0,13,649.0,3.0,0,1,27,0
31.280266203703704,9,2.0,14,987.0,5.0,0,6,30,0
3.1594560185185183,3,2.0,2,2936.0,3.0,0,0,3,0
45.15649305555556,4,2.0,10,1372.0,10.0,0,0,6,0
92.98059027777778,4,2.0,3,1153.0,1.0,0,0,6,0
7149.64,5,2.0,6,89.0,3.0,0,5,1,4
244.17371527777777,7,2.0,19,763.0,5.0,0,0,21,0
6352.102418981482,4,4.0,3,2281.0,3.0,0,0,6,0
0.8574537037037037,6,6.0,11,2892.0,6.0,0,0,15,0
1474.993888888889,5,2.0,8,282.0,4.0,0,1,9,0
767.935,7,2.0,8,1670.0,2.0,0,3,12,6
239.2578703703704,5,2.0,8,552.0,4.0,0,0,10,0
1.422650462962963,5,6.0,7,,0.0,0,1,5,4
125.62476851851852,17,5.0,22,208.0,0.0,0,42,94,0
590.2017129629629,5,4.0,11,1398.0,8.0,0,0,10,0
32.84322916666667,7,5.0,22,1827.0,12.0,0,2,19,0
76.99480324074074,3,5.0,2,1839.0,0.0,0,0,1,2
109.23762731481482,21,4.0,34,1152.0,2.0,0,84,106,20
1.0975810185185184,4,2.0,5,,0.0,0,0,6,0
1.666550925925926,2,2.0,1,43.0,2.0,0,0,1,0
781.1087152777778,2,2.0,2,1672.0,0.0,0,1,0,0
6.054097222222223,3,3.0,6,566.0,5.0,0,0,3,0
31.838229166666668,7,5.0,11,,0.0,0,1,20,0
3407.418865740741,6,2.0,7,1463.0,3.0,0,5,10,0
452.982662037037,4,2.0,6,2936.0,3.0,0,0,6,0
6503.163240740741,57,4.0,154,324.0,4.0,105,451,410,630
1006.5720138888888,5,2.0,5,1671.0,1.0,0,2,4,4
4109.101053240741,53,2.0,145,4.0,22.0,136,311,319,612
612.6209722222222,3,2.0,7,27.0,3.0,0,1,2,0
7457.649189814815,9,4.0,32,5430.0,14.0,3,5,10,18
0.2431712962962963,3,3.0,4,1671.0,1.0,0,2,1,0
53.09519675925926,7,2.0,13,5435.0,9.0,0,2,19,0
146.21898148148148,1,2.0,0,1668.0,4.0,0,0,0,0
60.19273148148148,3,3.0,7,1670.0,2.0,0,0,3,0
241.0612847222222,14,5.0,71,748.0,20.0,1,5,61,24
6349.034803240741,5,2.0,6,2281.0,3.0,0,0,10,0
2706.227175925926,10,2.0,30,262.0,3.0,0,23,22,0
30.854317129629628,10,2.0,17,,0.0,0,0,36,9
588.0326504629629,7,2.0,17,188.0,10.0,0,1,20,0
1146.8599074074075,14,2.0,23,1039.0,5.0,10,14,22,45
6451.822986111111,10,2.0,23,,0.0,0,16,20,9
71.80747685185185,4,1.0,3,,0.0,0,0,6,0
1232.244479166667,10,2.0,25,363.0,11.0,0,18,27,0
321.6291782407407,4,5.0,4,451.0,1.0,0,1,2,3
43.156875,6,2.0,7,920.0,1.0,0,2,13,0
71.18091435185185,3,2.0,7,1182.0,6.0,0,2,1,0
2795.4206365740743,7,2.0,21,821.0,9.0,0,1,20,0
6660.238831018519,10,2.0,11,17.0,2.0,0,4,32,9
6346.058935185185,5,2.0,5,204.0,2.0,0,0,10,0
746.9971527777777,4,2.0,4,1672.0,0.0,0,3,3,0
25.069884259259258,2,2.0,1,1668.0,4.0,0,0,1,0
237.81858796296297,4,2.0,5,1835.0,4.0,0,0,6,0
6345.065150462963,5,2.0,6,2281.0,3.0,0,0,10,0
100.98229166666668,14,5.0,66,746.0,22.0,0,4,74,13
80.08707175925926,6,2.0,15,1397.0,9.0,0,2,13,0
607.2532291666666,7,2.0,9,1670.0,2.0,0,8,13,0
2405.9503472222223,4,2.0,7,1.0,4.0,0,4,2,0
698.9288425925926,3,3.0,2,1671.0,1.0,0,2,1,0
6022.912303240741,46,2.0,80,399.0,8.0,300,133,77,525
25.805173611111112,7,5.0,8,1827.0,12.0,0,1,20,0
502.0064583333333,2,2.0,1,1671.0,1.0,0,0,1,0
132.86913194444443,3,2.0,3,1670.0,2.0,0,0,3,0
210.36890046296296,2,2.0,2,1670.0,2.0,0,0,1,0
210.36532407407407,2,2.0,2,1670.0,2.0,0,0,1,0
25.77872685185185,6,5.0,11,1831.0,8.0,0,0,15,0
169.73483796296296,9,5.0,61,70.0,29.0,0,1,35,0
104.3622800925926,27,2.0,97,164.0,7.0,3,69,207,72
209.4673726851852,2,2.0,2,1670.0,2.0,0,0,1,0
105.55202546296296,8,4.0,25,1826.0,13.0,0,3,25,0
104.59369212962964,9,2.0,13,1784.0,16.0,0,4,32,0
75.13196759259259,5,4.0,22,1836.0,3.0,0,1,9,0
34.283611111111114,10,4.0,19,2936.0,3.0,0,0,45,0
234.01358796296296,4,2.0,3,60.0,7.0,0,2,4,0
742.3311574074074,3,2.0,4,1672.0,0.0,0,1,0,2
230.42984953703703,5,2.0,6,673.0,0.0,0,2,4,4
39.5302662037037,3,2.0,3,1671.0,1.0,0,2,1,0
12.273055555555556,6,2.0,13,1750.0,9.0,0,0,15,0
129.3007638888889,27,2.0,66,53.0,6.0,55,44,76,176
396.1170601851852,5,2.0,4,1672.0,0.0,1,0,3,6
105.67292824074076,2,2.0,1,1672.0,0.0,0,0,1,0
472.600775462963,16,2.0,26,455.0,6.0,3,21,57,39
5155.037430555555,59,2.0,217,,0.0,595,200,76,840
739.9319791666667,4,2.0,5,1672.0,0.0,0,0,3,3
414.48090277777777,4,4.0,7,671.0,2.0,0,0,6,0
124.26587962962962,9,2.0,15,767.0,1.0,0,6,30,0
0.0132754629629629,2,2.0,1,600.0,4.0,0,0,1,0
532.0872916666667,25,4.0,86,311.0,9.0,3,84,147,66
19.565092592592592,8,5.0,18,2928.0,11.0,0,1,27,0
13.534421296296296,5,2.0,9,991.0,9.0,0,4,6,0
103.92561342592592,3,4.0,3,1839.0,0.0,0,0,1,2
6729.685243055556,13,,29,1.0,3.0,1,33,22,22
0.2948842592592592,2,3.0,2,1670.0,2.0,0,0,1,0
32.97925925925926,2,2.0,2,1670.0,2.0,0,0,1,0
102.0785300925926,15,5.0,53,1775.0,25.0,3,14,52,36
310.76622685185185,4,2.0,3,1758.0,1.0,0,0,6,0
13.780729166666667,6,2.0,8,1830.0,9.0,0,3,12,0
41.84469907407407,3,4.0,6,1183.0,5.0,0,0,3,0
863.4291550925926,3,2.0,3,95.0,2.0,0,2,1,0
1154.8145486111111,7,2.0,13,330.0,1.0,0,4,17,0
592.8566782407407,6,2.0,5,1671.0,1.0,0,6,9,0
1082.4074074074074,2,2.0,2,1064.0,2.0,0,0,1,0
9.27261574074074,4,2.0,4,1670.0,2.0,0,0,3,3
116.0124537037037,9,2.0,31,410.0,10.0,0,4,32,0
154.13636574074073,30,5.0,151,652.0,0.0,1,136,242,56
6328.901990740741,5,2.0,15,2273.0,11.0,0,2,8,0
279.71527777777777,4,2.0,7,100.0,5.0,0,2,4,0
2555.1253125,9,2.0,20,211.0,6.0,0,3,25,8
7565.003958333334,14,3.0,20,18.0,2.0,6,18,27,40
860.5694097222222,8,5.0,18,2388.0,4.0,0,6,22,0
567.0955902777778,5,2.0,11,375.0,7.0,0,2,8,0
654.0749421296297,6,2.0,6,,0.0,0,4,6,5
2361.137974537037,3,2.0,4,185.0,3.0,0,0,3,0
6470.452002314815,7,2.0,17,2928.0,11.0,0,7,14,0
318.7852546296296,4,5.0,3,652.0,0.0,0,0,6,0
41.37319444444445,3,2.0,3,919.0,2.0,0,0,1,2
1509.7831828703704,5,2.0,10,45.0,6.0,0,5,5,0
151.18847222222223,6,2.0,8,88.0,11.0,0,0,15,0
65.06085648148148,4,2.0,5,918.0,3.0,0,0,6,0
216.9233449074074,4,2.0,6,414.0,6.0,0,0,6,0
471.63439814814814,4,2.0,3,1837.0,2.0,0,0,6,0
21.277858796296297,1,2.0,0,652.0,0.0,0,0,0,0
563.7755555555556,4,2.0,8,193.0,5.0,0,0,6,0
761.8605902777778,14,5.0,53,628.0,21.0,1,20,46,24
76.82392361111111,7,2.0,25,,0.0,0,5,16,0
6324.186585648148,4,2.0,3,2281.0,3.0,0,0,6,0
6324.181493055556,4,2.0,3,2281.0,3.0,0,0,6,0
14.740960648148148,5,2.0,10,1670.0,2.0,0,4,6,0
16.252418981481483,9,5.0,28,,0.0,0,2,34,0
5.91744212962963,5,2.0,10,1834.0,5.0,0,0,10,0
3669.975891203704,5,2.0,6,137.0,1.0,0,3,7,0
2.9225925925925926,4,2.0,3,475.0,4.0,0,0,6,0
6323.948773148149,5,2.0,5,2282.0,2.0,0,0,10,0
562.9583796296296,6,2.0,23,1393.0,13.0,0,0,15,0
278.8359953703704,9,4.0,29,,0.0,1,1,20,14
591.5260532407408,11,2.0,30,70.0,14.0,1,19,17,18
15.192141203703704,3,2.0,4,1670.0,2.0,0,1,2,0
7225.068888888889,37,4.0,129,,0.0,6,161,367,132
1367.186064814815,26,2.0,65,24.0,8.0,6,54,177,88
806.9980439814815,24,2.0,48,,0.0,6,54,136,80
8318.374814814815,12,2.0,36,87.0,14.0,0,26,29,11
214.8942476851852,6,2.0,6,1832.0,7.0,0,0,15,0
15.94587962962963,6,2.0,35,117.0,21.0,0,0,10,5
295.8122453703704,4,2.0,6,43.0,8.0,0,4,2,0
214.7259606481481,9,4.0,31,5431.0,13.0,0,2,26,8
1.6114930555555556,14,6.0,28,601.0,3.0,0,34,44,13
7776.717847222222,8,3.0,12,422.0,3.0,0,5,16,7
243.5193402777778,3,2.0,4,1758.0,1.0,0,0,1,2
4617.456342592593,4,2.0,3,,0.0,0,2,1,3
7062.814224537037,12,2.0,16,0.0,5.0,10,3,18,35
6322.117754629629,4,2.0,4,2280.0,4.0,0,0,6,0
6322.115891203704,4,2.0,4,2280.0,4.0,0,0,6,0
20.294560185185187,4,2.0,3,1671.0,1.0,0,1,5,0
6322.021828703703,5,2.0,5,2280.0,4.0,0,0,10,0
159.17532407407407,4,2.0,7,89.0,8.0,0,3,3,0
560.9532986111111,5,2.0,5,168.0,5.0,0,2,8,0
7196.78806712963,9,2.0,17,421.0,4.0,0,14,22,0
71.5449537037037,8,2.0,31,12.0,14.0,0,5,16,7
213.14822916666665,19,5.0,64,751.0,17.0,6,12,93,60
107.68921296296296,11,6.0,40,1820.0,19.0,0,11,44,0
18.531296296296297,9,4.0,17,1797.0,3.0,0,0,36,0
50.89690972222222,4,4.0,6,160.0,13.0,0,0,6,0
7435.66337962963,8,5.0,18,68.0,6.0,0,12,9,7
310.9462731481481,20,2.0,53,669.0,4.0,0,26,145,19
495.6407986111111,9,2.0,22,1663.0,9.0,1,11,10,14
437.0658912037037,13,2.0,24,2.0,4.0,0,38,40,0
115.81972222222224,3,2.0,6,1667.0,5.0,0,0,3,0
581.6352314814815,4,1.0,3,1671.0,1.0,0,0,6,0
115.65181712962963,2,2.0,1,1671.0,1.0,0,0,1,0
107.43726851851852,5,5.0,10,1667.0,5.0,0,0,10,0
107.43241898148148,3,1.0,3,1670.0,2.0,0,0,3,0
190.0008449074074,7,5.0,12,146.0,7.0,0,11,10,0
1.6632638888888889,3,2.0,2,1666.0,6.0,0,0,3,0
209.90328703703705,8,5.0,33,,0.0,0,0,28,0
0.1276504629629629,3,2.0,2,1671.0,1.0,0,0,3,0
7134.6434375,21,,62,7.0,5.0,36,29,37,108
209.9080787037037,4,2.0,4,766.0,2.0,0,0,3,3
0.0057638888888888,2,6.0,1,1671.0,1.0,0,0,1,0
56.82365740740741,4,2.0,17,2278.0,6.0,0,0,6,0
29.79293981481481,4,2.0,3,656.0,4.0,0,0,6,0
1927.261516203704,47,5.0,159,592.0,14.0,78,323,238,442
556.556886574074,10,6.0,13,1406.0,0.0,0,10,26,9
23.150335648148147,3,2.0,8,1752.0,7.0,0,0,3,0
268.01231481481483,5,2.0,4,989.0,3.0,0,1,9,0
35.37583333333333,3,2.0,6,1670.0,2.0,0,0,1,2
112.88746527777778,12,2.0,34,,0.0,0,9,57,0
6316.942002314815,5,2.0,4,2280.0,4.0,0,0,10,0
3463.87175925926,48,2.0,97,77.0,3.0,528,89,16,495
5.7031481481481485,2,2.0,2,1670.0,2.0,0,0,1,0
105.57502314814816,11,2.0,12,1146.0,8.0,0,9,46,0
195.3171412037037,3,2.0,2,1670.0,2.0,0,2,1,0
105.4499074074074,3,2.0,2,1671.0,1.0,0,0,3,0
14.256284722222222,4,2.0,3,2935.0,4.0,0,0,6,0
90.80502314814817,9,4.0,25,765.0,3.0,0,0,36,0
33.60263888888889,5,5.0,7,1838.0,1.0,0,0,6,4
141.99895833333332,3,4.0,5,826.0,4.0,0,0,3,0
21.68462962962963,4,2.0,9,492.0,9.0,0,0,6,0
13.845266203703703,4,1.0,7,66.0,4.0,0,0,3,3
40.94739583333333,12,2.0,30,643.0,30.0,0,7,59,0
40.884050925925926,5,2.0,4,208.0,0.0,0,0,6,4
6280.648414351852,10,2.0,34,,0.0,0,1,44,0
6314.118414351852,5,6.0,7,2280.0,4.0,0,0,10,0
206.0364467592593,7,6.0,20,,0.0,0,0,21,0
101.05498842592591,6,2.0,9,1837.0,2.0,0,2,13,0
293.95100694444443,9,4.0,19,477.0,2.0,0,8,28,0
186.65059027777767,17,4.0,46,,0.0,0,15,121,0
22.913483796296298,4,2.0,9,987.0,5.0,0,1,5,0
2772.0521875,13,1.0,16,1207.0,1.0,0,9,69,0
12.827083333333333,3,1.0,2,920.0,1.0,0,0,3,0
101.3342824074074,2,2.0,1,1669.0,3.0,0,0,1,0
3.1987615740740742,6,5.0,6,992.0,0.0,0,1,14,0
266.97616898148146,6,2.0,11,,0.0,0,2,13,0
100.83579861111112,5,2.0,5,1667.0,5.0,0,0,10,0
28.313969907407408,5,2.0,8,1834.0,5.0,0,0,10,0
1043.4270717592592,69,4.0,225,87.0,10.0,351,453,408,1134
6311.163020833334,8,4.0,11,2270.0,14.0,0,0,28,0
573.9546643518519,2,2.0,1,1671.0,1.0,0,0,1,0
7.898344907407408,3,2.0,3,1666.0,6.0,0,0,3,0
99.61244212962964,6,2.0,6,1660.0,12.0,0,2,13,0
99.52712962962964,4,2.0,4,1661.0,11.0,0,0,6,0
286.31039351851854,5,2.0,7,655.0,5.0,0,3,7,0
110.15944444444445,2,2.0,1,997.0,3.0,0,0,1,0
4648.843136574074,10,4.0,24,489.0,12.0,0,16,29,0
98.86239583333334,4,2.0,7,1664.0,8.0,0,0,6,0
175.68688657407407,2,3.0,3,1669.0,3.0,0,0,1,0
2330.399548611111,20,2.0,96,982.0,39.0,1,60,93,36
175.42270833333333,1,2.0,0,1669.0,3.0,0,0,0,0
34.81239583333333,2,2.0,1,1664.0,8.0,0,0,1,0
6278.940983796297,49,2.0,233,,0.0,120,310,218,528
263.2350231481482,8,2.0,35,35.0,21.0,3,2,8,15
1554.7427546296296,12,2.0,30,2385.0,7.0,1,11,34,20
22.18443287037037,6,4.0,7,1404.0,2.0,0,5,10,0
199.86962962962963,10,5.0,20,787.0,0.0,15,1,5,24
936.8869791666668,3,2.0,3,1464.0,2.0,0,0,3,0
0.2814236111111111,4,2.0,7,1402.0,4.0,0,0,6,0
32.80171296296297,2,2.0,1,1666.0,6.0,0,0,1,0
8207.786701388888,10,3.0,13,,0.0,0,17,19,9
8153.927951388889,27,3.0,35,,0.0,15,82,128,126
14.170625,3,2.0,5,1668.0,4.0,0,1,2,0
114.01641203703704,4,2.0,4,568.0,5.0,0,0,6,0
5.369583333333333,11,5.0,15,601.0,3.0,1,20,16,18
1656.344224537037,21,2.0,24,171.0,1.0,10,62,58,80
794.0822106481481,12,2.0,33,5429.0,15.0,1,20,25,20
504.8121875,5,2.0,8,827.0,3.0,0,0,10,0
0.7566087962962963,3,2.0,7,63.0,4.0,0,2,1,0
20.44662037037037,3,2.0,3,1671.0,1.0,0,0,3,0
542.3309837962963,5,6.0,9,1402.0,4.0,0,0,10,0
6.939490740740741,2,1.0,1,390.0,1.0,0,0,1,0
105.68105324074074,4,2.0,3,651.0,1.0,0,0,6,0
561.8071180555555,3,2.0,4,,0.0,0,1,2,0
194.84050925925925,7,4.0,19,,0.0,0,0,21,0
253.60060185185185,4,2.0,3,568.0,5.0,0,0,6,0
128.87908564814813,6,2.0,10,824.0,6.0,0,2,13,0
18.978703703703705,4,2.0,8,2935.0,4.0,0,0,6,0
372.236863425926,8,2.0,10,1669.0,3.0,0,13,8,7
70.94211805555555,7,2.0,6,118.0,5.0,0,2,19,0
16.111296296296295,4,6.0,11,1667.0,5.0,0,3,3,0
0.908773148148148,4,5.0,8,1671.0,1.0,0,1,5,0
126.96378472222224,9,2.0,14,825.0,5.0,0,4,24,8
17.01736111111111,7,4.0,12,,0.0,0,0,21,0
250.81618055555555,5,2.0,4,475.0,4.0,0,0,10,0
5148.934814814815,6,6.0,11,2893.0,5.0,0,5,10,0
1553.7492939814815,32,4.0,92,1016.0,28.0,120,80,40,256
158.3748611111111,7,2.0,13,1839.0,0.0,1,2,8,10
82.07993055555555,6,2.0,9,669.0,4.0,0,2,8,5
1593.794699074074,7,2.0,9,285.0,1.0,0,16,5,0
2.305798611111112,2,2.0,1,918.0,3.0,0,1,0,0
25.348425925925927,6,6.0,14,672.0,1.0,0,5,10,0
2.024027777777778,3,2.0,2,168.0,3.0,0,1,2,0
1.99125,4,2.0,4,168.0,3.0,0,0,6,0
261.140625,9,3.0,34,68.0,11.0,0,3,33,0
42.310833333333335,7,2.0,8,990.0,2.0,0,2,19,0
3.927719907407408,2,2.0,1,48.0,5.0,0,0,1,0
3353.858287037037,8,2.0,7,51.0,0.0,0,12,16,0
8.452372685185185,4,2.0,3,473.0,6.0,0,0,6,0
75.05149305555555,4,2.0,4,1671.0,1.0,0,5,1,0
696.9959953703703,7,2.0,8,1672.0,0.0,0,10,5,6
2753.192164351852,5,2.0,10,1168.0,20.0,0,0,10,0
2781.117314814815,4,3.0,4,1184.0,4.0,0,0,6,0
2783.0384375,3,2.0,2,1181.0,7.0,0,0,3,0
19.46348379629629,7,6.0,21,763.0,5.0,1,0,10,10
397.7380555555556,21,4.0,58,1031.0,13.0,28,26,52,104
839.717511574074,3,2.0,2,1671.0,1.0,0,2,1,0
453.1757407407408,2,2.0,1,1671.0,1.0,0,0,1,0
1.2174652777777777,7,6.0,22,979.0,13.0,0,10,11,0
2746.787453703704,2,2.0,1,1184.0,4.0,0,0,1,0
1755.9272800925926,4,2.0,11,281.0,5.0,0,1,5,0
186.89815972222223,7,5.0,13,762.0,6.0,0,0,21,0
245.73378472222225,4,2.0,5,472.0,7.0,0,0,6,0
4.9357291666666665,6,2.0,11,1667.0,5.0,0,1,14,0
78.59949074074073,8,2.0,21,668.0,5.0,0,12,9,7
2.38125,3,2.0,4,1669.0,3.0,0,0,1,2
186.1414814814815,5,2.0,4,1463.0,3.0,0,0,10,0
6294.048194444445,9,6.0,17,2276.0,8.0,0,1,35,0
84.94296296296297,13,4.0,25,1146.0,8.0,0,10,68,0
1077.2275694444445,23,4.0,82,966.0,10.0,10,54,99,90
415.7514930555556,13,2.0,26,1747.0,12.0,0,27,51,0
420.0150578703704,8,4.0,11,670.0,3.0,0,1,27,0
6293.070983796296,7,6.0,23,191.0,15.0,0,6,15,0
6293.067754629629,6,2.0,12,2275.0,9.0,0,0,15,0
6293.062337962963,9,2.0,18,2275.0,9.0,0,2,26,8
225.0416203703704,4,1.0,5,1671.0,1.0,0,0,3,3
5.432326388888889,4,2.0,6,1669.0,3.0,0,0,6,0
6.034722222222222,5,2.0,6,1663.0,9.0,0,0,6,4
5.638148148148148,3,2.0,4,1670.0,2.0,0,0,3,0
135.90417824074075,12,2.0,32,1371.0,11.0,0,9,57,0
37.8905787037037,4,2.0,4,2385.0,7.0,0,0,6,0
1314.0350347222222,36,2.0,99,41.0,3.0,3,216,312,99
47.59597222222222,9,2.0,16,,0.0,0,7,29,0
2734.9928472222223,4,2.0,4,1180.0,8.0,0,1,5,0
381.1923958333333,9,2.0,20,1666.0,6.0,0,7,29,0
6037.478217592593,34,4.0,108,43.0,7.0,120,91,62,288
16.94957175925926,2,4.0,1,1184.0,4.0,0,0,1,0
2749.1980902777777,4,4.0,11,1173.0,15.0,0,0,6,0
3.693043981481481,3,3.0,4,918.0,3.0,0,0,3,0
200.8325231481481,6,2.0,16,928.0,1.0,0,0,15,0
166.1209027777778,8,2.0,19,2382.0,10.0,0,1,20,7
5.801145833333333,3,3.0,2,1671.0,1.0,0,2,1,0
530.116087962963,4,2.0,4,377.0,5.0,0,0,6,0
599.8064583333334,2,2.0,2,1186.0,2.0,0,0,1,0
218.70413194444444,8,4.0,14,5437.0,7.0,0,0,28,0
6290.700520833333,11,2.0,34,1145.0,9.0,0,17,38,0
456.79041666666666,14,4.0,25,1150.0,4.0,0,3,88,0
181.8874074074074,5,2.0,5,1832.0,7.0,0,0,10,0
56.75383101851852,9,4.0,26,239.0,5.0,0,1,35,0
1040.6122453703704,13,2.0,24,1147.0,7.0,0,14,64,0
2.1480208333333333,4,2.0,3,1379.0,3.0,0,0,6,0
12.832152777777775,6,2.0,12,666.0,7.0,0,1,9,5
154.9279050925926,9,2.0,21,93.0,12.0,0,2,34,0
8577.597488425927,5,2.0,8,637.0,5.0,0,0,6,4
7764.491365740741,7,2.0,15,20.0,5.0,0,6,9,6
3303.700277777778,36,2.0,144,403.0,54.0,21,136,270,203
28.93576388888889,5,4.0,11,985.0,7.0,0,0,10,0
6288.12494212963,6,2.0,8,2280.0,4.0,0,0,15,0
0.0572916666666666,4,2.0,5,379.0,3.0,0,0,3,3
1.8978819444444444,4,6.0,7,670.0,3.0,0,0,6,0
6.180439814814815,4,2.0,3,989.0,3.0,0,0,6,0
168.751875,10,2.0,29,1140.0,5.0,0,2,43,0
154.2567476851852,2,2.0,3,1669.0,3.0,0,0,1,0
7.440787037037037,4,5.0,3,768.0,0.0,0,0,3,3
25.732164351851853,4,2.0,5,1839.0,0.0,0,1,2,3
263.0159375,7,2.0,20,5430.0,14.0,0,0,15,6
2743.421782407408,5,3.0,7,64.0,3.0,0,2,4,4
6908.496782407407,2,2.0,1,,0.0,0,0,1,0
730.9857870370371,5,2.0,6,319.0,1.0,0,3,3,4
0.8345370370370371,3,2.0,2,2936.0,3.0,0,0,3,0
524.9897685185185,5,2.0,4,379.0,3.0,0,4,6,0
10.71806712962963,2,2.0,2,1186.0,2.0,0,0,1,0
95.00572916666668,3,2.0,2,1759.0,0.0,0,2,1,0
6251.485289351852,17,2.0,36,,0.0,1,44,61,30
12.799594907407409,7,2.0,10,669.0,4.0,0,5,16,0
24.604328703703704,3,2.0,2,1666.0,6.0,0,0,3,0
8584.84537037037,22,2.0,39,124.0,5.0,1,57,133,40
20.933703703703703,6,2.0,10,5439.0,5.0,0,4,11,0
16.960520833333334,3,2.0,4,1185.0,3.0,0,1,2,0
253.25368055555555,6,2.0,6,738.0,4.0,0,0,15,0
3.0546527777777777,4,2.0,4,1671.0,1.0,0,0,6,0
4.148020833333334,3,5.0,4,1669.0,3.0,0,0,3,0
546.727175925926,3,2.0,2,1671.0,1.0,0,2,1,0
3480.390960648148,15,2.0,42,,0.0,1,39,39,26
12.160636574074074,7,2.0,17,475.0,4.0,0,5,16,0
2050.8364814814813,51,4.0,259,98.0,21.0,91,378,288,518
2.04037037037037,7,5.0,12,670.0,3.0,0,3,18,0
233.6666898148148,7,2.0,9,760.0,10.0,0,3,18,0
2064.415023148148,4,2.0,6,914.0,7.0,0,0,6,0
1.0122800925925926,3,2.0,2,1667.0,5.0,0,0,3,0
8051.534340277778,60,3.0,177,,0.0,406,241,224,899
1.6870023148148148,4,1.0,4,1671.0,1.0,0,0,6,0
174.20767361111112,8,5.0,9,1839.0,0.0,0,3,18,7
22.32056712962963,9,2.0,17,447.0,9.0,0,6,30,0
7545.709421296297,25,2.0,153,281.0,50.0,6,101,109,84
111.05756944444444,7,5.0,10,500.0,1.0,0,3,12,6
174.00144675925927,5,2.0,5,990.0,2.0,0,0,6,4
1767.9502893518518,16,2.0,40,918.0,2.0,1,34,57,28
2735.253263888889,5,2.0,5,1182.0,6.0,0,2,8,0
4576.708530092593,5,2.0,9,,0.0,0,5,1,4
16.06050925925926,5,6.0,6,327.0,1.0,0,5,5,0
7812.851377314815,12,4.0,14,,0.0,15,5,10,36
6235.970636574074,23,5.0,54,531.0,5.0,1,89,121,42
616.7706712962963,6,2.0,23,357.0,8.0,0,1,14,0
159.77936342592594,5,2.0,8,1667.0,5.0,3,0,1,6
4996.701111111112,26,4.0,74,651.0,22.0,1,28,248,48
231.87241898148147,8,2.0,11,475.0,4.0,0,0,28,0
7348.0597685185185,63,2.0,319,898.0,102.0,325,495,171,962
147.48738425925927,5,2.0,7,667.0,6.0,0,0,10,0
131.59762731481482,3,2.0,3,208.0,0.0,0,0,1,2
108.29591435185183,5,2.0,5,642.0,0.0,0,1,9,0
109.2973148148148,16,5.0,49,812.0,18.0,0,28,77,15
146.3890162037037,2,2.0,3,1669.0,3.0,0,0,1,0
146.38724537037038,2,2.0,2,1670.0,2.0,0,0,1,0
1013.4382638888889,5,3.0,11,2279.0,5.0,0,0,10,0
52.97991898148148,3,3.0,9,672.0,1.0,0,0,1,2
47.824756944444445,3,2.0,2,207.0,1.0,0,2,1,0
8.445162037037036,6,4.0,9,366.0,4.0,0,0,15,0
28.14693287037037,11,4.0,58,,0.0,0,10,35,10
6279.122731481481,6,2.0,6,2282.0,2.0,0,0,15,0
4339.942615740741,6,2.0,8,495.0,6.0,0,0,15,0
229.1777199074074,5,2.0,5,642.0,0.0,0,0,10,0
12.85775462962963,6,2.0,5,917.0,4.0,0,0,15,0
51.524351851851854,5,2.0,8,670.0,3.0,0,2,8,0
6786.988113425926,39,2.0,76,,0.0,171,112,78,380
844.4707638888889,2,2.0,2,1672.0,0.0,0,0,1,0
1.1709953703703704,5,5.0,4,739.0,3.0,0,0,10,0
6276.038599537037,8,2.0,15,2279.0,5.0,0,0,28,0
142.45677083333334,2,2.0,1,1671.0,1.0,0,0,1,0
958.0013078703704,2,2.0,1,1672.0,0.0,0,0,1,0
142.45180555555555,2,2.0,1,1671.0,1.0,0,0,1,0
142.45002314814815,2,2.0,2,1670.0,2.0,0,0,1,0
154.79979166666666,2,2.0,1,1671.0,1.0,0,0,1,0
142.44752314814815,2,2.0,1,1671.0,1.0,0,0,1,0
142.44539351851853,2,2.0,2,1670.0,2.0,0,0,1,0
233.0684375,4,6.0,3,683.0,1.0,0,0,3,3
142.4130787037037,2,2.0,2,1670.0,2.0,0,0,1,0
142.4058449074074,3,2.0,3,1670.0,2.0,0,0,3,0
142.40400462962964,2,2.0,3,1669.0,3.0,0,0,1,0
48.61710648148148,3,2.0,4,670.0,3.0,0,0,1,2
14.849328703703703,3,2.0,2,672.0,1.0,0,0,3,0
0.676875,3,4.0,3,673.0,0.0,0,1,0,2
3226.2782291666667,18,2.0,69,5420.0,24.0,0,62,74,17
4335.892905092593,4,4.0,4,825.0,5.0,0,2,4,0
6.159166666666667,5,2.0,8,1375.0,7.0,0,0,10,0
57.81894675925926,5,4.0,4,1153.0,1.0,0,1,9,0
8.783425925925926,6,2.0,8,764.0,4.0,0,0,15,0
23.64097222222222,5,4.0,6,827.0,3.0,0,0,10,0
21.50552083333333,6,4.0,10,6.0,3.0,0,0,10,5
2731.854513888889,4,2.0,6,1184.0,4.0,0,2,4,0
834.508287037037,23,2.0,33,2268.0,16.0,0,98,133,22
47.080104166666665,6,4.0,8,671.0,2.0,3,0,3,9
782.445925925926,5,2.0,5,1798.0,2.0,0,1,9,0
1208.667986111111,4,2.0,3,567.0,4.0,0,0,6,0
0.8060995370370371,4,2.0,5,1462.0,4.0,0,0,6,0
108.84640046296296,5,1.0,4,672.0,1.0,1,0,3,6
674.1212962962964,5,2.0,5,1671.0,1.0,0,5,5,0
259.8541898148148,7,3.0,18,1667.0,5.0,0,3,18,0
740.0126157407408,39,4.0,84,916.0,5.0,36,146,289,270
1062.2842939814814,13,2.0,32,25.0,1.0,0,23,43,12
24.84832175925926,4,3.0,6,2388.0,4.0,0,0,6,0
9.784502314814814,6,2.0,7,155.0,0.0,0,1,14,0
137.62131944444445,4,5.0,16,1658.0,14.0,0,2,4,0
2717.304641203704,10,4.0,29,441.0,16.0,0,22,23,0
2.713159722222222,13,6.0,36,303.0,19.0,0,19,47,12
47.461921296296296,16,5.0,32,647.0,5.0,0,31,89,0
9.015625,4,2.0,4,2282.0,2.0,0,0,6,0
7.209444444444444,2,4.0,1,1839.0,0.0,0,0,0,1
220.1371412037037,6,2.0,6,738.0,4.0,0,0,15,0
27.65105324074074,3,2.0,3,990.0,2.0,0,0,3,0
219.94688657407409,10,2.0,10,1460.0,6.0,0,1,44,0
226.09365740740745,9,4.0,13,734.0,8.0,0,6,30,0
50.74778935185185,11,4.0,30,816.0,14.0,0,6,49,0
311.1427777777778,4,3.0,4,1671.0,1.0,0,1,2,3
8182.326354166666,31,2.0,67,1035.0,9.0,105,64,56,240
72.92190972222222,2,2.0,1,1839.0,0.0,0,0,1,0
70.80429398148148,3,6.0,2,1839.0,0.0,0,2,1,0
218.8746412037037,4,2.0,4,657.0,3.0,0,0,6,0
159.83493055555556,4,5.0,3,1839.0,0.0,0,0,3,3
2514.411273148148,12,2.0,11,2284.0,0.0,10,11,10,35
2.29462962962963,7,5.0,7,651.0,9.0,0,0,21,0
434.1070023148148,18,2.0,34,,0.0,0,36,100,17
87.27638888888889,9,2.0,15,668.0,5.0,0,5,31,0
70.43347222222222,6,5.0,8,731.0,11.0,0,0,15,0
216.88310185185185,5,2.0,8,655.0,5.0,0,0,10,0
991.1469907407408,11,2.0,21,68.0,10.0,0,18,37,0
6265.823055555556,5,2.0,4,2281.0,3.0,0,0,10,0
6265.821087962963,5,2.0,4,2281.0,3.0,0,0,10,0
6265.704745370371,10,5.0,11,2274.0,10.0,0,2,43,0
131.86748842592593,3,1.0,3,1670.0,2.0,0,0,3,0
74.29824074074074,7,4.0,8,735.0,7.0,0,0,21,0
10.588888888888889,7,2.0,14,375.0,7.0,0,1,20,0
228.64342592592592,7,4.0,14,402.0,5.0,0,5,16,0
209.82111111111112,3,2.0,2,673.0,0.0,0,0,1,2
220.7011805555556,10,2.0,38,37.0,21.0,0,11,34,0
181.63282407407408,8,2.0,15,816.0,14.0,0,0,28,0
7069.816747685185,22,2.0,36,3.0,2.0,45,57,9,120
135.53091435185186,6,2.0,7,2278.0,6.0,0,1,14,0
1951.4059953703704,13,2.0,21,0.0,2.0,1,35,20,22
6263.265231481481,54,4.0,156,5429.0,15.0,210,354,174,693
1471.8919097222222,29,4.0,77,312.0,8.0,0,113,293,0
128.99449074074073,2,2.0,1,1669.0,3.0,0,0,1,0
3122.5636458333333,42,2.0,161,2337.0,55.0,28,377,184,272
408.8983333333333,12,2.0,33,759.0,9.0,0,1,65,0
153.87930555555556,7,5.0,13,,0.0,0,1,20,0
156.4925115740741,2,2.0,3,1669.0,3.0,0,0,1,0
8.803275462962963,6,5.0,10,445.0,11.0,0,0,15,0
28.50122685185185,16,5.0,31,327.0,1.0,3,16,62,39
1.5988888888888888,3,2.0,2,2284.0,0.0,0,0,1,2
342.1350347222222,8,2.0,21,820.0,10.0,0,0,21,7
8036.214259259259,42,,76,0.0,6.0,36,303,225,297
8.794629629629629,1,2.0,0,1839.0,0.0,0,0,0,0
184.01538194444444,7,2.0,10,765.0,5.0,0,3,18,0
1985.784039351852,20,6.0,68,557.0,0.0,15,37,54,84
112.09369212962964,4,2.0,4,208.0,0.0,0,0,3,3
127.36962962962964,4,2.0,4,1670.0,2.0,0,1,5,0
190.992488425926,2,3.0,2,2282.0,2.0,0,0,1,0
26.559872685185184,5,2.0,6,684.0,0.0,0,1,5,4
2739.781111111111,3,2.0,2,1184.0,4.0,0,0,3,0
182.4282638888889,6,3.0,12,1141.0,4.0,0,0,10,5
34.18913194444445,7,2.0,15,47.0,8.0,0,2,13,6
6260.173020833333,15,2.0,31,52.0,6.0,0,48,43,14
33.41423611111111,7,2.0,9,449.0,3.0,0,2,19,0
2117.921759259259,21,4.0,40,384.0,7.0,0,26,164,20
2479.720150462963,4,3.0,5,31.0,3.0,0,2,4,0
210.2062037037037,7,2.0,11,1462.0,4.0,0,5,10,6
4.343831018518519,4,5.0,9,1665.0,7.0,0,0,6,0
5.094027777777778,6,2.0,6,389.0,2.0,0,0,15,0
6259.110462962963,9,2.0,19,2275.0,9.0,0,2,34,0
11.172245370370373,5,4.0,10,1670.0,2.0,0,3,7,0
425.99984953703705,10,2.0,30,,0.0,0,6,39,0
12.07324074074074,30,2.0,64,127.0,4.0,1,165,213,56
33.8359837962963,10,4.0,28,528.0,8.0,0,5,31,9
139.24045138888889,7,2.0,6,921.0,0.0,1,3,7,10
150.36528935185186,12,4.0,68,746.0,22.0,0,18,37,11
95.15185185185184,5,2.0,5,470.0,9.0,0,0,10,0
674.13625,5,2.0,9,921.0,0.0,0,1,5,4
17.440555555555555,11,2.0,15,2893.0,5.0,0,2,53,0
21.163368055555555,6,2.0,9,2280.0,4.0,0,0,15,0
431.98936342592594,5,2.0,8,2931.0,8.0,0,0,10,0
2707.6602662037035,3,1.0,2,1183.0,5.0,0,1,2,0
2700.709537037037,5,2.0,9,590.0,4.0,0,3,7,0
2700.687048611111,4,3.0,5,1183.0,5.0,0,1,5,0
2723.906736111111,2,2.0,1,1185.0,3.0,0,0,1,0
3939.7852199074073,4,2.0,3,,0.0,0,2,4,0
397.3905208333333,6,3.0,11,825.0,5.0,0,0,10,5
415.2323958333333,3,2.0,3,555.0,1.0,0,1,2,0
7529.476770833333,102,4.0,223,2929.0,10.0,1540,691,344,2576
660.9511574074074,14,5.0,36,97.0,7.0,1,19,47,24
826.6840162037037,13,2.0,54,210.0,25.0,1,20,35,22
1003.771273148148,12,4.0,20,98.0,6.0,0,29,26,11
5345.741493055555,4,2.0,6,1184.0,4.0,1,0,1,4
9.604618055555555,6,4.0,7,2389.0,3.0,0,0,10,5
139.04484953703704,3,2.0,10,1668.0,4.0,0,0,1,2
431.61635416666667,18,2.0,24,803.0,1.0,0,49,87,17
1420.102523148148,7,2.0,11,1062.0,4.0,0,4,11,6
18.81859953703704,10,5.0,23,2888.0,10.0,0,1,44,0
310.3200347222222,3,2.0,10,1058.0,8.0,0,0,3,0
631.1090856481482,11,4.0,14,1146.0,8.0,0,9,46,0
231.4146990740741,6,4.0,8,988.0,4.0,0,1,9,5
577.0383796296296,3,2.0,6,5432.0,12.0,0,0,3,0
0.9669212962962964,2,2.0,2,650.0,2.0,0,0,1,0
5.021087962962963,7,2.0,8,2931.0,8.0,0,3,18,0
7.698229166666667,6,5.0,6,2282.0,2.0,0,0,15,0
125.38481481481482,8,5.0,11,670.0,3.0,0,6,22,0
6253.94712962963,7,2.0,7,2282.0,2.0,0,0,21,0
204.6986689814815,9,2.0,13,1367.0,15.0,0,4,24,8
2436.597824074074,7,2.0,17,,0.0,0,4,11,6
8.36730324074074,6,2.0,6,2896.0,2.0,0,0,15,0
2703.171203703704,3,2.0,4,1185.0,3.0,0,1,2,0
140.22653935185184,7,2.0,19,628.0,2.0,0,1,14,6
5216.501909722222,27,2.0,60,80.0,13.0,21,79,111,140
2696.057094907407,4,2.0,4,1186.0,2.0,0,3,3,0
144.88363425925925,12,5.0,56,1808.0,31.0,0,4,62,0
6252.932222222223,13,4.0,21,668.0,5.0,0,10,68,0
6252.720729166666,9,2.0,13,2268.0,16.0,0,0,28,8
7256.108136574074,8,5.0,8,391.0,4.0,0,7,14,7
58.14907407407407,9,5.0,20,599.0,5.0,0,4,32,0
54.89063657407407,4,4.0,3,787.0,0.0,0,0,6,0
42.13074074074074,2,2.0,4,1668.0,4.0,0,0,1,0
0.2037847222222222,3,2.0,3,12.0,3.0,0,1,2,0
4.766666666666667,4,2.0,4,987.0,5.0,0,0,6,0
5397.614849537037,38,5.0,204,1805.0,34.0,36,152,254,261
187.2869212962963,4,2.0,7,1671.0,1.0,0,2,4,0
25.88734953703704,4,5.0,3,652.0,0.0,0,1,5,0
222.40913194444445,5,4.0,4,989.0,3.0,0,2,8,0
513.2178240740741,5,2.0,11,1667.0,5.0,0,0,10,0
378.3035300925926,2,2.0,1,1672.0,0.0,0,0,1,0
0.1874421296296296,2,2.0,1,176.0,3.0,0,0,1,0
2692.802083333333,4,2.0,7,1184.0,4.0,0,0,6,0
2692.645601851852,3,2.0,2,1184.0,4.0,0,0,3,0
545.7594328703703,1,2.0,0,1186.0,2.0,0,0,0,0
506.0033101851852,1,3.0,0,1186.0,2.0,0,0,0,0
7.405254629629629,2,2.0,1,1185.0,3.0,0,0,1,0
2743.019212962963,2,4.0,1,1185.0,3.0,0,0,1,0
4309.85912037037,8,2.0,12,604.0,2.0,0,10,18,0
2706.1710416666665,2,5.0,1,1183.0,5.0,0,0,1,0
649.8551273148148,4,2.0,4,1671.0,1.0,0,0,6,0
99.68454861111113,17,4.0,23,316.0,4.0,0,28,92,16
30.88574074074074,5,4.0,6,1759.0,0.0,0,0,10,0
2477.6828356481483,6,4.0,6,1462.0,4.0,0,2,13,0
492.6537847222222,21,2.0,42,,0.0,0,47,143,20
121.1379050925926,15,2.0,67,1791.0,9.0,0,11,94,0
114.5261574074074,10,4.0,21,201.0,7.0,0,8,28,9
128.44979166666667,6,2.0,8,1669.0,3.0,0,8,7,0
6247.313587962963,14,2.0,23,207.0,7.0,0,5,73,13
5.542013888888889,1,4.0,0,1182.0,6.0,0,0,0,0
303.52122685185185,3,2.0,4,1669.0,3.0,0,0,3,0
203.24435185185183,7,2.0,12,2283.0,1.0,0,2,13,6
6870.117881944445,3,2.0,5,1378.0,4.0,0,0,3,0
211.0285300925926,3,2.0,3,2282.0,2.0,0,0,3,0
915.1445717592592,7,2.0,7,1671.0,1.0,0,11,10,0
1102.7571064814815,11,2.0,26,144.0,12.0,0,20,35,0
1831.037476851852,7,2.0,6,103.0,2.0,0,8,13,0
9.707337962962963,6,2.0,6,1832.0,7.0,0,0,15,0
201.6649884259259,2,2.0,1,1835.0,4.0,0,0,1,0
138.36385416666667,5,2.0,8,763.0,5.0,0,0,10,0
7495.79775462963,11,2.0,11,604.0,0.0,0,23,22,10
56.18895833333333,5,4.0,15,,0.0,0,0,6,4
7404.83619212963,21,2.0,31,,0.0,36,26,40,108
22.664548611111112,20,4.0,51,16.0,9.0,0,38,133,19
97.59873842592592,10,4.0,28,2888.0,10.0,0,5,40,0
1589.572523148148,9,3.0,15,6.0,5.0,1,2,19,14
669.3906712962963,1,2.0,0,1185.0,3.0,0,0,0,0
3.6543171296296295,1,6.0,0,1183.0,5.0,0,0,0,0
7295.189004629629,7,1.0,12,150.0,6.0,0,6,9,6
0.1872685185185185,2,5.0,2,787.0,0.0,0,0,0,1
711.9541550925926,9,2.0,10,2274.0,10.0,0,0,36,0
17.707881944444445,3,5.0,3,786.0,1.0,0,0,1,2
6.558194444444444,4,2.0,3,208.0,3.0,0,1,5,0
260.4522685185185,24,4.0,34,389.0,2.0,1,73,158,44
115.72755787037038,2,1.0,1,668.0,5.0,0,0,1,0
2687.554317129629,3,2.0,2,1184.0,4.0,0,0,3,0
127.49547453703704,7,4.0,16,822.0,8.0,0,0,21,0
393.0943171296296,13,2.0,41,670.0,3.0,0,22,56,0
7005.029976851852,8,2.0,22,0.0,9.0,0,11,10,7
119.08671296296296,13,2.0,30,,0.0,0,16,50,12
40.04152777777778,13,4.0,37,489.0,12.0,0,6,72,0
212.3073611111111,18,5.0,68,1366.0,16.0,0,51,102,0
573.1958680555556,1,2.0,0,1186.0,2.0,0,0,0,0
2724.404004629629,2,2.0,1,1186.0,2.0,0,0,1,0
2720.6163194444443,3,4.0,2,1187.0,1.0,0,0,3,0
171.50751157407407,7,2.0,8,1074.0,7.0,1,0,10,10
550.179212962963,2,5.0,2,1186.0,2.0,0,0,1,0
67.74699074074074,3,2.0,3,828.0,2.0,0,2,1,0
52.13136574074074,8,2.0,7,364.0,6.0,0,4,24,0
14.281701388888887,4,2.0,5,787.0,0.0,0,0,6,0
1297.7351736111111,13,2.0,18,4.0,5.0,6,23,13,36
333.86429398148147,2,2.0,2,1670.0,2.0,0,0,1,0
8.778888888888888,3,4.0,2,207.0,1.0,0,0,1,2
6240.745532407407,4,4.0,3,2279.0,5.0,0,0,6,0
1301.5841203703703,9,2.0,25,281.0,5.0,0,7,21,8
168.12024305555556,4,2.0,3,2283.0,1.0,0,2,4,0
66.7541087962963,12,2.0,16,826.0,4.0,0,3,52,11
2689.094085648148,5,2.0,4,593.0,1.0,0,2,8,0
6239.295451388889,11,2.0,14,24.0,1.0,0,8,47,0
5.420324074074074,7,5.0,14,2277.0,7.0,0,0,21,0
196.2309490740741,11,5.0,25,728.0,14.0,0,8,47,0
2681.864872685185,3,2.0,2,1186.0,2.0,0,0,3,0
2478.0317939814813,7,2.0,7,,0.0,0,4,17,0
5057.649236111111,46,2.0,90,0.0,11.0,136,201,205,493
36.82148148148149,4,2.0,7,1756.0,3.0,0,0,6,0
193.8958217592593,7,2.0,20,87.0,11.0,0,1,20,0
1105.788298611111,48,2.0,128,4.0,16.0,105,223,305,495
46.97763888888889,10,4.0,12,1795.0,5.0,0,14,31,0
7718.330474537037,80,2.0,250,251.0,32.0,1378,197,154,1431
81.6106712962963,4,2.0,4,42.0,5.0,0,1,5,0
188.1840625,6,2.0,5,473.0,6.0,0,0,15,0
62.125972222222224,14,4.0,44,,0.0,0,21,70,0
2457.3,3,2.0,5,31.0,3.0,0,0,1,2
1712.2639814814816,7,2.0,8,283.0,3.0,0,7,8,6
103.59814814814816,6,1.0,8,1671.0,1.0,0,4,6,5
191.0236226851852,5,2.0,7,766.0,2.0,0,2,8,0
140.36359953703703,6,2.0,7,548.0,8.0,0,1,14,0
3323.5871759259257,8,3.0,14,,0.0,0,4,17,7
141.32708333333332,11,5.0,26,332.0,8.0,0,5,50,0
514.096400462963,6,3.0,8,673.0,0.0,0,2,8,5
115.95300925925926,4,2.0,7,1670.0,2.0,0,2,4,0
18.057488425925925,11,5.0,37,1787.0,13.0,0,1,54,0
27.11429398148148,6,3.0,6,1380.0,2.0,0,1,14,0
26.980833333333333,6,2.0,5,387.0,4.0,0,0,15,0
2729.7278009259257,11,2.0,23,1465.0,1.0,0,11,34,10
685.1231828703703,3,2.0,2,1671.0,1.0,0,0,1,2
16.955844907407407,9,2.0,22,,0.0,0,1,35,0
131.44269675925926,8,2.0,16,2278.0,6.0,0,5,16,7
83.9187037037037,12,2.0,26,1142.0,12.0,0,13,53,0
495.7484259259259,3,2.0,2,1671.0,1.0,0,2,1,0
541.4886805555556,1,2.0,0,1186.0,2.0,0,0,0,0
295.5532407407408,15,2.0,35,664.0,9.0,0,19,86,0
6232.338877314814,9,5.0,17,668.0,5.0,0,1,35,0
68.23563657407408,4,2.0,19,5433.0,11.0,0,0,3,3
25.22473379629629,5,5.0,5,1797.0,3.0,0,0,10,0
6232.136145833333,7,2.0,7,2278.0,6.0,0,0,21,0
45.96787037037037,8,6.0,20,1128.0,17.0,0,1,20,7
7511.742094907408,25,4.0,44,48.0,4.0,15,91,80,114
6853.36443287037,6,3.0,9,,0.0,0,2,8,5
6638.808958333333,17,,22,,0.0,36,9,19,72
164.91114583333334,33,2.0,85,1075.0,6.0,10,88,290,140
41.059953703703705,8,2.0,10,736.0,6.0,0,0,28,0
7117.35525462963,5,4.0,6,,0.0,0,1,5,4
585.0642013888889,7,3.0,12,2390.0,2.0,0,4,11,6
760.9408449074074,4,5.0,6,604.0,0.0,0,0,6,0
112.55763888888887,6,2.0,5,568.0,5.0,0,1,14,0
6059.166597222223,58,2.0,140,56.0,12.0,351,217,248,837
33.77726851851852,9,2.0,15,986.0,6.0,0,4,32,0
112.55215277777778,15,4.0,32,104.0,9.0,0,33,58,14
160.6331365740741,12,2.0,28,,0.0,0,4,62,0
16.123645833333335,7,6.0,7,,0.0,1,0,10,10
3685.084375,52,2.0,139,1.0,25.0,171,272,256,627
1031.3822916666666,16,4.0,31,209.0,8.0,0,23,97,0
232.1205671296296,5,2.0,9,,0.0,0,0,10,0
4.815520833333333,3,2.0,4,2936.0,3.0,0,0,3,0
177.69873842592594,12,4.0,30,167.0,5.0,0,6,60,0
7170.135428240741,16,2.0,34,105.0,6.0,6,37,29,48
100.0200462962963,10,2.0,42,906.0,23.0,0,17,28,0
139.8499074074074,3,2.0,6,1667.0,5.0,0,0,3,0
8.191759259259259,6,5.0,8,1756.0,3.0,0,3,12,0
20.062858796296297,5,2.0,6,1153.0,1.0,0,4,6,0
154.16658564814816,11,2.0,30,43.0,15.0,1,3,33,18
6849.902152777778,7,2.0,8,331.0,0.0,0,1,14,6
25.42754629629629,5,2.0,7,1670.0,2.0,0,2,8,0
19.311481481481483,9,5.0,27,,0.0,0,1,27,8
0.3090625,5,2.0,7,1755.0,4.0,0,3,7,0
6.940185185185185,3,4.0,2,1759.0,0.0,0,0,3,0
173.84927083333332,7,2.0,9,988.0,4.0,0,0,15,6
3.0447685185185187,4,2.0,3,167.0,4.0,0,1,5,0
244.0202777777777,7,2.0,22,1752.0,7.0,0,6,15,0
292.3630439814815,13,4.0,71,173.0,35.0,0,18,48,12
239.0288657407408,4,2.0,15,1667.0,5.0,0,0,3,3
479.9792013888889,7,2.0,6,1671.0,1.0,1,5,5,10
124.86591435185186,9,4.0,19,494.0,7.0,0,6,30,0
112.10383101851852,9,2.0,24,19.0,5.0,0,11,25,0
32.02916666666667,2,2.0,2,1670.0,2.0,0,0,0,1
2250.683275462963,4,3.0,4,,0.0,0,1,5,0
42.98511574074074,12,5.0,26,602.0,2.0,3,5,31,27
8.611655092592592,4,3.0,4,1671.0,1.0,0,3,3,0
111.10738425925926,8,5.0,13,,0.0,0,0,28,0
85.49239583333333,3,3.0,2,1671.0,1.0,0,2,1,0
85.46902777777778,2,1.0,2,1670.0,2.0,0,0,1,0
110.98162037037036,12,4.0,17,757.0,11.0,0,2,64,0
28.665150462962963,8,2.0,23,1373.0,9.0,0,2,26,0
550.3516435185185,2,2.0,2,1186.0,2.0,0,0,0,1
35.561400462962965,6,2.0,25,591.0,13.0,0,0,15,0
13.296377314814816,11,2.0,25,661.0,12.0,0,4,51,0
83.02574074074074,22,6.0,89,898.0,22.0,0,97,113,21
11.072662037037038,4,2.0,3,1669.0,3.0,0,0,6,0
2674.223738425926,3,2.0,5,1184.0,4.0,0,1,2,0
109.63157407407408,4,5.0,3,767.0,1.0,0,0,3,3
89.9726388888889,4,2.0,3,765.0,3.0,0,0,6,0
187.3390162037037,8,2.0,7,1377.0,5.0,0,3,25,0
530.5657060185185,17,3.0,38,198.0,14.0,1,39,66,30
18.6315625,2,2.0,1,1672.0,0.0,0,0,0,1
5413.026724537037,24,2.0,84,0.0,19.0,15,113,40,108
151.9234375,12,2.0,33,757.0,13.0,0,5,61,0
629.8591203703704,4,3.0,4,921.0,0.0,0,2,4,0
66.12770833333333,3,2.0,3,208.0,0.0,0,0,1,2
1585.917523148148,2,3.0,1,2284.0,0.0,0,0,1,0
145.0144097222222,4,3.0,4,2282.0,2.0,0,0,6,0
6738.455266203704,20,2.0,36,103.0,8.0,10,72,33,75
62.32010416666667,18,5.0,35,995.0,5.0,0,26,110,17
7142.999548611111,18,2.0,132,,0.0,0,36,100,17
310.79025462962966,4,2.0,6,1672.0,0.0,0,0,3,3
155.38886574074073,4,2.0,5,1670.0,2.0,0,1,5,0
380.2519328703704,19,5.0,57,,0.0,0,31,122,18
17.365983796296295,12,2.0,22,1752.0,7.0,0,19,36,11
26.15587962962963,4,4.0,10,0.0,7.0,1,1,0,4
1.7511689814814817,3,2.0,3,602.0,2.0,0,2,1,0
2866.0427777777777,3,2.0,4,1063.0,3.0,0,1,2,0
496.64314814814816,7,2.0,16,1798.0,2.0,0,4,11,6
9.70746527777778,26,5.0,60,1790.0,10.0,0,75,250,0
6018.208414351852,8,2.0,8,995.0,5.0,0,9,19,0
195.42996527777777,3,2.0,2,672.0,1.0,0,0,1,2
129.98381944444444,12,5.0,27,1146.0,8.0,0,1,65,0
281.821875,8,2.0,10,272.0,11.0,0,2,26,0
543.5416319444445,2,2.0,2,1186.0,2.0,0,0,0,1
7.567719907407407,17,5.0,27,601.0,3.0,0,42,78,16
7449.118645833333,23,2.0,59,1789.0,11.0,21,22,98,112
28.28388888888889,6,2.0,17,5434.0,10.0,0,1,14,0
145.13283564814816,8,2.0,14,75.0,4.0,0,6,22,0
6592.810543981482,6,2.0,5,,0.0,0,12,3,0
14.021261574074074,6,4.0,11,600.0,4.0,0,0,15,0
4270.240092592592,11,2.0,15,652.0,0.0,1,19,17,18
629.4296064814815,3,2.0,4,1185.0,3.0,0,0,1,2
2692.579328703704,5,4.0,8,30.0,4.0,0,5,5,0
2692.576076388889,3,2.0,3,1186.0,2.0,0,0,3,0
29.077175925925925,5,4.0,7,2388.0,4.0,0,0,6,4
135.21725694444444,6,2.0,6,2282.0,2.0,0,5,10,0
3.055671296296296,5,2.0,6,1379.0,3.0,0,3,7,0
37.12636574074074,4,2.0,6,1379.0,3.0,0,0,6,0
181.9474421296296,10,5.0,15,1461.0,5.0,0,10,35,0
14.913298611111111,9,6.0,9,388.0,3.0,0,6,30,0
20.37576388888889,5,2.0,4,986.0,6.0,0,0,10,0
6989.550162037037,42,2.0,129,425.0,32.0,136,203,97,425
2825.2169907407406,21,4.0,77,1181.0,27.0,3,68,85,54
5732.893287037037,6,2.0,5,639.0,3.0,0,7,8,0
183.97972222222225,10,2.0,33,444.0,12.0,0,11,34,0
105.89621527777778,9,2.0,25,916.0,13.0,0,2,34,0
47.86931712962963,8,4.0,15,1824.0,15.0,0,3,25,0
5754.062685185185,7,2.0,8,635.0,7.0,0,0,15,6
265.30265046296296,5,2.0,8,478.0,1.0,0,0,10,0
370.0108796296296,9,6.0,20,,0.0,0,0,36,0
30.871678240740746,4,2.0,7,987.0,5.0,0,0,3,3
2008.305636574074,17,2.0,26,670.0,3.0,28,20,16,72
17.511770833333333,6,2.0,8,1669.0,3.0,0,2,13,0
325.1373032407407,1,2.0,0,413.0,3.0,0,0,0,0
177.87009259259258,6,2.0,9,410.0,6.0,0,3,12,0
5751.678923611111,3,2.0,5,148.0,0.0,0,3,0,0
67.71354166666667,3,3.0,3,1670.0,2.0,0,0,3,0
166.9252199074074,6,2.0,6,1143.0,2.0,0,0,10,5
295.7537962962963,6,4.0,11,986.0,6.0,0,0,10,5
39.93796296296296,8,5.0,13,1753.0,6.0,1,0,15,12
151.4648611111111,9,2.0,35,123.0,33.0,0,5,23,8
36.22815972222222,5,2.0,9,1379.0,3.0,0,0,10,0
172.421875,9,6.0,11,669.0,4.0,0,2,34,0
1267.3146875,4,2.0,10,1062.0,4.0,0,4,2,0
963.141898148148,9,2.0,17,129.0,4.0,3,4,11,18
712.3999421296296,4,2.0,21,552.0,19.0,0,1,5,0
1281.3747569444445,5,1.0,20,277.0,9.0,0,0,6,4
64.84233796296296,7,2.0,10,27.0,3.0,0,0,15,6
462.6521759259259,2,2.0,1,1671.0,1.0,0,0,1,0
5724.690358796296,5,2.0,12,96.0,5.0,0,2,4,4
512.0426736111111,4,1.0,4,1206.0,2.0,0,1,5,0
80.28108796296296,2,2.0,3,1672.0,0.0,0,0,1,0
41.07075231481482,4,2.0,6,,0.0,0,1,5,0
1323.144675925926,11,2.0,16,1459.0,7.0,1,14,22,18
5778.146122685185,18,2.0,87,586.0,18.0,0,36,100,17
6275.3690625,13,2.0,15,404.0,3.0,6,16,20,36
4257.866736111111,5,2.0,4,683.0,1.0,0,3,3,4
88.9817361111111,8,5.0,17,764.0,4.0,0,7,21,0
67.88875,10,4.0,24,2886.0,12.0,0,0,45,0
105.16524305555556,8,2.0,51,744.0,24.0,1,0,15,12
6970.915821759259,8,2.0,12,646.0,3.0,1,8,7,12
271.74716435185184,6,2.0,18,666.0,7.0,1,0,6,8
3239.163460648148,16,3.0,36,30.0,1.0,0,77,28,15
31.17613425925926,4,2.0,13,24.0,8.0,0,2,4,0
145.87465277777778,5,2.0,6,405.0,11.0,0,2,8,0
154.0684375,6,2.0,7,410.0,6.0,0,1,14,0
2637.7809027777776,3,2.0,3,1186.0,2.0,0,1,2,0
16.982800925925925,8,5.0,25,756.0,12.0,0,0,28,0
2644.205740740741,7,4.0,10,592.0,2.0,0,2,19,0
6194.892280092593,9,2.0,15,636.0,6.0,0,2,34,0
2.5296296296296297,5,4.0,6,1669.0,3.0,0,3,7,0
59.97214120370371,2,2.0,1,1671.0,1.0,0,0,1,0
1213.8417476851853,13,1.0,33,68.0,4.0,1,25,30,22
3.132511574074074,8,2.0,18,236.0,8.0,0,17,11,0
347.83385416666664,10,4.0,20,72.0,7.0,0,26,19,0
21.31386574074074,4,5.0,3,1460.0,6.0,0,0,6,0
59.67667824074074,2,2.0,2,1672.0,0.0,0,0,1,0
4.137453703703704,7,2.0,15,1753.0,6.0,0,7,8,6
27.94638888888889,4,2.0,4,26.0,6.0,0,1,5,0
304.73359953703704,10,4.0,46,28.0,30.0,0,15,30,0
653.9683101851851,14,5.0,23,474.0,5.0,0,4,74,13
1.1474537037037038,2,2.0,1,1751.0,8.0,0,0,1,0
131.3182060185185,2,2.0,2,1672.0,0.0,0,0,1,0
6190.469652777778,20,2.0,105,228.0,56.0,1,30,123,36
420.7465393518519,7,2.0,15,133.0,5.0,0,0,15,6
103.38458333333334,5,2.0,10,1143.0,2.0,0,0,6,4
57.80267361111111,9,2.0,8,761.0,7.0,0,0,36,0
609.1294907407407,2,2.0,2,1672.0,0.0,0,0,1,0
448.8282523148148,4,2.0,4,1671.0,1.0,0,0,3,3
857.3782638888889,4,2.0,4,1671.0,1.0,0,0,3,3
6637.723206018519,39,4.0,90,550.0,6.0,120,101,152,368
166.49324074074073,18,5.0,31,377.0,5.0,0,52,101,0
20.91394675925926,4,4.0,3,920.0,1.0,0,3,3,0
56.41706018518519,4,2.0,5,1671.0,1.0,0,0,6,0
111.07741898148149,4,2.0,6,169.0,4.0,0,0,6,0
119.78159722222222,14,5.0,26,,0.0,0,2,76,13
143.29011574074073,7,2.0,18,761.0,7.0,0,0,21,0
123.13871527777778,7,3.0,7,1153.0,1.0,0,4,11,6
61.321527777777774,8,5.0,8,1399.0,7.0,0,0,28,0
91.95875,7,4.0,13,759.0,9.0,0,0,21,0
4770.433148148149,45,2.0,92,57.0,11.0,325,120,51,494
36.24788194444445,2,3.0,2,208.0,0.0,0,0,0,1
842.5209953703703,2,2.0,3,1672.0,0.0,0,0,1,0
106.7466087962963,5,2.0,4,1143.0,2.0,0,0,10,0
29.13800925925926,8,2.0,9,401.0,6.0,0,3,25,0
7306.702662037037,91,2.0,202,2837.0,102.0,703,778,600,2014
259.21293981481483,9,5.0,18,202.0,6.0,0,5,23,8
105.99269675925926,15,2.0,26,644.0,5.0,3,16,50,36
91.14453703703704,4,2.0,8,669.0,4.0,0,0,3,3
6183.102488425926,3,2.0,4,2281.0,3.0,0,0,3,0
32.94398148148148,6,2.0,6,99.0,4.0,0,4,11,0
91.35936342592592,6,2.0,9,1143.0,2.0,0,0,10,5
4.892048611111111,3,4.0,6,,0.0,0,0,3,0
26.02883101851852,9,2.0,15,,0.0,0,0,36,0
1670.1060648148148,10,5.0,22,,0.0,0,1,35,9
31.96231481481481,4,2.0,3,669.0,4.0,0,1,5,0
155.32769675925925,5,4.0,9,987.0,5.0,0,0,6,4
7870.940636574074,38,3.0,61,0.0,5.0,105,194,59,345
8143.840370370371,22,2.0,66,,0.0,1,117,73,40
2694.9332291666665,11,2.0,29,5433.0,11.0,1,5,31,18
118.9628587962963,4,3.0,6,1142.0,3.0,0,0,3,3
45.853171296296296,16,5.0,81,1815.0,24.0,0,7,98,15
7.774872685185185,3,2.0,2,1379.0,3.0,0,0,3,0
350.18983796296294,10,4.0,32,994.0,6.0,3,12,9,21
816.6755208333333,3,2.0,2,557.0,0.0,0,0,3,0
133.81862268518518,8,2.0,15,1141.0,4.0,0,1,27,0
7.642013888888889,24,5.0,40,1377.0,5.0,6,72,118,80
56.33311342592592,27,5.0,117,743.0,25.0,0,111,214,26
239.2098148148148,4,2.0,6,1670.0,2.0,0,3,3,0
6.122349537037037,6,4.0,6,670.0,3.0,0,0,15,0
45.090625,4,5.0,4,787.0,0.0,0,1,5,0
5.257962962962963,6,2.0,9,668.0,5.0,0,0,10,5
378.24878472222224,11,2.0,20,1834.0,5.0,0,1,54,0
28.4779050925926,14,2.0,18,591.0,13.0,0,31,47,13
917.7176967592592,6,2.0,9,1671.0,1.0,0,6,9,0
2.721273148148148,4,5.0,5,787.0,0.0,0,2,1,3
140.97931712962964,16,4.0,40,661.0,12.0,10,20,35,55
44.52782407407408,5,5.0,5,1670.0,2.0,0,2,8,0
2068.8335185185183,10,2.0,13,,0.0,0,17,28,0
0.2165972222222222,3,4.0,3,320.0,0.0,0,0,1,2
38.445405092592594,2,4.0,3,1669.0,3.0,0,1,0,0
127.63526620370372,16,2.0,51,229.0,15.0,1,18,73,28
99.85888888888888,5,2.0,5,671.0,2.0,0,0,10,0
43.830613425925925,9,5.0,21,1831.0,8.0,0,3,33,0
7186.645625,12,2.0,34,181.0,7.0,3,26,10,27
215.92603009259253,5,4.0,10,240.0,4.0,0,0,10,0
540.9406944444445,6,2.0,69,334.0,31.0,0,1,9,5
26.506527777777777,9,5.0,20,,0.0,0,3,25,8
748.4507638888889,6,4.0,9,165.0,5.0,1,0,6,8
6214.951666666667,15,2.0,25,,0.0,0,27,64,14
59.59229166666667,4,2.0,4,786.0,1.0,0,0,3,3
7.456435185185185,4,2.0,4,1668.0,4.0,0,2,4,0
2433.5939699074074,15,5.0,22,1154.0,0.0,3,14,52,36
663.6677662037036,6,2.0,7,997.0,3.0,0,4,11,0
394.3936458333333,2,2.0,5,599.0,5.0,0,0,1,0
58.55711805555556,5,2.0,8,1835.0,4.0,0,0,10,0
80.64258101851851,4,2.0,5,320.0,0.0,0,1,5,0
32.45015046296297,4,3.0,4,1671.0,1.0,0,0,6,0
573.8616203703704,9,2.0,23,5432.0,12.0,3,1,14,18
37.133472222222224,9,2.0,21,,0.0,0,0,36,0
6164.111087962963,5,2.0,9,2280.0,4.0,0,0,10,0
83.80935185185186,7,4.0,19,2383.0,9.0,0,3,12,6
6082.384016203704,5,2.0,4,63.0,4.0,0,5,5,0
55.97184027777778,12,5.0,23,765.0,3.0,0,9,46,11
6606.977638888889,8,2.0,9,6.0,13.0,0,17,11,0
6936.389826388889,6,1.0,8,648.0,1.0,0,6,9,0
0.8202777777777778,4,4.0,3,500.0,1.0,0,0,3,3
152.22270833333334,4,2.0,4,990.0,2.0,0,2,4,0
0.0793171296296296,3,5.0,2,652.0,0.0,0,0,3,0
7.310648148148148,7,2.0,15,914.0,7.0,0,0,15,6
117.0416550925926,9,2.0,25,,0.0,0,0,36,0
28.41788194444445,2,4.0,3,1669.0,3.0,0,1,0,0
67.92300925925926,10,2.0,16,,0.0,0,3,42,0
77.70725694444444,6,2.0,15,141.0,26.0,0,3,12,0
2616.957766203704,3,2.0,3,1186.0,2.0,0,2,1,0
27.912523148148143,2,1.0,2,1670.0,2.0,0,0,1,0
33.670659722222226,24,2.0,36,1254.0,1.0,0,99,154,23
26.655266203703704,2,3.0,2,1670.0,2.0,0,0,1,0
115.8241087962963,9,2.0,19,764.0,4.0,0,19,17,0
33.09950231481481,21,5.0,38,188.0,10.0,0,70,120,20
16.896145833333332,5,2.0,12,5438.0,6.0,0,0,6,4
32.4359837962963,17,5.0,35,762.0,6.0,0,39,81,16
3531.7685069444447,5,5.0,4,,0.0,0,3,3,4
106.88817129629628,4,2.0,8,2387.0,5.0,0,0,6,0
116.39012731481482,6,4.0,12,1152.0,2.0,0,4,11,0
49.99584490740741,6,2.0,8,1837.0,2.0,0,0,15,0
1341.1668287037037,5,2.0,9,13.0,2.0,0,2,8,0
37.33770833333333,7,2.0,9,768.0,0.0,0,3,12,6
86.11969907407408,6,2.0,15,2384.0,8.0,0,0,15,0
109.20625,7,4.0,14,670.0,3.0,0,4,17,0
0.4943634259259259,3,2.0,5,1669.0,3.0,0,0,3,0
137.2034837962963,3,2.0,9,550.0,6.0,0,0,3,0
92.33668981481482,2,2.0,1,1671.0,1.0,0,0,1,0
62.246875,5,2.0,6,565.0,6.0,0,3,7,0
263.15127314814816,11,2.0,13,287.0,15.0,0,5,40,10
28.889409722222226,7,5.0,13,,0.0,0,1,20,0
2640.793310185185,3,2.0,3,1186.0,2.0,0,0,3,0
258.27375,5,2.0,37,975.0,17.0,0,1,9,0
60.15630787037037,5,2.0,4,1406.0,0.0,0,1,9,0
6153.945729166667,5,2.0,9,2275.0,9.0,0,0,10,0
392.33814814814815,4,1.0,3,1463.0,3.0,0,0,6,0
2606.9865740740743,4,2.0,4,1186.0,2.0,0,2,4,0
17.951469907407407,5,2.0,6,985.0,7.0,0,0,10,0
6388.439212962963,120,5.0,277,26.0,18.0,1326,1238,1040,3536
4.414351851851852,4,2.0,8,238.0,6.0,0,2,4,0
1307.9402662037037,7,2.0,13,2391.0,1.0,0,8,13,0
102.26077546296295,7,2.0,9,984.0,8.0,0,2,19,0
278.43402777777777,4,2.0,4,1672.0,0.0,0,2,4,0
436.4648148148148,5,5.0,11,1458.0,8.0,0,0,10,0
134.8746875,7,2.0,18,121.0,10.0,0,0,15,6
6441.753379629629,62,2.0,140,,0.0,91,538,590,672
30.62056712962963,13,2.0,24,1653.0,19.0,0,11,67,0
6235.617349537037,4,4.0,3,,0.0,0,2,1,3
449.4120023148148,7,5.0,9,1463.0,3.0,0,7,14,0
114.78806712962962,11,2.0,23,1463.0,3.0,0,7,48,0
34.786400462962966,9,4.0,33,,0.0,1,1,20,14
6184.5988425925925,5,2.0,4,221.0,6.0,0,5,5,0
304.96208333333334,5,4.0,12,1665.0,7.0,0,0,10,0
915.1373263888888,8,1.0,26,93.0,11.0,0,6,15,7
3.7853703703703694,8,2.0,8,1149.0,5.0,0,3,25,0
1806.002349537037,43,2.0,88,124.0,5.0,55,275,221,352
19.150439814814813,2,2.0,1,673.0,0.0,0,0,0,1
10.086226851851851,2,2.0,2,146.0,5.0,0,0,1,0
6143.131400462963,4,2.0,3,2281.0,3.0,0,0,6,0
2986.109641203704,8,2.0,10,,0.0,0,1,20,7
128.6370486111111,2,2.0,3,1759.0,0.0,0,0,1,0
4203.320763888889,9,2.0,19,20.0,9.0,0,7,21,8
3911.183449074074,51,4.0,96,,0.0,28,391,512,344
1307.5599768518518,6,2.0,13,1.0,8.0,0,4,6,5
7.453506944444444,2,4.0,4,1668.0,4.0,0,0,0,1
7.438819444444444,2,2.0,2,1670.0,2.0,0,0,1,0
495.0233101851852,7,3.0,7,1671.0,1.0,3,0,6,12
8.112071759259258,10,6.0,17,764.0,4.0,0,0,45,0
32.13200231481481,5,2.0,5,568.0,3.0,0,0,10,0
6721.024814814815,49,2.0,147,136.0,17.0,21,295,566,294
60.71974537037037,6,6.0,7,1150.0,4.0,0,0,15,0
94.58438657407407,7,2.0,12,763.0,5.0,0,5,16,0
111.45409722222222,9,4.0,32,1781.0,19.0,0,3,33,0
164.34293981481483,8,4.0,37,1775.0,25.0,0,1,27,0
111.48304398148149,7,4.0,14,1792.0,8.0,0,2,19,0
130.53707175925925,11,2.0,19,1126.0,19.0,0,3,52,0
179.12668981481482,17,2.0,97,885.0,44.0,0,22,114,0
243.51378472222223,9,4.0,21,5434.0,10.0,0,1,27,8
3106.17337962963,16,2.0,80,,0.0,3,35,43,39
36.0937962962963,8,4.0,24,47.0,11.0,0,10,18,0
801.9746990740741,18,2.0,53,531.0,16.0,1,32,88,32
94.56881944444444,3,2.0,4,207.0,1.0,0,0,1,2
16.82296296296296,9,4.0,12,1406.0,0.0,0,2,34,0
223.24269675925925,6,4.0,21,2384.0,8.0,0,2,8,5
6136.413125,5,2.0,4,14.0,1.0,0,6,4,0
3676.312233796296,3,2.0,3,4.0,2.0,0,0,3,0
10.253287037037037,5,2.0,4,1376.0,6.0,0,0,10,0
3.110358796296296,3,2.0,3,1668.0,4.0,0,0,3,0
122.63171296296296,8,2.0,20,2275.0,9.0,0,11,17,0
3695.666435185185,18,4.0,116,363.0,44.0,0,64,89,0
90.02958333333333,5,2.0,7,765.0,3.0,0,0,6,4
27.775277777777777,8,2.0,14,1835.0,4.0,0,0,21,7
6771.005173611111,44,2.0,153,0.0,17.0,136,201,150,459
731.6473032407407,5,3.0,6,639.0,3.0,0,0,10,0
105.99684027777778,10,2.0,14,34.0,17.0,0,8,37,0
0.1337152777777777,3,2.0,2,1668.0,4.0,0,0,3,0
123.93818287037035,8,2.0,14,1040.0,4.0,0,14,14,0
5795.330740740741,2,2.0,1,223.0,1.0,0,1,0,0
120.09762731481482,11,2.0,25,187.0,1.0,0,19,36,0
23.179108796296298,4,2.0,3,786.0,1.0,0,0,3,3
102.28087962962962,5,2.0,6,4.0,3.0,0,0,10,0
124.51030092592592,6,5.0,7,97.0,1.0,0,2,13,0
105.99692129629628,3,2.0,2,2281.0,3.0,0,0,3,0
63.65174768518519,4,2.0,5,2278.0,6.0,0,0,6,0
63.79137731481482,5,2.0,7,2277.0,7.0,0,0,10,0
44.60483796296296,4,2.0,4,207.0,1.0,0,2,1,3
36.078715277777775,5,2.0,4,663.0,10.0,0,1,9,0
34.141168981481485,12,4.0,28,907.0,13.0,0,1,65,0
7314.706226851852,25,2.0,38,566.0,5.0,45,51,54,150
2636.854097222222,44,2.0,75,231.0,0.0,120,206,172,448
274.8620138888889,4,2.0,5,1752.0,7.0,0,0,6,0
31.882141203703704,11,4.0,40,1372.0,10.0,0,12,33,10
306.066400462963,6,2.0,13,2890.0,8.0,0,0,15,0
5621.462858796296,61,2.0,137,24.0,8.0,105,510,525,690
201.61697916666665,8,2.0,8,208.0,0.0,6,4,2,16
216.4845949074074,11,2.0,16,,0.0,0,20,25,10
434.8022337962963,2,2.0,1,1187.0,1.0,0,0,1,0
2574.9991319444443,3,3.0,2,1187.0,1.0,0,0,3,0
591.8500694444444,5,2.0,8,2389.0,3.0,0,2,4,4
79.93599537037036,3,2.0,2,1836.0,3.0,0,0,3,0
11.625717592592592,6,2.0,10,203.0,5.0,0,0,15,0
38.263587962962966,4,2.0,3,2391.0,1.0,0,3,3,0
6628.847326388889,3,1.0,2,593.0,1.0,0,1,2,0
162.95924768518518,10,4.0,22,234.0,10.0,0,1,35,9
7175.615636574074,9,2.0,11,51.0,1.0,0,9,19,8
72.82542824074073,8,4.0,17,1373.0,9.0,0,3,25,0
294.7721759259259,3,2.0,2,1669.0,3.0,0,0,3,0
261.58002314814814,7,2.0,8,70.0,10.0,0,15,6,0
6595.724097222223,4,2.0,4,218.0,4.0,1,1,0,4
7404.726122685185,3,3.0,2,,0.0,0,2,1,0
78.81850694444445,8,6.0,16,653.0,7.0,0,0,21,7
51.66119212962963,9,5.0,17,2931.0,8.0,0,2,34,0
1990.1938078703704,10,4.0,13,1671.0,1.0,6,3,12,24
55.094722222222224,4,2.0,3,2281.0,3.0,0,0,6,0
359.0161689814815,4,2.0,4,82.0,3.0,0,2,4,0
7784.423935185185,28,2.0,106,0.0,38.0,1,139,186,52
383.32269675925926,3,2.0,2,1669.0,3.0,0,2,1,0
130.38344907407406,8,2.0,15,672.0,1.0,1,6,9,12
6.627083333333333,3,4.0,9,1666.0,6.0,1,0,0,2
6967.359930555555,17,2.0,40,738.0,4.0,21,24,21,70
326.10010416666665,4,2.0,6,652.0,0.0,0,4,2,0
289.6623726851852,3,2.0,2,1669.0,3.0,0,0,3,0
577.1908101851852,7,2.0,8,92.0,2.0,0,6,9,6
1397.5397106481482,3,2.0,3,1672.0,0.0,0,0,3,0
951.7567013888888,4,2.0,3,1671.0,1.0,0,0,6,0
0.6372685185185185,3,2.0,2,5441.0,3.0,0,0,3,0
2610.9979050925926,8,2.0,15,,0.0,0,9,12,7
118.30851851851853,46,5.0,143,733.0,9.0,120,203,232,480
91.0147337962963,3,2.0,4,2281.0,3.0,0,0,3,0
53.243043981481485,4,2.0,13,237.0,7.0,0,1,5,0
1289.0909490740742,14,2.0,54,69.0,14.0,0,37,54,0
232.0026273148148,8,3.0,24,321.0,13.0,0,1,27,0
513.878912037037,5,2.0,7,1672.0,0.0,0,1,5,4
312.4152314814815,5,2.0,22,643.0,17.0,0,0,6,4
1.3321875,3,2.0,2,1379.0,3.0,0,0,3,0
935.5555671296296,6,4.0,10,1203.0,5.0,0,6,9,0
0.0775925925925925,2,2.0,1,1668.0,4.0,0,0,1,0
1581.538275462963,21,4.0,45,535.0,12.0,1,54,117,38
3174.079236111111,5,2.0,4,391.0,4.0,0,5,5,0
345.6208101851852,2,4.0,1,1406.0,0.0,0,0,0,1
6110.130266203703,12,2.0,39,2267.0,17.0,1,8,37,20
624.1577199074075,3,2.0,3,1671.0,1.0,0,0,3,0
233.7400231481481,5,2.0,7,1670.0,2.0,0,2,4,4
2242.438113425926,35,5.0,88,640.0,9.0,28,146,205,216
73.73599537037038,4,2.0,5,1670.0,2.0,0,0,6,0
43.18116898148149,8,2.0,17,1134.0,11.0,0,6,22,0
31.317291666666662,5,2.0,6,,0.0,0,0,10,0
265.94118055555555,2,2.0,1,1671.0,1.0,0,0,1,0
0.0422916666666666,4,5.0,6,787.0,0.0,0,0,3,3
43.49369212962963,9,2.0,38,653.0,20.0,0,5,31,0
47.84387731481481,20,6.0,32,671.0,2.0,0,75,96,19
365.9793287037037,3,2.0,2,1671.0,1.0,0,1,2,0
6749.028692129629,4,2.0,6,122.0,5.0,0,0,3,3
0.6341319444444444,2,5.0,1,1672.0,0.0,0,1,0,0
183.31758101851847,7,5.0,17,783.0,4.0,0,3,12,6
70.12230324074073,9,2.0,36,140.0,16.0,0,0,28,8
235.7509259259259,3,2.0,4,1672.0,0.0,0,3,0,0
6645.1651157407405,2,2.0,1,763.0,5.0,0,1,0,0
134.5872337962963,34,2.0,83,409.0,11.0,36,214,86,225
10.165567129629627,8,6.0,19,758.0,10.0,0,0,28,0
57.24480324074074,4,2.0,3,786.0,1.0,0,0,3,3
144.43547453703704,8,2.0,8,1671.0,1.0,0,8,20,0
129.96199074074073,10,2.0,16,912.0,17.0,0,23,22,0
7114.515601851852,19,2.0,26,606.0,0.0,45,10,26,90
836.9932407407407,8,1.0,12,2281.0,3.0,1,10,5,12
63.45568287037037,8,2.0,12,,0.0,0,1,27,0
215.86890046296296,15,4.0,23,673.0,0.0,21,16,12,56
16.22883101851852,4,5.0,4,786.0,1.0,0,3,3,0
54.98226851851852,6,3.0,8,94.0,4.0,0,2,13,0
859.7711342592593,4,2.0,4,93.0,5.0,0,2,4,0
6425.342615740741,5,2.0,4,,0.0,0,5,5,0
6099.568229166666,4,2.0,3,2281.0,3.0,0,0,6,0
68.85542824074074,26,5.0,44,381.0,10.0,1,119,157,48
20.23689814814815,5,4.0,8,5439.0,5.0,0,0,6,4
6565.646689814815,5,2.0,6,,0.0,0,0,10,0
7039.558761574074,11,3.0,76,22.0,25.0,0,17,28,10
455.561412037037,10,5.0,35,1.0,5.0,1,15,13,16
53.19752314814815,5,5.0,20,754.0,14.0,0,1,9,0
0.2075694444444444,7,6.0,6,1838.0,1.0,0,8,13,0
3155.446631944445,6,2.0,6,1464.0,2.0,0,3,12,0
89.03091435185185,7,2.0,8,89.0,5.0,0,7,14,0
1.7310185185185183,4,2.0,4,825.0,5.0,0,1,5,0
120.85263888888888,4,2.0,5,921.0,0.0,0,3,3,0
124.93304398148148,8,5.0,8,652.0,0.0,0,13,15,0
171.51363425925925,8,4.0,19,2379.0,13.0,0,5,16,7
6512.094849537037,6,2.0,6,389.0,6.0,0,7,8,0
28.35349537037037,5,2.0,4,1378.0,4.0,0,0,10,0
0.1750578703703703,4,2.0,5,148.0,0.0,0,2,4,0
6719.351134259259,13,2.0,30,313.0,18.0,0,23,55,0
3885.865277777778,10,2.0,14,,0.0,1,13,15,16
24.068402777777777,11,3.0,32,325.0,15.0,0,13,42,0
14.24695601851852,10,5.0,16,418.0,2.0,1,11,17,16
24.03342592592593,8,2.0,9,910.0,19.0,0,6,22,0
188.1150810185185,9,2.0,12,911.0,18.0,0,21,15,0
250.89386574074075,3,2.0,5,1670.0,2.0,0,0,1,2
47.68215277777778,7,2.0,26,755.0,13.0,0,4,17,0
20.225069444444443,14,4.0,21,102.0,3.0,0,27,64,0
250.4108796296296,6,5.0,11,1668.0,4.0,0,2,8,5
13.132592592592593,9,3.0,14,764.0,4.0,0,8,28,0
567.5846064814815,3,2.0,4,1063.0,3.0,0,0,3,0
46.52291666666667,10,2.0,11,96.0,2.0,0,3,33,9
249.2043287037037,2,2.0,1,1671.0,1.0,0,0,1,0
1014.2507175925924,12,3.0,21,,0.0,10,8,13,35
27.99325231481481,7,5.0,7,40.0,13.0,0,11,10,0
52.30586805555556,5,5.0,9,787.0,0.0,0,2,4,4
3.713738425925926,2,2.0,1,1671.0,1.0,0,0,1,0
3.626828703703704,3,2.0,2,1671.0,1.0,0,0,3,0
94.95900462962965,5,2.0,8,126.0,9.0,0,0,10,0
3.432916666666667,6,4.0,7,1671.0,1.0,0,3,12,0
7087.774155092593,6,2.0,19,663.0,10.0,0,6,4,5
7745.465104166667,6,2.0,10,119.0,4.0,0,0,10,5
6088.617106481482,6,2.0,13,2277.0,7.0,0,3,12,0
6088.576516203703,3,2.0,4,2281.0,3.0,0,0,3,0
42.68236111111111,3,2.0,2,996.0,4.0,0,0,3,0
129.711875,8,2.0,17,1670.0,2.0,1,3,12,12
42.27376157407407,5,2.0,4,997.0,3.0,0,2,8,0
6254.028148148148,12,2.0,35,438.0,19.0,1,33,12,20
3499.7556481481483,53,2.0,273,995.0,49.0,210,278,218,672
25.28185185185185,2,2.0,1,1836.0,3.0,0,0,1,0
2151.9203125,4,2.0,9,110.0,1.0,0,1,5,0
1359.3299305555556,10,2.0,9,2.0,1.0,0,13,23,9
7.6227430555555555,8,2.0,14,1141.0,4.0,0,1,27,0
6893.331678240741,24,2.0,77,7.0,2.0,120,9,19,128
6965.1075925925925,8,2.0,15,295.0,6.0,0,6,15,7
0.1418287037037037,2,2.0,1,1671.0,1.0,0,0,1,0
2.156712962962963,11,4.0,19,1143.0,2.0,1,7,29,18
16.01615740740741,7,5.0,8,984.0,8.0,0,3,18,0
1896.1082407407407,7,2.0,22,757.0,11.0,0,0,15,6
6.380868055555555,4,6.0,6,989.0,3.0,0,0,6,0
1.0735069444444445,5,2.0,4,1378.0,4.0,0,1,9,0
11.997592592592593,5,5.0,9,762.0,6.0,0,0,10,0
8.077777777777778,5,2.0,12,1833.0,6.0,0,2,8,0
7.474849537037037,3,2.0,2,,0.0,0,0,3,0
1652.0640625,5,2.0,11,279.0,7.0,0,4,6,0
242.0739236111111,2,2.0,2,1670.0,2.0,0,0,1,0
63.769814814814815,5,2.0,5,91.0,7.0,0,0,10,0
0.3111226851851852,3,2.0,2,1668.0,4.0,0,0,3,0
298.6435416666667,5,2.0,12,5430.0,14.0,0,0,10,0
115.72680555555556,12,5.0,19,5441.0,3.0,0,16,39,11
6778.89244212963,6,2.0,5,2281.0,3.0,0,4,11,0
4.111770833333333,5,2.0,4,672.0,1.0,0,0,6,4
6807.775752314815,5,2.0,6,41.0,3.0,0,0,6,4
241.1987962962963,2,2.0,3,1669.0,3.0,0,0,0,1
26.07258101851852,3,2.0,4,568.0,3.0,0,1,2,0
38.03618055555555,2,2.0,1,1836.0,3.0,0,0,1,0
907.4728125,8,2.0,12,331.0,0.0,0,4,24,0
6006.62300925926,28,2.0,75,0.0,14.0,6,154,122,96
35.03734953703704,3,2.0,3,766.0,2.0,0,0,3,0
945.614988425926,8,2.0,16,74.0,7.0,1,10,5,12
6705.319988425926,6,2.0,9,,0.0,0,7,8,0
36.99201388888889,3,2.0,3,652.0,0.0,0,0,1,2
0.8057523148148148,4,2.0,9,5437.0,7.0,0,0,6,0
175.03119212962963,2,3.0,1,652.0,0.0,0,1,0,0
6776.112523148148,5,2.0,4,684.0,0.0,1,2,1,6
6078.597268518519,4,4.0,3,16.0,0.0,0,0,6,0
2833.307488425926,26,2.0,35,184.0,2.0,3,163,90,69
0.3005324074074074,3,2.0,3,2390.0,2.0,0,0,1,2
342.79935185185184,11,4.0,36,1035.0,9.0,10,5,10,30
32.33849537037037,5,5.0,4,786.0,1.0,1,0,3,6
5.154502314814815,4,2.0,7,783.0,4.0,0,0,3,3
49.70766203703704,5,2.0,7,471.0,8.0,0,0,10,0
1.0192939814814814,6,5.0,10,102.0,3.0,0,3,12,0
6.030428240740741,2,2.0,3,1752.0,7.0,0,0,1,0
6604.084409722223,5,2.0,4,74.0,6.0,0,2,4,4
32.49774305555555,10,5.0,16,1150.0,4.0,0,6,39,0
31.251585648148147,7,2.0,17,1831.0,8.0,0,0,21,0
441.08278935185183,3,2.0,3,,0.0,0,0,1,2
28.612719907407406,8,2.0,12,763.0,5.0,0,0,28,0
98.60739583333331,7,2.0,6,991.0,1.0,0,2,19,0
275.7854282407407,9,2.0,23,,0.0,1,9,12,14
76.18215277777777,8,5.0,22,1136.0,9.0,0,8,20,0
897.2951157407407,5,2.0,6,130.0,3.0,0,4,6,0
7.147534722222222,3,2.0,2,673.0,0.0,0,0,1,2
3056.222800925926,6,2.0,5,,0.0,0,10,5,0
30.303148148148143,6,2.0,9,386.0,9.0,0,3,12,0
47.92059027777778,10,2.0,16,,0.0,0,1,44,0
5948.993032407408,9,2.0,29,0.0,11.0,6,2,8,20
1578.788576388889,4,2.0,14,291.0,11.0,0,0,6,0
8.83724537037037,2,2.0,3,1142.0,3.0,0,0,1,0
1235.142025462963,6,2.0,8,2283.0,1.0,0,0,15,0
54.35811342592593,51,4.0,173,527.0,9.0,55,408,372,440
1177.7833912037038,42,2.0,128,,0.0,10,348,318,185
0.1396296296296296,4,5.0,5,,0.0,0,0,6,0
1.0483912037037038,4,2.0,7,765.0,5.0,0,1,5,0
111.9360648148148,5,6.0,12,2275.0,9.0,0,1,9,0
170.75394675925926,2,2.0,2,1672.0,0.0,0,0,1,0
170.7509375,2,2.0,3,1672.0,0.0,0,0,1,0
7654.311608796296,70,5.0,249,370.0,36.0,253,639,442,1081
194.98108796296296,4,1.0,4,1671.0,1.0,0,0,6,0
378.42905092592594,2,2.0,2,1186.0,2.0,0,0,0,1
16.98578703703704,16,6.0,41,272.0,11.0,0,26,79,15
81.02592592592593,3,2.0,2,2284.0,0.0,0,2,1,0
217.09545138888888,14,5.0,47,,0.0,1,6,60,24
111.95260416666666,24,4.0,69,,0.0,6,60,130,80
893.5615046296297,3,2.0,4,331.0,0.0,0,0,3,0
2289.047951388889,16,4.0,33,980.0,12.0,0,39,81,0
1207.9160069444445,4,2.0,4,,0.0,0,1,5,0
11.003819444444444,10,2.0,13,1143.0,2.0,0,14,22,9
22.207175925925927,6,2.0,8,783.0,4.0,0,4,11,0
44.86978009259259,3,2.0,3,2935.0,4.0,0,0,3,0
1.2847685185185185,3,4.0,2,2936.0,3.0,0,0,3,0
38.10712962962963,2,2.0,1,54.0,3.0,0,0,1,0
21.5790625,5,4.0,4,786.0,1.0,0,0,6,4
155.38680555555555,23,4.0,71,112.0,1.0,0,88,143,22
142.1290162037037,6,4.0,11,208.0,0.0,0,4,6,5
521.0237731481482,6,2.0,15,,0.0,0,2,13,0
2.693344907407408,7,2.0,11,921.0,0.0,0,0,21,0
274.5514699074074,2,2.0,1,1142.0,3.0,0,0,1,0
446.9407986111111,2,2.0,1,105.0,0.0,0,0,1,0
602.2123495370371,3,2.0,11,5435.0,9.0,0,0,1,2
630.8747916666666,22,2.0,37,1150.0,4.0,28,57,34,112
89.88701388888889,4,2.0,12,25.0,7.0,0,1,5,0
334.64434027777776,15,5.0,28,386.0,5.0,0,37,54,14
6623.424456018519,14,2.0,21,17.0,5.0,0,28,50,13
0.4399652777777778,3,2.0,2,554.0,2.0,0,0,3,0
3998.983587962963,7,2.0,16,3.0,0.0,1,4,6,10
6064.059421296296,6,2.0,11,1147.0,7.0,0,1,14,0
488.5635300925926,6,6.0,6,478.0,1.0,0,6,4,5
5.673657407407408,3,2.0,2,,0.0,0,0,3,0
252.2956597222222,13,4.0,26,920.0,9.0,0,35,43,0
221.44415509259247,2,2.0,2,1670.0,2.0,0,0,0,1
6063.134456018519,6,4.0,17,760.0,10.0,0,0,15,0
377.3680787037037,4,2.0,10,5436.0,8.0,0,0,6,0
67.05881944444444,6,2.0,7,404.0,3.0,0,1,14,0
3.356736111111111,2,2.0,5,566.0,5.0,0,0,1,0
6062.233773148148,10,2.0,15,1149.0,5.0,0,0,36,9
91.1024074074074,6,2.0,10,147.0,6.0,0,2,13,0
9.896238425925926,2,2.0,2,1404.0,2.0,0,0,1,0
149.69868055555557,4,2.0,11,236.0,8.0,0,0,6,0
6061.391400462963,16,4.0,32,2271.0,13.0,1,12,79,28
145.18347222222224,3,2.0,5,95.0,2.0,0,0,1,2
5947.679537037037,4,2.0,4,79.0,1.0,0,0,3,3
6660.208472222223,10,1.0,19,1.0,2.0,0,20,16,9
768.2194444444444,30,1.0,85,320.0,8.0,10,146,154,125
6947.2303125,6,2.0,5,151.0,0.0,0,2,8,5
1.0236921296296295,9,6.0,17,673.0,0.0,0,6,30,0
6873.036412037037,6,2.0,8,,0.0,0,7,3,5
134.4358449074074,7,2.0,19,5431.0,13.0,0,3,12,6
338.98233796296296,8,2.0,15,795.0,9.0,0,12,16,0
790.6505902777777,9,2.0,18,986.0,6.0,0,8,28,0
813.4808680555556,5,2.0,14,1672.0,0.0,0,1,5,4
3343.620451388889,13,4.0,24,8.0,3.0,6,7,29,36
2518.478692129629,5,2.0,4,137.0,1.0,0,0,6,4
1.8308101851851848,5,2.0,5,2282.0,2.0,0,0,10,0
869.3698148148148,9,2.0,16,995.0,5.0,0,9,27,0
92.03744212962962,7,4.0,17,2386.0,6.0,0,6,15,0
18.726458333333333,4,2.0,3,207.0,1.0,0,0,3,3
299.3323032407407,3,2.0,2,1153.0,1.0,0,0,3,0
6949.734652777778,9,2.0,13,601.0,5.0,0,13,15,8
342.28461805555554,26,2.0,59,308.0,8.0,55,72,33,165
12.39179398148148,2,2.0,1,1153.0,1.0,0,0,1,0
73.940625,3,2.0,2,786.0,1.0,0,0,3,0
11.920127314814817,4,2.0,9,238.0,6.0,0,1,5,0
618.4284259259259,11,3.0,22,2281.0,3.0,1,16,20,18
23.94422453703704,6,5.0,13,68.0,6.0,0,3,12,0
297.644375,5,2.0,8,1151.0,3.0,0,3,7,0
41.574930555555554,10,6.0,23,312.0,10.0,0,21,15,9
1636.385949074074,44,2.0,155,33.0,41.0,55,220,308,363
400.10471064814817,5,6.0,6,573.0,0.0,0,0,10,0
9.167939814814815,7,2.0,12,2280.0,4.0,0,0,15,6
95.25782407407408,5,2.0,15,,0.0,0,1,9,0
8.78326388888889,3,2.0,3,97.0,1.0,0,0,3,0
3.639699074074074,6,2.0,17,1832.0,7.0,0,0,15,0
17.260069444444444,7,4.0,9,1142.0,3.0,0,2,19,0
209.24157407407407,2,2.0,2,1670.0,2.0,0,0,1,0
92.10952546296296,4,2.0,3,2284.0,0.0,0,1,5,0
41.74896990740741,4,4.0,4,2284.0,0.0,0,2,1,3
712.2871643518519,20,2.0,48,442.0,14.0,6,37,83,64
832.3390740740741,10,2.0,22,1457.0,9.0,0,3,33,9
13.519189814814816,5,5.0,4,319.0,1.0,0,2,8,0
3.921458333333333,3,2.0,2,1671.0,1.0,0,0,3,0
329.69721064814814,2,2.0,1,1151.0,3.0,0,0,1,0
101.83166666666666,4,2.0,3,2391.0,1.0,1,0,1,4
16.48068287037037,2,2.0,1,1672.0,0.0,0,0,0,1
49.18965277777778,12,5.0,28,,0.0,0,19,36,11
76.29893518518519,5,2.0,4,924.0,5.0,0,0,10,0
24.996666666666663,6,2.0,5,786.0,1.0,0,3,12,0
213.971875,32,2.0,85,2355.0,37.0,28,155,121,192
54.76409722222222,8,4.0,25,230.0,5.0,0,3,18,7
704.6185995370371,6,2.0,21,1672.0,0.0,0,4,6,5
7816.004837962963,6,2.0,9,188.0,0.0,0,3,7,5
3.413275462962963,6,2.0,7,2929.0,10.0,0,0,15,0
4571.49625,9,2.0,8,,0.0,1,15,6,14
935.9249537037036,15,5.0,30,1200.0,8.0,3,28,38,36
1806.9216666666664,23,2.0,93,2349.0,43.0,15,24,112,102
2079.8028587962963,6,2.0,9,54.0,13.0,0,2,13,0
56.500277777777775,3,5.0,5,652.0,0.0,0,0,1,2
5732.23443287037,9,2.0,20,,0.0,0,9,27,0
283.22975694444443,6,2.0,8,1462.0,4.0,0,0,15,0
6997.696828703703,22,4.0,58,30.0,2.0,55,27,28,121
303.82796296296294,2,2.0,2,1670.0,2.0,0,0,1,0
6042.682824074074,4,2.0,4,2275.0,9.0,0,0,6,0
4336.573483796296,8,2.0,10,,0.0,0,8,13,7
265.0155555555556,5,2.0,7,786.0,1.0,0,1,9,0
38.694340277777776,4,2.0,3,548.0,8.0,0,0,6,0
0.3291782407407407,4,2.0,3,787.0,0.0,0,1,2,3
507.4777893518519,6,4.0,12,671.0,2.0,0,0,10,5
212.8300462962963,9,5.0,14,787.0,0.0,1,3,18,14
768.0343402777778,1,2.0,0,2935.0,4.0,0,0,0,0
0.6675462962962962,1,2.0,0,1672.0,0.0,0,0,0,0
6039.829965277778,16,2.0,53,2266.0,18.0,0,30,75,15
4.140069444444444,5,5.0,8,787.0,0.0,0,2,8,0
7259.139803240741,6,2.0,6,1150.0,4.0,0,3,12,0
6562.872696759259,56,1.0,126,0.0,9.0,210,374,221,735
200.51480324074075,5,1.0,8,2388.0,4.0,0,0,6,4
121.92471064814816,4,4.0,8,273.0,10.0,0,1,5,0
10.005266203703703,5,2.0,7,1142.0,3.0,0,0,6,4
1113.323275462963,39,2.0,94,1750.0,9.0,6,243,352,140
6036.995439814815,9,2.0,27,2275.0,9.0,0,0,36,0
33.81641203703704,3,4.0,2,652.0,0.0,0,0,1,2
1546.768009259259,11,2.0,48,3.0,25.0,0,7,38,10
13.726793981481482,6,2.0,8,988.0,4.0,0,0,15,0
6.705347222222223,3,5.0,3,787.0,0.0,0,1,2,0
16.11315972222222,4,2.0,4,97.0,1.0,0,0,3,3
8.946631944444444,2,4.0,1,1671.0,1.0,0,1,0,0
438.7981134259259,5,2.0,4,1672.0,0.0,0,3,3,4
723.2077199074074,15,2.0,27,327.0,1.0,15,15,21,54
207.72413194444445,3,2.0,2,1668.0,4.0,0,0,3,0
47.98614583333333,2,2.0,2,573.0,0.0,0,0,0,1
24.997523148148147,8,2.0,21,1832.0,7.0,0,8,20,0
40.61748842592593,5,3.0,5,208.0,0.0,0,0,6,4
143.07700231481482,13,2.0,28,1772.0,28.0,0,22,44,12
292.12210648148147,5,2.0,4,1671.0,1.0,0,3,7,0
7217.061828703704,6,2.0,10,655.0,5.0,0,1,14,0
5910.256863425926,11,2.0,17,,0.0,3,20,8,24
1.697673611111111,4,6.0,5,1141.0,4.0,0,0,6,0
7351.242372685185,144,3.0,423,13.0,5.0,5460,624,117,4095
7173.170474537037,5,2.0,5,995.0,5.0,0,3,3,4
4323.445347222222,4,2.0,3,,0.0,0,0,6,0
271.5879282407407,5,6.0,5,1152.0,2.0,0,3,7,0
19.70145833333333,5,2.0,4,5436.0,8.0,0,0,10,0
270.9991087962963,5,2.0,4,1153.0,1.0,0,1,9,0
188.2093287037037,10,4.0,22,73.0,6.0,0,7,38,0
250.66783564814816,11,2.0,25,103.0,2.0,0,4,41,10
307.52858796296294,3,2.0,2,1153.0,1.0,0,0,3,0
15.29806712962963,5,2.0,9,164.0,6.0,1,0,3,6
149.21627314814816,5,2.0,10,1669.0,3.0,0,1,9,0
3622.8413310185183,44,2.0,199,133.0,53.0,10,305,436,195
140.56737268518518,2,2.0,1,1672.0,0.0,0,0,1,0
12.8403125,5,2.0,4,476.0,3.0,0,2,8,0
12.964131944444444,6,2.0,5,475.0,4.0,0,1,14,0
34.027314814814815,3,2.0,7,1672.0,0.0,0,0,1,2
98.55953703703705,8,2.0,7,207.0,1.0,0,10,11,7
0.4667013888888889,3,1.0,2,319.0,1.0,0,0,3,0
0.0724305555555555,2,2.0,1,600.0,4.0,0,0,1,0
7214.93550925926,5,2.0,5,,0.0,0,4,2,4
111.79697916666667,6,2.0,13,984.0,8.0,0,2,13,0
2236.660277777778,3,2.0,2,917.0,3.0,0,0,3,0
7289.92943287037,8,2.0,15,123.0,0.0,0,8,13,7
382.0625115740741,5,2.0,9,986.0,6.0,0,1,9,0
2.0067708333333334,3,2.0,2,915.0,6.0,0,0,3,0
377.0312615740741,3,3.0,3,95.0,2.0,0,1,0,2
160.8007638888889,7,4.0,20,70.0,9.0,0,11,10,0
1758.7603472222222,14,2.0,20,552.0,5.0,0,25,53,13
3.1506944444444445,10,5.0,14,652.0,0.0,0,17,19,9
3801.363680555556,21,2.0,35,2276.0,8.0,3,56,97,54
27.9432175925926,6,2.0,34,973.0,19.0,0,1,14,0
0.7648958333333333,3,2.0,3,206.0,2.0,0,0,1,2
28.03096064814815,5,2.0,18,761.0,9.0,0,0,10,0
69.97670138888888,4,4.0,5,1669.0,3.0,0,4,2,0
1338.7906481481482,7,2.0,22,2278.0,6.0,0,8,13,0
22.88508101851852,25,5.0,98,121.0,32.0,0,104,196,0
943.5852777777778,16,2.0,37,22.0,13.0,1,21,70,28
13.729930555555557,4,2.0,8,5438.0,6.0,0,2,4,0
2242.0551041666668,8,2.0,13,14.0,1.0,0,8,20,0
47.25368055555556,3,1.0,2,652.0,0.0,0,0,1,2
78.49438657407407,14,4.0,20,1151.0,3.0,0,27,51,13
1.434189814814815,5,5.0,5,785.0,2.0,0,2,4,4
190.1376273148148,3,2.0,3,1460.0,6.0,0,0,3,0
0.2656018518518518,1,2.0,0,553.0,3.0,0,0,0,0
2371.779988425926,4,2.0,5,137.0,1.0,0,0,3,3
6696.611030092593,42,4.0,81,2928.0,11.0,36,277,251,297
56.096689814814816,7,2.0,13,201.0,7.0,1,0,10,10
4.177719907407408,6,4.0,11,2281.0,3.0,0,0,15,0
41.146203703703705,9,5.0,19,,0.0,0,0,28,8
6012.812986111111,2,2.0,1,2282.0,2.0,0,0,1,0
251.78094907407407,3,2.0,3,377.0,5.0,0,0,3,0
5.531423611111111,6,2.0,6,,0.0,0,0,15,0
98.0174074074074,5,2.0,12,2383.0,9.0,1,0,3,6
271.36375,3,1.0,2,1671.0,1.0,0,2,1,0
67.00195601851851,11,4.0,25,1754.0,5.0,0,6,39,10
2689.5485648148147,16,3.0,25,0.0,5.0,0,56,49,15
927.8669907407408,4,2.0,6,1672.0,0.0,0,0,3,3
1.3046412037037036,4,2.0,5,785.0,2.0,0,0,6,0
651.4763541666666,5,2.0,13,1672.0,0.0,0,4,6,0
2.59625,2,2.0,1,320.0,0.0,0,0,1,0
473.1889351851852,16,4.0,36,2931.0,8.0,1,37,54,28
1285.0341782407406,8,5.0,8,1464.0,2.0,0,4,24,0
7031.794849537037,7,2.0,6,1759.0,0.0,0,3,12,6
2.4170717592592594,3,2.0,2,1755.0,4.0,0,1,2,0
1085.7671064814815,2,2.0,1,5443.0,1.0,0,0,1,0
272.612974537037,4,2.0,4,1670.0,2.0,0,2,4,0
95.1909375,4,2.0,6,2388.0,4.0,0,0,3,3
461.96770833333335,6,2.0,10,2389.0,3.0,0,2,13,0
166.94162037037037,8,2.0,16,794.0,10.0,0,1,20,7
1376.3242592592592,14,2.0,21,79.0,1.0,10,12,24,45
648.8419444444445,2,3.0,1,1672.0,0.0,0,0,1,0
5899.796168981481,7,2.0,26,437.0,20.0,0,6,9,6
0.0693981481481481,1,2.0,0,1754.0,5.0,0,0,0,0
706.6438657407407,12,2.0,20,1751.0,8.0,0,19,47,0
92.69152777777778,5,2.0,13,2930.0,9.0,0,0,10,0
18.59409722222222,3,2.0,2,552.0,4.0,0,0,3,0
102.47736111111112,14,5.0,42,916.0,4.0,6,9,36,40
12.993715277777778,6,2.0,13,144.0,9.0,0,6,9,0
2.615034722222222,5,2.0,6,320.0,2.0,0,2,8,0
244.7367592592593,4,2.0,3,553.0,3.0,0,1,5,0
2.516747685185185,2,2.0,1,553.0,3.0,0,0,1,0
1.803692129629629,2,5.0,3,5437.0,7.0,0,0,1,0
0.3391087962962963,3,2.0,3,626.0,4.0,0,0,3,0
0.7657638888888889,3,2.0,3,917.0,3.0,0,0,3,0
583.0732986111111,5,2.0,8,921.0,0.0,0,0,6,4
6771.413020833334,2,2.0,1,,0.0,0,0,1,0
1702.1277777777775,28,5.0,52,617.0,13.0,15,63,168,132
100.2948148148148,2,2.0,4,365.0,0.0,0,0,1,0
2664.3775578703703,9,3.0,18,550.0,6.0,0,9,27,0
249.1043981481481,4,5.0,10,787.0,0.0,0,1,2,3
0.5691435185185185,2,2.0,1,553.0,3.0,0,0,1,0
1130.9155787037037,10,5.0,20,2384.0,8.0,1,12,16,16
98.73927083333334,8,2.0,14,,0.0,0,5,23,0
240.8730902777777,5,2.0,12,5428.0,16.0,0,0,10,0
12.650335648148149,1,2.0,0,996.0,4.0,0,0,0,0
8345.777916666666,10,2.0,15,353.0,25.0,0,22,23,0
39.16699074074074,8,3.0,23,2272.0,12.0,0,6,22,0
2108.7428819444444,7,3.0,13,646.0,3.0,0,0,21,0
6052.772523148148,21,2.0,51,48.0,1.0,66,8,28,108
7438.420648148148,7,6.0,7,1143.0,2.0,0,3,12,6
1.758900462962963,4,4.0,3,684.0,0.0,1,0,1,4
2698.368078703704,12,3.0,40,73.0,15.0,0,15,40,11
6618.232650462963,6,2.0,7,331.0,0.0,0,1,9,5
413.6184606481481,4,3.0,4,71.0,2.0,0,1,5,0
761.7175231481482,4,2.0,3,1672.0,0.0,0,3,3,0
1158.2417939814816,8,2.0,18,311.0,20.0,0,0,28,0
6396.878217592593,3,2.0,2,,0.0,1,0,0,2
6.076666666666667,3,2.0,3,990.0,2.0,0,0,1,2
17.04722222222222,3,2.0,5,567.0,4.0,0,0,3,0
7253.6127893518515,5,4.0,6,,0.0,0,4,2,4
414.0155439814815,6,2.0,10,1753.0,6.0,0,0,15,0
1889.7263425925928,19,5.0,30,138.0,0.0,0,45,108,18
232.82664351851847,7,5.0,12,1461.0,5.0,0,7,14,0
705.9846296296296,9,2.0,30,633.0,16.0,1,1,20,14
5.193356481481482,6,1.0,7,1.0,0.0,0,0,10,5
7497.255173611111,10,2.0,20,24.0,5.0,0,18,18,9
68.6441550925926,7,2.0,20,672.0,1.0,0,0,15,6
95.54217592592592,4,2.0,8,684.0,0.0,0,1,5,0
6.006516203703704,8,2.0,13,358.0,7.0,0,2,26,0
3435.9296875,7,2.0,13,400.0,7.0,0,8,7,6
396.8310763888889,8,6.0,16,1154.0,0.0,0,2,19,7
66.46481481481482,5,5.0,5,668.0,5.0,0,0,10,0
195.3771296296296,5,1.0,9,1670.0,2.0,0,4,6,0
44.693333333333335,3,2.0,4,1670.0,2.0,0,0,3,0
66.06408564814815,3,2.0,2,670.0,3.0,0,0,3,0
228.75300925925927,3,2.0,2,5438.0,6.0,0,0,3,0
7.230891203703703,4,3.0,3,2284.0,0.0,0,0,3,3
6668.788344907407,2,2.0,2,,0.0,0,1,0,0
175.9633912037037,12,4.0,19,495.0,6.0,0,6,60,0
2796.940439814815,5,2.0,11,0.0,4.0,0,1,5,4
1228.2647916666667,6,2.0,7,1064.0,2.0,1,5,1,8
0.884525462962963,3,6.0,3,1464.0,2.0,0,0,3,0
246.6010648148148,2,2.0,1,1671.0,1.0,0,0,0,1
4.780196759259259,7,5.0,22,671.0,2.0,0,5,16,0
2.7321180555555555,2,5.0,2,54.0,2.0,0,0,1,0
3365.606203703704,17,4.0,43,78.0,71.0,3,16,75,42
2252.592314814815,11,5.0,12,1758.0,1.0,1,10,26,18
90.07912037037038,4,2.0,3,,0.0,0,0,6,0
1490.773900462963,18,2.0,34,2267.0,17.0,0,38,98,17
115.98152777777776,2,3.0,1,1672.0,0.0,0,0,1,0
30.561666666666667,4,2.0,4,990.0,2.0,0,1,5,0
471.5916550925926,6,4.0,12,551.0,5.0,0,2,13,0
43.41138888888889,5,1.0,8,324.0,4.0,0,0,10,0
1143.7793518518515,8,2.0,17,1462.0,4.0,0,5,23,0
0.8801736111111111,3,2.0,2,1668.0,4.0,0,0,3,0
638.6761574074075,1,2.0,0,1672.0,0.0,0,0,0,0
98.60210648148148,4,2.0,10,,0.0,0,0,3,3
21.1115625,6,2.0,7,830.0,3.0,0,0,15,0
5981.080810185185,5,2.0,8,2270.0,14.0,0,3,7,0
5981.077581018519,4,2.0,3,2280.0,4.0,0,1,5,0
5981.055358796296,3,2.0,2,2279.0,5.0,0,0,3,0
49.94914351851852,18,4.0,31,667.0,6.0,0,45,108,0
30.64609953703704,6,2.0,28,85.0,18.0,0,5,5,5
123.0275925925926,7,2.0,7,,0.0,0,4,17,0
310.0646990740741,3,2.0,2,1672.0,0.0,0,0,1,2
6315.763356481481,19,6.0,25,140.0,16.0,66,6,15,84
573.7328587962963,5,2.0,11,5439.0,5.0,0,2,8,0
6299.700439814815,8,2.0,24,444.0,13.0,0,6,15,7
14.67392361111111,3,2.0,2,52.0,4.0,0,0,3,0
15.111458333333331,2,2.0,1,1463.0,3.0,0,0,1,0
20.853530092592592,4,2.0,5,0.0,3.0,0,0,3,3
64.54103009259259,6,5.0,13,217.0,5.0,0,4,6,5
59.38028935185185,8,2.0,21,2387.0,5.0,0,2,19,7
975.5597453703704,41,2.0,88,88.0,6.0,36,274,222,288
14.754212962962963,4,2.0,3,2280.0,4.0,0,0,6,0
475.1192361111111,10,3.0,18,804.0,0.0,1,4,24,16
121.1499074074074,5,2.0,5,,0.0,0,4,6,0
17.007881944444446,4,2.0,9,5435.0,9.0,0,0,6,0
40.98013888888889,6,2.0,12,2276.0,8.0,0,0,15,0
8.792175925925926,2,4.0,3,770.0,0.0,0,0,1,0
2823.2738425925927,50,2.0,136,4.0,2.0,171,194,271,589
207.7803356481481,3,2.0,2,1153.0,1.0,0,2,1,0
14.010717592592592,9,4.0,13,2389.0,3.0,0,7,21,8
2495.688125,24,2.0,92,174.0,43.0,10,44,127,95
1.807835648148148,1,2.0,0,1463.0,3.0,0,0,0,0
29.13898148148148,12,2.0,16,2281.0,3.0,1,13,32,20
18.78928240740741,3,3.0,5,1669.0,3.0,0,0,3,0
180.06524305555556,3,6.0,3,1152.0,2.0,0,0,3,0
2210.4775810185183,19,2.0,42,40.0,10.0,6,42,63,60
307.5224189814815,2,2.0,1,1154.0,0.0,0,0,1,0
10.208240740740742,5,3.0,5,1671.0,1.0,0,5,1,4
202.7765625,5,2.0,5,1152.0,2.0,0,1,5,4
2460.2069444444446,5,2.0,6,64.0,3.0,0,0,6,4
7748.7323726851855,6,2.0,11,921.0,0.0,3,0,3,9
9.297685185185186,2,2.0,1,361.0,4.0,0,0,1,0
4.160752314814815,4,2.0,10,1138.0,7.0,0,1,5,0
957.6168518518518,19,1.0,33,59.0,13.0,0,62,91,18
6.030023148148148,3,3.0,2,970.0,6.0,0,0,3,0
7972.3425,13,4.0,19,19.0,1.0,3,5,40,30
0.5262268518518518,2,2.0,1,992.0,0.0,0,0,1,0
8.995925925925926,2,2.0,1,1671.0,1.0,0,0,1,0
381.0830555555556,3,2.0,4,2929.0,10.0,0,0,3,0
5938.733425925926,3,2.0,2,,0.0,0,0,3,0
2637.3061689814813,10,2.0,18,1754.0,5.0,1,9,19,16
97.70788194444444,7,2.0,13,2891.0,7.0,0,1,14,6
1.0017361111111112,3,5.0,7,2280.0,4.0,0,0,3,0
832.94375,6,2.0,8,283.0,3.0,0,1,14,0
111.07943287037035,2,4.0,1,1671.0,1.0,0,0,1,0
0.951238425925926,2,1.0,3,973.0,3.0,0,0,1,0
161.8636574074074,4,2.0,7,106.0,5.0,0,1,5,0
1556.5786342592592,9,2.0,29,989.0,11.0,0,14,22,0
803.9823726851852,70,2.0,163,1032.0,12.0,253,636,445,1081
109.66659722222222,5,5.0,4,388.0,7.0,0,0,10,0
91.16443287037038,6,2.0,8,82.0,7.0,0,2,13,0
1181.5570138888888,31,4.0,86,2372.0,20.0,10,76,249,130
25.390046296296298,3,1.0,4,57.0,4.0,0,0,1,2
25.37410879629629,3,1.0,2,57.0,4.0,0,1,2,0
25.36579861111111,3,1.0,2,58.0,3.0,0,0,3,0
2566.9983796296297,11,2.0,14,265.0,5.0,0,26,29,0
417.2970601851852,40,5.0,87,2895.0,3.0,55,214,192,319
1700.9330671296295,11,5.0,17,0.0,3.0,3,13,15,24
24.25667824074074,2,1.0,1,58.0,3.0,0,0,1,0
24.255416666666665,2,1.0,1,58.0,3.0,0,0,1,0
96.89957175925926,5,1.0,11,54.0,7.0,0,4,6,0
167.27184027777778,4,6.0,3,1154.0,0.0,0,1,5,0
4.137546296296296,4,2.0,4,1671.0,1.0,0,0,6,0
1535.0520601851852,3,2.0,2,2938.0,1.0,0,0,3,0
76.37385416666666,4,2.0,5,1669.0,3.0,0,1,5,0
106.85377314814816,14,2.0,29,210.0,21.0,0,24,67,0
46.22096064814815,5,2.0,4,1462.0,4.0,0,0,10,0
0.1299768518518518,2,2.0,4,1141.0,4.0,0,0,1,0
31.940613425925925,5,3.0,10,2277.0,7.0,0,2,8,0
938.2871296296296,11,2.0,22,125.0,4.0,0,6,39,10
40.80766203703703,6,2.0,40,957.0,19.0,0,0,15,0
0.0269560185185185,2,6.0,3,1669.0,3.0,0,1,0,0
7816.384189814815,4,4.0,5,801.0,3.0,0,2,4,0
6567.310532407408,4,2.0,3,1378.0,4.0,0,1,5,0
13.648738425925924,3,2.0,3,1062.0,4.0,0,0,3,0
0.6685532407407407,9,6.0,13,1378.0,4.0,0,1,35,0
110.4353125,7,2.0,10,2283.0,1.0,0,0,21,0
458.4071412037037,3,4.0,4,147.0,9.0,0,0,3,0
19.66570601851852,6,4.0,11,5437.0,7.0,0,3,12,0
542.5707986111111,4,2.0,7,1669.0,3.0,0,0,6,0
82.74174768518519,5,2.0,6,2897.0,1.0,0,3,7,0
1622.299907407407,2,2.0,1,684.0,0.0,0,0,1,0
6062.552372685185,5,2.0,17,5433.0,11.0,0,2,8,0
31.935416666666665,3,2.0,4,1670.0,2.0,0,0,3,0
7722.810069444445,3,5.0,2,148.0,0.0,0,0,1,2
2212.848645833333,5,2.0,5,,0.0,0,2,4,4
37.7446412037037,4,2.0,6,1672.0,0.0,0,0,3,3
68.81616898148148,4,2.0,6,1671.0,1.0,0,0,3,3
407.9839814814815,3,2.0,11,1058.0,8.0,0,1,2,0
35.208449074074075,3,5.0,7,382.0,0.0,0,0,1,2
2399.5707175925927,10,4.0,12,,0.0,3,8,13,21
3.740439814814815,5,1.0,7,1670.0,2.0,0,4,6,0
294.559050925926,4,2.0,4,1671.0,1.0,1,0,1,4
25.63278935185185,7,5.0,11,999.0,1.0,0,2,13,6
78.7546412037037,8,2.0,20,1457.0,9.0,0,7,21,0
2392.3688078703703,19,2.0,73,0.0,7.0,6,46,59,60
13.104108796296297,6,2.0,11,2281.0,3.0,0,3,12,0
2.43125,4,2.0,5,1154.0,0.0,0,3,3,0
26.042291666666667,5,2.0,4,59.0,2.0,0,2,8,0
26.02068287037037,6,3.0,5,59.0,2.0,0,0,15,0
15.837210648148147,7,2.0,6,2279.0,5.0,0,9,12,0
4.725266203703704,7,4.0,19,1790.0,10.0,0,6,15,0
26.664212962962964,8,2.0,13,1150.0,4.0,0,5,23,0
13.89119212962963,8,4.0,30,88.0,11.0,0,5,23,0
230.4003935185185,4,2.0,6,1461.0,5.0,0,0,6,0
841.1418171296297,4,2.0,10,11.0,3.0,0,0,3,3
312.9385185185185,6,2.0,6,2283.0,1.0,0,1,14,0
25.11577546296296,2,2.0,2,1670.0,2.0,0,0,1,0
14.076064814814815,4,2.0,4,2898.0,0.0,0,0,3,3
2.9124189814814816,3,2.0,5,302.0,8.0,0,0,3,0
52.12087962962963,7,2.0,12,604.0,0.0,0,2,19,0
17.30934027777778,6,1.0,8,602.0,2.0,0,0,10,5
18.09434027777778,6,2.0,6,986.0,6.0,0,2,13,0
639.5861574074074,6,2.0,5,1664.0,8.0,0,4,11,0
72.61637731481481,4,2.0,6,912.0,8.0,0,0,6,0
1102.7890625,11,2.0,29,2380.0,12.0,1,7,29,18
49.64054398148148,9,4.0,34,1784.0,16.0,0,9,27,0
22.029872685185182,6,1.0,11,1665.0,7.0,0,2,13,0
1299.058287037037,22,3.0,36,324.0,4.0,15,47,73,96
70.95096064814815,5,2.0,7,2895.0,3.0,0,0,10,0
273.6733796296296,9,2.0,24,664.0,9.0,0,2,26,8
957.6489467592592,7,2.0,16,,0.0,0,0,21,0
5929.592361111111,5,2.0,4,2278.0,6.0,0,0,10,0
5929.582777777778,4,2.0,3,2280.0,4.0,0,3,3,0
67.70737268518519,4,4.0,11,93.0,4.0,0,1,2,3
1296.8485532407408,10,2.0,17,921.0,0.0,0,9,27,9
67.30185185185185,2,2.0,2,2390.0,2.0,0,0,1,0
542.5017013888889,4,2.0,6,,0.0,0,1,2,3
3.843506944444445,3,2.0,3,2934.0,5.0,0,0,3,0
33.78268518518519,4,2.0,3,239.0,5.0,0,1,5,0
71.65317129629629,6,2.0,32,,0.0,0,3,12,0
5980.070613425926,5,4.0,6,1042.0,2.0,3,0,1,6
66.61917824074074,3,5.0,2,1463.0,3.0,0,0,3,0
179.43295138888888,12,5.0,29,2389.0,3.0,1,10,35,20
78.21857638888889,10,5.0,21,2387.0,5.0,0,7,29,9
2.9402314814814816,4,2.0,3,992.0,8.0,0,0,6,0
5925.264780092592,12,2.0,22,2275.0,9.0,0,34,21,11
1254.247835648148,5,2.0,5,11.0,1.0,1,2,1,6
952.4690393518518,7,2.0,9,2895.0,3.0,1,0,10,10
700.1331018518518,21,5.0,40,2891.0,7.0,15,44,61,90
404.9477199074074,13,2.0,40,242.0,21.0,0,2,64,12
6.256342592592593,8,4.0,23,1789.0,11.0,0,7,21,0
62.77070601851852,4,6.0,3,,0.0,0,0,6,0
18.796550925925924,9,2.0,18,20.0,7.0,0,10,26,0
358.7051736111111,8,2.0,20,71.0,8.0,0,11,17,0
340.8035185185185,4,2.0,7,1669.0,3.0,0,2,4,0
17.804849537037036,3,2.0,2,23.0,4.0,0,0,3,0
5922.453993055556,9,4.0,17,2278.0,6.0,0,6,22,8
60.29297453703704,5,1.0,4,2391.0,1.0,0,1,5,4
20.091875,3,2.0,3,475.0,4.0,0,1,2,0
93.6133912037037,4,5.0,4,1670.0,2.0,0,3,3,0
161.98219907407406,3,2.0,2,2391.0,1.0,0,0,3,0
0.9093055555555556,4,5.0,7,1758.0,1.0,0,0,6,0
514.9275347222223,10,2.0,20,1464.0,2.0,0,15,21,9
2068.80962962963,25,2.0,83,801.0,3.0,21,58,95,126
10.701828703703704,4,2.0,3,238.0,6.0,0,0,6,0
17.306400462962962,5,2.0,5,983.0,9.0,0,0,10,0
5918.772453703704,4,2.0,3,2280.0,4.0,0,0,6,0
9.806342592592593,6,4.0,10,669.0,4.0,0,3,12,0
5918.744456018519,5,2.0,9,2266.0,18.0,0,0,10,0
5918.74212962963,4,2.0,5,2280.0,4.0,0,0,6,0
65.93581018518519,4,2.0,11,,0.0,0,1,5,0
56.83953703703704,3,2.0,3,2896.0,2.0,0,2,1,0
22.77144675925926,9,4.0,22,2277.0,7.0,0,6,30,0
844.3805671296296,5,2.0,9,1463.0,3.0,0,0,10,0
5917.272789351852,2,2.0,1,2282.0,2.0,0,0,1,0
6587.093229166667,9,2.0,10,16.0,2.0,1,7,14,14
412.8765740740741,6,2.0,6,,0.0,0,2,13,0
55.04927083333333,7,4.0,11,1669.0,3.0,0,3,18,0
92.6558101851852,2,5.0,1,1671.0,1.0,0,0,1,0
1.1293402777777777,6,2.0,6,985.0,7.0,0,1,14,0
88.93631944444445,3,2.0,2,1669.0,3.0,0,0,3,0
179.78069444444444,4,2.0,3,1667.0,5.0,0,0,6,0
1.9214583333333333,4,3.0,3,188.0,7.0,0,1,5,0
26.82355324074074,6,2.0,7,982.0,10.0,0,0,10,5
46.90021990740741,4,2.0,5,1670.0,2.0,0,0,6,0
4.852488425925926,2,2.0,2,20.0,7.0,0,1,0,0
262.53989583333333,2,1.0,1,76.0,4.0,0,0,1,0
316.2619560185185,2,2.0,1,1672.0,0.0,0,0,1,0
48.08928240740741,10,5.0,20,1790.0,10.0,0,13,32,0
20.08960648148148,4,2.0,5,2284.0,0.0,0,2,4,0
768.4025462962964,4,3.0,4,1154.0,0.0,0,0,3,3
2.742534722222222,10,5.0,16,668.0,5.0,1,3,25,16
2.0932060185185186,4,2.0,5,56.0,5.0,0,0,6,0
0.1493055555555555,1,2.0,0,1151.0,3.0,0,0,0,0
88.18758101851851,3,2.0,2,148.0,0.0,0,0,1,2
37.133414351851854,6,2.0,11,51.0,10.0,0,1,14,0
37.11260416666666,5,2.0,5,58.0,3.0,0,0,10,0
354.8626736111111,4,2.0,7,,0.0,0,0,3,3
7.965578703703704,6,2.0,21,2284.0,0.0,0,6,9,0
6084.930821759259,9,2.0,27,,0.0,0,3,33,0
1759.913298611111,7,2.0,11,1062.0,4.0,0,7,8,6
1.9787152777777777,5,2.0,8,987.0,5.0,0,0,10,0
5911.005798611112,6,2.0,11,2274.0,10.0,0,1,14,0
5910.975856481481,4,2.0,4,2279.0,5.0,0,0,6,0
5910.967337962963,4,2.0,5,241.0,3.0,0,0,6,0
47.95270833333333,2,4.0,1,2898.0,0.0,0,0,0,1
3362.7378125,6,2.0,5,5.0,1.0,1,2,4,8
5.1496759259259255,6,2.0,8,57.0,4.0,0,1,14,0
16.254953703703702,4,2.0,5,1756.0,3.0,0,0,6,0
67.73709490740741,1,2.0,0,1667.0,5.0,0,0,0,0
319.5150578703704,5,2.0,6,313.0,3.0,0,4,6,0
52.81975694444444,5,2.0,18,221.0,10.0,0,0,10,0
55.56993055555556,5,3.0,5,,0.0,0,0,10,0
48.71912037037037,4,2.0,6,988.0,4.0,0,0,6,0
71.63914351851852,4,2.0,5,989.0,3.0,0,0,6,0
184.49228009259247,33,2.0,65,2387.0,5.0,15,235,116,162
7178.078865740741,16,2.0,33,421.0,4.0,21,19,17,63
219.4561574074074,7,2.0,17,5434.0,10.0,0,5,10,6
0.1484953703703703,2,4.0,2,,0.0,0,0,0,1
0.6474074074074074,1,3.0,0,191.0,4.0,0,0,0,0
65.18028935185185,8,4.0,22,1140.0,5.0,1,4,11,12
34.73550925925926,8,2.0,13,388.0,3.0,0,6,15,7
1.0131828703703705,5,5.0,8,997.0,3.0,0,1,5,4
0.2038888888888889,3,3.0,5,97.0,0.0,0,0,3,0
8188.523738425926,23,3.0,35,0.0,5.0,28,42,63,120
1.3916087962962962,3,2.0,2,1153.0,1.0,0,2,1,0
15.01068287037037,7,5.0,13,5440.0,4.0,0,0,21,0
0.8926620370370371,4,2.0,4,316.0,4.0,0,1,5,0
5436.900833333333,31,2.0,51,43.0,8.0,78,68,85,234
26.96383101851852,3,2.0,4,1671.0,1.0,0,2,1,0
318.61418981481484,4,2.0,8,1140.0,5.0,0,2,4,0
30.75614583333333,5,3.0,4,390.0,5.0,0,4,6,0
11.991828703703703,4,2.0,8,982.0,10.0,0,1,5,0
459.0616087962963,5,2.0,22,963.0,13.0,0,0,10,0
6.963275462962963,5,5.0,6,242.0,2.0,0,0,10,0
10.62670138888889,9,2.0,14,604.0,0.0,0,4,32,0
395.4546759259259,4,4.0,5,,0.0,0,2,4,0
7155.636018518519,18,4.0,31,421.0,4.0,28,27,18,80
8107.263449074074,4,2.0,3,920.0,0.0,0,2,1,3
3073.3858912037035,5,3.0,6,,0.0,3,1,0,6
0.9903125,3,2.0,2,76.0,3.0,0,1,2,0
35.21277777777778,2,2.0,1,2898.0,0.0,0,1,0,0
35.14828703703704,4,3.0,13,50.0,20.0,0,1,5,0
3.7775,2,2.0,1,1154.0,0.0,0,1,0,0
97.83363425925926,6,2.0,6,658.0,2.0,0,5,5,5
21.57640046296296,4,2.0,5,1670.0,2.0,0,3,3,0
24.17931712962963,7,2.0,14,2385.0,7.0,0,1,14,6
14.726875,4,2.0,4,983.0,9.0,0,0,6,0
68.81916666666666,4,2.0,3,1668.0,4.0,0,0,6,0
159.67730324074074,4,2.0,3,1668.0,4.0,0,0,6,0
6518.421412037037,4,2.0,3,1381.0,1.0,0,1,5,0
14.902916666666666,4,2.0,5,323.0,11.0,0,0,6,0
1246.7958333333331,12,2.0,20,124.0,5.0,0,12,43,11
1158.4929050925923,20,2.0,42,,0.0,3,26,110,51
19.085671296296297,3,2.0,5,992.0,0.0,0,1,2,0
6880.687870370371,12,2.0,58,166.0,29.0,0,31,35,0
1764.9603356481482,9,2.0,24,2935.0,4.0,0,4,32,0
5889.8779513888885,16,2.0,25,47.0,4.0,15,27,18,60
328.421875,5,2.0,8,1206.0,2.0,0,2,8,0
729.102800925926,7,1.0,21,45.0,2.0,0,0,21,0
0.9514930555555556,3,2.0,2,1187.0,1.0,0,0,3,0
9.967476851851853,10,5.0,19,2891.0,7.0,0,6,39,0
6.934490740740741,2,4.0,1,2897.0,1.0,0,0,1,0
1045.1872800925926,14,2.0,20,2389.0,3.0,3,6,49,33
8136.890578703704,9,3.0,12,0.0,4.0,0,12,16,8
5602.354236111111,3,3.0,2,500.0,1.0,0,1,2,0
5.377060185185186,5,2.0,17,387.0,8.0,0,0,10,0
532.9661342592592,6,2.0,14,5435.0,9.0,0,6,4,5
5854.699583333333,10,2.0,18,,0.0,0,9,27,9
603.600625,7,2.0,7,5438.0,6.0,0,4,17,0
41.65192129629629,3,4.0,3,2390.0,2.0,0,0,3,0
14.819942129629627,3,2.0,4,973.0,3.0,0,0,3,0
173.89873842592593,9,2.0,45,366.0,29.0,0,5,23,8
5726.8125,14,2.0,79,170.0,20.0,0,9,82,0
92.78344907407408,3,2.0,3,1670.0,2.0,0,0,3,0
52.451400462962965,6,2.0,8,593.0,11.0,0,5,10,0
379.10922453703705,4,2.0,3,1671.0,1.0,0,0,6,0
8296.50693287037,6,2.0,18,304.0,27.0,0,3,7,5
45.29196759259259,2,4.0,1,1671.0,1.0,0,0,0,1
5002.180011574074,12,2.0,17,4.0,1.0,1,28,17,20
58.801689814814814,11,4.0,31,1014.0,7.0,0,9,36,10
0.6220949074074074,2,2.0,1,2936.0,3.0,0,0,1,0
1345.019849537037,7,2.0,14,0.0,3.0,0,5,10,6
303.50458333333336,6,2.0,9,1668.0,4.0,0,2,13,0
4.326828703703704,12,6.0,24,36.0,8.0,0,41,14,11
13.53326388888889,5,1.0,7,1670.0,2.0,0,5,1,4
8274.500243055556,6,4.0,9,13.0,2.0,0,12,3,0
17.634131944444444,5,2.0,4,2935.0,4.0,0,0,10,0
1683.766412037037,17,2.0,38,26.0,11.0,3,59,32,42
3348.925104166666,28,2.0,48,11.0,14.0,10,179,74,115
1.2940162037037035,2,2.0,3,,0.0,0,0,1,0
0.0785648148148148,3,2.0,2,,0.0,0,0,3,0
5883.872662037037,5,2.0,6,2271.0,13.0,0,0,10,0
50.246770833333336,7,2.0,12,1670.0,2.0,0,2,19,0
89.99876157407408,7,2.0,13,1670.0,2.0,0,4,17,0
6910.640277777778,4,3.0,3,,0.0,0,2,4,0
13.8334375,5,4.0,5,2391.0,1.0,0,1,9,0
159.16340277777778,27,6.0,81,2373.0,19.0,3,127,149,72
7.681226851851852,4,2.0,3,987.0,5.0,0,0,6,0
15.895358796296296,4,2.0,4,2898.0,0.0,0,0,6,0
88.12326388888889,7,4.0,9,1670.0,2.0,0,11,10,0
13.822164351851852,4,2.0,6,1671.0,1.0,0,2,4,0
36.90636574074074,9,2.0,12,2389.0,3.0,1,16,5,14
0.2678472222222222,4,2.0,3,2934.0,5.0,0,0,6,0
26.773171296296297,3,2.0,3,,0.0,0,0,3,0
5.728530092592592,5,2.0,7,1798.0,2.0,0,1,9,0
5911.877627314815,10,4.0,19,,0.0,6,3,12,24
331.84341435185183,5,2.0,10,564.0,7.0,0,4,2,4
13.688472222222222,5,2.0,6,128.0,3.0,0,0,10,0
15.259756944444444,7,5.0,15,2386.0,6.0,0,5,16,0
1922.0423148148147,17,2.0,64,1.0,14.0,1,25,80,30
4.2589351851851855,3,2.0,2,304.0,6.0,0,0,3,0
18.724710648148147,4,2.0,5,386.0,5.0,0,0,6,0
5879.850694444444,8,2.0,19,1150.0,4.0,0,4,24,0
2.474606481481481,9,5.0,14,73.0,6.0,0,20,16,0
138.7373611111111,4,3.0,4,1670.0,2.0,0,3,3,0
393.9362615740741,22,2.0,60,324.0,4.0,28,50,41,112
9.700185185185186,2,2.0,1,1671.0,1.0,0,0,1,0
48.64643518518518,9,2.0,19,2385.0,7.0,1,1,20,14
5877.457106481482,4,2.0,4,1145.0,9.0,0,0,6,0
0.6906365740740741,2,2.0,2,1145.0,0.0,0,0,1,0
81.56364583333334,3,3.0,3,1670.0,2.0,0,0,3,0
851.7213310185185,4,2.0,11,5.0,8.0,0,2,1,3
81.09239583333333,3,2.0,4,1670.0,2.0,0,0,3,0
48.17203703703704,4,2.0,4,1670.0,2.0,0,2,4,0
438.8059259259259,5,5.0,11,563.0,8.0,0,1,5,4
137.84925925925927,3,2.0,2,1671.0,1.0,0,0,3,0
69.46133101851852,2,2.0,1,2392.0,0.0,0,0,1,0
692.065,21,5.0,43,224.0,7.0,6,45,91,68
6.61380787037037,3,2.0,2,2894.0,4.0,0,0,3,0
19.69774305555556,3,2.0,6,1667.0,5.0,0,0,3,0
6.830798611111111,3,2.0,4,983.0,9.0,0,0,3,0
5.231215277777777,4,2.0,11,,0.0,1,0,1,4
37.9021875,3,2.0,4,1149.0,5.0,0,0,3,0
19.69984953703704,8,2.0,9,912.0,8.0,0,9,19,0
0.097824074074074,2,2.0,1,207.0,4.0,0,0,1,0
18.78547453703704,3,2.0,4,2895.0,3.0,0,0,1,2
14.625902777777778,1,2.0,0,2392.0,0.0,0,0,0,0
726.3177662037037,22,2.0,69,2388.0,4.0,36,47,31,117
6.161655092592593,6,2.0,10,924.0,5.0,1,0,6,8
6.087326388888889,5,5.0,8,1463.0,3.0,0,0,10,0
1.8918171296296296,4,2.0,4,499.0,2.0,0,1,5,0
20.612650462962964,8,4.0,36,5424.0,20.0,0,7,14,7
6958.382627314815,76,2.0,161,,0.0,406,739,342,1363
13.34199074074074,6,5.0,7,2936.0,3.0,0,2,13,0
73.55222222222223,3,1.0,3,1670.0,2.0,0,0,3,0
9.201481481481482,5,1.0,6,4.0,3.0,0,4,6,0
2.2241435185185185,3,2.0,4,498.0,3.0,0,0,3,0
45.473391203703706,10,2.0,16,2385.0,7.0,0,6,30,9
25.358043981481483,4,2.0,5,11.0,2.0,0,3,3,0
130.26675925925926,2,3.0,1,1671.0,1.0,0,0,1,0
4.935694444444445,3,2.0,8,497.0,4.0,0,0,3,0
5817.521932870371,33,2.0,83,420.0,5.0,171,36,55,266
5.7744328703703705,2,1.0,2,1461.0,5.0,0,0,1,0
31.04113425925926,3,2.0,3,1151.0,3.0,0,0,3,0
16.950648148148147,10,6.0,17,1796.0,4.0,3,8,13,21
201.6095138888889,7,2.0,13,77.0,6.0,1,3,7,10
9.26636574074074,2,2.0,1,5439.0,5.0,0,0,1,0
201.06890046296297,6,4.0,7,804.0,0.0,0,4,11,0
3.660162037037037,14,5.0,26,1150.0,4.0,1,24,42,24
28.118472222222223,8,2.0,17,1147.0,7.0,0,0,28,0
0.0571643518518518,4,6.0,3,,0.0,0,3,3,0
1217.9199421296296,12,2.0,17,46.0,5.0,3,6,30,27
26.954814814814814,3,2.0,2,1154.0,0.0,0,0,3,0
2.6197916666666665,7,4.0,14,1671.0,1.0,0,10,11,0
6245.307210648148,47,2.0,133,13.0,4.0,120,269,196,496
31.983113425925925,5,5.0,9,5439.0,5.0,0,0,10,0
5.922256944444444,3,1.0,6,227.0,4.0,0,0,3,0
92.1687037037037,5,2.0,4,223.0,8.0,0,1,9,0
3.790648148148148,4,2.0,21,5428.0,16.0,0,0,3,3
296.1187268518519,3,2.0,8,30.0,8.0,0,0,3,0
63.32875,3,3.0,4,1669.0,3.0,0,0,3,0
0.3753935185185185,2,2.0,2,5441.0,3.0,0,0,1,0
72.99902777777778,5,2.0,5,301.0,1.0,0,6,4,0
679.5178472222223,5,2.0,8,5436.0,8.0,0,4,6,0
410.7323032407408,21,1.0,45,326.0,2.0,3,86,67,54
379.2781597222222,12,2.0,20,2389.0,3.0,1,14,31,20
0.1137731481481481,2,2.0,1,1669.0,3.0,0,0,1,0
144.1849537037037,10,2.0,34,295.0,7.0,0,19,26,0
7.470231481481481,5,2.0,4,1149.0,5.0,0,1,9,0
29.12553240740741,1,2.0,0,1672.0,0.0,0,0,0,0
1593.4191435185185,6,2.0,15,1058.0,8.0,0,10,5,0
6178.12488425926,3,2.0,2,,0.0,0,1,2,0
13.975590277777778,3,2.0,7,496.0,5.0,0,0,3,0
582.8159606481481,12,2.0,20,2389.0,3.0,1,11,34,20
33.44884259259259,4,2.0,4,2390.0,2.0,0,0,6,0
111.6528125,3,2.0,2,1668.0,4.0,0,0,3,0
2182.869560185185,84,2.0,203,1027.0,17.0,1275,303,225,1683
34.938472222222224,12,2.0,26,224.0,7.0,0,31,24,11
19.39998842592593,3,2.0,2,1669.0,3.0,0,0,3,0
1.2597222222222222,4,3.0,6,969.0,7.0,0,0,6,0
5845.351319444444,7,2.0,11,2276.0,8.0,0,0,21,0
6116.739699074074,36,2.0,70,26.0,1.0,91,148,83,308
28.190266203703704,2,2.0,3,1669.0,3.0,0,0,1,0
103.44473379629628,2,4.0,2,1670.0,2.0,0,1,0,0
261.7567708333333,5,2.0,5,1670.0,2.0,0,3,7,0
74.47173611111111,2,2.0,2,971.0,5.0,0,0,1,0
19.282141203703706,1,2.0,0,1463.0,3.0,0,0,0,0
19.12618055555556,1,1.0,0,1463.0,3.0,0,0,0,0
759.6255208333333,5,2.0,8,1672.0,0.0,0,2,8,0
105.2556712962963,3,2.0,4,1670.0,2.0,0,0,1,2
21.244027777777777,3,1.0,5,4.0,3.0,0,0,3,0
105.2984375,4,2.0,3,1669.0,3.0,0,1,5,0
1.4854166666666666,3,2.0,2,919.0,1.0,0,0,3,0
55.92699074074074,3,2.0,2,151.0,2.0,0,1,2,0
7.008229166666666,7,6.0,15,653.0,7.0,0,3,18,0
37.07884259259259,7,2.0,25,2269.0,15.0,0,0,21,0
705.1806712962963,8,2.0,20,73.0,8.0,0,8,13,7
4.098333333333334,10,6.0,26,23.0,2.0,0,21,24,0
508.9586111111111,5,2.0,5,1672.0,0.0,0,0,6,4
5838.972256944445,13,2.0,24,300.0,7.0,1,23,32,22
18.093923611111112,5,2.0,5,23.0,2.0,0,1,9,0
96.97125,2,3.0,1,1671.0,1.0,0,0,0,1
5875.426134259259,16,2.0,64,625.0,24.0,1,56,35,28
216.30262731481483,3,1.0,2,1463.0,3.0,0,0,3,0
11.173055555555557,2,1.0,1,1463.0,3.0,0,0,1,0
11.167847222222225,2,1.0,1,1463.0,3.0,0,0,1,0
5724.504791666666,7,4.0,6,226.0,1.0,0,2,13,6
0.952164351851852,2,2.0,1,2934.0,5.0,0,0,1,0
272.5285763888889,13,2.0,16,1154.0,0.0,3,30,15,30
14.483310185185186,6,5.0,17,986.0,6.0,1,0,6,8
246.24163194444444,3,2.0,3,921.0,0.0,0,2,1,0
19.952650462962964,1,2.0,0,,0.0,0,0,0,0
6928.803043981481,5,2.0,6,2.0,3.0,0,4,2,4
37.53738425925926,3,2.0,11,1667.0,5.0,0,0,1,2
0.363136574074074,6,6.0,15,2889.0,9.0,0,0,15,0
1208.4038078703704,7,2.0,11,920.0,0.0,1,1,9,10
21.82577546296296,11,2.0,11,87.0,5.0,0,19,36,0
8074.607604166666,9,3.0,11,,0.0,0,23,5,8
541.4974768518518,13,1.0,21,1152.0,2.0,1,9,46,22
2481.1511921296296,9,2.0,20,,0.0,1,13,8,14
93.96322916666666,2,2.0,1,1671.0,1.0,0,0,1,0
298.14122685185185,28,4.0,66,1150.0,4.0,15,123,108,132
24.53159722222222,2,2.0,2,1670.0,2.0,0,0,1,0
185.19957175925927,4,2.0,5,1063.0,3.0,0,1,5,0
92.2489351851852,2,3.0,1,1671.0,1.0,0,0,1,0
92.24461805555556,3,1.0,2,1671.0,1.0,0,0,3,0
62.02092592592592,6,2.0,8,,0.0,0,8,7,0
868.1529050925926,7,2.0,13,1757.0,2.0,0,0,21,0
397.9736574074074,5,2.0,15,2279.0,5.0,0,2,4,4
2429.468333333333,81,4.0,274,986.0,58.0,1485,236,89,1430
2310.510798611111,5,3.0,7,31.0,3.0,0,3,7,0
2.738402777777778,5,5.0,13,2895.0,3.0,0,2,8,0
2092.9999421296297,12,5.0,23,2387.0,5.0,0,1,54,11
89.78001157407408,3,2.0,2,1669.0,3.0,0,0,3,0
3851.979583333333,10,3.0,24,0.0,4.0,6,4,11,24
20.19876157407408,6,2.0,11,2914.0,25.0,0,0,15,0
7.271111111111111,5,2.0,4,987.0,5.0,0,0,10,0
23.52055555555556,5,4.0,6,921.0,0.0,0,3,7,0
663.1827314814815,11,2.0,25,552.0,5.0,0,26,29,0
4165.482800925926,7,3.0,10,305.0,2.0,0,7,14,0
425.9924768518519,11,4.0,20,672.0,1.0,0,5,50,0
20.851134259259258,3,2.0,7,978.0,14.0,0,0,3,0
322.3894560185185,4,2.0,4,1670.0,2.0,0,0,6,0
29.230138888888888,3,3.0,3,1670.0,2.0,0,0,3,0
5.975023148148148,7,4.0,8,1152.0,2.0,0,0,21,0
405.01601851851854,10,5.0,24,5437.0,7.0,1,14,14,16
236.91179398148148,5,2.0,8,1800.0,0.0,0,3,3,4
4144.185543981482,29,5.0,168,3.0,42.0,78,71,49,208
138.94730324074075,2,2.0,4,1668.0,4.0,0,0,1,0
1173.3853703703703,5,2.0,14,1056.0,10.0,0,0,6,4
45.16237268518518,2,2.0,1,684.0,0.0,0,0,0,1
233.6557523148148,6,2.0,24,1143.0,2.0,0,0,15,0
705.0219328703704,5,3.0,8,23.0,3.0,0,1,9,0
538.805775462963,2,1.0,1,1462.0,4.0,0,0,1,0
1007.3941666666668,4,2.0,7,1203.0,5.0,0,0,6,0
82.40725694444444,2,1.0,1,1671.0,1.0,0,0,1,0
238.5665162037037,3,2.0,4,1672.0,0.0,0,0,3,0
59.559016203703706,6,2.0,17,2386.0,6.0,0,0,10,5
5818.358958333333,8,2.0,8,2280.0,4.0,0,6,22,0
5818.3554745370375,6,2.0,8,2275.0,9.0,0,2,13,0
12.105636574074074,6,2.0,5,2892.0,6.0,0,5,10,0
0.7330787037037036,1,2.0,0,2936.0,3.0,0,0,0,0
581.8728356481481,5,4.0,4,1672.0,0.0,1,2,1,6
188.15715277777767,9,2.0,34,1044.0,22.0,0,11,17,8
17.220775462962962,2,2.0,5,2930.0,9.0,0,0,1,0
1032.266886574074,5,2.0,32,351.0,14.0,0,3,7,0
2463.0591550925924,4,2.0,8,2925.0,14.0,0,0,6,0
3282.631805555556,10,2.0,57,46.0,34.0,0,19,26,0
0.9748611111111112,5,2.0,4,987.0,5.0,0,2,8,0
74.63907407407407,3,3.0,3,1671.0,1.0,0,0,1,2
2461.6333796296294,10,2.0,14,,0.0,10,3,7,25
8255.226886574073,18,3.0,31,10.0,1.0,15,48,18,72
1417.9385879629629,18,5.0,32,0.0,1.0,3,70,35,45
304.9061226851852,7,3.0,8,305.0,2.0,0,1,14,6
5807.336863425926,5,2.0,5,2280.0,4.0,0,0,10,0
7227.471770833334,12,4.0,16,47.0,4.0,1,27,18,20
7.827997685185185,3,2.0,3,985.0,7.0,0,0,3,0
1004.2623263888888,18,5.0,42,910.0,10.0,0,53,100,0
0.8563194444444444,3,2.0,6,2934.0,5.0,0,0,3,0
6143.318726851852,88,2.0,140,17.0,1.0,861,673,362,1932
96.10089120370372,3,2.0,2,2392.0,0.0,0,0,1,2
46.58241898148148,12,4.0,30,2891.0,7.0,0,10,45,11
2.441550925925926,3,2.0,3,550.0,6.0,0,0,3,0
6427.070231481482,2,2.0,1,153.0,0.0,0,0,1,0
564.0459606481481,13,1.0,34,116.0,13.0,1,21,34,22
22.405532407407406,3,2.0,6,1149.0,5.0,0,0,3,0
159.66612268518517,1,2.0,0,1672.0,0.0,0,0,0,0
4477.361273148148,16,5.0,74,160.0,30.0,10,11,44,55
398.7814699074074,13,2.0,21,5438.0,6.0,3,21,24,30
273.1197222222222,6,4.0,6,2391.0,1.0,0,6,9,0
0.0238541666666666,2,2.0,1,553.0,3.0,0,0,1,0
1168.4202430555556,11,2.0,16,921.0,0.0,0,23,22,10
5.566782407407407,3,2.0,3,1670.0,2.0,0,0,3,0
5168.619270833334,3,2.0,3,,0.0,0,0,3,0
264.9460648148148,5,2.0,5,1374.0,8.0,0,0,10,0
40.91061342592592,4,2.0,4,378.0,0.0,0,0,6,0
6181.152372685186,4,4.0,3,80.0,2.0,0,1,5,0
246.3245486111111,5,2.0,9,5439.0,5.0,0,0,6,4
23.87734953703704,4,3.0,4,553.0,3.0,0,0,6,0
8.82048611111111,4,2.0,4,,0.0,0,0,6,0
31.94785879629629,8,2.0,12,1128.0,17.0,0,0,28,0
202.90569444444444,4,2.0,12,5434.0,10.0,0,2,1,3
0.1161689814814814,2,2.0,1,2897.0,1.0,0,0,0,1
472.8028125,4,3.0,6,2392.0,0.0,0,4,2,0
4.086111111111111,2,2.0,3,1756.0,3.0,0,0,1,0
6487.274409722222,18,2.0,50,43.0,9.0,10,33,45,65
17.43537037037037,2,2.0,1,601.0,3.0,0,0,1,0
5717.292384259259,12,3.0,21,,0.0,0,19,36,11
307.3882291666667,3,3.0,5,1062.0,4.0,0,0,1,2
310.0642013888889,3,4.0,3,1463.0,3.0,0,0,3,0
1666.8663310185186,20,5.0,82,2365.0,27.0,1,22,131,36
151.8632638888889,2,2.0,2,1672.0,0.0,0,0,0,1
224.9215162037037,2,2.0,3,1672.0,0.0,0,0,1,0
0.1718055555555555,3,2.0,2,1755.0,4.0,0,0,3,0
7039.705763888889,16,4.0,22,12.0,3.0,21,22,14,63
71.56311342592592,6,2.0,16,1657.0,15.0,0,0,10,5
8.59039351851852,5,2.0,20,,0.0,0,0,10,0
1.1814467592592592,2,2.0,1,1463.0,3.0,0,0,1,0
232.0749305555556,3,2.0,2,920.0,1.0,0,0,3,0
2.8534375,3,2.0,3,5440.0,4.0,0,0,3,0
24.08818287037037,3,3.0,2,1463.0,3.0,0,0,3,0
2.405914351851852,2,3.0,1,1463.0,3.0,0,0,1,0
1934.923067129629,3,3.0,6,281.0,5.0,0,0,3,0
0.108599537037037,2,1.0,1,1463.0,3.0,0,0,1,0
0.804224537037037,6,2.0,5,496.0,5.0,0,0,15,0
514.8494907407407,6,2.0,10,1671.0,1.0,0,4,6,5
46.87877314814815,2,2.0,1,1671.0,1.0,0,0,1,0
191.0288888888889,6,4.0,13,2895.0,3.0,0,6,4,5
19.91400462962963,6,6.0,11,1141.0,4.0,0,5,10,0
114.96346064814814,2,2.0,1,1672.0,0.0,0,0,1,0
2.6425578703703705,6,2.0,13,2277.0,7.0,0,1,14,0
17.706134259259258,2,4.0,10,2274.0,10.0,0,0,1,0
0.8410416666666667,4,2.0,4,569.0,2.0,0,3,3,0
1146.523113425926,11,2.0,18,921.0,0.0,10,7,8,30
2652.1687384259258,5,2.0,5,,0.0,1,2,1,6
3.295335648148148,5,2.0,4,227.0,4.0,0,0,10,0
3.937650462962963,3,2.0,2,598.0,6.0,0,0,3,0
7040.414675925926,14,3.0,19,,0.0,1,34,32,24
2119.911261574074,13,5.0,47,173.0,22.0,1,7,48,22
292.39400462962965,14,2.0,43,2351.0,41.0,0,14,77,0
334.25690972222225,7,2.0,9,2391.0,1.0,0,0,15,6
5.983993055555556,5,2.0,8,1140.0,5.0,0,1,9,0
6727.2475231481485,7,2.0,23,,0.0,3,0,6,12
17.0959375,9,6.0,28,1154.0,0.0,0,8,20,8
0.0178703703703703,2,2.0,2,556.0,0.0,0,0,1,0
99.8804976851852,19,2.0,27,1151.0,3.0,6,40,65,60
10.121203703703705,3,4.0,3,2282.0,2.0,0,0,3,0
231.750625,8,2.0,8,2279.0,5.0,0,6,22,0
0.0467361111111111,1,2.0,0,553.0,4.0,0,0,0,0
0.4118981481481481,2,6.0,2,921.0,0.0,0,1,0,0
344.37820601851854,9,2.0,12,1670.0,2.0,0,9,19,8
795.9256944444444,30,3.0,60,40.0,4.0,28,164,67,176
333.0233680555556,7,2.0,6,2897.0,1.0,0,2,13,6
7701.281944444445,20,3.0,52,,0.0,3,43,93,51
19.656550925925927,1,2.0,0,226.0,2.0,0,0,0,0
3405.661261574074,13,3.0,34,10.0,18.0,0,15,51,12
31.76517361111112,2,3.0,2,1670.0,2.0,0,0,0,1
31.812372685185185,3,2.0,3,1672.0,0.0,0,2,1,0
2.7625462962962963,2,2.0,1,493.0,8.0,0,0,1,0
24.866863425925924,4,2.0,8,2387.0,5.0,0,0,3,3
2641.0928703703703,18,2.0,58,587.0,19.0,1,30,90,32
1673.1022453703704,18,2.0,45,0.0,6.0,6,37,54,56
1134.692199074074,18,1.0,53,301.0,15.0,15,22,44,72
761.7362037037037,8,2.0,10,74.0,6.0,0,8,13,7
0.2443171296296296,2,2.0,2,2935.0,4.0,0,0,1,0
5.788738425925926,2,4.0,1,2898.0,0.0,0,0,0,1
251.9696296296296,11,2.0,14,3.0,0.0,3,16,12,24
5503.883182870371,12,2.0,11,2.0,1.0,1,35,10,20
2580.4500578703705,3,3.0,4,1672.0,0.0,0,0,1,2
50.17053240740741,5,2.0,10,192.0,6.0,0,0,6,4
0.4709722222222222,3,2.0,3,34.0,2.0,0,0,3,0
0.0924537037037037,2,2.0,1,2391.0,1.0,0,0,1,0
1221.759837962963,7,5.0,7,,0.0,0,14,7,0
80.00384259259259,4,2.0,4,1670.0,2.0,0,2,1,3
7.172858796296296,5,2.0,7,381.0,1.0,0,0,6,4
4056.418587962963,10,2.0,17,23.0,6.0,0,27,9,9
288.9315277777778,6,2.0,9,,0.0,0,5,10,0
7159.55755787037,109,3.0,224,26.0,11.0,2278,540,280,2788
7115.754085648148,8,3.0,30,,0.0,0,11,17,0
679.0720717592593,5,2.0,6,1672.0,0.0,0,0,6,4
587.1807523148149,16,2.0,35,1150.0,4.0,10,7,48,55
5756.881180555555,10,4.0,17,1149.0,5.0,0,5,31,9
2250.510787037037,12,2.0,29,13.0,7.0,3,11,25,27
4846.781087962963,17,2.0,49,0.0,8.0,10,25,41,60
21.983506944444443,2,1.0,1,1671.0,1.0,0,1,0,0
59.63598379629629,5,3.0,5,1154.0,0.0,0,4,6,0
455.7312037037037,7,3.0,22,61.0,10.0,0,2,19,0
5993.792407407407,12,4.0,22,5439.0,5.0,1,19,26,20
1333.7347685185184,6,2.0,16,320.0,8.0,0,0,15,0
40.80754629629629,6,2.0,14,5438.0,6.0,1,0,6,8
2741.5832060185185,52,5.0,154,2384.0,8.0,136,330,265,595
7414.10568287037,3,2.0,3,592.0,2.0,0,2,1,0
5480.303553240741,34,2.0,109,86.0,25.0,21,211,140,189
9.025590277777775,3,2.0,4,2389.0,3.0,0,0,3,0
7003.670729166667,79,4.0,170,6.0,9.0,780,305,436,1560
207.3723726851852,4,2.0,13,2385.0,7.0,0,2,4,0
161.72708333333333,4,3.0,9,149.0,7.0,0,2,4,0
2.7380439814814816,2,2.0,4,,0.0,0,0,0,1
8.076319444444444,3,3.0,2,1671.0,1.0,0,0,3,0
22.408993055555555,10,2.0,15,1150.0,4.0,0,22,23,0
225.2062962962963,8,2.0,19,319.0,12.0,0,7,21,0
7.927939814814815,2,2.0,1,1672.0,0.0,0,0,1,0
33.95471064814815,3,2.0,2,,0.0,0,0,1,2
2197.897835648148,3,2.0,4,1185.0,3.0,0,0,3,0
54.07513888888889,9,2.0,20,1746.0,13.0,0,1,35,0
2.041238425925926,4,2.0,3,551.0,5.0,0,0,6,0
476.29017361111113,6,3.0,9,1154.0,0.0,3,0,3,9
7595.890243055555,10,1.0,27,270.0,13.0,3,11,10,21
5.62587962962963,2,2.0,2,1670.0,2.0,0,0,1,0
221.6886458333333,6,5.0,14,1152.0,2.0,1,2,4,8
23.12144675925926,3,2.0,2,1151.0,3.0,0,0,3,0
472.8500231481481,7,2.0,10,103.0,5.0,0,6,9,6
0.943599537037037,4,2.0,4,1668.0,4.0,0,0,6,0
4.844085648148148,2,2.0,2,1670.0,2.0,0,0,1,0
4.024085648148148,2,2.0,1,1671.0,1.0,0,0,1,0
259.9016550925926,10,2.0,21,1749.0,10.0,1,7,21,16
7559.47537037037,23,2.0,75,33.0,14.0,136,7,8,102
626.3121875,4,2.0,6,2934.0,5.0,0,0,6,0
1473.0487962962964,1,2.0,0,992.0,0.0,0,0,0,0
88.90938657407408,18,4.0,33,1792.0,8.0,1,52,68,32
5.8375,3,2.0,2,1669.0,3.0,0,0,3,0
750.0258101851852,25,2.0,45,310.0,6.0,1,89,164,46
31.92303240740741,1,2.0,0,2936.0,3.0,0,0,0,0
2354.1613773148147,14,2.0,33,45.0,4.0,28,2,13,48
1181.015462962963,14,5.0,24,1759.0,0.0,0,22,69,0
27.789074074074072,4,2.0,7,1795.0,5.0,0,0,6,0
6.243680555555556,2,4.0,2,1154.0,0.0,0,0,0,1
392.8458680555556,2,2.0,2,1672.0,0.0,0,0,1,0
5734.828402777778,25,2.0,54,,0.0,0,163,113,24
15.203032407407408,3,3.0,5,567.0,4.0,0,0,1,2
8044.200486111111,8,3.0,8,0.0,1.0,0,11,10,7
1272.2138310185185,7,2.0,14,2.0,4.0,0,4,11,6
7610.471921296296,6,3.0,6,,0.0,0,5,5,5
48.54855324074074,9,2.0,22,168.0,4.0,1,4,17,14
28.74761574074074,5,2.0,9,1755.0,4.0,0,2,8,0
25.369675925925925,4,3.0,4,1671.0,1.0,0,1,5,0
1055.95,49,2.0,117,2370.0,22.0,171,216,219,570
130.94130787037037,3,2.0,4,1670.0,2.0,0,0,3,0
28.97864583333333,2,2.0,1,1669.0,3.0,0,0,1,0
1161.545729166667,3,2.0,2,1670.0,2.0,0,0,3,0
98.84380787037036,3,2.0,4,1063.0,3.0,0,0,1,2
84.26221064814816,3,2.0,2,1671.0,1.0,0,0,3,0
47.15638888888889,3,2.0,6,1063.0,3.0,0,0,3,0
6260.341319444445,7,2.0,11,0.0,1.0,0,0,15,6
2.138692129629629,3,2.0,3,165.0,5.0,0,0,3,0
129.23087962962964,3,1.0,3,1672.0,0.0,0,1,2,0
8.417280092592593,4,2.0,4,1154.0,0.0,0,2,1,3
335.6241898148148,9,2.0,21,186.0,9.0,0,6,30,0
49.13581018518519,6,3.0,29,2378.0,14.0,0,1,9,5
82.08400462962963,3,5.0,2,1671.0,1.0,0,0,1,2
160.3428935185185,3,3.0,4,194.0,4.0,0,0,3,0
148.1647685185185,4,2.0,4,1671.0,1.0,0,0,6,0
6.78775462962963,5,2.0,7,1671.0,1.0,0,1,9,0
175.4620023148148,3,2.0,2,1672.0,0.0,0,2,1,0
3.523113425925926,10,4.0,16,311.0,5.0,0,7,29,9
15.707673611111112,3,2.0,4,989.0,3.0,0,0,3,0
295.04751157407406,6,4.0,16,1061.0,5.0,0,5,10,0
5242.068935185185,22,2.0,49,5434.0,10.0,10,63,73,85
5548.415983796296,51,2.0,85,266.0,4.0,153,154,374,594
1.4395833333333334,3,2.0,2,1153.0,1.0,0,2,1,0
2720.1273032407407,34,5.0,86,2930.0,9.0,28,177,148,208
5781.824583333333,25,2.0,95,188.0,39.0,21,81,72,126
120.2941087962963,2,2.0,1,1672.0,0.0,0,1,0,0
58.13719907407408,4,5.0,24,1022.0,22.0,1,1,0,4
2367.388680555556,5,4.0,10,,0.0,3,0,1,6
5539.068796296297,5,2.0,4,2934.0,5.0,0,2,8,0
71.89221064814815,2,2.0,5,83.0,3.0,0,0,1,0
0.5296412037037037,2,2.0,1,1461.0,5.0,0,0,1,0
102.83583333333333,9,2.0,22,59.0,20.0,0,7,29,0
6293.153692129629,11,4.0,17,804.0,0.0,1,7,29,18
7340.218368055555,44,2.0,162,572.0,34.0,105,208,198,435
99.76563657407408,2,2.0,1,204.0,7.0,0,0,1,0
4068.0798263888887,26,2.0,53,169.0,24.0,15,77,113,120
3898.795810185185,8,2.0,12,547.0,0.0,1,4,11,12
495.675787037037,5,2.0,11,2388.0,4.0,1,0,3,6
53.91523148148149,3,2.0,2,1154.0,0.0,0,0,3,0
2763.7616435185187,1,2.0,0,1464.0,2.0,0,0,0,0
251.72060185185185,23,2.0,42,2898.0,0.0,105,25,3,120
89.17703703703704,21,5.0,60,20.0,19.0,1,111,60,38
373.0288078703704,3,4.0,5,1672.0,0.0,1,0,0,2
0.974988425925926,2,1.0,1,1463.0,3.0,0,0,1,0
121.96074074074076,3,3.0,3,1672.0,0.0,0,0,3,0
2.104699074074074,1,2.0,0,5441.0,3.0,0,0,0,0
676.6323148148148,9,2.0,11,69.0,2.0,0,7,21,8
0.6428356481481482,5,4.0,13,2930.0,9.0,0,2,4,4
10.03417824074074,11,2.0,24,2927.0,12.0,6,3,18,28
118.67091435185183,2,2.0,4,1062.0,4.0,0,0,1,0
262.2752662037037,5,3.0,17,63.0,8.0,0,0,6,4
44.493541666666665,8,4.0,11,1150.0,4.0,3,3,7,15
0.3797569444444444,7,6.0,6,1153.0,1.0,0,13,8,0
17.455833333333334,13,5.0,30,1759.0,0.0,0,19,59,0
279.01122685185186,1,2.0,0,2284.0,0.0,0,0,0,0
125.9806712962963,3,2.0,3,1670.0,2.0,0,0,3,0
5695.540347222222,12,2.0,32,297.0,10.0,0,8,47,11
14.196412037037035,3,2.0,2,1672.0,0.0,0,2,1,0
42.234722222222224,2,2.0,2,2392.0,0.0,0,1,0,0
44.35545138888889,3,2.0,4,1671.0,1.0,0,0,3,0
9.923912037037036,2,2.0,1,5439.0,5.0,0,0,1,0
0.8131828703703704,3,5.0,2,1672.0,0.0,0,3,0,0
12.020960648148147,2,2.0,3,1669.0,3.0,0,0,1,0
9.985289351851852,2,1.0,2,1670.0,2.0,0,0,1,0
7417.127314814815,20,3.0,35,106.0,5.0,6,49,71,64
13.898622685185185,14,5.0,36,1142.0,12.0,3,34,21,33
1.2535648148148149,5,2.0,8,,0.0,0,1,9,0
628.7140046296296,6,2.0,14,544.0,3.0,0,1,9,5
38.42327546296296,5,2.0,11,74.0,6.0,0,4,6,0
7.45761574074074,4,2.0,7,,0.0,0,1,5,0
33.03074074074074,4,2.0,4,77.0,3.0,0,2,4,0
2144.1505555555555,5,2.0,8,212.0,2.0,0,4,6,0
1503.2811805555557,13,2.0,24,211.0,20.0,0,4,74,0
5327.7515625,12,2.0,17,22.0,4.0,6,13,15,32
1870.987141203704,10,4.0,28,1033.0,11.0,0,6,30,9
340.9651273148148,3,2.0,3,1672.0,0.0,0,1,0,2
11.319340277777778,2,2.0,1,1461.0,5.0,0,0,1,0
49.46917824074074,11,5.0,28,97.0,0.0,3,6,22,24
2.148622685185185,1,2.0,0,1186.0,2.0,0,0,0,0
202.6536226851852,8,2.0,16,1141.0,13.0,0,0,28,0
1887.732974537037,8,2.0,17,1204.0,4.0,0,2,26,0
264.3873611111111,7,2.0,25,2279.0,5.0,0,10,5,6
125.78868055555556,7,3.0,10,2391.0,1.0,0,0,15,6
24.957523148148148,2,2.0,1,76.0,4.0,0,0,1,0
1447.675277777778,6,2.0,27,68.0,15.0,1,0,6,8
0.7789814814814815,2,2.0,1,5437.0,7.0,0,0,1,0
325.8935648148148,2,2.0,1,1145.0,9.0,0,0,1,0
5608.98875,3,2.0,2,,0.0,0,0,3,0
7.84542824074074,2,2.0,2,551.0,5.0,0,0,1,0
453.3197916666667,11,4.0,23,152.0,11.0,3,2,26,24
7.085578703703704,10,5.0,19,1665.0,7.0,1,15,13,16
2435.0298842592592,12,2.0,35,,0.0,0,4,62,0
6.691273148148148,3,2.0,2,551.0,5.0,0,0,3,0
53.55346064814815,3,2.0,5,1666.0,6.0,0,1,2,0
23.87712962962963,4,2.0,10,2392.0,0.0,0,0,6,0
69.94645833333334,1,3.0,0,1672.0,0.0,0,0,0,0
27.16028935185185,6,5.0,16,2898.0,0.0,0,7,8,0
2838.4766203703703,5,2.0,14,0.0,3.0,0,2,4,4
2152.014548611111,4,2.0,5,1186.0,2.0,0,0,3,3
5247.815,20,2.0,39,517.0,40.0,3,45,91,51
1859.9554976851853,7,2.0,18,4.0,9.0,0,5,16,0
2744.7897685185185,14,2.0,51,,0.0,0,4,74,13
10.779143518518518,3,2.0,2,972.0,4.0,0,0,3,0
8.601840277777777,4,2.0,6,387.0,4.0,0,0,6,0
1727.4049189814814,16,2.0,62,29.0,15.0,3,26,52,39
49.95206018518518,3,2.0,5,2392.0,0.0,0,0,3,0
4019.554826388889,14,2.0,46,0.0,12.0,1,27,39,24
766.9605902777778,12,4.0,19,20.0,3.0,0,29,26,11
3.948888888888889,4,2.0,5,356.0,9.0,0,0,6,0
9.198993055555556,7,2.0,24,1146.0,8.0,0,4,17,0
826.8590625,3,2.0,18,274.0,12.0,0,0,1,2
7.522175925925926,2,2.0,1,554.0,3.0,0,0,1,0
3.4184953703703704,3,2.0,17,640.0,9.0,0,0,3,0
7.178275462962963,4,3.0,15,2388.0,4.0,0,0,6,0
14.73570601851852,6,2.0,10,,0.0,0,4,11,0
97.66179398148148,6,2.0,7,1063.0,3.0,0,1,9,5
3894.3302777777776,48,4.0,118,0.0,14.0,378,47,143,560
257.7979861111112,3,3.0,4,1671.0,1.0,0,0,3,0
132.1149537037037,9,2.0,14,1150.0,4.0,0,25,11,0
34.45974537037037,2,3.0,2,41.0,3.0,0,1,0,0
640.8267939814815,8,5.0,43,304.0,27.0,6,0,6,16
1.418287037037037,2,2.0,1,,0.0,0,0,1,0
0.938738425925926,2,2.0,1,1671.0,1.0,0,0,1,0
135.3856712962963,6,2.0,10,1152.0,2.0,0,1,14,0
6.944282407407408,4,2.0,4,1149.0,5.0,0,0,6,0
29.400844907407407,4,1.0,3,9.0,3.0,0,2,4,0
7505.097361111111,8,3.0,7,,0.0,1,10,5,12
93.42019675925926,2,2.0,1,1154.0,0.0,0,0,1,0
252.25980324074075,3,5.0,4,1672.0,0.0,0,0,1,2
549.5517708333333,7,2.0,16,386.0,6.0,0,2,19,0
1.6038194444444445,4,2.0,8,5439.0,5.0,0,2,4,0
2436.9319907407407,48,2.0,142,203.0,14.0,105,239,289,495
0.2220717592592592,3,6.0,2,1154.0,0.0,0,1,2,0
74.27753472222223,12,2.0,34,2387.0,5.0,0,12,43,11
0.0173032407407407,3,2.0,2,1151.0,3.0,0,0,3,0
3.1964004629629628,4,2.0,18,5430.0,14.0,0,0,3,3
25.04055555555556,5,2.0,11,1746.0,13.0,0,0,10,0
4.244872685185185,4,3.0,6,74.0,9.0,0,0,6,0
4520.012233796297,7,2.0,18,2.0,10.0,0,5,10,6
535.878912037037,4,6.0,6,,0.0,1,1,0,4
492.7255092592592,4,2.0,5,5434.0,10.0,0,0,6,0
430.9403935185185,7,2.0,6,1198.0,10.0,0,4,17,0
1424.1478472222225,6,2.0,6,,0.0,0,13,2,0
1654.0149305555556,15,2.0,26,1785.0,15.0,0,38,67,0
0.7294212962962963,1,5.0,0,2898.0,0.0,0,0,0,0
301.08736111111114,2,2.0,8,1672.0,0.0,0,0,0,1
301.0095949074074,4,2.0,4,1672.0,0.0,0,2,1,3
1230.715162037037,5,2.0,11,546.0,10.0,0,1,5,4
154.91590277777777,4,2.0,12,1058.0,8.0,0,0,3,3
333.902349537037,10,2.0,49,2317.0,75.0,0,9,36,0
76.03548611111111,5,2.0,4,1755.0,4.0,0,0,10,0
52.14431712962963,3,2.0,3,1750.0,9.0,0,0,3,0
44.197291666666665,4,2.0,11,5436.0,8.0,0,1,5,0
30.74943287037037,3,1.0,8,1462.0,4.0,0,1,2,0
57.56578703703704,4,2.0,9,1796.0,4.0,0,2,4,0
1191.3985532407407,25,2.0,32,2390.0,2.0,15,70,101,114
235.0200578703704,3,2.0,2,,0.0,0,1,2,0
102.15861111111111,5,2.0,8,1039.0,5.0,0,0,10,0
47.2609375,5,2.0,13,1201.0,7.0,0,0,10,0
1246.8016666666667,7,3.0,11,,0.0,0,2,13,6
508.7389351851852,7,2.0,10,1672.0,0.0,0,1,14,6
1.4806134259259258,2,2.0,1,1672.0,0.0,0,0,1,0
33.76732638888889,1,2.0,0,1672.0,0.0,0,0,0,0
150.2417824074074,6,2.0,7,,0.0,0,5,10,0
4.944930555555556,6,5.0,6,1154.0,0.0,0,5,5,5
85.26434027777778,7,2.0,13,1787.0,13.0,0,0,21,0
98.81622685185184,16,4.0,34,1792.0,8.0,0,22,98,0
5251.933275462963,46,2.0,157,0.0,21.0,300,85,125,525
46.88898148148148,6,3.0,8,194.0,4.0,0,3,7,5
198.6374074074074,5,2.0,9,53.0,5.0,0,0,10,0
1.4897916666666666,2,2.0,1,1669.0,3.0,0,0,1,0
4.384108796296296,6,6.0,16,1154.0,0.0,0,3,12,0
1106.2468402777777,5,2.0,6,283.0,3.0,0,3,3,4
31.035416666666663,2,2.0,2,1672.0,0.0,0,1,0,0
66.20266203703704,9,4.0,29,2383.0,9.0,0,18,18,0
839.1034143518518,4,2.0,5,5436.0,8.0,0,3,3,0
32.321793981481484,3,2.0,4,5436.0,8.0,0,0,3,0
29.33678240740741,6,2.0,25,640.0,9.0,0,0,10,5
5573.105034722223,17,2.0,42,,0.0,0,47,73,16
32.410127314814815,5,2.0,7,1147.0,7.0,0,0,10,0
31.39703703703704,1,2.0,0,210.0,4.0,0,0,0,0
6.807094907407407,4,5.0,6,994.0,6.0,0,0,6,0
3.032118055555556,4,2.0,7,75.0,5.0,0,3,3,0
24.37613425925926,3,5.0,4,,0.0,0,1,2,0
426.27452546296297,9,4.0,22,2385.0,7.0,0,1,27,8
5589.811377314815,12,1.0,18,253.0,31.0,0,27,39,0
1.134085648148148,3,2.0,3,1671.0,1.0,0,0,3,0
266.64414351851855,3,2.0,3,968.0,8.0,0,0,3,0
1.3645601851851852,5,2.0,7,1671.0,1.0,0,3,7,0
588.7701736111111,18,5.0,40,5429.0,15.0,0,44,92,17
63.54864583333333,2,2.0,1,2387.0,5.0,0,0,1,0
304.1402083333333,4,2.0,3,2898.0,0.0,0,1,2,3
701.2697222222222,5,2.0,6,1671.0,1.0,0,6,4,0
305.72123842592595,15,4.0,39,1789.0,11.0,15,17,19,54
719.9146296296296,6,2.0,10,283.0,3.0,0,3,7,5
73.92829861111112,3,3.0,3,207.0,5.0,0,0,3,0
60.74534722222222,2,2.0,3,1139.0,6.0,0,0,1,0
3.6572916666666666,2,2.0,1,1151.0,3.0,0,0,1,0
2.421111111111111,3,6.0,4,328.0,0.0,0,1,2,0
1209.9836805555556,15,2.0,35,20.0,9.0,0,42,49,14
0.1397685185185185,2,2.0,1,77.0,2.0,0,0,1,0
0.1325,2,2.0,1,76.0,3.0,0,0,1,0
5144.283344907408,12,2.0,56,203.0,20.0,0,11,55,0
23.65195601851852,5,2.0,7,,0.0,0,2,8,0
220.0593981481481,7,2.0,21,1126.0,28.0,0,3,18,0
9.263125,7,2.0,10,95.0,13.0,0,1,20,0
847.3389814814815,8,2.0,24,237.0,7.0,0,7,21,0
1330.105,4,2.0,4,2898.0,0.0,1,0,1,4
14.4315625,4,2.0,3,1.0,0.0,0,0,3,3
1455.4350347222223,27,2.0,56,10.0,6.0,28,53,118,152
6.866099537037037,3,2.0,2,1671.0,1.0,0,1,2,0
210.29597222222225,4,2.0,5,75.0,4.0,0,1,5,0
13.27744212962963,3,2.0,3,2390.0,2.0,0,1,2,0
371.9515856481481,2,3.0,2,1672.0,0.0,0,0,1,0
103.54842592592593,8,2.0,14,83.0,5.0,0,5,23,0
438.5871180555556,5,2.0,6,1670.0,2.0,0,5,5,0
206.999375,2,1.0,2,165.0,2.0,0,1,0,0
7438.711446759259,4,3.0,3,,0.0,0,3,3,0
5471.524421296296,18,2.0,35,80.0,4.0,3,26,79,45
6.125659722222222,2,5.0,4,2935.0,4.0,0,0,1,0
1.0583680555555557,2,3.0,2,1670.0,2.0,0,0,1,0
366.0680787037037,4,2.0,3,921.0,0.0,0,3,0,3
29.97372685185185,2,3.0,2,1672.0,0.0,0,0,1,0
97.9593287037037,4,2.0,3,2391.0,1.0,1,0,1,4
2046.5272453703703,6,2.0,7,184.0,2.0,0,0,15,0
9.56193287037037,4,2.0,8,193.0,5.0,0,0,3,3
13.953622685185184,5,2.0,19,,0.0,0,5,5,0
2.213275462962963,3,6.0,3,54.0,3.0,0,0,1,2
0.8157291666666666,1,4.0,0,2934.0,5.0,0,0,0,0
426.4798263888889,9,2.0,16,1758.0,1.0,1,7,14,14
337.2816319444444,2,2.0,1,1672.0,0.0,0,0,1,0
0.0060416666666666,1,2.0,0,2934.0,5.0,0,0,0,0
12.81119212962963,5,2.0,11,140.0,16.0,0,0,10,0
3.4825925925925927,4,2.0,5,147.0,9.0,0,0,6,0
0.1140625,2,6.0,1,1154.0,0.0,0,1,0,0
97.30765046296295,5,1.0,6,2389.0,3.0,0,2,8,0
616.3724884259259,28,3.0,61,298.0,3.0,28,78,112,160
64.04379629629629,2,2.0,2,361.0,4.0,0,0,1,0
656.831886574074,3,2.0,6,1672.0,0.0,0,0,3,0
150.01891203703704,4,2.0,11,,0.0,0,0,6,0
3606.4569328703706,33,2.0,88,537.0,10.0,10,119,259,140
851.6734837962963,2,2.0,1,,0.0,0,0,1,0
1190.7478587962962,2,2.0,1,,0.0,0,0,1,0
6.060671296296296,6,2.0,8,5440.0,4.0,0,1,9,5
2761.924386574074,3,2.0,6,20.0,5.0,0,1,2,0
0.0359259259259259,2,2.0,1,1153.0,1.0,0,0,1,0
8.812152777777778,3,1.0,4,1671.0,1.0,0,2,1,0
51.07600694444445,8,2.0,13,1749.0,10.0,0,5,23,0
0.6442361111111111,2,2.0,1,1756.0,3.0,0,0,1,0
7697.753541666667,11,3.0,16,18.0,2.0,1,14,22,18
1007.7667939814814,25,2.0,73,1.0,6.0,3,94,137,66
2.183402777777778,2,2.0,1,741.0,1.0,0,0,1,0
0.1472916666666666,2,2.0,1,2934.0,5.0,0,0,1,0
7.849780092592592,3,2.0,5,5440.0,4.0,0,0,3,0
5219.603136574074,14,2.0,33,10.0,8.0,1,41,25,24
0.4915393518518518,1,3.0,0,553.0,3.0,0,0,0,0
2036.0400462962964,3,2.0,3,1186.0,2.0,0,0,1,2
46.61974537037037,2,2.0,1,52.0,1.0,0,0,1,0
243.6530439814815,3,1.0,5,1671.0,1.0,0,0,3,0
5.144861111111111,2,2.0,1,1151.0,3.0,0,0,1,0
17.785891203703702,2,2.0,1,627.0,3.0,0,0,1,0
6.29130787037037,7,4.0,9,208.0,6.0,0,4,17,0
406.7259722222222,4,2.0,6,1672.0,0.0,0,1,2,3
1066.489050925926,4,2.0,7,2392.0,0.0,0,2,4,0
3.2844328703703702,4,2.0,4,2934.0,5.0,0,0,6,0
651.4769791666666,3,4.0,5,1672.0,0.0,0,0,1,2
22.03695601851852,4,1.0,4,1153.0,1.0,0,1,5,0
3.870127314814815,4,2.0,6,973.0,3.0,0,0,6,0
97.38347222222222,3,3.0,4,1671.0,1.0,0,0,3,0
2311.600578703704,49,5.0,116,1036.0,8.0,105,307,254,510
943.7126851851853,7,5.0,20,0.0,5.0,1,0,10,10
77.50166666666667,4,2.0,8,2386.0,6.0,0,0,3,3
96.71851851851852,2,2.0,3,152.0,4.0,0,0,1,0
0.2151157407407407,4,2.0,4,,0.0,0,0,3,3
2.9522916666666665,4,2.0,6,1061.0,5.0,0,0,6,0
45.67391203703704,2,2.0,4,567.0,4.0,0,0,0,1
0.8895486111111112,3,4.0,3,363.0,2.0,0,0,3,0
658.7697569444445,10,2.0,19,122.0,10.0,6,8,7,24
1010.8727314814817,4,3.0,3,1671.0,1.0,0,1,5,0
524.2402546296296,12,2.0,24,1773.0,27.0,0,10,56,0
366.2770833333333,7,2.0,13,1154.0,0.0,0,1,20,0
0.0983564814814814,2,4.0,1,1672.0,0.0,0,0,0,1
31.890486111111112,4,2.0,3,624.0,6.0,0,0,6,0
701.0836921296296,4,2.0,6,285.0,1.0,0,0,3,3
551.0957291666666,3,2.0,3,592.0,2.0,0,0,1,2
2026.093587962963,3,2.0,2,591.0,3.0,0,0,3,0
4262.646574074074,16,2.0,47,0.0,21.0,10,23,32,55
28.149016203703702,3,2.0,3,1150.0,4.0,0,0,3,0
0.1120486111111111,3,3.0,7,547.0,9.0,0,0,3,0
6.976840277777778,4,2.0,4,2935.0,4.0,0,0,6,0
1.2163194444444445,6,2.0,6,2932.0,7.0,0,0,15,0
132.57211805555556,10,5.0,28,644.0,5.0,0,14,22,9
0.6906828703703703,2,2.0,1,2933.0,6.0,0,0,1,0
5574.520289351852,7,2.0,8,406.0,1.0,1,2,8,10
6.374409722222223,2,2.0,3,34.0,4.0,0,0,1,0
0.173287037037037,2,2.0,2,1154.0,0.0,0,0,0,1
266.5542476851852,9,2.0,29,2379.0,13.0,0,4,32,0
21.971435185185182,4,2.0,7,620.0,10.0,0,0,6,0
0.921400462962963,3,2.0,2,1755.0,4.0,0,0,3,0
2.817800925925926,5,1.0,12,148.0,8.0,0,0,6,4
1.908275462962963,2,3.0,4,1062.0,4.0,0,0,1,0
151.01957175925926,19,4.0,71,1771.0,29.0,0,49,104,18
0.0,1,2.0,0,,0.0,0,0,0,0
7382.539340277778,12,3.0,25,109.0,2.0,1,26,19,20
759.6833564814815,6,2.0,7,0.0,2.0,0,2,8,5
437.5838657407408,8,2.0,12,76.0,5.0,1,3,12,12
360.0465972222222,5,2.0,7,616.0,14.0,0,0,10,0
3866.383587962963,15,2.0,21,,0.0,6,22,33,44
18.98239583333333,2,2.0,1,2387.0,5.0,0,0,1,0
16.52988425925926,8,5.0,29,5430.0,14.0,1,1,14,12
306.3428587962963,3,2.0,4,1063.0,3.0,0,2,1,0
227.0640162037037,2,2.0,1,1059.0,7.0,0,0,1,0
1072.0700578703704,5,2.0,14,277.0,9.0,0,2,8,0
16.799907407407407,9,2.0,17,2390.0,2.0,1,2,19,14
841.1409606481482,3,2.0,4,1063.0,3.0,0,0,3,0
1481.097824074074,3,2.0,3,2390.0,2.0,0,1,2,0
5.345034722222223,2,2.0,2,1670.0,2.0,0,0,1,0
436.3686805555556,3,2.0,6,2935.0,4.0,0,1,2,0
10.784166666666666,3,2.0,3,2935.0,4.0,0,0,3,0
2847.859004629629,6,2.0,5,1753.0,6.0,0,3,12,0
5164.730543981482,19,4.0,41,1000.0,0.0,15,49,29,78
359.17060185185187,3,3.0,4,1063.0,3.0,0,2,1,0
135.2865277777778,2,3.0,1,2938.0,1.0,0,0,1,0
845.7925347222222,10,6.0,11,11.0,0.0,6,6,9,24
0.6870833333333334,3,2.0,3,972.0,4.0,0,0,3,0
5376.438865740741,5,2.0,4,,0.0,1,2,1,6
397.3904861111111,10,2.0,57,50.0,28.0,0,21,24,0
6685.524988425926,4,2.0,3,,0.0,0,4,2,0
2049.9993402777777,10,2.0,64,605.0,44.0,0,12,33,0
0.6890509259259259,2,2.0,1,972.0,4.0,0,0,1,0
1174.3993287037038,5,2.0,11,264.0,6.0,0,0,10,0
73.90833333333333,4,2.0,7,2392.0,0.0,0,0,3,3
355.20574074074074,3,3.0,8,1059.0,7.0,0,0,3,0
3.0176967592592594,4,4.0,4,1672.0,0.0,0,0,6,0
6.55337962962963,5,2.0,9,1463.0,3.0,0,0,10,0
217.28765046296297,5,2.0,11,1143.0,11.0,0,0,10,0
249.3988310185185,6,2.0,14,1670.0,2.0,0,5,5,5
797.8888888888889,2,2.0,2,1672.0,0.0,0,1,0,0
6626.468032407407,8,2.0,19,,0.0,0,9,12,7
5.291469907407407,3,5.0,3,5442.0,2.0,0,0,3,0
23.387835648148148,5,2.0,10,388.0,4.0,0,2,8,0
127.42373842592592,3,5.0,3,2937.0,2.0,0,1,2,0
212.6715509259259,3,2.0,5,1672.0,0.0,0,0,1,2
217.64636574074075,9,2.0,81,368.0,27.0,0,11,17,8
3391.388298611111,12,2.0,54,2923.0,16.0,1,22,23,20
2.6473032407407406,2,2.0,1,5441.0,3.0,0,0,1,0
3.4150578703703705,2,2.0,1,627.0,3.0,0,0,1,0
379.9241898148149,6,2.0,7,2390.0,2.0,0,3,7,5
7.146608796296296,7,4.0,15,5435.0,9.0,0,3,12,6
1437.162800925926,4,2.0,4,2925.0,14.0,0,0,6,0
353.99278935185185,7,1.0,41,13.0,20.0,0,0,15,6
3579.2903009259257,4,2.0,3,392.0,0.0,0,2,1,3
211.168738425926,9,2.0,20,,0.0,0,11,17,8
1996.4375,4,2.0,4,592.0,2.0,0,0,6,0
1906.520462962963,8,5.0,49,2369.0,23.0,0,1,20,7
0.9107638888888888,2,2.0,1,1790.0,10.0,0,0,1,0
18.29491898148148,6,5.0,19,1789.0,11.0,0,3,12,0
5.874386574074074,10,6.0,33,1785.0,15.0,1,6,22,16
2.393854166666667,2,6.0,2,1154.0,0.0,0,1,0,0
0.8490046296296296,2,2.0,1,2936.0,3.0,0,0,1,0
4908.5809375,15,2.0,42,0.0,16.0,6,32,23,44
4.036134259259259,3,2.0,4,1753.0,6.0,0,0,3,0
3.263541666666667,4,4.0,6,5440.0,4.0,0,1,5,0
130.97965277777777,3,2.0,3,1154.0,0.0,0,0,3,0
1029.4058912037035,3,2.0,5,283.0,3.0,0,0,1,2
5549.339756944444,10,2.0,11,328.0,0.0,1,22,6,16
0.8045833333333333,4,6.0,8,388.0,7.0,0,0,6,0
233.44986111111112,3,3.0,2,1671.0,1.0,0,1,2,0
15.732766203703704,3,2.0,2,1464.0,2.0,0,0,3,0
15.73011574074074,3,2.0,2,1464.0,2.0,0,0,3,0
51.86965277777778,3,2.0,2,1463.0,3.0,0,0,3,0
9.939317129629629,7,5.0,10,1797.0,3.0,0,2,13,6
0.3946064814814815,3,6.0,4,393.0,2.0,0,0,3,0
7.375983796296296,4,4.0,8,390.0,2.0,0,0,3,3
17.279386574074074,4,2.0,12,2382.0,10.0,0,0,6,0
1.1521180555555557,3,5.0,7,1794.0,6.0,0,1,2,0
0.9981944444444444,3,2.0,4,1150.0,4.0,0,2,1,0
344.95409722222223,9,2.0,16,1775.0,25.0,0,4,32,0
50.82914351851852,2,2.0,1,970.0,6.0,0,0,1,0
1447.1455208333334,11,2.0,40,1.0,26.0,0,13,32,10
12.925162037037037,2,2.0,1,1063.0,3.0,0,0,1,0
202.68211805555555,1,3.0,0,1672.0,0.0,0,0,0,0
5.149409722222222,1,2.0,0,1672.0,0.0,0,0,0,0
2.133414351851852,2,2.0,2,2936.0,3.0,0,0,1,0
303.09194444444444,5,1.0,7,235.0,6.0,0,4,6,0
0.914675925925926,4,2.0,9,5438.0,6.0,0,0,3,3
7.314641203703704,3,2.0,3,604.0,2.0,0,0,1,2
39.58601851851852,4,3.0,9,2386.0,6.0,0,0,6,0
2019.743888888889,18,5.0,56,1746.0,13.0,0,32,121,0
7753.88488425926,7,3.0,13,,0.0,3,2,4,12
481.9780555555556,4,2.0,6,638.0,11.0,0,2,4,0
8.007488425925926,3,2.0,2,388.0,4.0,0,0,3,0
495.60969907407406,3,2.0,10,1059.0,7.0,0,0,1,2
7.875393518518519,2,2.0,2,1670.0,2.0,0,0,1,0
2.3005555555555555,3,2.0,2,1202.0,6.0,0,0,3,0
642.1388888888889,11,2.0,19,1145.0,0.0,3,7,21,24
123.6700925925926,8,2.0,43,342.0,23.0,0,0,28,0
0.0084953703703703,1,2.0,0,627.0,3.0,0,0,0,0
326.2746412037037,4,2.0,6,621.0,9.0,0,0,6,0
41.4627662037037,3,2.0,5,23.0,4.0,0,1,2,0
835.7250925925925,10,2.0,19,94.0,2.0,1,5,23,16
5955.025879629629,49,2.0,109,5426.0,18.0,231,213,138,594
3.246747685185185,2,2.0,3,1755.0,4.0,0,0,1,0
1341.8609143518518,14,2.0,40,0.0,32.0,1,23,43,24
5.292893518518518,2,2.0,2,,0.0,0,0,0,1
0.071261574074074,2,2.0,1,626.0,4.0,0,0,1,0
0.0202546296296296,2,2.0,1,627.0,3.0,0,0,1,0
4.031539351851852,1,3.0,0,1061.0,5.0,0,0,0,0
0.1178009259259259,2,4.0,3,241.0,3.0,0,0,1,0
5252.4734375,32,3.0,70,42.0,2.0,78,86,85,247
5707.331643518519,17,2.0,31,,0.0,6,37,41,52
805.0809375,7,2.0,10,361.0,4.0,0,0,21,0
48.79988425925926,4,2.0,5,2389.0,3.0,0,0,6,0
184.2159375,3,2.0,9,223.0,5.0,0,0,1,2
2172.839606481481,7,3.0,14,1672.0,0.0,0,4,11,6
13.965613425925929,4,3.0,5,552.0,4.0,0,0,6,0
6.189259259259259,10,5.0,29,5434.0,10.0,0,15,30,0
4225.649768518519,13,2.0,50,0.0,12.0,21,5,10,42
5457.217372685185,65,2.0,162,261.0,25.0,820,164,112,984
963.1395717592592,4,2.0,3,626.0,4.0,0,1,5,0
33.55386574074074,2,2.0,1,2386.0,6.0,0,0,1,0
4.763680555555555,2,2.0,1,1154.0,0.0,0,1,0,0
6180.959537037037,8,2.0,13,444.0,0.0,0,21,7,0
129.49939814814817,2,2.0,1,1671.0,1.0,0,0,1,0
69.1174537037037,9,2.0,12,990.0,10.0,0,12,24,0
3.008912037037037,4,2.0,10,2385.0,7.0,0,1,5,0
2.3889930555555554,6,5.0,18,12.0,11.0,0,1,14,0
10.04039351851852,6,4.0,12,2388.0,4.0,0,5,10,0
617.9621990740741,5,2.0,12,1064.0,2.0,0,2,8,0
1078.1279050925923,3,2.0,9,278.0,8.0,0,0,3,0
0.1563657407407407,3,2.0,2,,0.0,0,0,3,0
28.12752314814815,3,2.0,3,626.0,4.0,0,0,3,0
52.130266203703705,3,2.0,2,1154.0,0.0,0,0,3,0
2081.524212962963,33,2.0,122,3.0,22.0,10,181,197,140
1.3051157407407408,4,2.0,5,322.0,6.0,0,1,5,0
4898.338298611111,105,5.0,373,0.0,56.0,1035,1317,394,2714
6.0578819444444445,3,2.0,3,91.0,3.0,0,0,3,0
59.98594907407407,6,2.0,5,1793.0,7.0,0,0,15,0
22.867881944444445,6,2.0,13,5434.0,10.0,0,3,12,0
3698.4925347222224,44,2.0,84,349.0,16.0,21,322,344,259
556.3427083333333,13,5.0,42,1744.0,15.0,3,17,28,30
7374.563032407407,8,3.0,10,,0.0,1,7,8,12
11.955034722222225,5,5.0,7,5440.0,4.0,0,0,6,4
21.38689814814815,1,2.0,0,1154.0,0.0,0,0,0,0
616.8864699074074,6,3.0,6,1064.0,2.0,3,0,3,9
3.1711458333333336,3,5.0,3,1462.0,4.0,0,0,3,0
12.797824074074072,6,2.0,13,1791.0,9.0,0,5,10,0
5666.458668981481,8,2.0,13,,0.0,0,11,17,0
2.825532407407408,3,2.0,3,1150.0,4.0,0,0,3,0
4.149710648148148,5,2.0,6,553.0,3.0,0,1,5,4
2.127118055555556,2,2.0,1,1463.0,3.0,0,0,1,0
0.2561921296296296,2,6.0,1,1154.0,0.0,0,0,0,1
1.4914467592592593,2,6.0,1,390.0,5.0,0,0,1,0
384.87203703703705,5,2.0,7,78.0,3.0,0,1,9,0
2.964664351851852,3,2.0,2,1463.0,3.0,0,0,3,0
117.69140046296296,3,2.0,2,,0.0,0,0,3,0
652.1431712962963,18,2.0,30,2385.0,7.0,1,32,88,32
5518.362395833334,5,2.0,6,1204.0,4.0,0,0,10,0
2851.3219212962963,5,2.0,4,,0.0,0,5,5,0
80.4818287037037,1,2.0,0,1672.0,0.0,0,0,0,0
355.1396990740741,3,2.0,3,1064.0,2.0,0,2,1,0
2782.799236111111,10,2.0,13,,0.0,6,14,1,24
59.74556712962963,8,2.0,21,489.0,12.0,0,3,25,0
28.30348379629629,6,2.0,8,388.0,7.0,0,4,11,0
2573.531238425926,5,2.0,4,,0.0,0,2,8,0
19.66787037037037,5,2.0,9,1794.0,6.0,0,0,10,0
24.216782407407408,2,3.0,3,1797.0,3.0,0,0,1,0
5903.752696759259,12,2.0,21,,0.0,0,19,47,0
12.885462962962963,3,2.0,2,1792.0,8.0,0,0,3,0
481.1539351851852,9,4.0,32,2377.0,15.0,0,3,25,8
3247.217175925926,30,2.0,84,1.0,7.0,28,128,103,176
6.233472222222222,7,2.0,9,1787.0,13.0,0,2,19,0
161.22019675925927,4,2.0,6,218.0,10.0,0,0,6,0
1969.2350925925923,11,3.0,20,40.0,4.0,0,16,39,0
1.5045833333333334,4,4.0,3,1794.0,6.0,0,0,6,0
6.137233796296297,7,2.0,6,1153.0,1.0,0,7,14,0
1.1276157407407408,5,5.0,11,1794.0,6.0,0,0,10,0
3803.2578125,7,2.0,8,,0.0,0,7,14,0
1836.1124421296297,6,2.0,11,626.0,4.0,0,2,8,5
812.1236805555556,3,3.0,9,1058.0,8.0,0,0,3,0
0.3666898148148148,4,4.0,3,160.0,3.0,0,0,6,0
540.1680208333333,28,2.0,63,97.0,0.0,28,61,129,160
14.263738425925926,4,2.0,8,66.0,12.0,0,1,5,0
20.44028935185185,3,2.0,3,1671.0,1.0,0,1,2,0
5191.292905092592,5,2.0,5,,0.0,0,6,0,4
194.2246296296296,3,2.0,2,,0.0,0,0,3,0
5.1746875,3,2.0,2,1755.0,4.0,0,0,3,0
888.9927083333333,5,2.0,23,0.0,6.0,3,0,1,6
6094.588773148148,11,4.0,44,1781.0,19.0,1,8,28,18
583.8417708333334,3,1.0,3,1462.0,4.0,0,0,3,0
69.28564814814816,9,2.0,21,958.0,18.0,0,2,34,0
2.1619907407407406,2,2.0,3,1151.0,3.0,0,0,1,0
376.9306481481481,6,2.0,9,1669.0,3.0,1,0,6,8
265.0759722222222,3,2.0,10,1672.0,0.0,0,0,3,0
331.2141550925926,3,2.0,14,1462.0,4.0,0,0,3,0
2961.4856712962965,3,2.0,5,134.0,4.0,0,0,3,0
7326.007094907407,21,3.0,72,0.0,8.0,36,28,38,108
437.0808796296296,6,2.0,7,1152.0,2.0,0,3,12,0
234.6175925925926,5,2.0,8,5434.0,10.0,0,4,6,0
4.062858796296296,2,5.0,1,999.0,1.0,0,0,1,0
2.517326388888889,1,5.0,0,5439.0,5.0,0,0,0,0
1918.070162037037,2,4.0,5,206.0,5.0,0,0,1,0
156.95346064814814,2,1.0,2,1672.0,0.0,0,0,0,1
1405.9929976851852,5,2.0,9,49.0,4.0,0,6,0,4
6.7578356481481485,5,2.0,7,168.0,4.0,0,0,10,0
14.870775462962962,3,2.0,6,2390.0,2.0,0,0,3,0
3.9207060185185183,2,2.0,1,1754.0,5.0,0,0,1,0
5359.507013888889,8,2.0,7,,0.0,3,5,5,15
56.54229166666666,2,2.0,1,5438.0,6.0,0,0,1,0
211.142488425926,8,2.0,11,166.0,6.0,0,7,21,0
148.98299768518518,2,2.0,5,2934.0,5.0,0,0,1,0
0.0496064814814814,1,3.0,0,2388.0,4.0,0,0,0,0
1591.9596064814814,16,1.0,37,27.0,5.0,3,55,23,39
5497.265347222222,5,2.0,7,1152.0,2.0,0,0,10,0
396.34583333333336,4,5.0,5,1459.0,7.0,0,1,5,0
36.4604050925926,3,5.0,15,1200.0,8.0,0,0,3,0
15.987939814814816,6,2.0,14,1749.0,10.0,0,1,14,0
278.3694097222222,40,2.0,104,528.0,19.0,36,167,298,279
4.883009259259259,3,1.0,2,280.0,4.0,0,0,3,0
561.9675,6,2.0,27,1195.0,13.0,0,2,13,0
22.38141203703704,2,2.0,1,5437.0,7.0,0,0,1,0
10.317662037037037,4,2.0,4,129.0,4.0,0,1,5,0
1.247291666666667,2,2.0,1,1150.0,4.0,0,0,1,0
8.456770833333334,2,1.0,3,161.0,2.0,0,0,1,0
2314.8582060185186,13,2.0,39,166.0,22.0,1,15,40,22
16.994930555555555,7,5.0,12,228.0,3.0,0,3,12,6
673.2957986111111,4,2.0,14,618.0,12.0,0,0,6,0
13.637314814814816,3,2.0,7,5435.0,9.0,0,0,3,0
16.397118055555556,8,4.0,15,1063.0,3.0,0,7,14,7
5241.106678240741,13,5.0,14,,0.0,6,22,14,36
149.0489814814815,3,2.0,5,1672.0,0.0,0,0,3,0
213.1523263888889,7,5.0,7,1799.0,1.0,0,4,17,0
5492.016180555555,11,4.0,33,12.0,17.0,0,10,45,0
3468.2247569444444,11,2.0,26,0.0,6.0,1,7,29,18
3.8965625,3,3.0,2,1204.0,4.0,0,0,3,0
4149.1240625,25,4.0,63,1029.0,15.0,45,49,56,150
8.901631944444444,3,4.0,4,627.0,3.0,0,0,3,0
13.260081018518518,6,4.0,17,2391.0,1.0,0,2,8,5
13.945127314814815,5,3.0,6,,0.0,0,2,8,0
460.8140162037037,10,2.0,20,555.0,1.0,0,6,30,9
570.1420949074075,8,2.0,18,1671.0,1.0,0,10,11,7
5488.249502314815,9,4.0,36,86.0,8.0,0,10,26,0
5488.065462962963,2,2.0,1,2282.0,2.0,0,0,1,0
882.0071759259259,10,2.0,18,1153.0,1.0,1,10,18,16
9.092523148148148,6,2.0,12,1753.0,6.0,0,1,14,0
15.38380787037037,4,3.0,4,2283.0,1.0,0,0,6,0
5.228472222222222,5,4.0,12,5435.0,9.0,0,1,9,0
584.913449074074,6,2.0,12,385.0,7.0,0,1,14,0
4713.741087962963,12,2.0,18,267.0,3.0,3,10,26,27
878.2000810185185,4,2.0,26,2371.0,21.0,0,2,4,0
306.4536458333333,2,2.0,1,1463.0,3.0,0,0,1,0
25.16525462962963,6,2.0,11,1149.0,5.0,0,7,8,0
58.17395833333333,3,2.0,2,1463.0,3.0,0,0,3,0
5483.1473726851855,4,2.0,4,2279.0,5.0,0,0,6,0
158.61296296296297,12,2.0,30,1194.0,14.0,0,1,65,0
595.7130439814815,11,2.0,17,311.0,1.0,0,2,43,10
38.52949074074074,3,2.0,7,,0.0,0,1,2,0
1384.0096412037035,7,4.0,11,282.0,4.0,1,4,6,10
225.441863425926,2,2.0,6,1672.0,0.0,0,0,0,1
398.18988425925926,4,2.0,4,1149.0,5.0,0,0,6,0
555.3809375,15,4.0,29,2389.0,3.0,3,15,51,36
427.3095949074074,8,4.0,11,996.0,4.0,0,0,21,7
0.0647685185185185,3,2.0,2,1756.0,3.0,0,0,3,0
122.4040162037037,3,2.0,4,1.0,2.0,0,1,2,0
4.987210648148148,2,2.0,1,566.0,5.0,0,0,1,0
205.47288194444445,4,5.0,4,921.0,0.0,1,1,0,4
7926.671365740741,7,3.0,17,34.0,3.0,0,7,8,6
7640.455636574074,12,3.0,15,0.0,3.0,3,11,25,27
111.8015162037037,5,2.0,4,1065.0,1.0,0,0,10,0
21.193715277777777,5,6.0,29,381.0,14.0,0,1,5,4
7297.809965277777,19,2.0,34,51.0,1.0,45,13,23,90
5478.311886574074,4,4.0,5,2278.0,6.0,0,0,3,3
5477.061273148148,6,2.0,5,2269.0,15.0,0,3,12,0
987.4526157407408,4,2.0,12,74.0,7.0,0,0,3,3
5975.393564814814,33,2.0,92,109.0,20.0,36,99,177,216
5132.867800925926,17,2.0,37,3.0,8.0,21,16,29,70
0.2008101851851851,4,2.0,6,86.0,8.0,0,0,6,0
159.87084490740742,3,2.0,2,1755.0,4.0,0,0,3,0
5475.320011574074,3,5.0,2,1154.0,0.0,0,0,3,0
274.8817476851852,13,4.0,38,2273.0,11.0,3,19,26,30
34.826770833333335,5,4.0,7,2388.0,4.0,0,3,7,0
7668.685451388889,17,2.0,47,108.0,3.0,3,34,57,42
185.89111111111112,11,2.0,26,2380.0,12.0,0,8,37,10
294.38011574074073,14,2.0,53,49.0,14.0,0,46,32,13
197.9879976851852,9,2.0,15,1153.0,1.0,1,0,21,14
5473.949606481481,4,1.0,3,1203.0,5.0,0,0,6,0
545.4692708333333,10,5.0,23,1459.0,7.0,0,10,35,0
13.304317129629627,7,4.0,15,2275.0,9.0,0,0,21,0
12.005138888888888,4,2.0,5,,0.0,0,0,6,0
27.728171296296296,8,2.0,8,323.0,5.0,0,5,23,0
425.0108912037037,2,5.0,2,390.0,2.0,0,0,1,0
223.9320717592593,4,2.0,4,1672.0,0.0,0,3,3,0
7343.477372685185,53,3.0,104,29.0,8.0,820,29,37,492
5470.216631944444,5,2.0,7,2268.0,16.0,0,2,8,0
21.01383101851852,13,5.0,21,1154.0,0.0,6,24,12,36
6412.834930555556,55,2.0,101,29.0,6.0,253,288,208,736
68.7685300925926,4,3.0,7,1063.0,3.0,0,0,6,0
48.54222222222222,9,5.0,15,,0.0,1,4,17,14
334.78246527777776,3,2.0,4,78.0,3.0,0,0,1,2
0.1522453703703703,2,2.0,1,5441.0,3.0,0,0,1,0
1.014837962962963,5,2.0,11,1749.0,10.0,0,0,10,0
468.5297800925926,4,2.0,10,,0.0,0,0,6,0
0.6115972222222222,2,2.0,1,5440.0,4.0,0,0,1,0
87.55545138888888,3,2.0,4,5432.0,12.0,0,0,3,0
5699.911550925926,24,4.0,66,543.0,14.0,28,40,80,128
72.14347222222223,3,2.0,5,1060.0,6.0,0,2,1,0
534.3713310185185,3,2.0,3,1672.0,0.0,0,0,1,2
186.4690162037037,10,2.0,41,2362.0,30.0,0,18,27,0
6212.967789351852,9,5.0,27,2379.0,13.0,0,2,26,8
7259.309594907408,10,3.0,14,0.0,1.0,0,18,18,9
4.581516203703703,2,2.0,2,5437.0,7.0,0,0,1,0
1192.8426967592593,11,1.0,19,31.0,7.0,1,1,35,18
1878.5388888888888,12,2.0,29,2382.0,10.0,1,12,33,20
123.1495949074074,9,2.0,11,997.0,3.0,0,4,24,8
2.0925,2,2.0,2,1000.0,0.0,0,1,0,0
829.785150462963,19,2.0,67,93.0,25.0,0,80,73,18
432.4767939814815,7,5.0,17,644.0,5.0,0,2,19,0
3625.4861921296297,31,2.0,72,0.0,14.0,78,78,75,234
74.04385416666666,5,2.0,14,67.0,4.0,0,7,3,0
5461.159965277778,5,4.0,5,2278.0,6.0,0,1,9,0
7.521909722222222,2,2.0,1,5440.0,4.0,0,0,1,0
144.44822916666666,3,2.0,2,,0.0,0,0,3,0
2106.5119791666666,28,2.0,65,58.0,26.0,6,137,139,96
5460.2579282407405,4,2.0,3,2280.0,4.0,0,1,5,0
181.2605324074074,2,2.0,8,5421.0,23.0,0,0,1,0
44.44633101851852,7,2.0,26,187.0,8.0,0,4,17,0
6353.461782407408,58,2.0,185,0.0,3.0,378,190,245,840
278.3081134259259,6,2.0,6,5430.0,14.0,0,3,12,0
1939.447118055556,22,2.0,88,0.0,22.0,21,59,46,105
1217.2225347222222,8,2.0,7,,0.0,0,7,21,0
8.071608796296296,6,5.0,8,5440.0,4.0,0,1,14,0
5456.322118055556,9,2.0,16,2273.0,11.0,0,3,33,0
5456.062222222222,3,2.0,2,2280.0,4.0,0,0,3,0
5455.283055555556,5,2.0,5,2278.0,6.0,0,1,9,0
63.60832175925926,1,2.0,0,,0.0,0,0,0,0
7.580092592592592,6,3.0,12,,0.0,0,2,13,0
2.123113425925926,3,2.0,5,,0.0,0,0,1,2
281.3628703703704,6,5.0,12,1038.0,6.0,0,6,9,0
71.03491898148148,4,2.0,8,5435.0,9.0,0,1,5,0
371.9653240740741,7,2.0,15,622.0,8.0,0,0,21,0
5448.264606481482,4,4.0,4,2273.0,11.0,0,0,6,0
5448.173622685185,4,2.0,3,2281.0,3.0,0,0,6,0
5448.159953703704,5,2.0,6,2274.0,10.0,0,0,6,4
5448.1575578703705,4,6.0,6,2274.0,10.0,0,0,6,0
5448.0481712962965,4,2.0,4,2279.0,5.0,0,0,6,0
5828.499872685185,61,2.0,151,3.0,6.0,276,213,453,888
1890.58875,5,2.0,8,1184.0,4.0,1,1,2,6
134.26922453703705,2,2.0,1,1154.0,0.0,0,1,0,0
18.07028935185185,1,2.0,0,1756.0,3.0,0,0,0,0
6.69181712962963,3,2.0,7,1754.0,5.0,0,0,3,0
101.2699537037037,5,6.0,6,1152.0,2.0,0,4,6,0
5.789259259259259,2,2.0,2,972.0,4.0,0,0,1,0
5.613773148148148,2,2.0,1,973.0,3.0,0,0,1,0
829.5865625,10,2.0,55,304.0,27.0,0,13,32,0
100.2200925925926,2,2.0,8,1058.0,8.0,0,0,1,0
5443.099849537037,2,2.0,1,2281.0,3.0,0,0,1,0
5442.289409722222,2,5.0,1,2281.0,3.0,0,0,1,0
5442.276828703703,2,2.0,1,2281.0,3.0,0,0,1,0
9.045891203703704,5,2.0,4,1754.0,5.0,0,0,10,0
5441.991678240741,4,4.0,3,2279.0,5.0,0,0,6,0
64.01300925925926,10,5.0,23,5435.0,9.0,0,2,34,9
22.30195601851852,4,2.0,3,2391.0,1.0,0,0,6,0
5441.1584953703705,5,2.0,6,2278.0,6.0,0,1,9,0
5441.15625,5,2.0,12,2268.0,16.0,0,0,10,0
243.83744212962964,3,2.0,3,1000.0,0.0,0,2,1,0
293.5316319444444,9,4.0,11,2392.0,0.0,0,8,28,0
5440.43625,6,6.0,7,11.0,1.0,0,3,7,5
5440.207164351852,10,4.0,15,2263.0,21.0,0,8,28,9
1940.9296064814807,3,2.0,4,284.0,2.0,0,1,2,0
97.46775462962962,2,2.0,2,1672.0,0.0,0,0,1,0
131.96366898148148,9,2.0,11,1149.0,5.0,1,17,4,14
5604.94994212963,17,2.0,25,,0.0,10,42,24,60
95.809375,2,1.0,4,1062.0,4.0,0,0,1,0
94.1684375,1,2.0,0,1063.0,3.0,0,0,0,0
447.5277546296296,24,4.0,53,2384.0,8.0,1,85,146,44
0.0547453703703703,2,3.0,1,1672.0,0.0,0,1,0,0
181.86229166666664,5,2.0,6,1152.0,2.0,0,4,6,0
484.63626157407407,5,4.0,6,,0.0,0,1,9,0
5433.307222222223,9,4.0,22,2269.0,15.0,1,3,18,14
4732.356481481482,39,4.0,119,9.0,28.0,351,58,8,324
528.4942708333333,18,2.0,47,1049.0,17.0,15,39,27,72
6.117893518518518,1,2.0,0,1154.0,0.0,0,0,0,0
644.762962962963,2,2.0,2,1064.0,2.0,0,0,1,0
1656.5333564814814,11,2.0,20,,0.0,6,11,10,28
1971.451099537037,24,4.0,33,736.0,16.0,28,41,79,128
86.10049768518519,6,3.0,6,1672.0,0.0,0,6,9,0
4650.782870370371,11,2.0,47,41.0,17.0,1,9,27,18
5428.9989351851855,3,2.0,2,2281.0,3.0,0,0,3,0
890.2811226851852,12,2.0,15,,0.0,15,5,10,36
80.74229166666667,9,5.0,19,328.0,0.0,0,6,30,0
4.66318287037037,2,2.0,1,973.0,3.0,0,0,1,0
2.871122685185185,1,2.0,0,2936.0,3.0,0,0,0,0
39.656226851851855,4,5.0,3,1154.0,0.0,0,2,1,3
1440.5852430555556,10,2.0,20,0.0,6.0,6,2,13,24
1.2274652777777777,4,5.0,6,2936.0,3.0,0,0,3,3
5427.074861111111,2,6.0,1,2278.0,6.0,0,0,1,0
440.8333912037037,10,5.0,22,,0.0,0,12,33,0
644.5894444444444,2,2.0,1,1187.0,1.0,0,0,1,0
1883.871666666667,4,2.0,7,4.0,2.0,0,1,5,0
12.0740625,5,4.0,11,1204.0,4.0,0,0,6,4
1087.6188078703703,1,2.0,0,,0.0,0,0,0,0
1.3986458333333334,6,2.0,10,2935.0,4.0,0,1,14,0
0.7063657407407408,1,2.0,0,973.0,3.0,0,0,0,0
23.891145833333333,1,2.0,0,1797.0,3.0,0,0,0,0
97.86747685185183,2,2.0,2,1798.0,2.0,0,0,1,0
94.16378472222222,2,2.0,3,1672.0,0.0,0,0,1,0
106.23854166666666,12,5.0,34,2383.0,9.0,0,13,42,11
268.0796296296296,5,2.0,8,1669.0,3.0,0,0,10,0
2496.019189814815,71,2.0,535,159.0,248.0,78,760,893,754
21.04020833333333,4,2.0,3,567.0,4.0,0,0,6,0
5420.947152777778,28,3.0,91,2234.0,50.0,10,76,177,115
15.069189814814814,3,2.0,2,2934.0,5.0,0,0,3,0
77.4346875,3,2.0,3,1672.0,0.0,0,3,0,0
115.32,9,2.0,15,541.0,6.0,0,0,36,0
115.09797453703705,2,2.0,1,1060.0,6.0,0,0,1,0
12.25664351851852,3,2.0,5,1755.0,4.0,0,0,3,0
59.46803240740741,14,6.0,34,27.0,7.0,3,27,28,33
5.280844907407407,2,2.0,2,1672.0,0.0,0,1,0,0
74.13449074074074,2,2.0,2,1672.0,0.0,0,0,0,1
282.6240046296296,5,2.0,5,70.0,11.0,0,0,6,4
1086.7525347222222,34,6.0,115,,0.0,15,147,231,168
6377.778958333333,33,2.0,69,0.0,10.0,105,109,44,270
11.548391203703703,3,2.0,5,2388.0,4.0,0,2,1,0
0.1286574074074074,2,2.0,1,2391.0,1.0,0,0,1,0
103.93725694444444,3,2.0,2,2392.0,0.0,0,2,1,0
0.8218171296296296,2,1.0,1,1205.0,3.0,0,0,1,0
5414.352881944445,4,4.0,4,2273.0,11.0,0,0,6,0
5167.684120370371,6,6.0,11,1038.0,6.0,1,1,5,8
319.31547453703706,12,2.0,19,86.0,8.0,0,14,41,11
5414.330474537037,7,2.0,10,2275.0,9.0,0,0,21,0
0.0471527777777777,1,2.0,0,1151.0,3.0,0,0,0,0
508.0305439814815,5,2.0,14,11.0,3.0,0,4,6,0
3970.113449074074,8,3.0,16,182.0,4.0,0,13,15,0
4275.618831018519,4,2.0,3,43.0,6.0,0,2,4,0
5656.626203703704,22,2.0,44,414.0,11.0,66,26,19,120
155.4694675925926,5,2.0,9,1672.0,0.0,0,1,5,4
7575.2472685185185,8,3.0,7,19.0,1.0,0,6,22,0
126.71476851851853,4,2.0,12,2277.0,7.0,0,0,3,3
58.45329861111111,2,2.0,3,969.0,7.0,0,0,1,0
167.95358796296296,5,2.0,15,124.0,9.0,0,1,9,0
5631.600358796296,12,2.0,64,406.0,51.0,0,17,49,0
21.51489583333333,3,3.0,2,1671.0,1.0,0,0,3,0
5412.015300925926,4,2.0,3,2283.0,1.0,0,2,4,0
5412.008634259259,4,2.0,4,2283.0,1.0,0,0,6,0
5411.999826388889,6,2.0,5,269.0,1.0,0,1,9,5
224.2576388888889,4,2.0,7,1463.0,3.0,0,0,6,0
100.7214236111111,5,2.0,5,2392.0,0.0,0,3,3,4
173.31300925925925,6,2.0,6,1755.0,4.0,0,0,10,5
19.082141203703703,7,1.0,20,2274.0,10.0,0,1,20,0
6.394039351851852,5,2.0,8,213.0,4.0,0,1,9,0
47.20936342592593,15,5.0,53,1780.0,20.0,1,4,74,26
5652.217743055556,19,2.0,24,35.0,2.0,1,62,74,34
5948.427650462963,9,2.0,21,2354.0,38.0,0,14,22,0
1.9080671296296297,1,2.0,0,90.0,4.0,0,0,0,0
1.340451388888889,2,2.0,2,1757.0,2.0,0,0,1,0
2.5026041666666665,4,2.0,5,390.0,2.0,0,2,4,0
276.5434490740741,9,4.0,30,5426.0,18.0,0,7,29,0
5406.284479166667,4,2.0,5,2274.0,10.0,0,2,4,0
5405.626678240741,8,4.0,15,2278.0,6.0,0,0,21,7
204.45047453703705,6,2.0,5,2936.0,3.0,0,0,15,0
18.16611111111111,5,4.0,13,2277.0,7.0,0,0,10,0
126.26961805555555,4,4.0,5,2281.0,3.0,0,0,3,3
404.268912037037,8,2.0,22,100.0,19.0,1,0,15,12
3.250451388888889,5,2.0,8,1151.0,3.0,0,5,5,0
7786.820578703704,6,,11,16.0,4.0,0,2,8,5
0.001099537037037,1,3.0,0,99.0,2.0,0,0,0,0
45.74928240740741,5,6.0,7,,0.0,0,3,3,4
67.44059027777777,3,2.0,3,2282.0,2.0,0,0,3,0
5402.317766203703,9,2.0,13,638.0,11.0,0,2,34,0
2734.9773148148147,12,2.0,42,,0.0,1,30,15,20
0.093912037037037,2,2.0,1,1154.0,0.0,0,0,1,0
2.520960648148148,8,6.0,21,390.0,2.0,0,3,25,0
0.3024768518518518,2,6.0,1,1758.0,1.0,0,0,0,1
553.1593981481482,4,1.0,5,1672.0,0.0,0,1,5,0
47.07114583333333,3,6.0,5,1151.0,3.0,0,3,0,0
345.3559375,5,3.0,14,1.0,4.0,0,2,8,0
2015.4688078703705,9,2.0,15,2391.0,1.0,0,13,23,0
6392.622546296297,12,2.0,20,111.0,7.0,6,18,10,32
18.93912037037037,3,2.0,4,969.0,7.0,0,0,3,0
281.98976851851853,3,2.0,2,2391.0,1.0,0,0,3,0
7.346099537037037,2,2.0,1,973.0,3.0,0,0,1,0
0.8738425925925926,1,2.0,0,90.0,4.0,0,0,0,0
68.92594907407407,2,3.0,2,740.0,2.0,0,0,1,0
3.545497685185185,1,2.0,0,973.0,3.0,0,0,0,0
7882.900127314815,8,4.0,7,,0.0,0,1,20,7
0.3864814814814815,5,2.0,5,97.0,4.0,0,1,9,0
26.963564814814816,19,4.0,62,186.0,28.0,1,61,75,34
90.74243055555556,8,2.0,15,383.0,9.0,0,8,20,0
625.9222222222222,2,2.0,2,,0.0,0,0,1,0
5395.800162037037,3,2.0,2,2278.0,6.0,0,0,3,0
22.674016203703705,6,4.0,20,2274.0,10.0,0,1,14,0
17.11681712962963,5,2.0,13,5437.0,7.0,0,0,6,4
51.78856481481481,2,2.0,2,1672.0,0.0,0,0,1,0
723.2933449074075,13,2.0,26,48.0,6.0,0,33,45,0
0.0869791666666666,2,2.0,1,1151.0,3.0,0,0,1,0
4999.958993055556,12,2.0,21,47.0,4.0,3,21,15,27
6282.395335648148,8,2.0,13,1011.0,10.0,0,4,17,7
14.722268518518518,12,2.0,23,207.0,7.0,1,11,34,20
7.383541666666667,3,3.0,9,5438.0,6.0,0,0,1,2
5392.516689814815,5,4.0,6,2282.0,2.0,0,4,6,0
5392.354155092593,3,2.0,2,2281.0,3.0,0,0,3,0
134.51546296296297,7,2.0,16,1144.0,1.0,0,11,10,0
30.135567129629628,4,2.0,6,1150.0,4.0,0,0,6,0
5391.940729166667,3,4.0,5,2280.0,4.0,0,0,3,0
11.87212962962963,2,2.0,1,5439.0,5.0,0,0,1,0
48.52678240740741,2,2.0,2,1672.0,0.0,0,0,1,0
0.5111921296296297,2,2.0,1,1755.0,4.0,0,0,1,0
272.859375,4,2.0,3,2391.0,1.0,0,3,3,0
81.13399305555555,5,2.0,5,2391.0,1.0,0,3,7,0
4877.260891203704,18,2.0,137,0.0,43.0,21,21,34,77
5987.9534837962965,38,2.0,48,102.0,9.0,276,47,44,336
576.0068634259259,7,2.0,14,1143.0,11.0,0,0,21,0
5387.372430555555,14,2.0,67,453.0,4.0,1,24,42,24
146.93855324074073,2,1.0,4,327.0,4.0,0,0,1,0
0.9470601851851852,2,2.0,1,2281.0,3.0,0,0,1,0
33.10974537037037,2,5.0,1,1187.0,1.0,0,0,0,1
5046.579340277778,27,2.0,56,128.0,4.0,6,123,130,92
5387.045798611111,11,2.0,15,1147.0,7.0,0,19,36,0
4939.137569444444,44,2.0,86,10.0,11.0,171,192,108,475
23.292743055555555,7,2.0,8,386.0,6.0,0,2,19,0
160.0112962962963,7,2.0,13,,0.0,0,1,20,0
1.811203703703704,5,3.0,6,35.0,3.0,0,2,8,0
5.103599537037037,2,4.0,1,,0.0,0,0,1,0
1515.7296412037035,12,2.0,14,,0.0,1,4,41,20
2.662326388888889,2,2.0,1,5440.0,4.0,0,0,1,0
5.7744328703703705,2,2.0,1,5437.0,7.0,0,0,1,0
2721.677986111112,54,2.0,187,1.0,14.0,300,167,239,725
491.9299189814815,7,3.0,34,,0.0,0,4,11,6
0.1361111111111111,2,2.0,4,5440.0,4.0,0,0,1,0
5379.919895833334,5,2.0,19,2267.0,17.0,0,0,10,0
1399.677303240741,3,2.0,2,,0.0,0,3,0,0
0.3734375,2,5.0,1,362.0,3.0,0,0,1,0
5379.064398148148,4,2.0,4,2282.0,2.0,0,0,3,3
182.83403935185183,3,2.0,4,363.0,2.0,0,0,3,0
35.93565972222222,2,2.0,1,1062.0,4.0,0,0,1,0
5379.018414351852,4,2.0,6,133.0,0.0,0,2,4,0
5379.015925925926,4,2.0,7,2280.0,4.0,0,1,5,0
5054.687997685185,17,2.0,43,,0.0,10,18,48,60
2645.778043981481,11,2.0,21,41.0,5.0,0,14,41,0
389.7045717592592,30,2.0,70,327.0,1.0,15,50,226,144
35.583009259259256,2,3.0,1,1672.0,0.0,0,0,1,0
5378.371145833334,5,2.0,7,212.0,2.0,0,0,10,0
180.27392361111112,3,2.0,8,565.0,6.0,0,0,1,2
60.42096064814815,3,2.0,2,5439.0,5.0,0,0,1,2
55.78866898148148,8,6.0,19,554.0,2.0,0,5,16,7
2.319976851851852,9,6.0,12,1206.0,2.0,0,16,20,0
956.6091782407408,11,2.0,44,260.0,23.0,0,18,37,0
18.479305555555555,6,2.0,10,973.0,3.0,0,4,11,0
29.879050925925927,1,2.0,0,1672.0,0.0,0,0,0,0
72.4096412037037,7,5.0,18,1670.0,2.0,3,3,3,12
25.933425925925928,7,2.0,15,2276.0,8.0,0,0,21,0
211.9540509259259,3,3.0,5,1063.0,3.0,0,0,3,0
226.4372453703704,8,4.0,26,2383.0,9.0,0,2,26,0
10.32523148148148,5,2.0,5,1154.0,0.0,0,3,7,0
5372.251550925926,4,5.0,3,2277.0,7.0,0,0,6,0
233.6749537037037,6,2.0,9,1152.0,2.0,0,2,13,0
162.17150462962962,5,2.0,14,2275.0,9.0,0,0,10,0
43.11818287037037,1,2.0,0,,0.0,0,0,0,0
1050.741990740741,10,2.0,23,259.0,6.0,1,8,20,16
406.1477199074074,8,5.0,9,,0.0,0,5,16,7
385.4875925925926,4,2.0,23,229.0,13.0,0,0,3,3
5961.582430555555,33,4.0,161,134.0,93.0,36,152,124,216
5369.642337962963,8,2.0,20,303.0,4.0,0,6,22,0
5369.608657407407,9,2.0,15,113.0,20.0,0,4,24,8
5369.513564814815,5,2.0,6,124.0,9.0,0,2,8,0
36.14094907407407,9,2.0,15,598.0,8.0,0,8,28,0
555.4263078703704,7,5.0,42,2377.0,15.0,0,3,12,6
6493.794317129629,3,2.0,2,,0.0,0,1,0,2
4.303645833333333,2,2.0,1,2936.0,3.0,0,0,1,0
24.54690972222222,5,2.0,5,1671.0,1.0,0,2,8,0
7.750833333333333,4,2.0,11,16.0,7.0,0,1,2,3
152.39096064814814,2,5.0,3,126.0,3.0,0,0,1,0
263.33577546296294,4,2.0,4,1753.0,6.0,0,0,6,0
23.18175925925926,3,2.0,2,,0.0,0,0,3,0
210.7917592592593,5,3.0,7,213.0,4.0,0,1,9,0
0.0116087962962962,2,2.0,1,363.0,2.0,0,0,1,0
22.873784722222226,6,2.0,18,1671.0,1.0,0,0,15,0
5364.463171296296,5,2.0,4,128.0,5.0,0,0,10,0
5364.455752314815,8,5.0,7,119.0,14.0,0,3,18,7
172.21314814814815,3,2.0,3,1672.0,0.0,0,2,1,0
6.947152777777778,3,2.0,3,,0.0,0,0,1,2
0.0629398148148148,3,2.0,2,1755.0,4.0,0,0,3,0
11.63238425925926,5,5.0,10,1672.0,0.0,0,6,4,0
220.17413194444444,13,2.0,22,,0.0,0,9,69,0
0.824849537037037,3,2.0,2,1756.0,3.0,0,0,3,0
239.2020949074074,3,2.0,5,457.0,4.0,0,2,1,0
424.1627893518519,4,2.0,12,1669.0,3.0,0,0,6,0
5362.784884259259,5,2.0,10,129.0,4.0,0,1,9,0
97.4281712962963,21,2.0,52,379.0,13.0,0,76,134,0
1419.1746296296296,19,3.0,60,,0.0,6,30,75,60
3.080532407407407,3,2.0,2,1753.0,6.0,0,0,3,0
1984.327928240741,39,2.0,120,0.0,24.0,45,165,241,290
432.788125,4,1.0,7,1672.0,0.0,0,3,3,0
1832.334513888889,9,3.0,29,246.0,19.0,1,9,12,14
86.19949074074074,3,2.0,2,99.0,5.0,0,0,3,0
29.560601851851853,6,2.0,10,388.0,4.0,0,7,8,0
1.9260069444444443,5,4.0,10,2387.0,5.0,0,3,7,0
514.9214467592593,5,2.0,10,2389.0,3.0,1,0,3,6
47.71332175925926,4,3.0,8,387.0,5.0,0,1,5,0
387.9384259259259,8,2.0,21,910.0,10.0,0,4,17,7
58.458391203703705,4,4.0,8,1754.0,5.0,0,2,4,0
5.77511574074074,4,2.0,3,387.0,5.0,0,0,6,0
0.0106828703703703,2,2.0,1,1756.0,3.0,0,0,1,0
96.40638888888888,6,2.0,8,1755.0,4.0,0,0,15,0
11.432349537037036,2,4.0,1,5439.0,5.0,0,0,1,0
0.402650462962963,3,5.0,2,1203.0,5.0,0,0,3,0
14.468368055555556,2,2.0,2,1672.0,0.0,0,0,1,0
507.6881018518519,4,2.0,6,283.0,3.0,0,0,6,0
5835.0235532407405,5,2.0,6,30.0,4.0,0,0,6,4
929.4926388888888,24,3.0,40,19.0,8.0,21,57,79,119
7392.756215277778,11,3.0,14,,0.0,10,7,8,30
88.67388888888888,5,2.0,4,1461.0,5.0,0,0,10,0
1.0608796296296297,2,1.0,1,128.0,1.0,0,0,1,0
1095.7719560185185,18,3.0,55,2380.0,12.0,1,64,56,32
463.9192361111111,4,2.0,8,70.0,2.0,0,1,5,0
8.666134259259259,3,5.0,14,641.0,8.0,0,0,3,0
787.8040393518519,12,3.0,25,449.0,8.0,6,14,14,32
183.41247685185184,5,2.0,8,5440.0,4.0,0,0,6,4
15.085416666666667,8,2.0,16,2390.0,2.0,0,1,27,0
7.240185185185185,3,2.0,2,973.0,3.0,0,0,3,0
1.0927430555555555,1,6.0,0,1154.0,0.0,0,0,0,0
5351.313645833333,13,2.0,23,299.0,8.0,1,12,43,22
7601.243553240741,6,4.0,6,453.0,4.0,0,5,10,0
1598.6721296296296,13,2.0,73,182.0,29.0,1,29,26,22
1192.594699074074,10,2.0,44,170.0,18.0,0,7,29,9
8.173078703703704,6,2.0,21,969.0,7.0,0,1,14,0
0.88375,3,1.0,3,127.0,2.0,0,0,3,0
284.85203703703706,18,5.0,36,57.0,6.0,0,32,104,17
253.03104166666665,6,3.0,13,90.0,6.0,1,2,4,8
4.85875,4,2.0,4,2932.0,7.0,0,0,6,0
2.966087962962963,2,2.0,2,2936.0,3.0,0,0,1,0
1.0866550925925926,2,2.0,1,5440.0,4.0,0,0,1,0
407.3294675925926,23,4.0,47,1747.0,12.0,10,48,105,90
28.1691550925926,3,2.0,5,991.0,1.0,0,0,1,2
2.935983796296296,2,2.0,1,973.0,3.0,0,0,1,0
5345.255277777777,7,2.0,7,555.0,2.0,0,3,18,0
50.24056712962963,16,2.0,28,1753.0,6.0,3,19,59,39
471.7779166666666,6,2.0,6,215.0,13.0,1,1,5,8
7.2892476851851855,2,2.0,2,5442.0,2.0,0,0,1,0
640.0361689814815,4,2.0,12,76.0,7.0,0,4,2,0
3089.564930555556,5,2.0,5,,0.0,0,8,2,0
8.106851851851852,2,2.0,1,97.0,4.0,0,0,1,0
1388.7754861111111,4,1.0,4,284.0,2.0,0,0,6,0
274.20180555555555,8,2.0,20,306.0,6.0,3,0,10,15
1074.2591203703705,7,2.0,14,627.0,3.0,0,4,17,0
7773.802164351852,81,3.0,229,2.0,33.0,1081,433,128,1598
6412.473217592593,6,3.0,6,,0.0,0,10,5,0
166.57037037037037,16,2.0,20,61.0,2.0,3,26,52,39
6.431666666666667,3,4.0,5,5440.0,4.0,0,2,1,0
0.1725578703703703,3,2.0,2,224.0,4.0,0,0,3,0
0.0369097222222222,2,2.0,1,2936.0,3.0,0,0,1,0
6061.809583333334,44,2.0,77,176.0,10.0,231,130,101,484
5.4321875,4,2.0,6,1798.0,2.0,0,4,2,0
31.800185185185185,2,2.0,1,2392.0,0.0,0,0,1,0
1572.2369675925927,8,2.0,36,19.0,40.0,0,6,15,7
670.9170833333334,4,2.0,6,,0.0,0,2,1,3
709.2577893518519,11,2.0,13,116.0,2.0,3,15,13,24
3.780659722222222,4,2.0,12,1057.0,9.0,0,1,2,3
205.6714351851852,2,2.0,1,77.0,4.0,0,0,1,0
5064.864016203704,36,2.0,75,0.0,15.0,136,99,72,323
5710.793101851852,11,2.0,20,,0.0,3,22,6,24
105.59263888888889,3,2.0,4,1672.0,0.0,0,1,2,0
267.3824074074074,11,2.0,12,1153.0,1.0,0,22,33,0
205.6342708333333,3,2.0,7,77.0,4.0,0,0,1,2
171.42349537037038,4,2.0,4,2275.0,9.0,0,0,6,0
5080.719594907408,12,2.0,14,0.0,2.0,15,9,6,36
1.1191435185185186,2,2.0,1,2279.0,5.0,0,0,1,0
7.987314814814815,2,2.0,1,2280.0,4.0,0,0,1,0
1.5715972222222223,5,2.0,11,1058.0,8.0,0,2,8,0
195.72115740740745,5,4.0,14,,0.0,0,2,8,0
71.71001157407407,6,5.0,18,2273.0,11.0,0,1,14,0
5337.837152777778,4,4.0,5,66.0,5.0,0,1,5,0
9.198368055555555,4,2.0,9,303.0,4.0,0,2,4,0
5337.171782407408,3,2.0,2,2280.0,4.0,0,0,3,0
5337.088912037037,5,2.0,4,2280.0,4.0,0,1,9,0
4857.860833333333,35,2.0,67,2383.0,9.0,120,97,74,304
6.312395833333333,3,2.0,6,2387.0,5.0,0,0,3,0
5.158101851851852,9,2.0,20,240.0,4.0,0,8,28,0
1075.115011574074,3,2.0,2,1464.0,2.0,0,1,2,0
5.067256944444445,1,2.0,0,1063.0,3.0,0,0,0,0
4.698402777777778,3,2.0,3,1149.0,5.0,0,0,3,0
26.473969907407408,5,2.0,9,78.0,4.0,0,1,5,4
187.34048611111112,4,1.0,7,100.0,4.0,0,3,3,0
4.915798611111111,2,2.0,2,970.0,6.0,0,0,1,0
31.463668981481483,1,2.0,0,5440.0,4.0,0,0,0,0
130.3577314814815,2,2.0,2,1672.0,0.0,0,1,0,0
1813.276157407408,17,5.0,28,262.0,8.0,3,24,67,42
2.0690856481481483,1,2.0,0,1672.0,0.0,0,0,0,0
52.46446759259259,4,2.0,8,5438.0,6.0,0,0,6,0
27.90775462962963,2,3.0,1,1061.0,5.0,0,0,1,0
3.812037037037037,1,2.0,0,5440.0,4.0,0,0,0,0
4399.23556712963,5,2.0,14,73.0,8.0,1,0,3,6
1585.258726851852,6,2.0,9,5439.0,5.0,0,1,9,5
235.6037037037037,9,1.0,22,5435.0,9.0,0,17,19,0
491.8039351851852,6,2.0,9,471.0,14.0,0,1,9,5
1157.156875,9,2.0,21,966.0,10.0,1,7,14,14
9.73337962962963,5,4.0,10,,0.0,0,2,8,0
5328.624259259259,10,2.0,31,56.0,15.0,0,12,33,0
95.07329861111111,3,2.0,4,1063.0,3.0,0,2,1,0
636.6861342592592,5,4.0,7,213.0,4.0,0,3,3,4
107.40168981481482,8,2.0,45,2264.0,20.0,0,0,28,0
36.90340277777778,6,2.0,8,5440.0,4.0,1,0,6,8
385.3302662037037,5,2.0,4,1671.0,1.0,0,0,10,0
1260.866342592593,4,2.0,13,2268.0,16.0,0,1,5,0
1.8020949074074075,3,1.0,2,128.0,1.0,0,0,3,0
269.21944444444443,3,1.0,2,1462.0,4.0,0,0,3,0
264.62806712962964,2,2.0,1,1020.0,1.0,0,0,1,0
7.039108796296296,2,2.0,1,1063.0,3.0,0,0,1,0
7001.508946759259,26,3.0,60,42.0,5.0,45,35,85,160
428.9158449074074,4,3.0,10,284.0,2.0,0,0,3,3
4.971759259259259,2,2.0,2,5437.0,7.0,0,0,1,0
4.7416782407407405,4,2.0,6,111.0,7.0,0,0,6,0
2124.590578703704,22,2.0,51,5431.0,13.0,3,57,114,57
0.266724537037037,2,2.0,1,25.0,1.0,0,0,1,0
42.137141203703706,5,2.0,11,5437.0,7.0,0,2,8,0
99.20644675925926,6,2.0,9,66.0,9.0,0,4,11,0
6244.7872916666665,20,2.0,36,555.0,2.0,28,22,44,96
7542.452418981481,3,3.0,2,,0.0,0,1,0,2
3616.505578703704,3,2.0,2,,0.0,0,2,1,0
1238.3391666666666,14,2.0,32,53.0,8.0,0,49,42,0
38.09949074074074,2,2.0,1,5421.0,23.0,0,0,0,1
4610.358958333333,31,2.0,81,78.0,8.0,1,207,199,58
72.97868055555556,2,3.0,1,1672.0,0.0,0,0,1,0
1780.1471875,4,3.0,13,,0.0,0,0,3,3
7.07662037037037,3,2.0,3,220.0,2.0,0,0,3,0
2.6285069444444447,2,2.0,4,5440.0,4.0,0,0,1,0
51.79820601851852,4,2.0,5,5436.0,8.0,0,0,6,0
3801.7184722222223,4,5.0,6,1062.0,4.0,0,0,3,3
387.11826388888886,11,1.0,25,7.0,10.0,0,20,35,0
7.737604166666666,2,4.0,1,1063.0,3.0,0,0,1,0
41.407546296296296,11,5.0,22,5438.0,6.0,0,15,30,10
31.04798611111111,3,5.0,8,222.0,6.0,0,0,1,2
29.59886574074074,11,6.0,26,2384.0,8.0,0,21,34,0
3.339212962962963,3,2.0,2,388.0,4.0,0,0,3,0
0.8178356481481481,1,2.0,0,2936.0,3.0,0,0,0,0
0.964699074074074,3,2.0,4,1756.0,3.0,0,0,3,0
49.63409722222222,10,3.0,42,,0.0,0,12,33,0
101.06748842592592,11,6.0,40,,0.0,3,5,23,24
3156.971736111111,2,2.0,1,,0.0,0,0,1,0
28.135381944444443,15,6.0,76,2373.0,19.0,1,36,42,26
13.065046296296297,7,2.0,35,2369.0,23.0,0,1,20,0
6112.050601851852,13,2.0,13,51.0,1.0,10,15,13,40
33.43638888888889,5,2.0,8,1787.0,13.0,0,2,8,0
4130.035891203704,29,2.0,139,2331.0,61.0,36,93,97,180
2.09644675925926,1,2.0,0,392.0,0.0,0,0,0,0
8.849074074074075,3,2.0,2,,0.0,0,0,3,0
81.43986111111111,11,4.0,27,537.0,10.0,1,0,36,18
55.55704861111112,3,3.0,6,5439.0,5.0,0,2,1,0
282.69738425925925,4,3.0,17,638.0,11.0,0,0,3,3
66.33715277777777,4,4.0,9,97.0,0.0,0,0,3,3
11.085439814814816,11,5.0,17,2933.0,6.0,0,19,36,0
85.79221064814814,8,5.0,9,5441.0,3.0,1,0,15,12
12.4534375,2,2.0,1,5431.0,13.0,0,0,1,0
94.00892361111111,2,2.0,1,5441.0,3.0,0,0,1,0
3.5940625,4,2.0,3,549.0,8.0,0,0,6,0
3856.1365277777777,8,2.0,11,646.0,3.0,1,0,15,12
13.031226851851851,4,2.0,4,2.0,5.0,0,5,1,0
5119.654803240741,9,3.0,8,,0.0,3,2,13,18
501.807175925926,8,2.0,28,2380.0,12.0,0,8,20,0
5308.5443981481485,5,2.0,14,2274.0,10.0,0,0,10,0
860.807488425926,6,2.0,10,259.0,6.0,1,0,6,8
422.0629282407408,6,2.0,7,389.0,3.0,0,5,10,0
55.79465277777778,5,2.0,24,958.0,18.0,0,0,6,4
320.2780324074074,8,2.0,8,5430.0,14.0,0,0,28,0
779.6920833333334,10,2.0,20,1200.0,8.0,0,2,43,0
6149.149085648148,23,3.0,54,20.0,2.0,36,28,63,126
102.3560763888889,4,1.0,6,32.0,2.0,0,0,6,0
3.4170023148148148,5,2.0,14,1058.0,8.0,0,0,10,0
59.85598379629629,2,2.0,3,1672.0,0.0,0,0,1,0
92.5357523148148,5,6.0,4,,0.0,0,2,8,0
0.2057407407407407,3,2.0,2,79.0,3.0,0,0,3,0
277.85866898148146,15,2.0,26,383.0,9.0,0,5,100,0
1396.6805902777778,4,2.0,7,5440.0,4.0,0,0,6,0
238.6538888888889,11,2.0,20,1751.0,8.0,1,5,31,18
2.6560532407407407,1,4.0,0,5438.0,6.0,0,0,0,0
6.819837962962963,6,4.0,8,80.0,2.0,0,6,9,0
136.66436342592593,3,2.0,3,2390.0,2.0,0,0,3,0
181.54234953703704,11,3.0,15,1060.0,6.0,6,10,11,28
5306.069027777778,4,2.0,5,304.0,3.0,0,0,6,0
11.987893518518518,4,3.0,8,1753.0,6.0,0,3,3,0
2.960625,13,5.0,21,2935.0,4.0,0,31,47,0
1620.1165277777775,22,5.0,52,195.0,16.0,3,55,116,57
142.03717592592594,4,2.0,4,387.0,5.0,0,4,2,0
6581.845208333333,9,3.0,36,,0.0,3,3,12,18
15.155879629629627,11,2.0,25,1154.0,0.0,3,11,17,24
858.030775462963,7,2.0,23,35.0,5.0,0,4,11,6
35.917314814814816,3,2.0,3,93.0,8.0,0,0,3,0
816.1196643518518,26,2.0,75,20.0,19.0,21,44,127,133
3.768680555555556,7,2.0,14,328.0,0.0,1,8,2,10
1003.556550925926,8,5.0,14,,0.0,0,13,15,0
40.74302083333333,7,4.0,29,2270.0,14.0,0,3,18,0
5302.936122685185,3,2.0,3,15.0,2.0,0,1,2,0
104.69109953703703,4,1.0,4,1672.0,0.0,0,3,3,0
0.1217939814814814,1,2.0,0,5440.0,4.0,0,0,0,0
471.2684953703704,3,2.0,3,1462.0,4.0,0,0,3,0
405.3274305555556,5,2.0,47,0.0,28.0,1,2,1,6
2.9460532407407407,1,2.0,0,5441.0,3.0,0,0,0,0
1772.117199074074,6,1.0,10,260.0,5.0,0,2,8,5
2.8816319444444445,3,2.0,2,5440.0,4.0,0,0,3,0
630.1862152777778,9,2.0,15,5428.0,16.0,0,8,28,0
6457.855266203704,14,5.0,19,,0.0,21,9,12,49
4547.799293981481,2,2.0,3,1672.0,0.0,0,0,1,0
7322.362638888889,23,3.0,71,0.0,6.0,15,43,93,102
1127.1534027777775,8,2.0,10,,0.0,0,9,12,7
1085.4317592592593,8,4.0,23,1795.0,5.0,1,8,7,12
207.8369907407408,7,2.0,17,155.0,8.0,0,3,18,0
803.3370486111111,6,2.0,14,47.0,6.0,1,1,5,8
145.89822916666665,5,1.0,10,1203.0,5.0,0,0,10,0
1009.8219212962964,19,4.0,41,313.0,3.0,0,58,95,18
453.03657407407405,9,2.0,24,5435.0,9.0,1,5,16,14
325.8234953703704,3,2.0,6,,0.0,0,0,3,0
5703.780277777778,21,2.0,36,0.0,7.0,105,6,9,90
15.386689814814815,1,2.0,0,5440.0,4.0,0,0,0,0
12.506736111111111,5,5.0,6,226.0,2.0,0,4,6,0
99.08025462962964,2,2.0,4,5440.0,4.0,0,0,1,0
979.073587962963,3,2.0,2,,0.0,0,0,3,0
130.33447916666665,6,3.0,12,,0.0,0,1,9,5
554.4095717592593,13,5.0,19,1759.0,0.0,6,15,21,36
6.011539351851852,4,2.0,4,1202.0,6.0,0,1,5,0
5294.961145833333,4,2.0,3,2281.0,3.0,0,0,6,0
831.0908680555556,7,2.0,10,,0.0,0,2,13,6
74.30274305555555,3,3.0,2,1057.0,9.0,0,2,1,0
46.85729166666667,2,4.0,2,1672.0,0.0,0,1,0,0
18.167175925925925,6,3.0,22,5432.0,12.0,0,0,10,5
5587.964351851852,18,2.0,32,5438.0,6.0,10,25,53,65
3588.2183912037035,5,2.0,6,,0.0,0,3,3,4
5334.310636574074,42,2.0,127,,0.0,105,237,114,405
22.68070601851852,7,2.0,8,,0.0,0,3,18,0
4.190405092592592,2,2.0,1,148.0,5.0,0,0,1,0
1.6869560185185186,9,2.0,15,61.0,2.0,1,14,7,14
1.0084375,2,2.0,1,1671.0,1.0,0,0,1,0
1817.575219907408,9,2.0,28,175.0,0.0,0,22,14,0
6346.595115740741,10,2.0,18,1459.0,7.0,0,10,35,0
30.80770833333333,5,1.0,11,37.0,8.0,0,5,5,0
2.1401967592592595,1,2.0,0,1154.0,0.0,0,0,0,0
513.6502199074074,6,1.0,7,1020.0,1.0,0,5,10,0
7175.001030092592,8,2.0,22,1034.0,10.0,1,8,7,12
39.79179398148148,2,2.0,3,1672.0,0.0,0,0,1,0
66.2767361111111,4,2.0,10,1135.0,19.0,0,1,5,0
5436.021712962963,13,2.0,29,26.0,3.0,3,24,21,30
1365.2562962962963,7,2.0,9,20.0,7.0,0,2,19,0
1242.9564814814814,6,2.0,8,,0.0,0,0,10,5
5285.76,7,2.0,16,2277.0,7.0,0,0,21,0
15.66576388888889,3,2.0,10,5435.0,9.0,0,0,1,2
4397.0718402777775,40,2.0,135,20.0,42.0,136,144,109,391
351.3331944444444,8,6.0,14,58.0,1.0,0,6,22,0
102.14916666666667,11,4.0,32,917.0,3.0,0,6,39,10
1638.6928125,9,5.0,21,5433.0,11.0,0,3,25,8
36.37408564814815,2,2.0,1,1063.0,3.0,0,0,1,0
5.905115740740741,3,2.0,2,97.0,0.0,0,1,2,0
9.908402777777775,2,2.0,1,5440.0,4.0,0,0,1,0
5.5168634259259255,2,4.0,3,2392.0,0.0,0,0,1,0
611.446412037037,4,4.0,5,1063.0,3.0,0,0,3,3
1739.9585995370371,9,2.0,19,150.0,3.0,0,1,35,0
80.36298611111111,7,5.0,13,916.0,4.0,1,7,3,10
1.4503587962962965,3,1.0,2,1462.0,4.0,0,0,3,0
3.6962847222222224,6,2.0,13,2277.0,7.0,0,0,15,0
0.0239351851851851,2,2.0,1,1797.0,3.0,0,0,1,0
13.76996527777778,2,2.0,2,1795.0,5.0,0,0,1,0
1805.113449074074,3,2.0,5,1062.0,4.0,0,1,2,0
2874.5441782407406,2,2.0,1,,0.0,0,0,1,0
4851.764513888889,37,2.0,116,0.0,19.0,55,157,168,286
1022.416898148148,4,2.0,5,1672.0,0.0,0,1,5,0
1265.5444675925926,3,2.0,5,1062.0,4.0,0,0,3,0
64.26568287037037,2,3.0,3,0.0,2.0,0,0,0,1
4948.594733796296,7,2.0,8,7.0,2.0,10,1,0,10
532.8937152777778,4,2.0,5,113.0,5.0,0,0,6,0
5.548587962962963,2,1.0,2,1463.0,3.0,0,0,1,0
452.8183217592593,2,3.0,1,1463.0,3.0,0,0,1,0
87.25028935185185,5,2.0,10,2389.0,3.0,0,0,6,4
149.28151620370372,3,2.0,3,153.0,2.0,0,0,1,2
509.9761689814815,5,2.0,6,390.0,2.0,0,4,6,0
198.19200231481483,4,2.0,7,1672.0,0.0,0,0,3,3
14.941469907407408,4,3.0,9,5439.0,5.0,0,0,6,0
5686.803958333333,14,2.0,39,25.0,20.0,0,22,69,0
7166.2669212962965,27,2.0,80,209.0,14.0,45,50,86,170
66.02733796296296,2,5.0,2,1464.0,2.0,0,0,1,0
5944.969837962963,3,2.0,4,,0.0,0,0,1,2
6183.31943287037,10,1.0,16,0.0,6.0,1,12,16,16
6175.77875,31,2.0,102,5.0,7.0,55,108,82,220
538.9169907407407,5,2.0,17,5430.0,14.0,0,4,6,0
1825.1593171296297,7,2.0,11,421.0,4.0,0,3,18,0
6288.585567129629,20,2.0,32,43.0,9.0,15,40,51,84
6257.672071759259,2,2.0,1,,0.0,0,0,1,0
2058.140798611111,8,4.0,11,,0.0,0,8,20,0
1106.3525810185183,4,3.0,5,1672.0,0.0,0,0,3,3
14.954340277777778,2,2.0,1,1151.0,3.0,0,0,1,0
12.051516203703704,3,2.0,5,2919.0,20.0,0,2,1,0
4765.782696759259,6,3.0,9,,0.0,1,1,5,8
5967.599664351852,19,4.0,70,30.0,22.0,3,31,89,48
5490.612951388889,3,3.0,3,,0.0,0,0,1,2
6413.800092592593,8,5.0,12,1461.0,5.0,0,6,15,7
114.97332175925926,6,4.0,11,556.0,1.0,0,4,11,0
6899.413634259259,10,2.0,33,594.0,12.0,1,8,20,16
57.85898148148148,5,5.0,18,1154.0,0.0,0,4,6,0
6334.44730324074,4,2.0,3,,0.0,0,4,2,0
1488.7094444444444,15,2.0,77,397.0,60.0,1,25,53,26
549.3440740740741,6,2.0,20,1672.0,0.0,1,2,4,8
1884.1724884259256,7,2.0,15,45.0,5.0,0,3,12,6
0.1992824074074074,4,2.0,3,116.0,2.0,0,0,6,0
411.3053009259259,6,2.0,12,16.0,5.0,0,3,12,0
1853.308171296296,8,2.0,27,12.0,15.0,0,3,25,0
346.8262731481482,4,2.0,11,109.0,9.0,0,1,5,0
46.3582175925926,3,2.0,2,1463.0,3.0,0,0,3,0
173.86503472222222,3,2.0,5,77.0,4.0,0,0,1,2
463.4329513888889,16,2.0,48,1138.0,16.0,0,28,77,15
62.33347222222222,4,2.0,7,1150.0,4.0,0,0,6,0
2612.901238425926,37,4.0,109,2.0,15.0,55,162,163,286
1035.8677199074075,5,2.0,6,84.0,2.0,0,0,10,0
182.5094907407408,6,2.0,22,1057.0,9.0,0,0,15,0
5260.084039351852,2,2.0,1,2281.0,3.0,0,0,1,0
1709.4902546296296,3,2.0,5,30.0,4.0,0,2,1,0
585.6784953703703,29,4.0,66,5423.0,21.0,10,98,178,120
39.31931712962963,1,3.0,0,1463.0,3.0,0,0,0,0
15.0034375,2,2.0,1,2933.0,6.0,0,0,1,0
469.6915393518519,2,2.0,1,5440.0,4.0,0,0,1,0
0.1496180555555555,2,2.0,1,1061.0,5.0,0,0,1,0
4.95349537037037,2,2.0,1,8.0,2.0,0,0,1,0
2330.804918981481,8,2.0,42,0.0,16.0,3,4,6,15
767.4519560185186,2,2.0,1,74.0,7.0,0,0,1,0
94.3236111111111,2,2.0,2,1672.0,0.0,0,0,1,0
1906.8900694444444,2,2.0,1,,0.0,0,0,1,0
39.33320601851852,5,3.0,12,1041.0,3.0,0,0,6,4
0.1645949074074074,2,1.0,2,1672.0,0.0,0,0,1,0
8.829872685185185,2,2.0,4,1672.0,0.0,0,0,0,1
226.9501388888889,2,4.0,2,1061.0,5.0,0,0,1,0
39.02869212962963,5,2.0,7,5440.0,4.0,0,4,6,0
4820.397418981482,6,2.0,7,1042.0,2.0,1,3,3,8
0.7510300925925926,2,2.0,1,1151.0,3.0,0,0,1,0
4429.880798611112,22,3.0,95,186.0,30.0,3,82,89,57
3677.756238425926,4,2.0,3,602.0,4.0,0,2,4,0
579.6214004629629,5,2.0,8,2390.0,2.0,0,0,10,0
5253.6622916666665,6,4.0,18,51.0,12.0,0,3,12,0
5246.060289351852,12,2.0,25,47.0,5.0,0,24,42,0
2612.7009722222224,23,2.0,55,80.0,16.0,66,27,28,132
821.6231712962963,41,2.0,139,1128.0,26.0,6,210,456,148
1821.3003819444448,2,2.0,6,276.0,10.0,0,0,1,0
4.637418981481481,2,5.0,1,2935.0,4.0,0,0,1,0
1.0262152777777778,3,3.0,2,,0.0,0,0,1,2
6748.488564814815,9,4.0,13,8.0,3.0,0,13,15,8
245.50664351851853,3,2.0,2,972.0,4.0,0,0,3,0
644.849375,5,2.0,16,136.0,8.0,0,1,9,0
939.380914351852,8,5.0,16,,0.0,1,3,12,12
5.422083333333333,2,2.0,3,972.0,4.0,0,0,1,0
24.385752314814816,4,1.0,4,1205.0,3.0,0,0,6,0
1.230011574074074,3,2.0,2,207.0,4.0,0,1,2,0
29.36762731481481,3,2.0,3,647.0,2.0,0,0,1,2
1594.931574074074,6,5.0,11,5442.0,2.0,0,1,9,5
471.8981597222222,11,4.0,44,300.0,2.0,0,8,37,10
0.4146412037037037,2,2.0,1,207.0,4.0,0,0,1,0
6.398055555555556,4,2.0,12,64.0,8.0,0,1,5,0
304.7393402777778,3,2.0,2,,0.0,0,0,1,2
6026.833819444444,8,2.0,14,7.0,5.0,3,3,7,15
6298.852662037037,7,6.0,19,0.0,4.0,1,0,10,10
2472.8142476851854,52,2.0,192,79.0,77.0,171,289,239,627
0.1979513888888888,2,4.0,1,1060.0,6.0,0,0,1,0
1319.049050925926,18,2.0,52,362.0,30.0,0,17,119,17
0.0834837962962962,3,3.0,2,,0.0,0,1,2,0
582.4075578703704,5,2.0,11,1036.0,8.0,0,1,5,4
296.398125,5,2.0,9,,0.0,0,0,6,4
18.35179398148148,3,1.0,2,281.0,3.0,0,0,3,0
26.2940625,4,2.0,5,5441.0,3.0,0,0,3,3
102.02414351851851,4,2.0,4,5434.0,10.0,0,0,6,0
10.18306712962963,6,2.0,8,1150.0,4.0,0,0,15,0
1204.9463657407407,14,4.0,78,3.0,7.0,1,10,56,24
835.7310648148148,5,2.0,15,88.0,8.0,0,2,8,0
6293.03412037037,13,2.0,23,109.0,2.0,3,2,43,30
0.8517824074074074,3,5.0,5,5440.0,4.0,0,0,3,0
4547.155509259259,5,2.0,32,0.0,15.0,0,0,6,4
2.543761574074074,3,2.0,2,168.0,4.0,0,0,3,0
2.1838310185185184,3,6.0,7,212.0,5.0,0,0,3,0
8.839479166666667,8,2.0,22,205.0,12.0,0,5,23,0
26.46601851851852,5,2.0,6,5442.0,2.0,0,1,9,0
420.6147337962963,3,3.0,5,10.0,2.0,0,1,2,0
198.01534722222223,8,5.0,20,1792.0,8.0,0,2,26,0
48.99449074074074,3,2.0,6,1669.0,3.0,0,0,3,0
11.063611111111111,3,2.0,5,5440.0,4.0,0,0,3,0
828.5154398148148,5,2.0,9,5437.0,7.0,0,0,6,4
50.86894675925926,4,2.0,5,1672.0,0.0,0,0,6,0
3.624710648148149,3,3.0,3,267.0,3.0,0,0,3,0
1056.8050810185184,7,2.0,11,,0.0,1,1,9,10
5870.822118055556,6,2.0,15,134.0,10.0,1,0,6,8
5223.566053240741,7,2.0,13,120.0,13.0,0,5,16,0
1463.0229282407408,1,2.0,0,,0.0,0,0,0,0
0.1079861111111111,2,3.0,1,268.0,2.0,0,0,1,0
2586.21337962963,10,3.0,14,749.0,3.0,0,6,30,9
82.89559027777777,6,4.0,19,2379.0,13.0,0,0,10,5
973.3756828703704,5,2.0,12,5437.0,7.0,0,2,8,0
13.252673611111112,3,2.0,5,0.0,2.0,0,0,1,2
3061.923738425926,20,4.0,51,1034.0,10.0,15,46,45,84
367.6589930555556,8,2.0,24,5430.0,14.0,0,3,25,0
2.1041666666666665,4,2.0,3,361.0,4.0,0,0,6,0
1.7653703703703705,3,5.0,2,1205.0,3.0,0,0,3,0
5870.235532407408,41,4.0,132,14.0,48.0,171,93,138,418
179.08149305555557,2,2.0,3,1672.0,0.0,0,0,1,0
371.9410069444445,3,2.0,3,123.0,6.0,0,0,3,0
94.03274305555556,6,3.0,13,1667.0,5.0,0,3,12,0
342.0019791666667,5,3.0,11,1672.0,0.0,0,1,9,0
47.01482638888889,3,4.0,3,268.0,2.0,0,0,3,0
19.495821759259258,6,5.0,8,5440.0,4.0,0,3,7,5
1066.0837847222222,7,2.0,18,2.0,6.0,0,3,18,0
3491.410127314815,65,4.0,150,561.0,10.0,231,579,324,946
5218.086539351852,5,2.0,8,2278.0,6.0,0,1,9,0
122.33538194444444,1,2.0,0,29.0,4.0,0,0,0,0
1218.5950694444443,5,4.0,14,1789.0,11.0,0,0,6,4
